review_id,brand,branch_name,province,city,full_address,latitude,longitude,review_date,review_text,rating,review_source,review_url,reviewer_name,likes_count,reply_exists,company_reply,reply_date,sentiment,emotion,complaint_category,urgency,confidence_score
687fdef04121d6b1,Chapar,Chaparnet,Tehran,Tehran,"Tehran، کيلومتر 12 جاده مخصوص کرج خيابان سپاه اسلام پلاک51, Iran",35.7077191,51.2104082,a year ago,"the shittiest company to choose for your packages. if you want to have your packages late or you want to face irresponsble people and many other negative aspects, feel free to let them have your packages.",1.0,google_maps,https://www.google.com/maps/place/Chaparnet/data=!4m7!3m6!1s0x3f8dfaeff351e15b:0x9c76fcc8a9dbf18d!8m2!3d35.7077191!4d51.2104082!16s%2Fg%2F1q6bkc564!19sChIJW-FR8-_6jT8RjfHbqcj8dpw?authuser=0&hl=en&rclk=1,Mohammad Hossein Alizadeh,NULL,false,NULL,NULL,Negative,Angry,delivery_delay,High,90
34959569a297a60b,Chapar,Chaparnet,Tehran,Tehran,"Tehran، کيلومتر 12 جاده مخصوص کرج خيابان سپاه اسلام پلاک51, Iran",35.7077191,51.2104082,a year ago,I am really wondering why Chapar did not come today to deliver my stuff … I have been waiting from morning till now to send the necessary stuff to another city. If anyone does not respond why do you write that you have back assistance till the 22?,2.0,google_maps,https://www.google.com/maps/place/Chaparnet/data=!4m7!3m6!1s0x3f8dfaeff351e15b:0x9c76fcc8a9dbf18d!8m2!3d35.7077191!4d51.2104082!16s%2Fg%2F1q6bkc564!19sChIJW-FR8-_6jT8RjfHbqcj8dpw?authuser=0&hl=en&rclk=1,Atefe K,NULL,false,NULL,NULL,Negative,Frustrated,delivery_delay,High,90
2a7af40e3611461a,Chapar,Chaparnet,Tehran,Tehran,"Tehran، کيلومتر 12 جاده مخصوص کرج خيابان سپاه اسلام پلاک51, Iran",35.7077191,51.2104082,2 years ago,IT is Perfect....wonderfull.1grate,5.0,google_maps,https://www.google.com/maps/place/Chaparnet/data=!4m7!3m6!1s0x3f8dfaeff351e15b:0x9c76fcc8a9dbf18d!8m2!3d35.7077191!4d51.2104082!16s%2Fg%2F1q6bkc564!19sChIJW-FR8-_6jT8RjfHbqcj8dpw?authuser=0&hl=en&rclk=1,azam mirzaee,NULL,false,NULL,NULL,Positive,Happy,other,Low,70
8d69e8e07e352190,Chapar,Chaparnet,Tehran,Tehran,"Tehran، کيلومتر 12 جاده مخصوص کرج خيابان سپاه اسلام پلاک51, Iran",35.7077191,51.2104082,Edited 8 years ago,Good man is work on it,5.0,google_maps,https://www.google.com/maps/place/Chaparnet/data=!4m7!3m6!1s0x3f8dfaeff351e15b:0x9c76fcc8a9dbf18d!8m2!3d35.7077191!4d51.2104082!16s%2Fg%2F1q6bkc564!19sChIJW-FR8-_6jT8RjfHbqcj8dpw?authuser=0&hl=en&rclk=1,reza sabounchi,NULL,false,NULL,NULL,Positive,Happy,other,Low,80
faa6a6cc2a9a74df,Chapar,Chaparnet,Tehran,Tehran,"Tehran، کيلومتر 12 جاده مخصوص کرج خيابان سپاه اسلام پلاک51, Iran",35.7077191,51.2104082,4 years ago,Ok,5.0,google_maps,https://www.google.com/maps/place/Chaparnet/data=!4m7!3m6!1s0x3f8dfaeff351e15b:0x9c76fcc8a9dbf18d!8m2!3d35.7077191!4d51.2104082!16s%2Fg%2F1q6bkc564!19sChIJW-FR8-_6jT8RjfHbqcj8dpw?authuser=0&hl=en&rclk=1,Behzad Partovi,NULL,false,NULL,NULL,Positive,Happy,other,Low,70
01546c050d597468,Chapar,Chaparnet,Tehran,Tehran,"Tehran، کيلومتر 12 جاده مخصوص کرج خيابان سپاه اسلام پلاک51, Iran",35.7077191,51.2104082,5 months ago,"It has the rudest explainers, it is unclear what filters they are working through, it has a complaints unit, it is unclear who is there to follow up. I will definitely follow up with the authorities in person. With this amount of dissatisfaction, why do people still trust working with these companies?",1.0,google_maps,https://www.google.com/maps/place/Chaparnet/data=!4m7!3m6!1s0x3f8dfaeff351e15b:0x9c76fcc8a9dbf18d!8m2!3d35.7077191!4d51.2104082!16s%2Fg%2F1q6bkc564!19sChIJW-FR8-_6jT8RjfHbqcj8dpw?authuser=0&hl=en&rclk=1,فرهاد میرحسینی,NULL,false,NULL,NULL,Negative,Angry,staff_behavior,High,90
2b602764e9b2246c,Chapar,Chaparnet,Tehran,Tehran,"Tehran، کيلومتر 12 جاده مخصوص کرج خيابان سپاه اسلام پلاک51, Iran",35.7077191,51.2104082,7 months ago,"The most irresponsible company. It's been a week since my package arrived. Today is January 13th. It was sent on January 9th. I haven't received it yet. If it had been sent by regular mail, it would have arrived by now. What's the situation? No matter how much I try, no one answers or follows up.",1.0,google_maps,https://www.google.com/maps/place/Chaparnet/data=!4m7!3m6!1s0x3f8dfaeff351e15b:0x9c76fcc8a9dbf18d!8m2!3d35.7077191!4d51.2104082!16s%2Fg%2F1q6bkc564!19sChIJW-FR8-_6jT8RjfHbqcj8dpw?authuser=0&hl=en&rclk=1,Mina Yousefi,NULL,false,NULL,NULL,Negative,Angry,other,High,90
bf8f72b4165c108a,Chapar,Chaparnet,Tehran,Tehran,"Tehran، کيلومتر 12 جاده مخصوص کرج خيابان سپاه اسلام پلاک51, Iran",35.7077191,51.2104082,7 months ago,"The most irresponsible shipping company, when I ordered express shipping on Tuesday, they invoiced me for 45 kilos, and I got four million and five hundred.

I went to the destination on Saturday and saw that the shipment had not arrived and no one at the head office or Mehrabad representative office would answer.

Finally, they said that one of your shipments was missing, that's why we didn't send it.

We attended a two hundred million exhibition, so we sent it a few days earlier so we wouldn't get stuck. If they didn't send the shipment and no one answers, they won't.

The head office in Tehran has the dirtiest, most irresponsible and most arrogant staff.",1.0,google_maps,https://www.google.com/maps/place/Chaparnet/data=!4m7!3m6!1s0x3f8dfaeff351e15b:0x9c76fcc8a9dbf18d!8m2!3d35.7077191!4d51.2104082!16s%2Fg%2F1q6bkc564!19sChIJW-FR8-_6jT8RjfHbqcj8dpw?authuser=0&hl=en&rclk=1,Hamed Mohammad zadeh,NULL,false,NULL,NULL,Negative,Angry,staff_behavior,Critical,100
d3ea0a3cdcfe2a1e,Chapar,Chaparnet,Tehran,Tehran,"Tehran، کيلومتر 12 جاده مخصوص کرج خيابان سپاه اسلام پلاک51, Iran",35.7077191,51.2104082,11 months ago,"My experience with this company was very disappointing and I will definitely not use their services again. It was the first and last time I contacted them. The support operator was not only not polite, but instead of helping, he shouted at me. The reason for my call was to solve the problem with my package, but he only shouted back and made no attempt to guide or convince me. Their job is to respond and help the customer, even if it means explaining things several times, but unfortunately that did not happen. It was very disappointing.",1.0,google_maps,https://www.google.com/maps/place/Chaparnet/data=!4m7!3m6!1s0x3f8dfaeff351e15b:0x9c76fcc8a9dbf18d!8m2!3d35.7077191!4d51.2104082!16s%2Fg%2F1q6bkc564!19sChIJW-FR8-_6jT8RjfHbqcj8dpw?authuser=0&hl=en&rclk=1,ali reza,NULL,false,NULL,NULL,Negative,Angry,support,High,90
11b899397dfb7ee9,Chapar,Chaparnet,Tehran,Tehran,"Tehran، کيلومتر 12 جاده مخصوص کرج خيابان سپاه اسلام پلاک51, Iran",35.7077191,51.2104082,11 months ago,"So far, my experience has been positive. Their website is much better than the post office for tracking packages, and unlike the post office, their agent called on a mobile phone.",5.0,google_maps,https://www.google.com/maps/place/Chaparnet/data=!4m7!3m6!1s0x3f8dfaeff351e15b:0x9c76fcc8a9dbf18d!8m2!3d35.7077191!4d51.2104082!16s%2Fg%2F1q6bkc564!19sChIJW-FR8-_6jT8RjfHbqcj8dpw?authuser=0&hl=en&rclk=1,rastchin,NULL,false,NULL,NULL,Positive,Happy,tracking,Low,90
f31e68e35f51cf2e,Chapar,کالا رسانان چاپار,Tehran,Tehran,"Tehran Province, Karaj, Lashgari Alley, RXR4+6CG, Iran",35.8405724,50.956068,a year ago,"I can easily say that this branch is the most unfriendly courier in the entire country. After four weeks of follow-up, they have neither delivered the goods nor given me a refund, so that it can be canceled and my credit will be returned so that I can make another purchase.
The Automobile Company and Mohammad Shahr courier are generally on the backs of their customers and are annoying people.",1.0,google_maps,https://www.google.com/maps/place/%DA%A9%D8%A7%D9%84%D8%A7+%D8%B1%D8%B3%D8%A7%D9%86%D8%A7%D9%86+%DA%86%D8%A7%D9%BE%D8%A7%D8%B1%E2%80%AD/data=!4m7!3m6!1s0x3f8dbf8e9f031597:0xcdead377e6cd61ae!8m2!3d35.8405724!4d50.956068!16s%2Fg%2F11pvzs84qq!19sChIJlxUDn46_jT8RrmHN5nfT6s0?authuser=0&hl=en&rclk=1,KAMRAN AHMADZADEH,NULL,false,NULL,NULL,Positive,Satisfied,other,High,90
8347a2615473d56c,Chapar,کالا رسانان چاپار,Tehran,Tehran,"Tehran Province, Karaj, Lashgari Alley, RXR4+6CG, Iran",35.8405724,50.956068,a year ago,"Hello dear friends
I am very dissatisfied, like the rest of the audience.
They don't answer the phone. There is no indication on the website when it will …",1.0,google_maps,https://www.google.com/maps/place/%DA%A9%D8%A7%D9%84%D8%A7+%D8%B1%D8%B3%D8%A7%D9%86%D8%A7%D9%86+%DA%86%D8%A7%D9%BE%D8%A7%D8%B1%E2%80%AD/data=!4m7!3m6!1s0x3f8dbf8e9f031597:0xcdead377e6cd61ae!8m2!3d35.8405724!4d50.956068!16s%2Fg%2F11pvzs84qq!19sChIJlxUDn46_jT8RrmHN5nfT6s0?authuser=0&hl=en&rclk=1,hamid saremi,NULL,false,NULL,NULL,Negative,Angry,other,High,90
da803be9e5faa865,Chapar,کالا رسانان چاپار,Tehran,Tehran,"Tehran Province, Karaj, Lashgari Alley, RXR4+6CG, Iran",35.8405724,50.956068,a year ago,"In my opinion, government mail is much better than this company. My package took four days to arrive from Tehran to Karaj. They sent it by pigeon. It had arrived by now. You can't even tell what's what from their website. Just click on ""Scan in"" and ""Scan out""!",1.0,google_maps,https://www.google.com/maps/place/%DA%A9%D8%A7%D9%84%D8%A7+%D8%B1%D8%B3%D8%A7%D9%86%D8%A7%D9%86+%DA%86%D8%A7%D9%BE%D8%A7%D8%B1%E2%80%AD/data=!4m7!3m6!1s0x3f8dbf8e9f031597:0xcdead377e6cd61ae!8m2!3d35.8405724!4d50.956068!16s%2Fg%2F11pvzs84qq!19sChIJlxUDn46_jT8RrmHN5nfT6s0?authuser=0&hl=en&rclk=1,homai rasouli,NULL,false,NULL,NULL,Negative,Angry,other,High,90
8a69f6b367c1b662,Chapar,کالا رسانان چاپار,Tehran,Tehran,"Tehran Province, Karaj, Lashgari Alley, RXR4+6CG, Iran",35.8405724,50.956068,2 years ago,"The worst, most ridiculous and irresponsible postal company. Parcel from Tehran to Karaj still hasn't arrived after 10 days. Phone is not answered. Website is not responsive. I left a comment on Instagram. Why did you receive more orders and packages than you can handle? They blocked you so you can't be responsive now. I'm really sorry.",1.0,google_maps,https://www.google.com/maps/place/%DA%A9%D8%A7%D9%84%D8%A7+%D8%B1%D8%B3%D8%A7%D9%86%D8%A7%D9%86+%DA%86%D8%A7%D9%BE%D8%A7%D8%B1%E2%80%AD/data=!4m7!3m6!1s0x3f8dbf8e9f031597:0xcdead377e6cd61ae!8m2!3d35.8405724!4d50.956068!16s%2Fg%2F11pvzs84qq!19sChIJlxUDn46_jT8RrmHN5nfT6s0?authuser=0&hl=en&rclk=1,Azadeh Karami,NULL,false,NULL,NULL,Negative,Angry,other,Critical,100
ca318709653dd6ec,Chapar,کالا رسانان چاپار,Tehran,Tehran,"Tehran Province, Karaj, Lashgari Alley, RXR4+6CG, Iran",35.8405724,50.956068,2 years ago,Not recommended at all. Especially sellers should not give their goods to this company. It hurts their own business. Really poor. It took 5 full days from Jomhuri Street to Mirdamad to get my purchase.,1.0,google_maps,https://www.google.com/maps/place/%DA%A9%D8%A7%D9%84%D8%A7+%D8%B1%D8%B3%D8%A7%D9%86%D8%A7%D9%86+%DA%86%D8%A7%D9%BE%D8%A7%D8%B1%E2%80%AD/data=!4m7!3m6!1s0x3f8dbf8e9f031597:0xcdead377e6cd61ae!8m2!3d35.8405724!4d50.956068!16s%2Fg%2F11pvzs84qq!19sChIJlxUDn46_jT8RrmHN5nfT6s0?authuser=0&hl=en&rclk=1,Ardavan Shabani,NULL,false,NULL,NULL,Positive,Satisfied,other,High,90
62042db1c4666cbb,Chapar,کالا رسانان چاپار,Tehran,Tehran,"Tehran Province, Karaj, Lashgari Alley, RXR4+6CG, Iran",35.8405724,50.956068,2 years ago,"The package was sent for nearly ten days, today I clicked on the tracking link and it was delivered safely. If I haven't received the package, no phone calls are answered from the Karaj and Baghestan Karaj representative offices, wow!",2.0,google_maps,https://www.google.com/maps/place/%DA%A9%D8%A7%D9%84%D8%A7+%D8%B1%D8%B3%D8%A7%D9%86%D8%A7%D9%86+%DA%86%D8%A7%D9%BE%D8%A7%D8%B1%E2%80%AD/data=!4m7!3m6!1s0x3f8dbf8e9f031597:0xcdead377e6cd61ae!8m2!3d35.8405724!4d50.956068!16s%2Fg%2F11pvzs84qq!19sChIJlxUDn46_jT8RrmHN5nfT6s0?authuser=0&hl=en&rclk=1,farzam keshvari,NULL,false,NULL,NULL,Negative,Disappointed,tracking,Medium,90
aa71288e739a803b,Chapar,کالا رسانان چاپار,Tehran,Tehran,"Tehran Province, Karaj, Lashgari Alley, RXR4+6CG, Iran",35.8405724,50.956068,3 years ago,"Unfortunately, it's really awful and they don't fulfill their commitments at all. My package was supposed to arrive in 48 hours, but unfortunately it took 4 days.",1.0,google_maps,https://www.google.com/maps/place/%DA%A9%D8%A7%D9%84%D8%A7+%D8%B1%D8%B3%D8%A7%D9%86%D8%A7%D9%86+%DA%86%D8%A7%D9%BE%D8%A7%D8%B1%E2%80%AD/data=!4m7!3m6!1s0x3f8dbf8e9f031597:0xcdead377e6cd61ae!8m2!3d35.8405724!4d50.956068!16s%2Fg%2F11pvzs84qq!19sChIJlxUDn46_jT8RrmHN5nfT6s0?authuser=0&hl=en&rclk=1,kamyar raroli,NULL,false,NULL,NULL,Negative,Angry,other,High,100
f4f8cf4ed5171c54,Chapar,کالا رسانان چاپار,Tehran,Tehran,"Tehran Province, Karaj, Lashgari Alley, RXR4+6CG, Iran",35.8405724,50.956068,2 years ago,"They really act badly and don't deliver the package. You have to give them time to go and pick it up, otherwise they threaten to return it. Why is it like this in Iran? Why don't they fulfill their duties? I mean, there's no one to take care of it?????",1.0,google_maps,https://www.google.com/maps/place/%DA%A9%D8%A7%D9%84%D8%A7+%D8%B1%D8%B3%D8%A7%D9%86%D8%A7%D9%86+%DA%86%D8%A7%D9%BE%D8%A7%D8%B1%E2%80%AD/data=!4m7!3m6!1s0x3f8dbf8e9f031597:0xcdead377e6cd61ae!8m2!3d35.8405724!4d50.956068!16s%2Fg%2F11pvzs84qq!19sChIJlxUDn46_jT8RrmHN5nfT6s0?authuser=0&hl=en&rclk=1,bahareh aghdasi,NULL,false,NULL,NULL,Negative,Angry,other,High,100
68787fdef8a36da3,Chapar,کالا رسانان چاپار,Tehran,Tehran,"Tehran Province, Karaj, Lashgari Alley, RXR4+6CG, Iran",35.8405724,50.956068,2 years ago,"Well, when you don't have supply and you don't have power, why do you run a company? You didn't answer any of the numbers, you didn't even bother to call, you didn't even bother to deliver because of the wrong address. The most famous shop in my area, my friend, didn't even bother to come.

You are the most disgusting by far.",1.0,google_maps,https://www.google.com/maps/place/%DA%A9%D8%A7%D9%84%D8%A7+%D8%B1%D8%B3%D8%A7%D9%86%D8%A7%D9%86+%DA%86%D8%A7%D9%BE%D8%A7%D8%B1%E2%80%AD/data=!4m7!3m6!1s0x3f8dbf8e9f031597:0xcdead377e6cd61ae!8m2!3d35.8405724!4d50.956068!16s%2Fg%2F11pvzs84qq!19sChIJlxUDn46_jT8RrmHN5nfT6s0?authuser=0&hl=en&rclk=1,saghar misss,NULL,false,NULL,NULL,Negative,Angry,other,High,90
dbc466cdff103889,Chapar,کالا رسانان چاپار,Tehran,Tehran,"Tehran Province, Karaj, Lashgari Alley, RXR4+6CG, Iran",35.8405724,50.956068,4 years ago,Perhaps we dare to send more than three postal packages to different parts of the country in the shortest possible time from this reputable company during the day.,5.0,google_maps,https://www.google.com/maps/place/%DA%A9%D8%A7%D9%84%D8%A7+%D8%B1%D8%B3%D8%A7%D9%86%D8%A7%D9%86+%DA%86%D8%A7%D9%BE%D8%A7%D8%B1%E2%80%AD/data=!4m7!3m6!1s0x3f8dbf8e9f031597:0xcdead377e6cd61ae!8m2!3d35.8405724!4d50.956068!16s%2Fg%2F11pvzs84qq!19sChIJlxUDn46_jT8RrmHN5nfT6s0?authuser=0&hl=en&rclk=1,اکادمی تخصصی بوکس استاد قنبرپور در کرج,NULL,false,NULL,NULL,Positive,Happy,other,Low,80
feac0bd39c897a3f,Chapar,شرکت کالا رسانان چاپار,Tehran,Tehran,"Tehran Province, Tehran، جمهوري بعداز سي تير پاساژارمان پ23, سی تیر, Iran",35.6946284,51.4149964,2 months ago,"I had a very bad experience with Chapar courier services. My parcels were sent by this company twice and both times I faced serious problems. Even though I had announced in advance that I would not be present at the location, the parcel was sent without coordination and they did not accept any responsibility for the delivery time to the customer and coordination with the customer.

On the other hand, there is no possibility of in-person delivery of the parcel at the dealerships, which causes more trouble for the customer. Also, the process of returning the goods to the sender is very long and takes about a week. Overall, my experience with Chapar services was completely poor in terms of support, coordination, and respect for the customer's time.",1.0,google_maps,https://www.google.com/maps/place/%D8%B4%D8%B1%DA%A9%D8%AA+%DA%A9%D8%A7%D9%84%D8%A7+%D8%B1%D8%B3%D8%A7%D9%86%D8%A7%D9%86+%DA%86%D8%A7%D9%BE%D8%A7%D8%B1%E2%80%AD/data=!4m7!3m6!1s0x3f8e019eabc5030f:0xd51e8d588ad985e5!8m2!3d35.6946284!4d51.4149964!16s%2Fg%2F11b5ytfrs8!19sChIJDwPFq54Bjj8R5YXZiliNHtU?authuser=0&hl=en&rclk=1,nazanin rezaee,NULL,false,NULL,NULL,Negative,Angry,support,High,100
5f230c1b4b8c6fbb,Chapar,شرکت کالا رسانان چاپار,Tehran,Tehran,"Tehran Province, Tehran، جمهوري بعداز سي تير پاساژارمان پ23, سی تیر, Iran",35.6946284,51.4149964,a year ago,"It was my worst experience… indecisive, rude and unplanned… My package was in my city for 4 days and I asked every day and they said it would arrive by night and it didn’t arrive and I was unavailable for exactly one hour, they brought it …",1.0,google_maps,https://www.google.com/maps/place/%D8%B4%D8%B1%DA%A9%D8%AA+%DA%A9%D8%A7%D9%84%D8%A7+%D8%B1%D8%B3%D8%A7%D9%86%D8%A7%D9%86+%DA%86%D8%A7%D9%BE%D8%A7%D8%B1%E2%80%AD/data=!4m7!3m6!1s0x3f8e019eabc5030f:0xd51e8d588ad985e5!8m2!3d35.6946284!4d51.4149964!16s%2Fg%2F11b5ytfrs8!19sChIJDwPFq54Bjj8R5YXZiliNHtU?authuser=0&hl=en&rclk=1,Niloofar Mohseni,NULL,false,NULL,NULL,Negative,Angry,staff_behavior,Critical,100
505e0a2b452efa9d,Chapar,شرکت کالا رسانان چاپار,Tehran,Tehran,"Tehran Province, Tehran، جمهوري بعداز سي تير پاساژارمان پ23, سی تیر, Iran",35.6946284,51.4149964,9 months ago,There is a Chapar branch in the market on Zanburkchi Alley. It is very weak. It does not accept deliveries. It says take it to the Abbas Abad branch and deliver it. Where did the delivery come from? The staff is weak. It seems like they are working to ruin Chapar.,1.0,google_maps,https://www.google.com/maps/place/%D8%B4%D8%B1%DA%A9%D8%AA+%DA%A9%D8%A7%D9%84%D8%A7+%D8%B1%D8%B3%D8%A7%D9%86%D8%A7%D9%86+%DA%86%D8%A7%D9%BE%D8%A7%D8%B1%E2%80%AD/data=!4m7!3m6!1s0x3f8e019eabc5030f:0xd51e8d588ad985e5!8m2!3d35.6946284!4d51.4149964!16s%2Fg%2F11b5ytfrs8!19sChIJDwPFq54Bjj8R5YXZiliNHtU?authuser=0&hl=en&rclk=1,Amir Rahmati,NULL,false,NULL,NULL,Negative,Angry,staff_behavior,High,100
013148eb956aba84,Chapar,شرکت کالا رسانان چاپار,Tehran,Tehran,"Tehran Province, Tehran، جمهوري بعداز سي تير پاساژارمان پ23, سی تیر, Iran",35.6946284,51.4149964,a year ago,"I really feel sorry for this company that is not responsible at all.
My package arrived in Tehran on Sunday and it still hasn't been delivered to its owner. What lame excuses. …",1.0,google_maps,https://www.google.com/maps/place/%D8%B4%D8%B1%DA%A9%D8%AA+%DA%A9%D8%A7%D9%84%D8%A7+%D8%B1%D8%B3%D8%A7%D9%86%D8%A7%D9%86+%DA%86%D8%A7%D9%BE%D8%A7%D8%B1%E2%80%AD/data=!4m7!3m6!1s0x3f8e019eabc5030f:0xd51e8d588ad985e5!8m2!3d35.6946284!4d51.4149964!16s%2Fg%2F11b5ytfrs8!19sChIJDwPFq54Bjj8R5YXZiliNHtU?authuser=0&hl=en&rclk=1,akram safari,NULL,false,NULL,NULL,Negative,Angry,price,High,90
d721251ee39279f4,Chapar,شرکت کالا رسانان چاپار,Tehran,Tehran,"Tehran Province, Tehran، جمهوري بعداز سي تير پاساژارمان پ23, سی تیر, Iran",35.6946284,51.4149964,a year ago,"Hello, I bought a coupon on April 6th through the Basalam website, but today, April 19th, I haven't received it. I make a lot of purchases. They deliver the best and fastest post... and I want to complain to them.",3.0,google_maps,https://www.google.com/maps/place/%D8%B4%D8%B1%DA%A9%D8%AA+%DA%A9%D8%A7%D9%84%D8%A7+%D8%B1%D8%B3%D8%A7%D9%86%D8%A7%D9%86+%DA%86%D8%A7%D9%BE%D8%A7%D8%B1%E2%80%AD/data=!4m7!3m6!1s0x3f8e019eabc5030f:0xd51e8d588ad985e5!8m2!3d35.6946284!4d51.4149964!16s%2Fg%2F11b5ytfrs8!19sChIJDwPFq54Bjj8R5YXZiliNHtU?authuser=0&hl=en&rclk=1,EYELASHMINA.P.M Ghasemi,NULL,false,NULL,NULL,Positive,Satisfied,other,Low,90
ebd0e45c349f3061,Chapar,شرکت کالا رسانان چاپار,Tehran,Tehran,"Tehran Province, Tehran، جمهوري بعداز سي تير پاساژارمان پ23, سی تیر, Iran",35.6946284,51.4149964,a year ago,"Friends, please note that most of the dear ones who comment have had a problem that they complained about and gave negative comments. That is, someone like me who was satisfied and the package arrived in two days will not say that I was …",4.0,google_maps,https://www.google.com/maps/place/%D8%B4%D8%B1%DA%A9%D8%AA+%DA%A9%D8%A7%D9%84%D8%A7+%D8%B1%D8%B3%D8%A7%D9%86%D8%A7%D9%86+%DA%86%D8%A7%D9%BE%D8%A7%D8%B1%E2%80%AD/data=!4m7!3m6!1s0x3f8e019eabc5030f:0xd51e8d588ad985e5!8m2!3d35.6946284!4d51.4149964!16s%2Fg%2F11b5ytfrs8!19sChIJDwPFq54Bjj8R5YXZiliNHtU?authuser=0&hl=en&rclk=1,Byrumi art,NULL,false,NULL,NULL,Positive,Satisfied,other,Low,80
a08ca8d77e7e65f3,Chapar,شرکت کالا رسانان چاپار,Tehran,Tehran,"Tehran Province, Tehran، جمهوري بعداز سي تير پاساژارمان پ23, سی تیر, Iran",35.6946284,51.4149964,a year ago,"The worst experience you can have with a postal company is late delivery, rude operators, and ultimately no follow-up at all.",1.0,google_maps,https://www.google.com/maps/place/%D8%B4%D8%B1%DA%A9%D8%AA+%DA%A9%D8%A7%D9%84%D8%A7+%D8%B1%D8%B3%D8%A7%D9%86%D8%A7%D9%86+%DA%86%D8%A7%D9%BE%D8%A7%D8%B1%E2%80%AD/data=!4m7!3m6!1s0x3f8e019eabc5030f:0xd51e8d588ad985e5!8m2!3d35.6946284!4d51.4149964!16s%2Fg%2F11b5ytfrs8!19sChIJDwPFq54Bjj8R5YXZiliNHtU?authuser=0&hl=en&rclk=1,morvarid raminafshar,NULL,false,NULL,NULL,Negative,Angry,delivery_delay,Critical,100
1367923e74adb997,Chapar,شرکت کالا رسانان چاپار,Tehran,Tehran,"Tehran Province, Tehran، جمهوري بعداز سي تير پاساژارمان پ23, سی تیر, Iran",35.6946284,51.4149964,2 years ago,"I have never seen such poor quality and irresponsible delivery services. Today I called the head office more than fifty times to track my shipment and every fifty times they hung up on me, and the mobile phones that are available in the …",1.0,google_maps,https://www.google.com/maps/place/%D8%B4%D8%B1%DA%A9%D8%AA+%DA%A9%D8%A7%D9%84%D8%A7+%D8%B1%D8%B3%D8%A7%D9%86%D8%A7%D9%86+%DA%86%D8%A7%D9%BE%D8%A7%D8%B1%E2%80%AD/data=!4m7!3m6!1s0x3f8e019eabc5030f:0xd51e8d588ad985e5!8m2!3d35.6946284!4d51.4149964!16s%2Fg%2F11b5ytfrs8!19sChIJDwPFq54Bjj8R5YXZiliNHtU?authuser=0&hl=en&rclk=1,shekoofeh D,NULL,false,NULL,NULL,Negative,Angry,tracking,High,90
1b6a9dc17624d842,Chapar,شرکت کالا رسانان چاپار,Tehran,Tehran,"Tehran Province, Tehran، جمهوري بعداز سي تير پاساژارمان پ23, سی تیر, Iran",35.6946284,51.4149964,2 years ago,They are extremely irresponsible and also a creditor. They were sending it on four legs and a cart. By now it had reached us. We put it in the system. It took 3 days to arrive.,1.0,google_maps,https://www.google.com/maps/place/%D8%B4%D8%B1%DA%A9%D8%AA+%DA%A9%D8%A7%D9%84%D8%A7+%D8%B1%D8%B3%D8%A7%D9%86%D8%A7%D9%86+%DA%86%D8%A7%D9%BE%D8%A7%D8%B1%E2%80%AD/data=!4m7!3m6!1s0x3f8e019eabc5030f:0xd51e8d588ad985e5!8m2!3d35.6946284!4d51.4149964!16s%2Fg%2F11b5ytfrs8!19sChIJDwPFq54Bjj8R5YXZiliNHtU?authuser=0&hl=en&rclk=1,mohammadreza deyhim,NULL,false,NULL,NULL,Negative,Angry,other,High,90
71e5cd6a53650948,Chapar,شرکت کالا رسانان چاپار,Tehran,Tehran,"Tehran Province, Tehran، جمهوري بعداز سي تير پاساژارمان پ23, سی تیر, Iran",35.6946284,51.4149964,10 months ago,It was the worst experience of my life.,1.0,google_maps,https://www.google.com/maps/place/%D8%B4%D8%B1%DA%A9%D8%AA+%DA%A9%D8%A7%D9%84%D8%A7+%D8%B1%D8%B3%D8%A7%D9%86%D8%A7%D9%86+%DA%86%D8%A7%D9%BE%D8%A7%D8%B1%E2%80%AD/data=!4m7!3m6!1s0x3f8e019eabc5030f:0xd51e8d588ad985e5!8m2!3d35.6946284!4d51.4149964!16s%2Fg%2F11b5ytfrs8!19sChIJDwPFq54Bjj8R5YXZiliNHtU?authuser=0&hl=en&rclk=1,شایان رمضانی,NULL,false,NULL,NULL,Negative,Angry,other,High,90
d13b72baf2c92e65,Chapar,ایمن رسانان چاپار(احمدی),Tehran,Tehran,"P656+9FW District 21, Tehran, Tehran Province, Iran",35.7084818,51.2111898,6 months ago,NULL,1.0,google_maps,https://www.google.com/maps/place/%D8%A7%DB%8C%D9%85%D9%86+%D8%B1%D8%B3%D8%A7%D9%86%D8%A7%D9%86+%DA%86%D8%A7%D9%BE%D8%A7%D8%B1%28%D8%A7%D8%AD%D9%85%D8%AF%DB%8C%29%E2%80%AD/data=!4m7!3m6!1s0x3f8dfae58f368f35:0x20f0cefaac1de344!8m2!3d35.7084818!4d51.2111898!16s%2Fg%2F11fxfv1b8v!19sChIJNY82j-X6jT8RROMdrPrO8CA?authuser=0&hl=en&rclk=1,Javad Sarlak,NULL,false,NULL,NULL,Negative,Angry,other,High,65
25d3ce657b574af0,Chapar,چاپار مطهری (کالارسان چاپار شعبه مطهری),Tehran,Tehran,"Tehran Province, Tehran، کوچه شانزدهم، PCHG+XMQ, Iran",35.7299604,51.4267195,10 months ago,The worst. They are not responsive. They charge a high fee for a fast delivery but they don't send it. They don't answer me. The most irresponsible.,1.0,google_maps,https://www.google.com/maps/place/%DA%86%D8%A7%D9%BE%D8%A7%D8%B1+%D9%85%D8%B7%D9%87%D8%B1%DB%8C+%28%DA%A9%D8%A7%D9%84%D8%A7%D8%B1%D8%B3%D8%A7%D9%86+%DA%86%D8%A7%D9%BE%D8%A7%D8%B1+%D8%B4%D8%B9%D8%A8%D9%87+%D9%85%D8%B7%D9%87%D8%B1%DB%8C%29%E2%80%AD/data=!4m7!3m6!1s0x3f8e010024dba681:0x24f4ea20a2824404!8m2!3d35.7299604!4d51.4267195!16s%2Fg%2F11ltnrtfh3!19sChIJgabbJAABjj8RBESCoiDq9CQ?authuser=0&hl=en&rclk=1,Lucky Charm,NULL,false,NULL,NULL,Negative,Angry,price,Critical,100
9ece7a58e94ebabe,Chapar,چاپار مطهری (کالارسان چاپار شعبه مطهری),Tehran,Tehran,"Tehran Province, Tehran، کوچه شانزدهم، PCHG+XMQ, Iran",35.7299604,51.4267195,8 months ago,No one is responsible at all.,1.0,google_maps,https://www.google.com/maps/place/%DA%86%D8%A7%D9%BE%D8%A7%D8%B1+%D9%85%D8%B7%D9%87%D8%B1%DB%8C+%28%DA%A9%D8%A7%D9%84%D8%A7%D8%B1%D8%B3%D8%A7%D9%86+%DA%86%D8%A7%D9%BE%D8%A7%D8%B1+%D8%B4%D8%B9%D8%A8%D9%87+%D9%85%D8%B7%D9%87%D8%B1%DB%8C%29%E2%80%AD/data=!4m7!3m6!1s0x3f8e010024dba681:0x24f4ea20a2824404!8m2!3d35.7299604!4d51.4267195!16s%2Fg%2F11ltnrtfh3!19sChIJgabbJAABjj8RBESCoiDq9CQ?authuser=0&hl=en&rclk=1,M.Sh63,NULL,false,NULL,NULL,Negative,Angry,other,High,80
067a9112375d3763,Chapar,کالا رسانان چاپار ساری chapar,Mazandaran,NULL,"H2C6+J8M, Sari, Mazandaran Province, Iran",36.5689877,53.0402203,2 years ago,👌👍 They have a good parking space for in-person delivery of parcels! …,4.0,google_maps,https://www.google.com/maps/place/%DA%A9%D8%A7%D9%84%D8%A7+%D8%B1%D8%B3%D8%A7%D9%86%D8%A7%D9%86+%DA%86%D8%A7%D9%BE%D8%A7%D8%B1+%D8%B3%D8%A7%D8%B1%DB%8C+chapar%E2%80%AD/data=!4m7!3m6!1s0x3f856bf10ff7fef5:0x3981c243bef925b0!8m2!3d36.5689877!4d53.0402203!16s%2Fg%2F11shpd9vsn!19sChIJ9f73D_FrhT8RsCX5vkPCgTk?authuser=0&hl=en&rclk=1,Hossein Sattari Saravi,NULL,false,NULL,NULL,Positive,Satisfied,other,Low,80
25df062c94f78e60,Chapar,کالا رسانان چاپار ساری chapar,Mazandaran,NULL,"H2C6+J8M, Sari, Mazandaran Province, Iran",36.5689877,53.0402203,a year ago,"Sir, it's been twenty minutes since I called you on my mobile phone or landline. Either you didn't answer or your line was busy.",5.0,google_maps,https://www.google.com/maps/place/%DA%A9%D8%A7%D9%84%D8%A7+%D8%B1%D8%B3%D8%A7%D9%86%D8%A7%D9%86+%DA%86%D8%A7%D9%BE%D8%A7%D8%B1+%D8%B3%D8%A7%D8%B1%DB%8C+chapar%E2%80%AD/data=!4m7!3m6!1s0x3f856bf10ff7fef5:0x3981c243bef925b0!8m2!3d36.5689877!4d53.0402203!16s%2Fg%2F11shpd9vsn!19sChIJ9f73D_FrhT8RsCX5vkPCgTk?authuser=0&hl=en&rclk=1,mehdi karimi,NULL,false,NULL,NULL,Positive,Happy,other,Low,80
cbb50785f13ac96e,Chapar,کالا رسانان چاپار ساری chapar,Mazandaran,NULL,"H2C6+J8M, Sari, Mazandaran Province, Iran",36.5689877,53.0402203,2 years ago,"Not recommended at all
Because it has a bad location and is much more expensive than Tipax",5.0,google_maps,https://www.google.com/maps/place/%DA%A9%D8%A7%D9%84%D8%A7+%D8%B1%D8%B3%D8%A7%D9%86%D8%A7%D9%86+%DA%86%D8%A7%D9%BE%D8%A7%D8%B1+%D8%B3%D8%A7%D8%B1%DB%8C+chapar%E2%80%AD/data=!4m7!3m6!1s0x3f856bf10ff7fef5:0x3981c243bef925b0!8m2!3d36.5689877!4d53.0402203!16s%2Fg%2F11shpd9vsn!19sChIJ9f73D_FrhT8RsCX5vkPCgTk?authuser=0&hl=en&rclk=1,محمد 71,NULL,false,NULL,NULL,Positive,Happy,price,Low,100
318c6f29b583558c,Chapar,کالا رسانان چاپار ساری chapar,Mazandaran,NULL,"H2C6+J8M, Sari, Mazandaran Province, Iran",36.5689877,53.0402203,a year ago,NULL,1.0,google_maps,https://www.google.com/maps/place/%DA%A9%D8%A7%D9%84%D8%A7+%D8%B1%D8%B3%D8%A7%D9%86%D8%A7%D9%86+%DA%86%D8%A7%D9%BE%D8%A7%D8%B1+%D8%B3%D8%A7%D8%B1%DB%8C+chapar%E2%80%AD/data=!4m7!3m6!1s0x3f856bf10ff7fef5:0x3981c243bef925b0!8m2!3d36.5689877!4d53.0402203!16s%2Fg%2F11shpd9vsn!19sChIJ9f73D_FrhT8RsCX5vkPCgTk?authuser=0&hl=en&rclk=1,Mehr Kh,NULL,false,NULL,NULL,Negative,Angry,other,High,65
d92cfea67696de69,Chapar,Chapar System,Gilan,NULL,"Gilan Province, Lahijan, خیابان 22 آبان, Enqelab St, Iran",37.2044362,50.0034249,a year ago,"The Lahijan team is great, but you should criticize the Tehran office yourself to see what level they are. As long as you compliment them, everyone responds respectfully, but you can understand the true character of people when you criticize them or inform them of their shortcomings.",1.0,google_maps,https://www.google.com/maps/place/Chapar+System/data=!4m7!3m6!1s0x3f8e033685f23b37:0xef2044a96e15a7f5!8m2!3d37.2044362!4d50.0034249!16s%2Fg%2F11fgjztzpb!19sChIJNzvyhTYDjj8R9acVbqlEIO8?authuser=0&hl=en&rclk=1,SheryKhoda,NULL,false,NULL,NULL,Positive,Satisfied,other,High,90
d52c31e2d1c029bd,Chapar,Chapar System,Gilan,NULL,"Gilan Province, Lahijan, خیابان 22 آبان, Enqelab St, Iran",37.2044362,50.0034249,7 years ago,Professional and responsive in the field of automation,5.0,google_maps,https://www.google.com/maps/place/Chapar+System/data=!4m7!3m6!1s0x3f8e033685f23b37:0xef2044a96e15a7f5!8m2!3d37.2044362!4d50.0034249!16s%2Fg%2F11fgjztzpb!19sChIJNzvyhTYDjj8R9acVbqlEIO8?authuser=0&hl=en&rclk=1,ali fayeghi,NULL,false,NULL,NULL,Positive,Happy,other,Low,70
40112e9f09702690,Chapar,Chapar System,Gilan,NULL,"Gilan Province, Lahijan, خیابان 22 آبان, Enqelab St, Iran",37.2044362,50.0034249,a year ago,NULL,2.0,google_maps,https://www.google.com/maps/place/Chapar+System/data=!4m7!3m6!1s0x3f8e033685f23b37:0xef2044a96e15a7f5!8m2!3d37.2044362!4d50.0034249!16s%2Fg%2F11fgjztzpb!19sChIJNzvyhTYDjj8R9acVbqlEIO8?authuser=0&hl=en&rclk=1,BEHRAD PALIK بهراد پالیک,NULL,false,NULL,NULL,Negative,Disappointed,other,Medium,65
0add2ae2c6968c81,Chapar,دفتر نمایندگی چاپار پاسداران مجیدیه هروی,Tehran,Tehran,"Tehran Province, Tehran, خیابان، هجدهم، جنب پلاک یک مغازه در سبز, Panahinia Blvd, همت شرق به غرب،بین امام علی و صیاد،خروجی, Iran",35.7601424,51.4744802,a year ago,"My friend's number was wrongly registered here, so I changed it. That's it😘 …",3.0,google_maps,https://www.google.com/maps/place/%D8%AF%D9%81%D8%AA%D8%B1+%D9%86%D9%85%D8%A7%DB%8C%D9%86%D8%AF%DA%AF%DB%8C+%DA%86%D8%A7%D9%BE%D8%A7%D8%B1+%D9%BE%D8%A7%D8%B3%D8%AF%D8%A7%D8%B1%D8%A7%D9%86+%D9%85%D8%AC%DB%8C%D8%AF%DB%8C%D9%87+%D9%87%D8%B1%D9%88%DB%8C%E2%80%AD/data=!4m7!3m6!1s0x3f8e0519ac347c9f:0x595ddb7465d0f6c6!8m2!3d35.7601424!4d51.4744802!16s%2Fg%2F11l722zfmx!19sChIJn3w0rBkFjj8RxvbQZXTbXVk?authuser=0&hl=en&rclk=1,mohammad M,NULL,false,NULL,NULL,Neutral,Satisfied,other,Low,70
48a88b63497bda1a,Chapar,دفتر نمایندگی چاپار پاسداران مجیدیه هروی,Tehran,Tehran,"Tehran Province, Tehran, خیابان، هجدهم، جنب پلاک یک مغازه در سبز, Panahinia Blvd, همت شرق به غرب،بین امام علی و صیاد،خروجی, Iran",35.7601424,51.4744802,a year ago,NULL,5.0,google_maps,https://www.google.com/maps/place/%D8%AF%D9%81%D8%AA%D8%B1+%D9%86%D9%85%D8%A7%DB%8C%D9%86%D8%AF%DA%AF%DB%8C+%DA%86%D8%A7%D9%BE%D8%A7%D8%B1+%D9%BE%D8%A7%D8%B3%D8%AF%D8%A7%D8%B1%D8%A7%D9%86+%D9%85%D8%AC%DB%8C%D8%AF%DB%8C%D9%87+%D9%87%D8%B1%D9%88%DB%8C%E2%80%AD/data=!4m7!3m6!1s0x3f8e0519ac347c9f:0x595ddb7465d0f6c6!8m2!3d35.7601424!4d51.4744802!16s%2Fg%2F11l722zfmx!19sChIJn3w0rBkFjj8RxvbQZXTbXVk?authuser=0&hl=en&rclk=1,Alireza Zamiraee,NULL,false,NULL,NULL,Positive,Happy,other,Low,55
f58e35952b1bf8d4,Chapar,کالارسانان چاپار نمایندگی پیروزی,Tehran,Tehran,"Tehran Province, Tehran, Farah Abad, Piroozi St, MFRH+P68, Iran",35.6918401,51.4779059,a year ago,"The busiest postal company in the country is Chapare
They have no commitment at all..They are not responsible...I have been waiting for the package to arrive for 4 days now..It hasn't arrived yet..I will call them and they will transfer me to another place.",1.0,google_maps,https://www.google.com/maps/place/%DA%A9%D8%A7%D9%84%D8%A7%D8%B1%D8%B3%D8%A7%D9%86%D8%A7%D9%86+%DA%86%D8%A7%D9%BE%D8%A7%D8%B1+%D9%86%D9%85%D8%A7%DB%8C%D9%86%D8%AF%DA%AF%DB%8C+%D9%BE%DB%8C%D8%B1%D9%88%D8%B2%DB%8C%E2%80%AD/data=!4m7!3m6!1s0x3f8e036648e0f0d1:0xb5dcc4d30bd775a7!8m2!3d35.6918401!4d51.4779059!16s%2Fg%2F11t0rzstkg!19sChIJ0fDgSGYDjj8Rp3XXC9PE3LU?authuser=0&hl=en&rclk=1,hamid goodarzi,NULL,false,NULL,NULL,Negative,Angry,delivery_delay,High,90
67c8d5bf80ab93e9,Chapar,کالارسانان چاپار نمایندگی پیروزی,Tehran,Tehran,"Tehran Province, Tehran, Farah Abad, Piroozi St, MFRH+P68, Iran",35.6918401,51.4779059,a year ago,"The worst post, you pay to have the order delivered to your door, you have to go to the warehouse to pick it up, with this crappy company, especially the Pirouzi branch.",1.0,google_maps,https://www.google.com/maps/place/%DA%A9%D8%A7%D9%84%D8%A7%D8%B1%D8%B3%D8%A7%D9%86%D8%A7%D9%86+%DA%86%D8%A7%D9%BE%D8%A7%D8%B1+%D9%86%D9%85%D8%A7%DB%8C%D9%86%D8%AF%DA%AF%DB%8C+%D9%BE%DB%8C%D8%B1%D9%88%D8%B2%DB%8C%E2%80%AD/data=!4m7!3m6!1s0x3f8e036648e0f0d1:0xb5dcc4d30bd775a7!8m2!3d35.6918401!4d51.4779059!16s%2Fg%2F11t0rzstkg!19sChIJ0fDgSGYDjj8Rp3XXC9PE3LU?authuser=0&hl=en&rclk=1,محبوبه کرمی,NULL,false,NULL,NULL,Negative,Angry,other,Critical,100
4393290725acf40c,Chapar,کالارسانان چاپار نمایندگی پیروزی,Tehran,Tehran,"Tehran Province, Tehran, Farah Abad, Piroozi St, MFRH+P68, Iran",35.6918401,51.4779059,3 years ago,Why is the customer service number disconnected? I've been waiting for the shipment for two months.,1.0,google_maps,https://www.google.com/maps/place/%DA%A9%D8%A7%D9%84%D8%A7%D8%B1%D8%B3%D8%A7%D9%86%D8%A7%D9%86+%DA%86%D8%A7%D9%BE%D8%A7%D8%B1+%D9%86%D9%85%D8%A7%DB%8C%D9%86%D8%AF%DA%AF%DB%8C+%D9%BE%DB%8C%D8%B1%D9%88%D8%B2%DB%8C%E2%80%AD/data=!4m7!3m6!1s0x3f8e036648e0f0d1:0xb5dcc4d30bd775a7!8m2!3d35.6918401!4d51.4779059!16s%2Fg%2F11t0rzstkg!19sChIJ0fDgSGYDjj8Rp3XXC9PE3LU?authuser=0&hl=en&rclk=1,shakiba pk,NULL,false,NULL,NULL,Negative,Angry,delivery_delay,High,90
558b3ddd0b8a017f,Chapar,کالارسانان چاپار نمایندگی پیروزی,Tehran,Tehran,"Tehran Province, Tehran, Farah Abad, Piroozi St, MFRH+P68, Iran",35.6918401,51.4779059,9 months ago,One star is too much for Chapar.,1.0,google_maps,https://www.google.com/maps/place/%DA%A9%D8%A7%D9%84%D8%A7%D8%B1%D8%B3%D8%A7%D9%86%D8%A7%D9%86+%DA%86%D8%A7%D9%BE%D8%A7%D8%B1+%D9%86%D9%85%D8%A7%DB%8C%D9%86%D8%AF%DA%AF%DB%8C+%D9%BE%DB%8C%D8%B1%D9%88%D8%B2%DB%8C%E2%80%AD/data=!4m7!3m6!1s0x3f8e036648e0f0d1:0xb5dcc4d30bd775a7!8m2!3d35.6918401!4d51.4779059!16s%2Fg%2F11t0rzstkg!19sChIJ0fDgSGYDjj8Rp3XXC9PE3LU?authuser=0&hl=en&rclk=1,ثمین,NULL,false,NULL,NULL,Negative,Angry,other,High,80
7cae0834dc7948d9,Chapar,کالارسانان چاپار نمایندگی پیروزی,Tehran,Tehran,"Tehran Province, Tehran, Farah Abad, Piroozi St, MFRH+P68, Iran",35.6918401,51.4779059,a year ago,NULL,1.0,google_maps,https://www.google.com/maps/place/%DA%A9%D8%A7%D9%84%D8%A7%D8%B1%D8%B3%D8%A7%D9%86%D8%A7%D9%86+%DA%86%D8%A7%D9%BE%D8%A7%D8%B1+%D9%86%D9%85%D8%A7%DB%8C%D9%86%D8%AF%DA%AF%DB%8C+%D9%BE%DB%8C%D8%B1%D9%88%D8%B2%DB%8C%E2%80%AD/data=!4m7!3m6!1s0x3f8e036648e0f0d1:0xb5dcc4d30bd775a7!8m2!3d35.6918401!4d51.4779059!16s%2Fg%2F11t0rzstkg!19sChIJ0fDgSGYDjj8Rp3XXC9PE3LU?authuser=0&hl=en&rclk=1,shiva bagheri,NULL,false,NULL,NULL,Negative,Angry,other,High,65
2705512632c9f24d,Chapar,شرکت کالارسانان چاپار,Qom,Qom,"Qom Province، نيروگاه، خیابان شهید فرمانعلی مولایی کوچه ۵ روبروی پلاک ۴۰, Keshavarz, No. بلوار, Iran",34.6294497,50.8365057,9 years ago,not bad,4.0,google_maps,https://www.google.com/maps/place/%D8%B4%D8%B1%DA%A9%D8%AA+%DA%A9%D8%A7%D9%84%D8%A7%D8%B1%D8%B3%D8%A7%D9%86%D8%A7%D9%86+%DA%86%D8%A7%D9%BE%D8%A7%D8%B1%E2%80%AD/data=!4m7!3m6!1s0x3f93bb4ad95d0635:0xab510b6acbc0ae5a!8m2!3d34.6294497!4d50.8365057!16s%2Fg%2F11b5yv3jjt!19sChIJNQZd2Uq7kz8RWq7Ay2oLUas?authuser=0&hl=en&rclk=1,Hosein Erfanshekouh,NULL,false,NULL,NULL,Negative,Disappointed,other,Medium,90
16552067272539c7,Chapar,شرکت کالارسانان چاپار,Qom,Qom,"Qom Province، نيروگاه، خیابان شهید فرمانعلی مولایی کوچه ۵ روبروی پلاک ۴۰, Keshavarz, No. بلوار, Iran",34.6294497,50.8365057,7 months ago,The most unmanned and stupid exercise in the country's transportation system,1.0,google_maps,https://www.google.com/maps/place/%D8%B4%D8%B1%DA%A9%D8%AA+%DA%A9%D8%A7%D9%84%D8%A7%D8%B1%D8%B3%D8%A7%D9%86%D8%A7%D9%86+%DA%86%D8%A7%D9%BE%D8%A7%D8%B1%E2%80%AD/data=!4m7!3m6!1s0x3f93bb4ad95d0635:0xab510b6acbc0ae5a!8m2!3d34.6294497!4d50.8365057!16s%2Fg%2F11b5yv3jjt!19sChIJNQZd2Uq7kz8RWq7Ay2oLUas?authuser=0&hl=en&rclk=1,king amereh,NULL,false,NULL,NULL,Negative,Angry,other,High,80
dc4345057ec36970,Chapar,شرکت کالارسانان چاپار,Qom,Qom,"Qom Province، نيروگاه، خیابان شهید فرمانعلی مولایی کوچه ۵ روبروی پلاک ۴۰, Keshavarz, No. بلوار, Iran",34.6294497,50.8365057,8 months ago,"Very terrible, the force that distributes it is very rude, unresponsive, we always have problems sending packages and they do not do any follow-up. Very, very weak.",1.0,google_maps,https://www.google.com/maps/place/%D8%B4%D8%B1%DA%A9%D8%AA+%DA%A9%D8%A7%D9%84%D8%A7%D8%B1%D8%B3%D8%A7%D9%86%D8%A7%D9%86+%DA%86%D8%A7%D9%BE%D8%A7%D8%B1%E2%80%AD/data=!4m7!3m6!1s0x3f93bb4ad95d0635:0xab510b6acbc0ae5a!8m2!3d34.6294497!4d50.8365057!16s%2Fg%2F11b5yv3jjt!19sChIJNQZd2Uq7kz8RWq7Ay2oLUas?authuser=0&hl=en&rclk=1,سعید رهنما,NULL,false,NULL,NULL,Negative,Angry,staff_behavior,High,100
e01b93a617583004,Chapar,شرکت کالارسانان چاپار,Qom,Qom,"Qom Province، نيروگاه، خیابان شهید فرمانعلی مولایی کوچه ۵ روبروی پلاک ۴۰, Keshavarz, No. بلوار, Iran",34.6294497,50.8365057,a year ago,Chapar is really great. I have been getting a package from all cities for a few months now. I am very satisfied. It costs less than T-Box and arrives faster.,5.0,google_maps,https://www.google.com/maps/place/%D8%B4%D8%B1%DA%A9%D8%AA+%DA%A9%D8%A7%D9%84%D8%A7%D8%B1%D8%B3%D8%A7%D9%86%D8%A7%D9%86+%DA%86%D8%A7%D9%BE%D8%A7%D8%B1%E2%80%AD/data=!4m7!3m6!1s0x3f93bb4ad95d0635:0xab510b6acbc0ae5a!8m2!3d34.6294497!4d50.8365057!16s%2Fg%2F11b5yv3jjt!19sChIJNQZd2Uq7kz8RWq7Ay2oLUas?authuser=0&hl=en&rclk=1,افسانه پورسلطانی,NULL,false,NULL,NULL,Positive,Happy,price,Low,100
7c7666e01461da2d,Chapar,شرکت کالارسانان چاپار,Qom,Qom,"Qom Province، نيروگاه، خیابان شهید فرمانعلی مولایی کوچه ۵ روبروی پلاک ۴۰, Keshavarz, No. بلوار, Iran",34.6294497,50.8365057,4 years ago,"It's really a shame, they don't answer the phone, their address is correct. My goods arrived in Qom in 4 days, but they didn't answer my phone. I came to them, their address is the same.",1.0,google_maps,https://www.google.com/maps/place/%D8%B4%D8%B1%DA%A9%D8%AA+%DA%A9%D8%A7%D9%84%D8%A7%D8%B1%D8%B3%D8%A7%D9%86%D8%A7%D9%86+%DA%86%D8%A7%D9%BE%D8%A7%D8%B1%E2%80%AD/data=!4m7!3m6!1s0x3f93bb4ad95d0635:0xab510b6acbc0ae5a!8m2!3d34.6294497!4d50.8365057!16s%2Fg%2F11b5yv3jjt!19sChIJNQZd2Uq7kz8RWq7Ay2oLUas?authuser=0&hl=en&rclk=1,amir naxari,NULL,false,NULL,NULL,Positive,Satisfied,other,High,90
446987df73916089,Chapar,شرکت کالارسانان چاپار,Qom,Qom,"Qom Province، نيروگاه، خیابان شهید فرمانعلی مولایی کوچه ۵ روبروی پلاک ۴۰, Keshavarz, No. بلوار, Iran",34.6294497,50.8365057,3 years ago,"The delivery speed is terrible, the contact number on the site is disconnected, and the price is average to high.",1.0,google_maps,https://www.google.com/maps/place/%D8%B4%D8%B1%DA%A9%D8%AA+%DA%A9%D8%A7%D9%84%D8%A7%D8%B1%D8%B3%D8%A7%D9%86%D8%A7%D9%86+%DA%86%D8%A7%D9%BE%D8%A7%D8%B1%E2%80%AD/data=!4m7!3m6!1s0x3f93bb4ad95d0635:0xab510b6acbc0ae5a!8m2!3d34.6294497!4d50.8365057!16s%2Fg%2F11b5yv3jjt!19sChIJNQZd2Uq7kz8RWq7Ay2oLUas?authuser=0&hl=en&rclk=1,Masoomeh Rezaei,NULL,false,NULL,NULL,Negative,Angry,price,High,100
5ae33abb7872025a,Chapar,شرکت کالارسانان چاپار,Qom,Qom,"Qom Province، نيروگاه، خیابان شهید فرمانعلی مولایی کوچه ۵ روبروی پلاک ۴۰, Keshavarz, No. بلوار, Iran",34.6294497,50.8365057,4 years ago,Unresponsiveness and unjustified delay in delivery of goods due to insufficient manpower to deliver the goods,1.0,google_maps,https://www.google.com/maps/place/%D8%B4%D8%B1%DA%A9%D8%AA+%DA%A9%D8%A7%D9%84%D8%A7%D8%B1%D8%B3%D8%A7%D9%86%D8%A7%D9%86+%DA%86%D8%A7%D9%BE%D8%A7%D8%B1%E2%80%AD/data=!4m7!3m6!1s0x3f93bb4ad95d0635:0xab510b6acbc0ae5a!8m2!3d34.6294497!4d50.8365057!16s%2Fg%2F11b5yv3jjt!19sChIJNQZd2Uq7kz8RWq7Ay2oLUas?authuser=0&hl=en&rclk=1,hireza Mohammadi,NULL,false,NULL,NULL,Positive,Satisfied,delivery_delay,High,100
68288726fb79245d,Chapar,شرکت کالارسانان چاپار,Qom,Qom,"Qom Province، نيروگاه، خیابان شهید فرمانعلی مولایی کوچه ۵ روبروی پلاک ۴۰, Keshavarz, No. بلوار, Iran",34.6294497,50.8365057,a year ago,Too bad because I ordered it a week ago and it still hasn't arrived.,1.0,google_maps,https://www.google.com/maps/place/%D8%B4%D8%B1%DA%A9%D8%AA+%DA%A9%D8%A7%D9%84%D8%A7%D8%B1%D8%B3%D8%A7%D9%86%D8%A7%D9%86+%DA%86%D8%A7%D9%BE%D8%A7%D8%B1%E2%80%AD/data=!4m7!3m6!1s0x3f93bb4ad95d0635:0xab510b6acbc0ae5a!8m2!3d34.6294497!4d50.8365057!16s%2Fg%2F11b5yv3jjt!19sChIJNQZd2Uq7kz8RWq7Ay2oLUas?authuser=0&hl=en&rclk=1,Nima,NULL,false,NULL,NULL,Negative,Angry,other,High,90
9e006c213b711625,Chapar,شرکت کالارسانان چاپار,Qom,Qom,"Qom Province، نيروگاه، خیابان شهید فرمانعلی مولایی کوچه ۵ روبروی پلاک ۴۰, Keshavarz, No. بلوار, Iran",34.6294497,50.8365057,2 years ago,"Late delivery
High price
No follow-up
Really not worth it",1.0,google_maps,https://www.google.com/maps/place/%D8%B4%D8%B1%DA%A9%D8%AA+%DA%A9%D8%A7%D9%84%D8%A7%D8%B1%D8%B3%D8%A7%D9%86%D8%A7%D9%86+%DA%86%D8%A7%D9%BE%D8%A7%D8%B1%E2%80%AD/data=!4m7!3m6!1s0x3f93bb4ad95d0635:0xab510b6acbc0ae5a!8m2!3d34.6294497!4d50.8365057!16s%2Fg%2F11b5yv3jjt!19sChIJNQZd2Uq7kz8RWq7Ay2oLUas?authuser=0&hl=en&rclk=1,فاطمه رضوی,NULL,false,NULL,NULL,Negative,Angry,delivery_delay,High,80
404a58847a8a518a,Chapar,شرکت کالارسانان چاپار,Qom,Qom,"Qom Province، نيروگاه، خیابان شهید فرمانعلی مولایی کوچه ۵ روبروی پلاک ۴۰, Keshavarz, No. بلوار, Iran",34.6294497,50.8365057,4 years ago,Lack of response and delay in delivery of the sent package,1.0,google_maps,https://www.google.com/maps/place/%D8%B4%D8%B1%DA%A9%D8%AA+%DA%A9%D8%A7%D9%84%D8%A7%D8%B1%D8%B3%D8%A7%D9%86%D8%A7%D9%86+%DA%86%D8%A7%D9%BE%D8%A7%D8%B1%E2%80%AD/data=!4m7!3m6!1s0x3f93bb4ad95d0635:0xab510b6acbc0ae5a!8m2!3d34.6294497!4d50.8365057!16s%2Fg%2F11b5yv3jjt!19sChIJNQZd2Uq7kz8RWq7Ay2oLUas?authuser=0&hl=en&rclk=1,Javad Karimi,NULL,false,NULL,NULL,Negative,Angry,delivery_delay,High,80
34ecf06f69beafe5,Chapar,موسسه توریستی چاپار,Tehran,Tehran,"Tehran Province, Tehran, Behboodi St, P969+7V3, Iran",35.7106348,51.3696633,7 years ago,Excellent,5.0,google_maps,https://www.google.com/maps/place/%D9%85%D9%88%D8%B3%D8%B3%D9%87+%D8%AA%D9%88%D8%B1%DB%8C%D8%B3%D8%AA%DB%8C+%DA%86%D8%A7%D9%BE%D8%A7%D8%B1%E2%80%AD/data=!4m7!3m6!1s0x3f8e00c86e53fbcd:0x9b01663e36e9dcbd!8m2!3d35.7106348!4d51.3696633!16s%2Fg%2F11c2k6qtzx!19sChIJzftTbsgAjj8RvdzpNj5mAZs?authuser=0&hl=en&rclk=1,Mohamad Javad,NULL,false,NULL,NULL,Positive,Happy,other,Low,80
168eeaae646df4e6,Chapar,کالا رسانان چاپار بیجار,Kurdistan,Bijar,"Bijar, Amir Nezam St, VHCW+5M9 بعداز پمپ بنزین فرحی چاپار, Iran",35.8704231,47.5967377,5 months ago,NULL,5.0,google_maps,https://www.google.com/maps/place/%DA%A9%D8%A7%D9%84%D8%A7+%D8%B1%D8%B3%D8%A7%D9%86%D8%A7%D9%86+%DA%86%D8%A7%D9%BE%D8%A7%D8%B1+%D8%A8%DB%8C%D8%AC%D8%A7%D8%B1%E2%80%AD/data=!4m7!3m6!1s0x3ff779006ad29225:0x867a41a3093f48c2!8m2!3d35.8704231!4d47.5967377!16s%2Fg%2F11yztw6wrf!19sChIJJZLSagB59z8Rwkg_CaNBeoY?authuser=0&hl=en&rclk=1,s.mahmoud Zamani,NULL,false,NULL,NULL,Positive,Happy,other,Low,55
3b11f3223a583305,Chapar,دفتر چاپار کرمانشاه,کرمان,کرمان,"Kermanshah Province، منطقه 7، کرمانشاه،, Iran",34.3714444,47.1205504,a year ago,"No one works in the office just some guy with personal phone numbers in a used bike .
No one answers the call and I don't know what happened to my package that was supposed to be delivered on time. It's been 2weeks . Hope this non-Human behavior be answered. But come-on  it's just Package",1.0,google_maps,https://www.google.com/maps/place/%D8%AF%D9%81%D8%AA%D8%B1+%DA%86%D8%A7%D9%BE%D8%A7%D8%B1+%DA%A9%D8%B1%D9%85%D8%A7%D9%86%D8%B4%D8%A7%D9%87%E2%80%AD/data=!4m7!3m6!1s0x3ffaf3348a96ddff:0xab191a2a7d372473!8m2!3d34.3714444!4d47.1205504!16s%2Fg%2F11pvmctjnm!19sChIJ_92WijTz-j8RcyQ3fSoaGas?authuser=0&hl=en&rclk=1,amir solgi,NULL,false,NULL,NULL,Negative,Angry,other,High,90
70a54b3d645bb177,Chapar,دفتر چاپار کرمانشاه,کرمان,کرمان,"Kermanshah Province، منطقه 7، کرمانشاه،, Iran",34.3714444,47.1205504,2 months ago,"He doesn't answer the phone, he doesn't deliver the package on time. You call for a few days and he doesn't answer. Then he says, ""If you're in a hurry, come and pick it up yourself."" Sub-zero service works for anyone you want.",1.0,google_maps,https://www.google.com/maps/place/%D8%AF%D9%81%D8%AA%D8%B1+%DA%86%D8%A7%D9%BE%D8%A7%D8%B1+%DA%A9%D8%B1%D9%85%D8%A7%D9%86%D8%B4%D8%A7%D9%87%E2%80%AD/data=!4m7!3m6!1s0x3ffaf3348a96ddff:0xab191a2a7d372473!8m2!3d34.3714444!4d47.1205504!16s%2Fg%2F11pvmctjnm!19sChIJ_92WijTz-j8RcyQ3fSoaGas?authuser=0&hl=en&rclk=1,Kia Hydaryan,NULL,false,NULL,NULL,Negative,Angry,other,High,90
a8cea6185385cea4,Chapar,دفتر چاپار کرمانشاه,کرمان,کرمان,"Kermanshah Province، منطقه 7، کرمانشاه،, Iran",34.3714444,47.1205504,2 years ago,"First of all, the post office is asking for a few thousand tomans for the item sent to the customer, all costs calculated, and the full price specified. This is not legal. For example, if the total price of the entire invoice sent to the …",1.0,google_maps,https://www.google.com/maps/place/%D8%AF%D9%81%D8%AA%D8%B1+%DA%86%D8%A7%D9%BE%D8%A7%D8%B1+%DA%A9%D8%B1%D9%85%D8%A7%D9%86%D8%B4%D8%A7%D9%87%E2%80%AD/data=!4m7!3m6!1s0x3ffaf3348a96ddff:0xab191a2a7d372473!8m2!3d34.3714444!4d47.1205504!16s%2Fg%2F11pvmctjnm!19sChIJ_92WijTz-j8RcyQ3fSoaGas?authuser=0&hl=en&rclk=1,alireza ramezani,NULL,false,NULL,NULL,Negative,Angry,delivery_delay,High,90
1966bacbc6ecf9ac,Chapar,دفتر چاپار کرمانشاه,کرمان,کرمان,"Kermanshah Province، منطقه 7، کرمانشاه،, Iran",34.3714444,47.1205504,2 years ago,"The busiest route for sending and receiving packages is this one. A package from a destination 300 kilometers away hasn't arrived in two weeks, but it's been in my hands for three days.",1.0,google_maps,https://www.google.com/maps/place/%D8%AF%D9%81%D8%AA%D8%B1+%DA%86%D8%A7%D9%BE%D8%A7%D8%B1+%DA%A9%D8%B1%D9%85%D8%A7%D9%86%D8%B4%D8%A7%D9%87%E2%80%AD/data=!4m7!3m6!1s0x3ffaf3348a96ddff:0xab191a2a7d372473!8m2!3d34.3714444!4d47.1205504!16s%2Fg%2F11pvmctjnm!19sChIJ_92WijTz-j8RcyQ3fSoaGas?authuser=0&hl=en&rclk=1,Asadi Asadi,NULL,false,NULL,NULL,Negative,Angry,other,High,90
eaa9129bc79838ba,Chapar,دفتر چاپار کرمانشاه,کرمان,کرمان,"Kermanshah Province، منطقه 7، کرمانشاه،, Iran",34.3714444,47.1205504,2 years ago,"I mean, it would have been better if we had put the package in the mailbox than if we had given it to the delivery guy. Can a package be delivered to the delivery guy in two days? Are you playing or working?",1.0,google_maps,https://www.google.com/maps/place/%D8%AF%D9%81%D8%AA%D8%B1+%DA%86%D8%A7%D9%BE%D8%A7%D8%B1+%DA%A9%D8%B1%D9%85%D8%A7%D9%86%D8%B4%D8%A7%D9%87%E2%80%AD/data=!4m7!3m6!1s0x3ffaf3348a96ddff:0xab191a2a7d372473!8m2!3d34.3714444!4d47.1205504!16s%2Fg%2F11pvmctjnm!19sChIJ_92WijTz-j8RcyQ3fSoaGas?authuser=0&hl=en&rclk=1,Erfan Sariaslani,NULL,false,NULL,NULL,Negative,Angry,other,High,90
7bfa3991035b3083,Chapar,دفتر چاپار کرمانشاه,کرمان,کرمان,"Kermanshah Province، منطقه 7، کرمانشاه،, Iran",34.3714444,47.1205504,2 years ago,"Thank you to Mr. Ahmadi, he is very attentive to the shipments and delivers them on time.",5.0,google_maps,https://www.google.com/maps/place/%D8%AF%D9%81%D8%AA%D8%B1+%DA%86%D8%A7%D9%BE%D8%A7%D8%B1+%DA%A9%D8%B1%D9%85%D8%A7%D9%86%D8%B4%D8%A7%D9%87%E2%80%AD/data=!4m7!3m6!1s0x3ffaf3348a96ddff:0xab191a2a7d372473!8m2!3d34.3714444!4d47.1205504!16s%2Fg%2F11pvmctjnm!19sChIJ_92WijTz-j8RcyQ3fSoaGas?authuser=0&hl=en&rclk=1,مریم امیری,NULL,false,NULL,NULL,Positive,Happy,other,Low,80
1f47e02f000ece74,Chapar,دفتر چاپار کرمانشاه,کرمان,کرمان,"Kermanshah Province، منطقه 7، کرمانشاه،, Iran",34.3714444,47.1205504,3 years ago,"Very excellent service, and the gift of time to the customer is one of the highest options at Chapare, and the attitude and public relations of Chapare's staff are well-known.",5.0,google_maps,https://www.google.com/maps/place/%D8%AF%D9%81%D8%AA%D8%B1+%DA%86%D8%A7%D9%BE%D8%A7%D8%B1+%DA%A9%D8%B1%D9%85%D8%A7%D9%86%D8%B4%D8%A7%D9%87%E2%80%AD/data=!4m7!3m6!1s0x3ffaf3348a96ddff:0xab191a2a7d372473!8m2!3d34.3714444!4d47.1205504!16s%2Fg%2F11pvmctjnm!19sChIJ_92WijTz-j8RcyQ3fSoaGas?authuser=0&hl=en&rclk=1,Maryam Azami,NULL,false,NULL,NULL,Positive,Happy,staff_behavior,Low,100
1c3aadd7dbf0fb82,Chapar,دفتر چاپار کرمانشاه,کرمان,کرمان,"Kermanshah Province، منطقه 7، کرمانشاه،, Iran",34.3714444,47.1205504,a year ago,Excellent 👏🏻 Thank you Mr. Ahmadi for your hard work. …,5.0,google_maps,https://www.google.com/maps/place/%D8%AF%D9%81%D8%AA%D8%B1+%DA%86%D8%A7%D9%BE%D8%A7%D8%B1+%DA%A9%D8%B1%D9%85%D8%A7%D9%86%D8%B4%D8%A7%D9%87%E2%80%AD/data=!4m7!3m6!1s0x3ffaf3348a96ddff:0xab191a2a7d372473!8m2!3d34.3714444!4d47.1205504!16s%2Fg%2F11pvmctjnm!19sChIJ_92WijTz-j8RcyQ3fSoaGas?authuser=0&hl=en&rclk=1,Aria Karami,NULL,false,NULL,NULL,Positive,Happy,other,Low,80
d4293dff6f025916,Chapar,دفتر چاپار کرمانشاه,کرمان,کرمان,"Kermanshah Province، منطقه 7، کرمانشاه،, Iran",34.3714444,47.1205504,2 years ago,"Very excellent, thank you for the services of Mr. Ahmadi, who delivers the packages on time 🤩 …",5.0,google_maps,https://www.google.com/maps/place/%D8%AF%D9%81%D8%AA%D8%B1+%DA%86%D8%A7%D9%BE%D8%A7%D8%B1+%DA%A9%D8%B1%D9%85%D8%A7%D9%86%D8%B4%D8%A7%D9%87%E2%80%AD/data=!4m7!3m6!1s0x3ffaf3348a96ddff:0xab191a2a7d372473!8m2!3d34.3714444!4d47.1205504!16s%2Fg%2F11pvmctjnm!19sChIJ_92WijTz-j8RcyQ3fSoaGas?authuser=0&hl=en&rclk=1,Mina Amiri,NULL,false,NULL,NULL,Positive,Happy,other,Low,90
36c61179047d63f2,Chapar,دفتر چاپار کرمانشاه,کرمان,کرمان,"Kermanshah Province، منطقه 7، کرمانشاه،, Iran",34.3714444,47.1205504,a year ago,"They are very concerned about delivery, so their hands don't get hurt.",5.0,google_maps,https://www.google.com/maps/place/%D8%AF%D9%81%D8%AA%D8%B1+%DA%86%D8%A7%D9%BE%D8%A7%D8%B1+%DA%A9%D8%B1%D9%85%D8%A7%D9%86%D8%B4%D8%A7%D9%87%E2%80%AD/data=!4m7!3m6!1s0x3ffaf3348a96ddff:0xab191a2a7d372473!8m2!3d34.3714444!4d47.1205504!16s%2Fg%2F11pvmctjnm!19sChIJ_92WijTz-j8RcyQ3fSoaGas?authuser=0&hl=en&rclk=1,Parsa,NULL,false,NULL,NULL,Positive,Happy,other,Low,70
5f34cec956345a68,Chapar,انبار چاپار,Kahrizak,F9V6+PG8,"F9V6+PG8, Kahrizak, Iran",35.4942778,51.3613314,5 months ago,There is a small storage room behind the mattress.,3.0,google_maps,https://www.google.com/maps/place/%D8%A7%D9%86%D8%A8%D8%A7%D8%B1+%DA%86%D8%A7%D9%BE%D8%A7%D8%B1%E2%80%AD/data=!4m7!3m6!1s0x3f91f90016e56d71:0xb600ea7d93cc8372!8m2!3d35.4942778!4d51.3613314!16s%2Fg%2F11yp18z37c!19sChIJcW3lFgD5kT8RcoPMk33qALY?authuser=0&hl=en&rclk=1,Mohammad Hatami,NULL,false,NULL,NULL,Neutral,Satisfied,other,Low,70
721fdb6e558a7b9d,Post,Iran Mall Post Office,Tehran,Tehran,"Tehran, Iran Mall، Q53Q+9R5 P1 floor, Iran",35.753391,51.1895949,a year ago,"I want to be fair.
Just recently that we are waiting for some important documents, this post was ok but now it show that the post man brought your package and we are 24 hours are in house no post man has arrived",1.0,google_maps,https://www.google.com/maps/place/Iran+Mall+Post+Office/data=!4m7!3m6!1s0x3f8de5db595cce1b:0x4e6dce8a02821bc4!8m2!3d35.753391!4d51.1895949!16s%2Fg%2F11vkg8w057!19sChIJG85cWdvljT8RxBuCAorObU4?authuser=0&hl=en&rclk=1,alireza dourbash,NULL,false,NULL,NULL,Negative,Angry,delivery_delay,High,90
33ecaad65d94fe3c,Post,Iran Mall Post Office,Tehran,Tehran,"Tehran, Iran Mall، Q53Q+9R5 P1 floor, Iran",35.753391,51.1895949,2 years ago,Awful.,1.0,google_maps,https://www.google.com/maps/place/Iran+Mall+Post+Office/data=!4m7!3m6!1s0x3f8de5db595cce1b:0x4e6dce8a02821bc4!8m2!3d35.753391!4d51.1895949!16s%2Fg%2F11vkg8w057!19sChIJG85cWdvljT8RxBuCAorObU4?authuser=0&hl=en&rclk=1,Yas,NULL,false,NULL,NULL,Negative,Angry,other,High,90
241354136d7100da,Post,Iran Mall Post Office,Tehran,Tehran,"Tehran, Iran Mall، Q53Q+9R5 P1 floor, Iran",35.753391,51.1895949,9 months ago,"Unfortunately, they don't deliver the package! They say it's delivered, but in the end you have to go there in person to pick it up, otherwise your package will be left there for a week!
Literally awful!",1.0,google_maps,https://www.google.com/maps/place/Iran+Mall+Post+Office/data=!4m7!3m6!1s0x3f8de5db595cce1b:0x4e6dce8a02821bc4!8m2!3d35.753391!4d51.1895949!16s%2Fg%2F11vkg8w057!19sChIJG85cWdvljT8RxBuCAorObU4?authuser=0&hl=en&rclk=1,Mohamad Hoseini,NULL,false,NULL,NULL,Negative,Angry,other,High,100
1ea88952595b0f81,Post,Iran Mall Post Office,Tehran,Tehran,"Tehran, Iran Mall، Q53Q+9R5 P1 floor, Iran",35.753391,51.1895949,7 months ago,This is the worst post office in Iran. Your package will be destroyed in 2 weeks. They won't even let you go in person. It's awful. Please follow up.,1.0,google_maps,https://www.google.com/maps/place/Iran+Mall+Post+Office/data=!4m7!3m6!1s0x3f8de5db595cce1b:0x4e6dce8a02821bc4!8m2!3d35.753391!4d51.1895949!16s%2Fg%2F11vkg8w057!19sChIJG85cWdvljT8RxBuCAorObU4?authuser=0&hl=en&rclk=1,غلام سخی رحمانی,NULL,false,NULL,NULL,Negative,Angry,other,Critical,100
f778843fad4e2f86,Post,Iran Mall Post Office,Tehran,Tehran,"Tehran, Iran Mall، Q53Q+9R5 P1 floor, Iran",35.753391,51.1895949,7 months ago,"Unfortunately, it's called Priority Mail.
The package arrives here in a day or two from the city, and then it takes a week to get to the destination, with a short distance.
The tracking code and website are a complete joke to them, they either say the package was delivered or there's no news about it at all once the package is sent here.",1.0,google_maps,https://www.google.com/maps/place/Iran+Mall+Post+Office/data=!4m7!3m6!1s0x3f8de5db595cce1b:0x4e6dce8a02821bc4!8m2!3d35.753391!4d51.1895949!16s%2Fg%2F11vkg8w057!19sChIJG85cWdvljT8RxBuCAorObU4?authuser=0&hl=en&rclk=1,Arvin Bayat,NULL,false,NULL,NULL,Negative,Angry,tracking,High,90
4abfca85cc29d23e,Post,Iran Mall Post Office,Tehran,Tehran,"Tehran, Iran Mall، Q53Q+9R5 P1 floor, Iran",35.753391,51.1895949,5 months ago,"The parcel was not delivered, it was delivered on tracking.
Extremely irresponsible and disorganized",1.0,google_maps,https://www.google.com/maps/place/Iran+Mall+Post+Office/data=!4m7!3m6!1s0x3f8de5db595cce1b:0x4e6dce8a02821bc4!8m2!3d35.753391!4d51.1895949!16s%2Fg%2F11vkg8w057!19sChIJG85cWdvljT8RxBuCAorObU4?authuser=0&hl=en&rclk=1,Kian Samaie,NULL,false,NULL,NULL,Negative,Angry,tracking,High,90
2c06ef3cb02fc3ed,Post,Iran Mall Post Office,Tehran,Tehran,"Tehran, Iran Mall، Q53Q+9R5 P1 floor, Iran",35.753391,51.1895949,a year ago,"I chose the special post within Tehran. The package has been in Iranmall for 3 days and the postman has not brought it, although it should have arrived 3 days ago. This is not the first time that they do not care about sending the package …",1.0,google_maps,https://www.google.com/maps/place/Iran+Mall+Post+Office/data=!4m7!3m6!1s0x3f8de5db595cce1b:0x4e6dce8a02821bc4!8m2!3d35.753391!4d51.1895949!16s%2Fg%2F11vkg8w057!19sChIJG85cWdvljT8RxBuCAorObU4?authuser=0&hl=en&rclk=1,A R,NULL,false,NULL,NULL,Negative,Angry,other,High,90
5901f8f789b867c0,Post,Iran Mall Post Office,Tehran,Tehran,"Tehran, Iran Mall، Q53Q+9R5 P1 floor, Iran",35.753391,51.1895949,11 months ago,"My package was sent three weeks ago. It says on the post office website that the package has been delivered, but there is no news about the package or the phone number that is written on the website and they are not answering. The postman …",5.0,google_maps,https://www.google.com/maps/place/Iran+Mall+Post+Office/data=!4m7!3m6!1s0x3f8de5db595cce1b:0x4e6dce8a02821bc4!8m2!3d35.753391!4d51.1895949!16s%2Fg%2F11vkg8w057!19sChIJG85cWdvljT8RxBuCAorObU4?authuser=0&hl=en&rclk=1,khadem samira,NULL,false,NULL,NULL,Positive,Happy,other,Low,80
7b7ce57dbd5fff85,Post,Iran Mall Post Office,Tehran,Tehran,"Tehran, Iran Mall، Q53Q+9R5 P1 floor, Iran",35.753391,51.1895949,10 months ago,"This postal service is really awful
If you have any problems, you can contact the postal complaints department and file a complaint
My package has been returned twice to a clearly identified address
They don't answer the phone
The postman doesn't call you
They just return it on the spot to make it easier
What a shame for the money they are spending",5.0,google_maps,https://www.google.com/maps/place/Iran+Mall+Post+Office/data=!4m7!3m6!1s0x3f8de5db595cce1b:0x4e6dce8a02821bc4!8m2!3d35.753391!4d51.1895949!16s%2Fg%2F11vkg8w057!19sChIJG85cWdvljT8RxBuCAorObU4?authuser=0&hl=en&rclk=1,Mehrdad Mahmodi,NULL,false,NULL,NULL,Negative,Disappointed,other,Medium,100
a81842da9e1ae0c4,Post,Iran Mall Post Office,Tehran,Tehran,"Tehran, Iran Mall، Q53Q+9R5 P1 floor, Iran",35.753391,51.1895949,11 months ago,"That means it's the most unorganized post office in Tehran. They don't deliver packages, they just knock on the door and say it was delivered, but no one is answering.",1.0,google_maps,https://www.google.com/maps/place/Iran+Mall+Post+Office/data=!4m7!3m6!1s0x3f8de5db595cce1b:0x4e6dce8a02821bc4!8m2!3d35.753391!4d51.1895949!16s%2Fg%2F11vkg8w057!19sChIJG85cWdvljT8RxBuCAorObU4?authuser=0&hl=en&rclk=1,Rasool Akhundi,NULL,false,NULL,NULL,Negative,Angry,other,High,90
3aa6af602e521db0,Post,شرکت ملی پست ایران,Tehran,Tehran,"Tehran Province, Tehran, St, Hoveyzeh St, No. 71, Iran",35.7339547,51.444931,6 years ago,"The service is terrible. After 14 days of sending the package, they did not deliver our package. No matter how much we follow up, they do not respond. I would like to express my gratitude to the incompetent and incompetent management of the Hormozgan Province Post Office, especially the Minab Post Office. When will they fire these corrupt and useless people so that people will not be bothered so much?",1.0,google_maps,https://www.google.com/maps/place/%D8%B4%D8%B1%DA%A9%D8%AA+%D9%85%D9%84%DB%8C+%D9%BE%D8%B3%D8%AA+%D8%A7%DB%8C%D8%B1%D8%A7%D9%86%E2%80%AD/data=!4m7!3m6!1s0x3f8e0347fcbfabb1:0xb0d13cb007ae512d!8m2!3d35.7339547!4d51.444931!16s%2Fg%2F11h4_shfz9!19sChIJsau__EcDjj8RLVGuB7A80bA?authuser=0&hl=en&rclk=1,Ata Tabibzadeh,NULL,false,NULL,NULL,Negative,Angry,other,High,100
31a5080151b1dff1,Post,شرکت ملی پست ایران,Tehran,Tehran,"Tehran Province, Tehran, St, Hoveyzeh St, No. 71, Iran",35.7339547,51.444931,4 years ago,Excellent,5.0,google_maps,https://www.google.com/maps/place/%D8%B4%D8%B1%DA%A9%D8%AA+%D9%85%D9%84%DB%8C+%D9%BE%D8%B3%D8%AA+%D8%A7%DB%8C%D8%B1%D8%A7%D9%86%E2%80%AD/data=!4m7!3m6!1s0x3f8e0347fcbfabb1:0xb0d13cb007ae512d!8m2!3d35.7339547!4d51.444931!16s%2Fg%2F11h4_shfz9!19sChIJsau__EcDjj8RLVGuB7A80bA?authuser=0&hl=en&rclk=1,j ghadim,NULL,false,NULL,NULL,Positive,Happy,other,Low,80
b705d719f3ee99c6,Post,شرکت ملی پست ایران,Tehran,Tehran,"Tehran Province, Tehran, St, Hoveyzeh St, No. 71, Iran",35.7339547,51.444931,5 years ago,NULL,2.0,google_maps,https://www.google.com/maps/place/%D8%B4%D8%B1%DA%A9%D8%AA+%D9%85%D9%84%DB%8C+%D9%BE%D8%B3%D8%AA+%D8%A7%DB%8C%D8%B1%D8%A7%D9%86%E2%80%AD/data=!4m7!3m6!1s0x3f8e0347fcbfabb1:0xb0d13cb007ae512d!8m2!3d35.7339547!4d51.444931!16s%2Fg%2F11h4_shfz9!19sChIJsau__EcDjj8RLVGuB7A80bA?authuser=0&hl=en&rclk=1,Amir Malayjerdi,NULL,false,NULL,NULL,Negative,Disappointed,other,Medium,65
58f6b27b8abc50ac,Post,Post Department of Tehran District 13,Tehran,Tehran,"Tehran, District 11، Karegar Street، M9MV+745, Iran",35.6831293,51.3928611,a year ago,"My package from the other side of the world takes two weeks to arrive in Iran, but in Iran it takes three weeks to arrive at the door. And it has been repeated over and over again. It's like they have no motivation or a proper system to work with. AWFUL!!!",1.0,google_maps,https://www.google.com/maps/place/Post+Department+of+Tehran+District+13/data=!4m7!3m6!1s0x3f8e01ada4d08dcf:0xe041955205af2ec8!8m2!3d35.6831293!4d51.3928611!16s%2Fg%2F1vkxkrcx!19sChIJz43QpK0Bjj8RyC6vBVKVQeA?authuser=0&hl=en&rclk=1,SA,NULL,false,NULL,NULL,Negative,Angry,other,High,100
8331787eaf0f3da9,Post,Post Department of Tehran District 13,Tehran,Tehran,"Tehran, District 11، Karegar Street، M9MV+745, Iran",35.6831293,51.3928611,5 years ago,Awful as ever!!! Since I’ve ordered a package it even hasn’t been accepted to be sent!! There’s nothing to be said but shame on you!!! About a week my package isn’t been accepted 👎👎👎and my other one package is about a week that hasn’t changed it’s place from Tehran Post to other destination!!! …,1.0,google_maps,https://www.google.com/maps/place/Post+Department+of+Tehran+District+13/data=!4m7!3m6!1s0x3f8e01ada4d08dcf:0xe041955205af2ec8!8m2!3d35.6831293!4d51.3928611!16s%2Fg%2F1vkxkrcx!19sChIJz43QpK0Bjj8RyC6vBVKVQeA?authuser=0&hl=en&rclk=1,Maryam Badri,NULL,false,NULL,NULL,Negative,Angry,other,High,100
1e5a92184e7028c2,Post,Post Department of Tehran District 13,Tehran,Tehran,"Tehran, District 11، Karegar Street، M9MV+745, Iran",35.6831293,51.3928611,a year ago,Awful. Even one star is much more than what they deserve,1.0,google_maps,https://www.google.com/maps/place/Post+Department+of+Tehran+District+13/data=!4m7!3m6!1s0x3f8e01ada4d08dcf:0xe041955205af2ec8!8m2!3d35.6831293!4d51.3928611!16s%2Fg%2F1vkxkrcx!19sChIJz43QpK0Bjj8RyC6vBVKVQeA?authuser=0&hl=en&rclk=1,Hamid Rezaei,NULL,false,NULL,NULL,Negative,Angry,other,High,90
096e71538323e44e,Post,Post Department of Tehran District 13,Tehran,Tehran,"Tehran, District 11، Karegar Street، M9MV+745, Iran",35.6831293,51.3928611,7 months ago,👍👍👍👍 …,5.0,google_maps,https://www.google.com/maps/place/Post+Department+of+Tehran+District+13/data=!4m7!3m6!1s0x3f8e01ada4d08dcf:0xe041955205af2ec8!8m2!3d35.6831293!4d51.3928611!16s%2Fg%2F1vkxkrcx!19sChIJz43QpK0Bjj8RyC6vBVKVQeA?authuser=0&hl=en&rclk=1,omid1331 “qafari” omid1331,NULL,false,NULL,NULL,Positive,Happy,other,Low,70
cdb91132881bbac4,Post,Post Department of Tehran District 13,Tehran,Tehran,"Tehran, District 11، Karegar Street، M9MV+745, Iran",35.6831293,51.3928611,6 years ago,He visited one time the Post Office nearby me...and my experience is really nice..,3.0,google_maps,https://www.google.com/maps/place/Post+Department+of+Tehran+District+13/data=!4m7!3m6!1s0x3f8e01ada4d08dcf:0xe041955205af2ec8!8m2!3d35.6831293!4d51.3928611!16s%2Fg%2F1vkxkrcx!19sChIJz43QpK0Bjj8RyC6vBVKVQeA?authuser=0&hl=en&rclk=1,Attari Zahid Abbas Kayani,NULL,false,NULL,NULL,Neutral,Satisfied,other,Low,80
65adce7e8ea7950c,Post,Post Department of Tehran District 13,Tehran,Tehran,"Tehran, District 11، Karegar Street، M9MV+745, Iran",35.6831293,51.3928611,3 years ago,"The access location is good, the metro and bus are close, the staff is responsive",4.0,google_maps,https://www.google.com/maps/place/Post+Department+of+Tehran+District+13/data=!4m7!3m6!1s0x3f8e01ada4d08dcf:0xe041955205af2ec8!8m2!3d35.6831293!4d51.3928611!16s%2Fg%2F1vkxkrcx!19sChIJz43QpK0Bjj8RyC6vBVKVQeA?authuser=0&hl=en&rclk=1,morteza Mohammadi,NULL,false,NULL,NULL,Positive,Satisfied,staff_behavior,Low,100
49a6938c7b431ac4,Post,Post Department of Tehran District 13,Tehran,Tehran,"Tehran, District 11، Karegar Street، M9MV+745, Iran",35.6831293,51.3928611,a year ago,Big store and nice staff.,5.0,google_maps,https://www.google.com/maps/place/Post+Department+of+Tehran+District+13/data=!4m7!3m6!1s0x3f8e01ada4d08dcf:0xe041955205af2ec8!8m2!3d35.6831293!4d51.3928611!16s%2Fg%2F1vkxkrcx!19sChIJz43QpK0Bjj8RyC6vBVKVQeA?authuser=0&hl=en&rclk=1,Robert Zorast,NULL,false,NULL,NULL,Positive,Happy,staff_behavior,Low,80
6a8a95becb1fcb83,Post,Post Department of Tehran District 13,Tehran,Tehran,"Tehran, District 11، Karegar Street، M9MV+745, Iran",35.6831293,51.3928611,2 years ago,It's hard to make such a mess even on porpose,1.0,google_maps,https://www.google.com/maps/place/Post+Department+of+Tehran+District+13/data=!4m7!3m6!1s0x3f8e01ada4d08dcf:0xe041955205af2ec8!8m2!3d35.6831293!4d51.3928611!16s%2Fg%2F1vkxkrcx!19sChIJz43QpK0Bjj8RyC6vBVKVQeA?authuser=0&hl=en&rclk=1,Saeid Jalali,NULL,false,NULL,NULL,Negative,Angry,other,High,80
a57183c0aee9b6b2,Post,Post Department of Tehran District 13,Tehran,Tehran,"Tehran, District 11، Karegar Street، M9MV+745, Iran",35.6831293,51.3928611,a year ago,Awful like always,1.0,google_maps,https://www.google.com/maps/place/Post+Department+of+Tehran+District+13/data=!4m7!3m6!1s0x3f8e01ada4d08dcf:0xe041955205af2ec8!8m2!3d35.6831293!4d51.3928611!16s%2Fg%2F1vkxkrcx!19sChIJz43QpK0Bjj8RyC6vBVKVQeA?authuser=0&hl=en&rclk=1,Tobin Bell,NULL,false,NULL,NULL,Negative,Angry,other,High,90
3bbf759b4c8eb37a,Post,Post Department of Tehran District 13,Tehran,Tehran,"Tehran, District 11، Karegar Street، M9MV+745, Iran",35.6831293,51.3928611,4 years ago,"Never been on time..
Do your job people!!!!",1.0,google_maps,https://www.google.com/maps/place/Post+Department+of+Tehran+District+13/data=!4m7!3m6!1s0x3f8e01ada4d08dcf:0xe041955205af2ec8!8m2!3d35.6831293!4d51.3928611!16s%2Fg%2F1vkxkrcx!19sChIJz43QpK0Bjj8RyC6vBVKVQeA?authuser=0&hl=en&rclk=1,Mahmood Kashi,NULL,false,NULL,NULL,Negative,Angry,other,High,80
314bfb6fce3c9d0e,Post,Post Office,Tehran,Tehran,"PC3C+24M, Tehran, Tehran Province, Iran",35.7025857,51.4203093,5 years ago,NULL,3.0,google_maps,https://www.google.com/maps/place/Post+Office/data=!4m7!3m6!1s0x3f8e017789095bd7:0x95b4132cd7363f6c!8m2!3d35.7025857!4d51.4203093!16s%2Fg%2F11dfr2l81p!19sChIJ11sJiXcBjj8RbD821ywTtJU?authuser=0&hl=en&rclk=1,Mahnaz,NULL,false,NULL,NULL,Neutral,Satisfied,other,Low,55
f3a300e37acdf222,Post,اداره کل پست استان آذربایجان غربی,West Azerbaijan,Urmia,"Urmia, Shahrake Azadi, Unnamed Road،West, G2VQ+3F7, Iran",37.5426647,45.038684,a year ago,"Hello, unfortunately, after several days of waiting, they ended up sending my package to Hamedan by mistake. This is not the same as the bouquet of flowers they gave to the water. God is not pleased. Now I don't know when my package will reach me?!!!",1.0,google_maps,https://www.google.com/maps/place/%D8%A7%D8%AF%D8%A7%D8%B1%D9%87+%DA%A9%D9%84+%D9%BE%D8%B3%D8%AA+%D8%A7%D8%B3%D8%AA%D8%A7%D9%86+%D8%A2%D8%B0%D8%B1%D8%A8%D8%A7%DB%8C%D8%AC%D8%A7%D9%86+%D8%BA%D8%B1%D8%A8%DB%8C%E2%80%AD/data=!4m7!3m6!1s0x400553ad5f634893:0xd91fb15055d6ddf9!8m2!3d37.5426647!4d45.038684!16s%2Fg%2F11h2g1mx1b!19sChIJk0hjX61TBUAR-d3WVVCxH9k?authuser=0&hl=en&rclk=1,ِDanial Dell,NULL,false,NULL,NULL,Negative,Angry,delivery_delay,High,90
35a1a60451d9a704,Post,اداره کل پست استان آذربایجان غربی,West Azerbaijan,Urmia,"Urmia, Shahrake Azadi, Unnamed Road،West, G2VQ+3F7, Iran",37.5426647,45.038684,11 months ago,"The most ridiculous place possible in every possible way!!! Example of a portfolio; He came once, the guard was down, then the board of trustees tried many times, when it turned out he wouldn't come anymore, he knocked, we left, there was no one, it was easy!! The phone is always unanswered, always God..... Take money when you leave, respected citizens, because it seems like you owe your father, pay this so that he can open his mouth to answer.... This anonymous place is a total problem!! I stand by my word, this is my word, it is clear and certain, if you reject my words, I am at your service by following up on my profile!!!♻️🚮",1.0,google_maps,https://www.google.com/maps/place/%D8%A7%D8%AF%D8%A7%D8%B1%D9%87+%DA%A9%D9%84+%D9%BE%D8%B3%D8%AA+%D8%A7%D8%B3%D8%AA%D8%A7%D9%86+%D8%A2%D8%B0%D8%B1%D8%A8%D8%A7%DB%8C%D8%AC%D8%A7%D9%86+%D8%BA%D8%B1%D8%A8%DB%8C%E2%80%AD/data=!4m7!3m6!1s0x400553ad5f634893:0xd91fb15055d6ddf9!8m2!3d37.5426647!4d45.038684!16s%2Fg%2F11h2g1mx1b!19sChIJk0hjX61TBUAR-d3WVVCxH9k?authuser=0&hl=en&rclk=1,SOH3İL ABBA30i,NULL,false,NULL,NULL,Negative,Angry,other,High,90
4628e794d5297521,Post,اداره کل پست استان آذربایجان غربی,West Azerbaijan,Urmia,"Urmia, Shahrake Azadi, Unnamed Road،West, G2VQ+3F7, Iran",37.5426647,45.038684,11 months ago,"A package that was supposed to arrive in March arrived in August because the disrespectful postman returned the package 4 times because he came to my house when I wasn't home. The doorbell was broken. He didn't even bother to call me to let me know it had arrived. I have a mailbox, so how can the postman explain its use?",1.0,google_maps,https://www.google.com/maps/place/%D8%A7%D8%AF%D8%A7%D8%B1%D9%87+%DA%A9%D9%84+%D9%BE%D8%B3%D8%AA+%D8%A7%D8%B3%D8%AA%D8%A7%D9%86+%D8%A2%D8%B0%D8%B1%D8%A8%D8%A7%DB%8C%D8%AC%D8%A7%D9%86+%D8%BA%D8%B1%D8%A8%DB%8C%E2%80%AD/data=!4m7!3m6!1s0x400553ad5f634893:0xd91fb15055d6ddf9!8m2!3d37.5426647!4d45.038684!16s%2Fg%2F11h2g1mx1b!19sChIJk0hjX61TBUAR-d3WVVCxH9k?authuser=0&hl=en&rclk=1,fatima Asadi,NULL,false,NULL,NULL,Negative,Angry,package_damage,High,90
3d8348c8bc2d4006,Post,اداره کل پست استان آذربایجان غربی,West Azerbaijan,Urmia,"Urmia, Shahrake Azadi, Unnamed Road،West, G2VQ+3F7, Iran",37.5426647,45.038684,10 months ago,"Many times, small packages, which can sometimes be very important, are not distributed at all.
Why doesn't this company recruit good and committed human resources?",1.0,google_maps,https://www.google.com/maps/place/%D8%A7%D8%AF%D8%A7%D8%B1%D9%87+%DA%A9%D9%84+%D9%BE%D8%B3%D8%AA+%D8%A7%D8%B3%D8%AA%D8%A7%D9%86+%D8%A2%D8%B0%D8%B1%D8%A8%D8%A7%DB%8C%D8%AC%D8%A7%D9%86+%D8%BA%D8%B1%D8%A8%DB%8C%E2%80%AD/data=!4m7!3m6!1s0x400553ad5f634893:0xd91fb15055d6ddf9!8m2!3d37.5426647!4d45.038684!16s%2Fg%2F11h2g1mx1b!19sChIJk0hjX61TBUAR-d3WVVCxH9k?authuser=0&hl=en&rclk=1,hamzeh gholizadeh,NULL,false,NULL,NULL,Positive,Satisfied,other,High,90
be8b6a2f7582ff58,Post,اداره کل پست استان آذربایجان غربی,West Azerbaijan,Urmia,"Urmia, Shahrake Azadi, Unnamed Road،West, G2VQ+3F7, Iran",37.5426647,45.038684,a year ago,"Hello, my package arrived at the Urmia post office on Sunday, March 16, and was even delivered to the post office the next day, but it was later returned to the post office by the postman, and I have been waiting for it to arrive, but there has been no news.",1.0,google_maps,https://www.google.com/maps/place/%D8%A7%D8%AF%D8%A7%D8%B1%D9%87+%DA%A9%D9%84+%D9%BE%D8%B3%D8%AA+%D8%A7%D8%B3%D8%AA%D8%A7%D9%86+%D8%A2%D8%B0%D8%B1%D8%A8%D8%A7%DB%8C%D8%AC%D8%A7%D9%86+%D8%BA%D8%B1%D8%A8%DB%8C%E2%80%AD/data=!4m7!3m6!1s0x400553ad5f634893:0xd91fb15055d6ddf9!8m2!3d37.5426647!4d45.038684!16s%2Fg%2F11h2g1mx1b!19sChIJk0hjX61TBUAR-d3WVVCxH9k?authuser=0&hl=en&rclk=1,Mohammad Noshadi,NULL,false,NULL,NULL,Negative,Angry,delivery_delay,High,90
c70ba6910ba4ae34,Post,اداره کل پست استان آذربایجان غربی,West Azerbaijan,Urmia,"Urmia, Shahrake Azadi, Unnamed Road،West, G2VQ+3F7, Iran",37.5426647,45.038684,a year ago,"I received it in 5-6 days. It's a few hours from Urmia to Khoy. Can't I get it in these 5-6 days? How incompetent you are, how dishonorable you are. At least write on your website where the parcel is. What happened to it? May the rights you received be taken away from you.",1.0,google_maps,https://www.google.com/maps/place/%D8%A7%D8%AF%D8%A7%D8%B1%D9%87+%DA%A9%D9%84+%D9%BE%D8%B3%D8%AA+%D8%A7%D8%B3%D8%AA%D8%A7%D9%86+%D8%A2%D8%B0%D8%B1%D8%A8%D8%A7%DB%8C%D8%AC%D8%A7%D9%86+%D8%BA%D8%B1%D8%A8%DB%8C%E2%80%AD/data=!4m7!3m6!1s0x400553ad5f634893:0xd91fb15055d6ddf9!8m2!3d37.5426647!4d45.038684!16s%2Fg%2F11h2g1mx1b!19sChIJk0hjX61TBUAR-d3WVVCxH9k?authuser=0&hl=en&rclk=1,Sevda P,NULL,false,NULL,NULL,Negative,Angry,other,High,90
5cd6e8d79bfcc905,Post,اداره کل پست استان آذربایجان غربی,West Azerbaijan,Urmia,"Urmia, Shahrake Azadi, Unnamed Road،West, G2VQ+3F7, Iran",37.5426647,45.038684,a year ago,My package arrived on Wednesday. The post office also sent a message. I still haven't received the package. What is this? Our eyes are turning yellow. We just stared at the door. It's been closed for 4-5 days now. I'm really sorry for you. Last time it took more than 10 days. What are you doing?,1.0,google_maps,https://www.google.com/maps/place/%D8%A7%D8%AF%D8%A7%D8%B1%D9%87+%DA%A9%D9%84+%D9%BE%D8%B3%D8%AA+%D8%A7%D8%B3%D8%AA%D8%A7%D9%86+%D8%A2%D8%B0%D8%B1%D8%A8%D8%A7%DB%8C%D8%AC%D8%A7%D9%86+%D8%BA%D8%B1%D8%A8%DB%8C%E2%80%AD/data=!4m7!3m6!1s0x400553ad5f634893:0xd91fb15055d6ddf9!8m2!3d37.5426647!4d45.038684!16s%2Fg%2F11h2g1mx1b!19sChIJk0hjX61TBUAR-d3WVVCxH9k?authuser=0&hl=en&rclk=1,Masoumeh Yousef8588,NULL,false,NULL,NULL,Negative,Angry,other,High,90
06e6aeeeec199a08,Post,اداره کل پست استان آذربایجان غربی,West Azerbaijan,Urmia,"Urmia, Shahrake Azadi, Unnamed Road،West, G2VQ+3F7, Iran",37.5426647,45.038684,a year ago,They treat the package very poorly and disrespectfully. They keep it for 2 days without anyone coming to pick it up. They disrespectfully tell you to come to the post office near the general address and make you wait.,1.0,google_maps,https://www.google.com/maps/place/%D8%A7%D8%AF%D8%A7%D8%B1%D9%87+%DA%A9%D9%84+%D9%BE%D8%B3%D8%AA+%D8%A7%D8%B3%D8%AA%D8%A7%D9%86+%D8%A2%D8%B0%D8%B1%D8%A8%D8%A7%DB%8C%D8%AC%D8%A7%D9%86+%D8%BA%D8%B1%D8%A8%DB%8C%E2%80%AD/data=!4m7!3m6!1s0x400553ad5f634893:0xd91fb15055d6ddf9!8m2!3d37.5426647!4d45.038684!16s%2Fg%2F11h2g1mx1b!19sChIJk0hjX61TBUAR-d3WVVCxH9k?authuser=0&hl=en&rclk=1,شایان الماسی,NULL,false,NULL,NULL,Negative,Angry,other,High,90
e493bbc242febd78,Post,اداره کل پست استان آذربایجان غربی,West Azerbaijan,Urmia,"Urmia, Shahrake Azadi, Unnamed Road،West, G2VQ+3F7, Iran",37.5426647,45.038684,a year ago,"My package arrived in 4-5 days, but you're so irresponsible that you don't even answer my phone. This isn't the first time this has happened. My package always stays in the post office for a week and no one comes to pick it up.",1.0,google_maps,https://www.google.com/maps/place/%D8%A7%D8%AF%D8%A7%D8%B1%D9%87+%DA%A9%D9%84+%D9%BE%D8%B3%D8%AA+%D8%A7%D8%B3%D8%AA%D8%A7%D9%86+%D8%A2%D8%B0%D8%B1%D8%A8%D8%A7%DB%8C%D8%AC%D8%A7%D9%86+%D8%BA%D8%B1%D8%A8%DB%8C%E2%80%AD/data=!4m7!3m6!1s0x400553ad5f634893:0xd91fb15055d6ddf9!8m2!3d37.5426647!4d45.038684!16s%2Fg%2F11h2g1mx1b!19sChIJk0hjX61TBUAR-d3WVVCxH9k?authuser=0&hl=en&rclk=1,Dina qanbari,NULL,false,NULL,NULL,Negative,Angry,other,High,90
46005df297d497ee,Post,اداره کل پست استان آذربایجان غربی,West Azerbaijan,Urmia,"Urmia, Shahrake Azadi, Unnamed Road،West, G2VQ+3F7, Iran",37.5426647,45.038684,2 years ago,"I ordered via Pishtaz Post and it hasn't arrived in 10 days. I put in the tracking code for 5 days and it says it's at the West Azerbaijan Post Office. In short, it's been 15 days since I received the package. Please follow up.",1.0,google_maps,https://www.google.com/maps/place/%D8%A7%D8%AF%D8%A7%D8%B1%D9%87+%DA%A9%D9%84+%D9%BE%D8%B3%D8%AA+%D8%A7%D8%B3%D8%AA%D8%A7%D9%86+%D8%A2%D8%B0%D8%B1%D8%A8%D8%A7%DB%8C%D8%AC%D8%A7%D9%86+%D8%BA%D8%B1%D8%A8%DB%8C%E2%80%AD/data=!4m7!3m6!1s0x400553ad5f634893:0xd91fb15055d6ddf9!8m2!3d37.5426647!4d45.038684!16s%2Fg%2F11h2g1mx1b!19sChIJk0hjX61TBUAR-d3WVVCxH9k?authuser=0&hl=en&rclk=1,tohid karimzade,NULL,false,NULL,NULL,Negative,Angry,tracking,High,90
e8ae18a0abd7913a,Post,Post Office Urmia,West Azerbaijan,NULL,"West Azerbaijan Province, Urmia, Bahonar Hwy, H24X+7Q7, Iran",37.5556697,45.0494096,a month ago,When is this mess going to be fixed? Why are you lying? You came twice and weren't there. Either manage it or close the door.,1.0,google_maps,https://www.google.com/maps/place/Post+Office+Urmia/data=!4m7!3m6!1s0x4005549d6a72cf15:0xa601f433dd7c726f!8m2!3d37.5556697!4d45.0494096!16s%2Fg%2F11cjpy5p5p!19sChIJFc9yap1UBUARb3J83TP0AaY?authuser=0&hl=en&rclk=1,armin feyzi,NULL,false,NULL,NULL,Negative,Angry,other,High,90
dcbea870449bcce3,Post,Post Office Urmia,West Azerbaijan,NULL,"West Azerbaijan Province, Urmia, Bahonar Hwy, H24X+7Q7, Iran",37.5556697,45.0494096,7 months ago,"Do you think any of the postal officials read these comments that you write here?!!?
These people and their work mean nothing to them!
This is an office that has so many complaints. If its manager cared about it, he would have taken action by now!
Don't ruin your nerves, send them by Tipax or bus, and you'll be at ease.",1.0,google_maps,https://www.google.com/maps/place/Post+Office+Urmia/data=!4m7!3m6!1s0x4005549d6a72cf15:0xa601f433dd7c726f!8m2!3d37.5556697!4d45.0494096!16s%2Fg%2F11cjpy5p5p!19sChIJFc9yap1UBUARb3J83TP0AaY?authuser=0&hl=en&rclk=1,Amin Tayefeh,NULL,false,NULL,NULL,Negative,Angry,other,High,90
8b439cefd0c05c4f,Post,Post Office Urmia,West Azerbaijan,NULL,"West Azerbaijan Province, Urmia, Bahonar Hwy, H24X+7Q7, Iran",37.5556697,45.0494096,2 months ago,"The most lazy people on the planet, especially the ones who pack.",1.0,google_maps,https://www.google.com/maps/place/Post+Office+Urmia/data=!4m7!3m6!1s0x4005549d6a72cf15:0xa601f433dd7c726f!8m2!3d37.5556697!4d45.0494096!16s%2Fg%2F11cjpy5p5p!19sChIJFc9yap1UBUARb3J83TP0AaY?authuser=0&hl=en&rclk=1,fakhraddin kadkhodaei,NULL,false,NULL,NULL,Negative,Angry,other,High,80
73c8322c49f755c9,Post,Post Office Urmia,West Azerbaijan,NULL,"West Azerbaijan Province, Urmia, Bahonar Hwy, H24X+7Q7, Iran",37.5556697,45.0494096,10 months ago,"My package has arrived. The post office won't deliver it to me. I went in person twice. I said the website says it's here. They said no, it didn't come here at all. It's not clear if it was lost or what happened to it. They are very irresponsible. They just let you lose your rights.",1.0,google_maps,https://www.google.com/maps/place/Post+Office+Urmia/data=!4m7!3m6!1s0x4005549d6a72cf15:0xa601f433dd7c726f!8m2!3d37.5556697!4d45.0494096!16s%2Fg%2F11cjpy5p5p!19sChIJFc9yap1UBUARb3J83TP0AaY?authuser=0&hl=en&rclk=1,Fatemeh Prsdg,NULL,false,NULL,NULL,Negative,Angry,lost_package,Critical,90
d2f54bd4d2224af2,Post,Post Office Urmia,West Azerbaijan,NULL,"West Azerbaijan Province, Urmia, Bahonar Hwy, H24X+7Q7, Iran",37.5556697,45.0494096,9 months ago,"The most disorganized, irresponsible, and incompetent organization in West Azerbaijan Province is the post office. A package arrived from Tehran in one day. Now it's been over a week and they haven't sent the package or answered the phone. …",1.0,google_maps,https://www.google.com/maps/place/Post+Office+Urmia/data=!4m7!3m6!1s0x4005549d6a72cf15:0xa601f433dd7c726f!8m2!3d37.5556697!4d45.0494096!16s%2Fg%2F11cjpy5p5p!19sChIJFc9yap1UBUARb3J83TP0AaY?authuser=0&hl=en&rclk=1,Erfan Seyedbeyglou,NULL,false,NULL,NULL,Negative,Angry,other,High,90
c7242452153b53ba,Post,Post Office Urmia,West Azerbaijan,NULL,"West Azerbaijan Province, Urmia, Bahonar Hwy, H24X+7Q7, Iran",37.5556697,45.0494096,a year ago,"Hello, good morning. Of course, it is not worthy of you to complain about Mr. Mirahmed Reza Qureshi, but it is polite to say, ""Oh my God, my servant, you are sick. How many times have you sent a parcel back to your place of residence? You have made a mistake. Are we unemployed? We have to go to that line every day and wait to receive the parcel. Oh my God, you don't have a job. Please deliver a parcel. Resign from your honorable job. At least two people are not eating today. There are many needy people who need this job. Your stomach is full. Please empty it for the rest. Otherwise, this star would not have been enough for you. My criticism would not have been recorded. I had to turn on the star. 😤😤",1.0,google_maps,https://www.google.com/maps/place/Post+Office+Urmia/data=!4m7!3m6!1s0x4005549d6a72cf15:0xa601f433dd7c726f!8m2!3d37.5556697!4d45.0494096!16s%2Fg%2F11cjpy5p5p!19sChIJFc9yap1UBUARb3J83TP0AaY?authuser=0&hl=en&rclk=1,Fardin Naghizadeh,NULL,false,NULL,NULL,Positive,Satisfied,other,High,90
a08b058401cd906e,Post,Post Office Urmia,West Azerbaijan,NULL,"West Azerbaijan Province, Urmia, Bahonar Hwy, H24X+7Q7, Iran",37.5556697,45.0494096,a year ago,I have never seen a more irresponsible office than this. The mailman Sina Ghorbani Miyawq has no desire to deliver parcels and this is the second time they have sent a text message without coming to the address you were not at home. The …,1.0,google_maps,https://www.google.com/maps/place/Post+Office+Urmia/data=!4m7!3m6!1s0x4005549d6a72cf15:0xa601f433dd7c726f!8m2!3d37.5556697!4d45.0494096!16s%2Fg%2F11cjpy5p5p!19sChIJFc9yap1UBUARb3J83TP0AaY?authuser=0&hl=en&rclk=1,salar akbarzadeh,NULL,false,NULL,NULL,Negative,Angry,other,High,90
4032c8e59ccb6028,Post,Post Office Urmia,West Azerbaijan,NULL,"West Azerbaijan Province, Urmia, Bahonar Hwy, H24X+7Q7, Iran",37.5556697,45.0494096,10 months ago,"The most filthy post office, damn you, my package arrived, no notification, no sending anything to Poldasht!!!
The package came from Hamedan, why did it have to go to Poldasht? I don't know?? I'm calm too, what an ugly move this is",1.0,google_maps,https://www.google.com/maps/place/Post+Office+Urmia/data=!4m7!3m6!1s0x4005549d6a72cf15:0xa601f433dd7c726f!8m2!3d37.5556697!4d45.0494096!16s%2Fg%2F11cjpy5p5p!19sChIJFc9yap1UBUARb3J83TP0AaY?authuser=0&hl=en&rclk=1,selda ashgi,NULL,false,NULL,NULL,Negative,Angry,other,High,90
032b2c5c5f91775a,Post,Post Office Urmia,West Azerbaijan,NULL,"West Azerbaijan Province, Urmia, Bahonar Hwy, H24X+7Q7, Iran",37.5556697,45.0494096,a year ago,"I'm really sorry that the money you're getting is not lawful for you, it's forbidden. Because you don't do your job properly and you don't have character. When you responded, you didn't deliver our mail, and then you complain. May God answer you. I have nothing to do with it.",1.0,google_maps,https://www.google.com/maps/place/Post+Office+Urmia/data=!4m7!3m6!1s0x4005549d6a72cf15:0xa601f433dd7c726f!8m2!3d37.5556697!4d45.0494096!16s%2Fg%2F11cjpy5p5p!19sChIJFc9yap1UBUARb3J83TP0AaY?authuser=0&hl=en&rclk=1,Fatemeh Khabbazian,NULL,false,NULL,NULL,Negative,Angry,other,High,100
04ee82c828b0b1a4,Post,Post Office Urmia,West Azerbaijan,NULL,"West Azerbaijan Province, Urmia, Bahonar Hwy, H24X+7Q7, Iran",37.5556697,45.0494096,a year ago,"Hello Eradat, I sent a wrong package from Tehran to West Azerbaijan. How irresponsible they are to send the wrong package to the wrong destination. It's getting on my nerves. Oh my God, what's this situation?",1.0,google_maps,https://www.google.com/maps/place/Post+Office+Urmia/data=!4m7!3m6!1s0x4005549d6a72cf15:0xa601f433dd7c726f!8m2!3d37.5556697!4d45.0494096!16s%2Fg%2F11cjpy5p5p!19sChIJFc9yap1UBUARb3J83TP0AaY?authuser=0&hl=en&rclk=1,Mohamadali Alizadeh,NULL,false,NULL,NULL,Negative,Angry,other,High,90
1d7fb2c611af2541,Post,Urmia Post Office,West Azerbaijan,NULL,"G2RW+7F6, Urmia, West Azerbaijan Province, Iran",37.540126,45.0467761,8 months ago,Great 👍 …,5.0,google_maps,https://www.google.com/maps/place/Urmia+Post+Office/data=!4m7!3m6!1s0x400553b740dbd1c1:0xf35f4a56aea8508!8m2!3d37.540126!4d45.0467761!16s%2Fg%2F11swrw8160!19sChIJwdHbQLdTBUARCIXqaqX0NQ8?authuser=0&hl=en&rclk=1,Marya Sani2,NULL,false,NULL,NULL,Positive,Happy,other,Low,80
3ff7f1bd8c9decd0,Post,Urmia Post Office,West Azerbaijan,NULL,"G2RW+7F6, Urmia, West Azerbaijan Province, Iran",37.540126,45.0467761,Edited a year ago,"Good time. The Bahonar Post Office in Urmia, a branch on Soltani Street, does not deliver the relevant postal packages. Please have someone in charge look into it. Especially our postman, Mr. Zende... who apparently does not know what a postman is. The staff needs training and supervision. It says there that he was not at the location and that he visited several times. He delivers people's packages to the archive instead of the people. Probably to annoy and get rid of the work.",1.0,google_maps,https://www.google.com/maps/place/Urmia+Post+Office/data=!4m7!3m6!1s0x400553b740dbd1c1:0xf35f4a56aea8508!8m2!3d37.540126!4d45.0467761!16s%2Fg%2F11swrw8160!19sChIJwdHbQLdTBUARCIXqaqX0NQ8?authuser=0&hl=en&rclk=1,Zahra ZM,NULL,false,NULL,NULL,Positive,Satisfied,staff_behavior,High,100
d218355dba6a9b42,Post,Urmia Post Office,West Azerbaijan,NULL,"G2RW+7F6, Urmia, West Azerbaijan Province, Iran",37.540126,45.0467761,2 years ago,They have bad employees and are not accountable at all.,1.0,google_maps,https://www.google.com/maps/place/Urmia+Post+Office/data=!4m7!3m6!1s0x400553b740dbd1c1:0xf35f4a56aea8508!8m2!3d37.540126!4d45.0467761!16s%2Fg%2F11swrw8160!19sChIJwdHbQLdTBUARCIXqaqX0NQ8?authuser=0&hl=en&rclk=1,Keyvan Alvandi,NULL,false,NULL,NULL,Negative,Angry,staff_behavior,High,90
37d77f74d712eb92,Post,Urmia Post Office,West Azerbaijan,NULL,"G2RW+7F6, Urmia, West Azerbaijan Province, Iran",37.540126,45.0467761,3 years ago,NULL,4.0,google_maps,https://www.google.com/maps/place/Urmia+Post+Office/data=!4m7!3m6!1s0x400553b740dbd1c1:0xf35f4a56aea8508!8m2!3d37.540126!4d45.0467761!16s%2Fg%2F11swrw8160!19sChIJwdHbQLdTBUARCIXqaqX0NQ8?authuser=0&hl=en&rclk=1,Matin Rashidi,NULL,false,NULL,NULL,Positive,Satisfied,other,Low,55
d68ae4f820dedd3f,Mahex,Mahex,Tehran,Tehran,"Q9HF+65M District 2, Tehran, Tehran Province, Iran",35.7780856,51.3703535,a year ago,"The fastest private post I have seen, it was really great, on time, professional and fast.",5.0,google_maps,"https://www.google.com/maps/place/Mahex/@35.7780856,51.3703535,17z/data=!3m1!4b1!4m6!3m5!1s0x3f8e07f274c766cb:0xbef25c7644edac98!8m2!3d35.7780856!4d51.3729338!16s%2Fg%2F11r3gctl40?hl=en&entry=ttu&g_ep=EgoyMDI2MDcyOS4wIKXMDSoASAFQAw%3D%3D",hadis,NULL,false,NULL,NULL,Positive,Happy,other,Low,90
a7ff708e47906dab,Mahex,Mahex,Tehran,Tehran,"Q9HF+65M District 2, Tehran, Tehran Province, Iran",35.7780856,51.3703535,a month ago,"The stupidest delivery system I've ever seen. The delivery time is from 8am to 8am. That means you have to check your phone for 12 hours without any interruption so that when you give them the delivery code in between. If you have 10 minutes to do something in between, like being a doctor, you can't answer at work, the package will come and be returned. Finally, give us a two-hour window for delivery so that we know what time we should be at the address, not a 12-hour window!!!",1.0,google_maps,"https://www.google.com/maps/place/Mahex/@35.7780856,51.3703535,17z/data=!3m1!4b1!4m6!3m5!1s0x3f8e07f274c766cb:0xbef25c7644edac98!8m2!3d35.7780856!4d51.3729338!16s%2Fg%2F11r3gctl40?hl=en&entry=ttu&g_ep=EgoyMDI2MDcyOS4wIKXMDSoASAFQAw%3D%3D",Sahand Bagheri,NULL,false,NULL,NULL,Negative,Angry,other,High,90
608c6405038106dc,Mahex,Mahex,Tehran,Tehran,"Q9HF+65M District 2, Tehran, Tehran Province, Iran",35.7780856,51.3703535,7 months ago,"Do not use this platform at all
It was the worst experience I had
First of all, the delivery period for a package is from 8 am to 8 pm …",1.0,google_maps,"https://www.google.com/maps/place/Mahex/@35.7780856,51.3703535,17z/data=!3m1!4b1!4m6!3m5!1s0x3f8e07f274c766cb:0xbef25c7644edac98!8m2!3d35.7780856!4d51.3729338!16s%2Fg%2F11r3gctl40?hl=en&entry=ttu&g_ep=EgoyMDI2MDcyOS4wIKXMDSoASAFQAw%3D%3D",Sanaz Mahmoudi,NULL,false,NULL,NULL,Negative,Angry,other,Critical,100
46bcd81720c85df5,Mahex,Mahex,Tehran,Tehran,"Q9HF+65M District 2, Tehran, Tehran Province, Iran",35.7780856,51.3703535,5 months ago,They won't deliver the package to the office because they can't leave the car. You have to go down ten floors and get it from them on the street.,1.0,google_maps,"https://www.google.com/maps/place/Mahex/@35.7780856,51.3703535,17z/data=!3m1!4b1!4m6!3m5!1s0x3f8e07f274c766cb:0xbef25c7644edac98!8m2!3d35.7780856!4d51.3729338!16s%2Fg%2F11r3gctl40?hl=en&entry=ttu&g_ep=EgoyMDI2MDcyOS4wIKXMDSoASAFQAw%3D%3D",omid ostad Hossein khayat,NULL,false,NULL,NULL,Negative,Angry,other,High,90
7a99ed5618385008,Mahex,Mahex,Tehran,Tehran,"Q9HF+65M District 2, Tehran, Tehran Province, Iran",35.7780856,51.3703535,a year ago,Extremely irresponsible and disorganized. It takes two weeks to deliver a package that is only one city away. They don't call and falsely claim that we didn't answer the call. They return the package to charge an additional fee. Extremely poor and crappy service and an even crappier fleet.,1.0,google_maps,"https://www.google.com/maps/place/Mahex/@35.7780856,51.3703535,17z/data=!3m1!4b1!4m6!3m5!1s0x3f8e07f274c766cb:0xbef25c7644edac98!8m2!3d35.7780856!4d51.3729338!16s%2Fg%2F11r3gctl40?hl=en&entry=ttu&g_ep=EgoyMDI2MDcyOS4wIKXMDSoASAFQAw%3D%3D",Medisa Ahmadipasand,NULL,false,NULL,NULL,Negative,Angry,price,High,90
7e7962e61002a5f6,Mahex,Mahex,Tehran,Tehran,"Q9HF+65M District 2, Tehran, Tehran Province, Iran",35.7780856,51.3703535,a year ago,"The most disorganized and rude staff for Mahax
Poor support and very nasty behavior
In addition to the fact that there is no possibility to pay online for packages, …",1.0,google_maps,"https://www.google.com/maps/place/Mahex/@35.7780856,51.3703535,17z/data=!3m1!4b1!4m6!3m5!1s0x3f8e07f274c766cb:0xbef25c7644edac98!8m2!3d35.7780856!4d51.3729338!16s%2Fg%2F11r3gctl40?hl=en&entry=ttu&g_ep=EgoyMDI2MDcyOS4wIKXMDSoASAFQAw%3D%3D",Fit Zone,NULL,false,NULL,NULL,Negative,Angry,staff_behavior,High,90
020dd97d43f1d874,Mahex,Mahex,Tehran,Tehran,"Q9HF+65M District 2, Tehran, Tehran Province, Iran",35.7780856,51.3703535,a year ago,"Extremely poor package delivery, very rude and obnoxious package delivery agent, ugly and disgusting behavior, lack of responsibility and responsiveness, delayed my package delivery for two days, and in the end I sent my package through another company, I am not satisfied at all.",1.0,google_maps,"https://www.google.com/maps/place/Mahex/@35.7780856,51.3703535,17z/data=!3m1!4b1!4m6!3m5!1s0x3f8e07f274c766cb:0xbef25c7644edac98!8m2!3d35.7780856!4d51.3729338!16s%2Fg%2F11r3gctl40?hl=en&entry=ttu&g_ep=EgoyMDI2MDcyOS4wIKXMDSoASAFQAw%3D%3D",Faeze Ahangar,NULL,false,NULL,NULL,Negative,Angry,delivery_delay,High,90
5e509e15d150f586,Mahex,Mahex,Tehran,Tehran,"Q9HF+65M District 2, Tehran, Tehran Province, Iran",35.7780856,51.3703535,8 months ago,The most irresponsible company with even more irresponsible and arrogant staff.,1.0,google_maps,"https://www.google.com/maps/place/Mahex/@35.7780856,51.3703535,17z/data=!3m1!4b1!4m6!3m5!1s0x3f8e07f274c766cb:0xbef25c7644edac98!8m2!3d35.7780856!4d51.3729338!16s%2Fg%2F11r3gctl40?hl=en&entry=ttu&g_ep=EgoyMDI2MDcyOS4wIKXMDSoASAFQAw%3D%3D",mohammad soltani,NULL,false,NULL,NULL,Negative,Angry,staff_behavior,High,80
859ee4f0b80a663c,Mahex,Mahex,Tehran,Tehran,"Q9HF+65M District 2, Tehran, Tehran Province, Iran",35.7780856,51.3703535,a year ago,"The most disorganized, slowest, and weakest supported of all posts",1.0,google_maps,"https://www.google.com/maps/place/Mahex/@35.7780856,51.3703535,17z/data=!3m1!4b1!4m6!3m5!1s0x3f8e07f274c766cb:0xbef25c7644edac98!8m2!3d35.7780856!4d51.3729338!16s%2Fg%2F11r3gctl40?hl=en&entry=ttu&g_ep=EgoyMDI2MDcyOS4wIKXMDSoASAFQAw%3D%3D",Milad Asadollahi,NULL,false,NULL,NULL,Negative,Angry,delivery_delay,High,80
9f316688d200daba,Mahex,Mahex,Tehran,Tehran,"Q9HF+65M District 2, Tehran, Tehran Province, Iran",35.7780856,51.3703535,a day ago,NULL,1.0,google_maps,"https://www.google.com/maps/place/Mahex/@35.7780856,51.3703535,17z/data=!3m1!4b1!4m6!3m5!1s0x3f8e07f274c766cb:0xbef25c7644edac98!8m2!3d35.7780856!4d51.3729338!16s%2Fg%2F11r3gctl40?hl=en&entry=ttu&g_ep=EgoyMDI2MDcyOS4wIKXMDSoASAFQAw%3D%3D",Havzhin,NULL,false,NULL,NULL,Negative,Angry,other,High,65
60a1a64e224eb430,Mahex,نمایندگی ماهکس پونک,Tehran,Tehran,"Tehran، میرزا بابایی، جنب پارکینگ بوستان، پاساژ غدیر، طبقه همکف، پلاک 18، میدان پونک، خیابان, Iran",35.7605846,51.332727,4 days ago,NULL,5.0,google_maps,https://www.google.com/maps/place/%D9%86%D9%85%D8%A7%DB%8C%D9%86%D8%AF%DA%AF%DB%8C+%D9%85%D8%A7%D9%87%DA%A9%D8%B3+%D9%BE%D9%88%D9%86%DA%A9%E2%80%AD/data=!4m7!3m6!1s0x3f8dfd00753fa6c3:0xae1f78f6bab7ab13!8m2!3d35.7605846!4d51.332727!16s%2Fg%2F11z00tpxb9!19sChIJw6Y_dQD9jT8RE6u3uvZ4H64?authuser=0&hl=en&rclk=1,Hussain Qarizadah,NULL,false,NULL,NULL,Positive,Happy,other,Low,55
0b7549f313af5f76,Mahex,ماهکس لاله زار,Tehran,Tehran,"Tehran Province, Tehran, District 12, Lalehzar St, MCQF+X3X, Iran",35.6899996,51.4227386,5 months ago,"Our package arrived in less than 24 hours. It's amazing, but we're satisfied.",5.0,google_maps,https://www.google.com/maps/place/%D9%85%D8%A7%D9%87%DA%A9%D8%B3+%D9%84%D8%A7%D9%84%D9%87+%D8%B2%D8%A7%D8%B1%E2%80%AD/data=!4m7!3m6!1s0x3f8e010072c181a3:0xb4eba614659fe6b4!8m2!3d35.6899996!4d51.4227386!16s%2Fg%2F11yt3l2gs8!19sChIJo4HBcgABjj8RtOafZRSm67Q?authuser=0&hl=en&rclk=1,مهدی صدرزاده ابیانه,NULL,false,NULL,NULL,Positive,Happy,other,Low,70
e6903619a3281e44,Mahex,ماهکس لاله زار,Tehran,Tehran,"Tehran Province, Tehran, District 12, Lalehzar St, MCQF+X3X, Iran",35.6899996,51.4227386,5 months ago,"They deliver quickly, the package arrives safely, and their insurance is real.",5.0,google_maps,https://www.google.com/maps/place/%D9%85%D8%A7%D9%87%DA%A9%D8%B3+%D9%84%D8%A7%D9%84%D9%87+%D8%B2%D8%A7%D8%B1%E2%80%AD/data=!4m7!3m6!1s0x3f8e010072c181a3:0xb4eba614659fe6b4!8m2!3d35.6899996!4d51.4227386!16s%2Fg%2F11yt3l2gs8!19sChIJo4HBcgABjj8RtOafZRSm67Q?authuser=0&hl=en&rclk=1,محمدرضا محمدپور,NULL,false,NULL,NULL,Positive,Happy,other,Low,70
8121517cd6218a7e,Mahex,ماهکس لاله زار,Tehran,Tehran,"Tehran Province, Tehran, District 12, Lalehzar St, MCQF+X3X, Iran",35.6899996,51.4227386,6 months ago,"👌👌👌👌
Very fast delivery to the recipient on time …",5.0,google_maps,https://www.google.com/maps/place/%D9%85%D8%A7%D9%87%DA%A9%D8%B3+%D9%84%D8%A7%D9%84%D9%87+%D8%B2%D8%A7%D8%B1%E2%80%AD/data=!4m7!3m6!1s0x3f8e010072c181a3:0xb4eba614659fe6b4!8m2!3d35.6899996!4d51.4227386!16s%2Fg%2F11yt3l2gs8!19sChIJo4HBcgABjj8RtOafZRSm67Q?authuser=0&hl=en&rclk=1,Navab Hoseinzadeh,NULL,false,NULL,NULL,Positive,Happy,other,Low,80
85cdb8184c205970,Mahex,ماهکس لاله زار,Tehran,Tehran,"Tehran Province, Tehran, District 12, Lalehzar St, MCQF+X3X, Iran",35.6899996,51.4227386,6 months ago,Both the price is reasonable and the 24-hour delivery of the package is excellent.,5.0,google_maps,https://www.google.com/maps/place/%D9%85%D8%A7%D9%87%DA%A9%D8%B3+%D9%84%D8%A7%D9%84%D9%87+%D8%B2%D8%A7%D8%B1%E2%80%AD/data=!4m7!3m6!1s0x3f8e010072c181a3:0xb4eba614659fe6b4!8m2!3d35.6899996!4d51.4227386!16s%2Fg%2F11yt3l2gs8!19sChIJo4HBcgABjj8RtOafZRSm67Q?authuser=0&hl=en&rclk=1,ahmad takhavare,NULL,false,NULL,NULL,Positive,Happy,price,Low,100
e5041ab6e19069be,Mahex,ماهکس لاله زار,Tehran,Tehran,"Tehran Province, Tehran, District 12, Lalehzar St, MCQF+X3X, Iran",35.6899996,51.4227386,7 months ago,NULL,5.0,google_maps,https://www.google.com/maps/place/%D9%85%D8%A7%D9%87%DA%A9%D8%B3+%D9%84%D8%A7%D9%84%D9%87+%D8%B2%D8%A7%D8%B1%E2%80%AD/data=!4m7!3m6!1s0x3f8e010072c181a3:0xb4eba614659fe6b4!8m2!3d35.6899996!4d51.4227386!16s%2Fg%2F11yt3l2gs8!19sChIJo4HBcgABjj8RtOafZRSm67Q?authuser=0&hl=en&rclk=1,Amirmohammad Fallahi,NULL,false,NULL,NULL,Positive,Happy,other,Low,55
cdb1839176fc8016,Mahex,نمایندگی ماهکس فاطمی,Marjan Alley,خیابان فاطمی خیابان علیزاده,"خیابان فاطمی خیابان علیزاده, Marjan Alley, No. پلاک 15, Iran",35.7174346,51.400767,a year ago,It is definitely the best private post office in the Mahakas Fatemi area.,5.0,google_maps,https://www.google.com/maps/place/%D9%86%D9%85%D8%A7%DB%8C%D9%86%D8%AF%DA%AF%DB%8C+%D9%85%D8%A7%D9%87%DA%A9%D8%B3+%D9%81%D8%A7%D8%B7%D9%85%DB%8C%E2%80%AD/data=!4m7!3m6!1s0x3f8e010033e6b6db:0xdaa888dc6010fd2e!8m2!3d35.7174346!4d51.400767!16s%2Fg%2F11wflwgcdt!19sChIJ27bmMwABjj8RLv0QYNyIqNo?authuser=0&hl=en&rclk=1,Mahdi Amrollahi,NULL,false,NULL,NULL,Positive,Happy,other,Low,70
94f29b1c4d57a9ca,Mahex,نمایندگی ماهکس فاطمی,Marjan Alley,خیابان فاطمی خیابان علیزاده,"خیابان فاطمی خیابان علیزاده, Marjan Alley, No. پلاک 15, Iran",35.7174346,51.400767,a year ago,NULL,4.0,google_maps,https://www.google.com/maps/place/%D9%86%D9%85%D8%A7%DB%8C%D9%86%D8%AF%DA%AF%DB%8C+%D9%85%D8%A7%D9%87%DA%A9%D8%B3+%D9%81%D8%A7%D8%B7%D9%85%DB%8C%E2%80%AD/data=!4m7!3m6!1s0x3f8e010033e6b6db:0xdaa888dc6010fd2e!8m2!3d35.7174346!4d51.400767!16s%2Fg%2F11wflwgcdt!19sChIJ27bmMwABjj8RLv0QYNyIqNo?authuser=0&hl=en&rclk=1,Saeed Tahmasebi Nia,NULL,false,NULL,NULL,Positive,Satisfied,other,Low,55
469ce24b314e0f2a,Mahex,پست ماهکس,Tehran,Tehran,"Tehran, شاه آبادی, MFMC+8XG, Iran",35.6833014,51.4724523,5 months ago,The most dishonest and unprofessional company. No one is accountable.,1.0,google_maps,https://www.google.com/maps/place/%D9%BE%D8%B3%D8%AA+%D9%85%D8%A7%D9%87%DA%A9%D8%B3%E2%80%AD/data=!4m7!3m6!1s0x3f91fd0064f4db7f:0xc8f705ee38ca660b!8m2!3d35.6833014!4d51.4724523!16s%2Fg%2F11wtc12c1r!19sChIJf9v0ZAD9kT8RC2bKOO4F98g?authuser=0&hl=en&rclk=1,Vahid Noorazar,NULL,false,NULL,NULL,Negative,Angry,other,High,80
db7d5e4ae6fa564e,Mahex,پست ماهکس,Tehran,Tehran,"Tehran, شاه آبادی, MFMC+8XG, Iran",35.6833014,51.4724523,a year ago,NULL,5.0,google_maps,https://www.google.com/maps/place/%D9%BE%D8%B3%D8%AA+%D9%85%D8%A7%D9%87%DA%A9%D8%B3%E2%80%AD/data=!4m7!3m6!1s0x3f91fd0064f4db7f:0xc8f705ee38ca660b!8m2!3d35.6833014!4d51.4724523!16s%2Fg%2F11wtc12c1r!19sChIJf9v0ZAD9kT8RC2bKOO4F98g?authuser=0&hl=en&rclk=1,Mohamad Mohtashami,NULL,false,NULL,NULL,Positive,Happy,other,Low,55
40c86c277a9d001c,Mahex,ماهکس انقلاب,Tehran,Tehran,"Tehran Province, Tehran, District 11, Fakhr-e Razi St, P92W+3CR, Iran",35.7002431,51.3961032,a month ago,Quickly👌🏼 …,5.0,google_maps,https://www.google.com/maps/place/%D9%85%D8%A7%D9%87%DA%A9%D8%B3+%D8%A7%D9%86%D9%82%D9%84%D8%A7%D8%A8%E2%80%AD/data=!4m7!3m6!1s0x3f8e01006eb2817d:0x223ffbcabed608d5!8m2!3d35.7002431!4d51.3961032!16s%2Fg%2F11y_44bqpx!19sChIJfYGybgABjj8R1QjWvsr7PyI?authuser=0&hl=en&rclk=1,Amirabbas Q,NULL,false,NULL,NULL,Positive,Happy,other,Low,70
53ae8005690874c0,Mahex,Mahex,Tehran,Tehran,"Tehran Province, Karaj، بهار،۲۵متری بهار،خیابان ادیبی،نبش شاکری, N Taleghani Blvd, No. خیابان, Iran",35.8238427,50.9972041,a year ago,Thank you. My package arrived safely and on time to my loved ones.,5.0,google_maps,https://www.google.com/maps/place/Mahex/data=!4m7!3m6!1s0x3f8dbf003d906fcf:0xa00221fff7986771!8m2!3d35.8238427!4d50.9972041!16s%2Fg%2F11wtdzztwt!19sChIJz2-QPQC_jT8RcWeY9_8hAqA?authuser=0&hl=en&rclk=1,Ahmad Reza Khazaei,NULL,false,NULL,NULL,Positive,Happy,other,Low,70
a8f1c9b0ff462708,Mahex,Mahex,Tehran,Tehran,"Tehran Province, Karaj، بهار،۲۵متری بهار،خیابان ادیبی،نبش شاکری, N Taleghani Blvd, No. خیابان, Iran",35.8238427,50.9972041,7 months ago,"I have been arguing with the site where I made the purchase for two days about why I should pay for the packaging and collection fee. The site said that it was packaged and delivered to the Mahax dealership. Let the package arrive so you can understand. When the package arrived, the site's name was on the cardboard and the adhesive tape. It has nothing to do with Mahax. The additional fee in the name of collection and packaging is stealing from the customer. I will show you a photo. They registered a package weighing less than 200 grams three times its weight to increase the cost. This is stealing from the customer. This product was made in China and shipped to Iran for less than 500 t. After Tehran, a company shipped it to Karaj for 230 t. I am trying to convey this bad experience to everyone so that no one makes this mistake. This company did not have a license to set regulations and there was no way to complain except to go to court and complain, and that their support is not there, and then they forcefully answer after being on the line for an hour.",1.0,google_maps,https://www.google.com/maps/place/Mahex/data=!4m7!3m6!1s0x3f8dbf003d906fcf:0xa00221fff7986771!8m2!3d35.8238427!4d50.9972041!16s%2Fg%2F11wtdzztwt!19sChIJz2-QPQC_jT8RcWeY9_8hAqA?authuser=0&hl=en&rclk=1,mehran heydari,NULL,false,NULL,NULL,Negative,Angry,price,High,100
6aefad4fb2e325be,Mahex,Mahex,Tehran,Tehran,"Tehran Province, Karaj، بهار،۲۵متری بهار،خیابان ادیبی،نبش شاکری, N Taleghani Blvd, No. خیابان, Iran",35.8238427,50.9972041,8 months ago,"Delays and bad promises
Very high cost
They don't even have a POS machine, you have to pay by card when you deliver …",1.0,google_maps,https://www.google.com/maps/place/Mahex/data=!4m7!3m6!1s0x3f8dbf003d906fcf:0xa00221fff7986771!8m2!3d35.8238427!4d50.9972041!16s%2Fg%2F11wtdzztwt!19sChIJz2-QPQC_jT8RcWeY9_8hAqA?authuser=0&hl=en&rclk=1,Lily Stan,NULL,false,NULL,NULL,Negative,Angry,delivery_delay,High,100
cbdebdfc51357868,Mahex,Mahex,Tehran,Tehran,"Tehran Province, Karaj، بهار،۲۵متری بهار،خیابان ادیبی،نبش شاکری, N Taleghani Blvd, No. خیابان, Iran",35.8238427,50.9972041,11 months ago,"Friends, this is awful. Please don't send me any packages. They don't respond properly or send them properly. This is truly the most awful thing I've ever seen.",1.0,google_maps,https://www.google.com/maps/place/Mahex/data=!4m7!3m6!1s0x3f8dbf003d906fcf:0xa00221fff7986771!8m2!3d35.8238427!4d50.9972041!16s%2Fg%2F11wtdzztwt!19sChIJz2-QPQC_jT8RcWeY9_8hAqA?authuser=0&hl=en&rclk=1,Azizop,NULL,false,NULL,NULL,Negative,Angry,other,High,100
d6f1397ff625253c,Mahex,Mahex,Tehran,Tehran,"Tehran Province, Karaj، بهار،۲۵متری بهار،خیابان ادیبی،نبش شاکری, N Taleghani Blvd, No. خیابان, Iran",35.8238427,50.9972041,7 months ago,"Super fast and timely delivery, thank you for your good service.",5.0,google_maps,https://www.google.com/maps/place/Mahex/data=!4m7!3m6!1s0x3f8dbf003d906fcf:0xa00221fff7986771!8m2!3d35.8238427!4d50.9972041!16s%2Fg%2F11wtdzztwt!19sChIJz2-QPQC_jT8RcWeY9_8hAqA?authuser=0&hl=en&rclk=1,Morteza Geshami,NULL,false,NULL,NULL,Positive,Happy,other,Low,80
1497340cc5754c67,Mahex,Mahex,Tehran,Tehran,"Tehran Province, Karaj، بهار،۲۵متری بهار،خیابان ادیبی،نبش شاکری, N Taleghani Blvd, No. خیابان, Iran",35.8238427,50.9972041,11 months ago,"Even one point is too much for this collection, it's really aaaaa",1.0,google_maps,https://www.google.com/maps/place/Mahex/data=!4m7!3m6!1s0x3f8dbf003d906fcf:0xa00221fff7986771!8m2!3d35.8238427!4d50.9972041!16s%2Fg%2F11wtdzztwt!19sChIJz2-QPQC_jT8RcWeY9_8hAqA?authuser=0&hl=en&rclk=1,زینب ارونی کاشانی,NULL,false,NULL,NULL,Negative,Angry,other,High,80
c1a4527ea34c6f64,Mahex,Mahex,Tehran,Tehran,"Tehran Province, Karaj، بهار،۲۵متری بهار،خیابان ادیبی،نبش شاکری, N Taleghani Blvd, No. خیابان, Iran",35.8238427,50.9972041,7 months ago,"I received the package earlier than the announced date
Thanks to Mahex Collection",5.0,google_maps,https://www.google.com/maps/place/Mahex/data=!4m7!3m6!1s0x3f8dbf003d906fcf:0xa00221fff7986771!8m2!3d35.8238427!4d50.9972041!16s%2Fg%2F11wtdzztwt!19sChIJz2-QPQC_jT8RcWeY9_8hAqA?authuser=0&hl=en&rclk=1,Mohsen Assdolahi,NULL,false,NULL,NULL,Positive,Happy,other,Low,90
cf55899aef67611c,Mahex,Mahex,Tehran,Tehran,"Tehran Province, Karaj، بهار،۲۵متری بهار،خیابان ادیبی،نبش شاکری, N Taleghani Blvd, No. خیابان, Iran",35.8238427,50.9972041,11 months ago,"Reddit, I haven't received your message for 20 days and support is not responding at all.",1.0,google_maps,https://www.google.com/maps/place/Mahex/data=!4m7!3m6!1s0x3f8dbf003d906fcf:0xa00221fff7986771!8m2!3d35.8238427!4d50.9972041!16s%2Fg%2F11wtdzztwt!19sChIJz2-QPQC_jT8RcWeY9_8hAqA?authuser=0&hl=en&rclk=1,فاطمه,NULL,false,NULL,NULL,Negative,Angry,support,High,90
2437f49bfb41ae18,Mahex,Mahex,Tehran,Tehran,"Tehran Province, Karaj، بهار،۲۵متری بهار،خیابان ادیبی،نبش شاکری, N Taleghani Blvd, No. خیابان, Iran",35.8238427,50.9972041,7 months ago,"Hello, thank you for your good and fast service.",5.0,google_maps,https://www.google.com/maps/place/Mahex/data=!4m7!3m6!1s0x3f8dbf003d906fcf:0xa00221fff7986771!8m2!3d35.8238427!4d50.9972041!16s%2Fg%2F11wtdzztwt!19sChIJz2-QPQC_jT8RcWeY9_8hAqA?authuser=0&hl=en&rclk=1,hossein nyaraki,NULL,false,NULL,NULL,Positive,Happy,other,Low,80
84cbfdccc083756e,Mahex,Mahex,Tehran,Tehran,"Tehran Province, Karaj، بهار،۲۵متری بهار،خیابان ادیبی،نبش شاکری, N Taleghani Blvd, No. خیابان, Iran",35.8238427,50.9972041,a year ago,They left a call number that everyone left with messages and they didn't even answer. I went to this branch of Mahaxton.,1.0,google_maps,https://www.google.com/maps/place/Mahex/data=!4m7!3m6!1s0x3f8dbf003d906fcf:0xa00221fff7986771!8m2!3d35.8238427!4d50.9972041!16s%2Fg%2F11wtdzztwt!19sChIJz2-QPQC_jT8RcWeY9_8hAqA?authuser=0&hl=en&rclk=1,Quik,NULL,false,NULL,NULL,Negative,Angry,other,High,90
bdf1baf9b6236178,Mahex,نمایندگی ماهکس خلخال,Ardabil,Ardabil,"JGCH+P8Q, Khalkhal, Ardabil Province, Iran",37.621601,48.528274,8 months ago,Very good,5.0,google_maps,https://www.google.com/maps/place/%D9%86%D9%85%D8%A7%DB%8C%D9%86%D8%AF%DA%AF%DB%8C+%D9%85%D8%A7%D9%87%DA%A9%D8%B3+%D8%AE%D9%84%D8%AE%D8%A7%D9%84%E2%80%AD/data=!4m7!3m6!1s0x401ee30014efd297:0xa89c52c89de0dba2!8m2!3d37.621601!4d48.528274!16s%2Fg%2F11ynqmd6wl!19sChIJl9LvFADjHkARotvgnchSnKg?authuser=0&hl=en&rclk=1,Ahura Mazda,NULL,false,NULL,NULL,Positive,Happy,other,Low,80
ccf50eea0bf61cc9,Mahex,نمایندگی ماهکس خلخال,Ardabil,Ardabil,"JGCH+P8Q, Khalkhal, Ardabil Province, Iran",37.621601,48.528274,8 months ago,❤️❤️❤️,5.0,google_maps,https://www.google.com/maps/place/%D9%86%D9%85%D8%A7%DB%8C%D9%86%D8%AF%DA%AF%DB%8C+%D9%85%D8%A7%D9%87%DA%A9%D8%B3+%D8%AE%D9%84%D8%AE%D8%A7%D9%84%E2%80%AD/data=!4m7!3m6!1s0x401ee30014efd297:0xa89c52c89de0dba2!8m2!3d37.621601!4d48.528274!16s%2Fg%2F11ynqmd6wl!19sChIJl9LvFADjHkARotvgnchSnKg?authuser=0&hl=en&rclk=1,mahex khalkhal,NULL,false,NULL,NULL,Positive,Happy,other,Low,70
6efe505cdedbf963,Mahex,نمایندگی ماهکس خلخال,Ardabil,Ardabil,"JGCH+P8Q, Khalkhal, Ardabil Province, Iran",37.621601,48.528274,8 months ago,Mahex Khalkhal Agency,5.0,google_maps,https://www.google.com/maps/place/%D9%86%D9%85%D8%A7%DB%8C%D9%86%D8%AF%DA%AF%DB%8C+%D9%85%D8%A7%D9%87%DA%A9%D8%B3+%D8%AE%D9%84%D8%AE%D8%A7%D9%84%E2%80%AD/data=!4m7!3m6!1s0x401ee30014efd297:0xa89c52c89de0dba2!8m2!3d37.621601!4d48.528274!16s%2Fg%2F11ynqmd6wl!19sChIJl9LvFADjHkARotvgnchSnKg?authuser=0&hl=en&rclk=1,Amirhossein Ranjbar,NULL,false,NULL,NULL,Positive,Happy,other,Low,70
0bf0a331127c9271,Mahex,نمایندگی ماهکس بهار,Tehran,Tehran,"Tehran Province, Tehran, S, Bahar St, PC3H+7G9, Iran",35.7031708,51.4288649,a year ago,Mahex is the best way to send packages and delivers them to the recipient quickly and securely,5.0,google_maps,https://www.google.com/maps/place/%D9%86%D9%85%D8%A7%DB%8C%D9%86%D8%AF%DA%AF%DB%8C+%D9%85%D8%A7%D9%87%DA%A9%D8%B3+%D8%A8%D9%87%D8%A7%D8%B1%E2%80%AD/data=!4m7!3m6!1s0x3f8e018ad9d07941:0xcd9b249cd352d60!8m2!3d35.7031708!4d51.4288649!16s%2Fg%2F11pf1sqw25!19sChIJQXnQ2YoBjj8RYC01zUmy2Qw?authuser=0&hl=en&rclk=1,raana nazari,NULL,false,NULL,NULL,Positive,Happy,other,Low,80
5bddaea84919239c,Mahex,نمایندگی ماهکس بهار,Tehran,Tehran,"Tehran Province, Tehran, S, Bahar St, PC3H+7G9, Iran",35.7031708,51.4288649,a year ago,"It is the worst and most irresponsible shipping company in all of Iran. I personally delivered a package to the company in Karaj, but at the destination they charged both the shipping cost at the origin and the packaging cost. I called the irresponsible support more than 20 times, I mean irresponsible, I mean really irresponsible and rude, I didn't hear any answer. If this is not theft, what can be called a fee without service? I am Alireza Mohammadnejad.",1.0,google_maps,https://www.google.com/maps/place/%D9%86%D9%85%D8%A7%DB%8C%D9%86%D8%AF%DA%AF%DB%8C+%D9%85%D8%A7%D9%87%DA%A9%D8%B3+%D8%A8%D9%87%D8%A7%D8%B1%E2%80%AD/data=!4m7!3m6!1s0x3f8e018ad9d07941:0xcd9b249cd352d60!8m2!3d35.7031708!4d51.4288649!16s%2Fg%2F11pf1sqw25!19sChIJQXnQ2YoBjj8RYC01zUmy2Qw?authuser=0&hl=en&rclk=1,alireza mohammadnejad,NULL,false,NULL,NULL,Negative,Angry,staff_behavior,Critical,100
6acd587fc538261d,Mahex,نمایندگی ماهکس بهار,Tehran,Tehran,"Tehran Province, Tehran, S, Bahar St, PC3H+7G9, Iran",35.7031708,51.4288649,2 years ago,"Damn this crappy company and its corrupt and irresponsible branches. They don't answer, they don't even pack their bags, and you don't know where the package is. I've never seen anything so awful before.",1.0,google_maps,https://www.google.com/maps/place/%D9%86%D9%85%D8%A7%DB%8C%D9%86%D8%AF%DA%AF%DB%8C+%D9%85%D8%A7%D9%87%DA%A9%D8%B3+%D8%A8%D9%87%D8%A7%D8%B1%E2%80%AD/data=!4m7!3m6!1s0x3f8e018ad9d07941:0xcd9b249cd352d60!8m2!3d35.7031708!4d51.4288649!16s%2Fg%2F11pf1sqw25!19sChIJQXnQ2YoBjj8RYC01zUmy2Qw?authuser=0&hl=en&rclk=1,@li Nasiri,NULL,false,NULL,NULL,Negative,Angry,other,High,100
82ea5e22e4a35544,Mahex,نمایندگی ماهکس بهار,Tehran,Tehran,"Tehran Province, Tehran, S, Bahar St, PC3H+7G9, Iran",35.7031708,51.4288649,2 years ago,This is the most horrible company I've seen. They don't even answer. You know what condition these porters are in when they deliver a package.,1.0,google_maps,https://www.google.com/maps/place/%D9%86%D9%85%D8%A7%DB%8C%D9%86%D8%AF%DA%AF%DB%8C+%D9%85%D8%A7%D9%87%DA%A9%D8%B3+%D8%A8%D9%87%D8%A7%D8%B1%E2%80%AD/data=!4m7!3m6!1s0x3f8e018ad9d07941:0xcd9b249cd352d60!8m2!3d35.7031708!4d51.4288649!16s%2Fg%2F11pf1sqw25!19sChIJQXnQ2YoBjj8RYC01zUmy2Qw?authuser=0&hl=en&rclk=1,Zahra Mahdviara,NULL,false,NULL,NULL,Negative,Angry,other,High,90
7348ee3965c08e8e,Mahex,نمایندگی ماهکس بهار,Tehran,Tehran,"Tehran Province, Tehran, S, Bahar St, PC3H+7G9, Iran",35.7031708,51.4288649,a year ago,"If you want the package to reach its destination, send it by Mahax.",1.0,google_maps,https://www.google.com/maps/place/%D9%86%D9%85%D8%A7%DB%8C%D9%86%D8%AF%DA%AF%DB%8C+%D9%85%D8%A7%D9%87%DA%A9%D8%B3+%D8%A8%D9%87%D8%A7%D8%B1%E2%80%AD/data=!4m7!3m6!1s0x3f8e018ad9d07941:0xcd9b249cd352d60!8m2!3d35.7031708!4d51.4288649!16s%2Fg%2F11pf1sqw25!19sChIJQXnQ2YoBjj8RYC01zUmy2Qw?authuser=0&hl=en&rclk=1,Medisa Ahmadipasand,NULL,false,NULL,NULL,Negative,Angry,other,High,80
b42f27004aae945c,Mahex,نمایندگی ماهکس بهار,Tehran,Tehran,"Tehran Province, Tehran, S, Bahar St, PC3H+7G9, Iran",35.7031708,51.4288649,a year ago,They are not responsive.,1.0,google_maps,https://www.google.com/maps/place/%D9%86%D9%85%D8%A7%DB%8C%D9%86%D8%AF%DA%AF%DB%8C+%D9%85%D8%A7%D9%87%DA%A9%D8%B3+%D8%A8%D9%87%D8%A7%D8%B1%E2%80%AD/data=!4m7!3m6!1s0x3f8e018ad9d07941:0xcd9b249cd352d60!8m2!3d35.7031708!4d51.4288649!16s%2Fg%2F11pf1sqw25!19sChIJQXnQ2YoBjj8RYC01zUmy2Qw?authuser=0&hl=en&rclk=1,سمیه صادقی,NULL,false,NULL,NULL,Negative,Angry,other,High,80
be3e6b04c174b64f,Mahex,نمایندگی ماهکس بهار,Tehran,Tehran,"Tehran Province, Tehran, S, Bahar St, PC3H+7G9, Iran",35.7031708,51.4288649,a year ago,NULL,1.0,google_maps,https://www.google.com/maps/place/%D9%86%D9%85%D8%A7%DB%8C%D9%86%D8%AF%DA%AF%DB%8C+%D9%85%D8%A7%D9%87%DA%A9%D8%B3+%D8%A8%D9%87%D8%A7%D8%B1%E2%80%AD/data=!4m7!3m6!1s0x3f8e018ad9d07941:0xcd9b249cd352d60!8m2!3d35.7031708!4d51.4288649!16s%2Fg%2F11pf1sqw25!19sChIJQXnQ2YoBjj8RYC01zUmy2Qw?authuser=0&hl=en&rclk=1,Kowsar Karimi,NULL,false,NULL,NULL,Negative,Angry,other,High,65
a747aeef56520b19,Mahex,دفتر نمایندگی ماهکس,East Azerbaijan,NULL,"East Azerbaijan Province, Tabriz، ملت پانزده متری ولیعصر، 3747+397, Iran",38.0551558,46.26343,a year ago,terrible customer support  and awful service,1.0,google_maps,https://www.google.com/maps/place/%D8%AF%D9%81%D8%AA%D8%B1+%D9%86%D9%85%D8%A7%DB%8C%D9%86%D8%AF%DA%AF%DB%8C+%D9%85%D8%A7%D9%87%DA%A9%D8%B3%E2%80%AD/data=!4m7!3m6!1s0x401a0f55a117fc47:0xa9793f926a82043c!8m2!3d38.0551558!4d46.26343!16s%2Fg%2F11trmgv546!19sChIJR_wXoVUPGkARPASCapI_eak?authuser=0&hl=en&rclk=1,Ashkan,NULL,false,NULL,NULL,Negative,Angry,support,High,90
332d59935c1bf429,Mahex,دفتر نمایندگی ماهکس,East Azerbaijan,NULL,"East Azerbaijan Province, Tabriz، ملت پانزده متری ولیعصر، 3747+397, Iran",38.0551558,46.26343,a year ago,"Very undisciplined, you don't answer the phone, you don't even bring the package, you say, ""We brought it ourselves,"" you didn't show up, there's no one to take care of it, people think it doesn't belong there.",1.0,google_maps,https://www.google.com/maps/place/%D8%AF%D9%81%D8%AA%D8%B1+%D9%86%D9%85%D8%A7%DB%8C%D9%86%D8%AF%DA%AF%DB%8C+%D9%85%D8%A7%D9%87%DA%A9%D8%B3%E2%80%AD/data=!4m7!3m6!1s0x401a0f55a117fc47:0xa9793f926a82043c!8m2!3d38.0551558!4d46.26343!16s%2Fg%2F11trmgv546!19sChIJR_wXoVUPGkARPASCapI_eak?authuser=0&hl=en&rclk=1,Ahad Farajpour,NULL,false,NULL,NULL,Negative,Angry,other,High,90
0c048bc1ca32b212,Mahex,دفتر نمایندگی ماهکس,East Azerbaijan,NULL,"East Azerbaijan Province, Tabriz، ملت پانزده متری ولیعصر، 3747+397, Iran",38.0551558,46.26343,2 years ago,"Mahax is the fastest way to send packages, especially to provincial centers, where they arrive within 24 hours and their shipping costs are lower than Tipax. The attitude of the agency officials was also excellent.",5.0,google_maps,https://www.google.com/maps/place/%D8%AF%D9%81%D8%AA%D8%B1+%D9%86%D9%85%D8%A7%DB%8C%D9%86%D8%AF%DA%AF%DB%8C+%D9%85%D8%A7%D9%87%DA%A9%D8%B3%E2%80%AD/data=!4m7!3m6!1s0x401a0f55a117fc47:0xa9793f926a82043c!8m2!3d38.0551558!4d46.26343!16s%2Fg%2F11trmgv546!19sChIJR_wXoVUPGkARPASCapI_eak?authuser=0&hl=en&rclk=1,Sabourifar,NULL,false,NULL,NULL,Positive,Happy,price,Low,100
821170a9a5936d47,Mahex,دفتر نمایندگی ماهکس,East Azerbaijan,NULL,"East Azerbaijan Province, Tabriz، ملت پانزده متری ولیعصر، 3747+397, Iran",38.0551558,46.26343,2 years ago,"Very good, but there's a problem because they don't answer the phone.",4.0,google_maps,https://www.google.com/maps/place/%D8%AF%D9%81%D8%AA%D8%B1+%D9%86%D9%85%D8%A7%DB%8C%D9%86%D8%AF%DA%AF%DB%8C+%D9%85%D8%A7%D9%87%DA%A9%D8%B3%E2%80%AD/data=!4m7!3m6!1s0x401a0f55a117fc47:0xa9793f926a82043c!8m2!3d38.0551558!4d46.26343!16s%2Fg%2F11trmgv546!19sChIJR_wXoVUPGkARPASCapI_eak?authuser=0&hl=en&rclk=1,amirata dadgran,NULL,false,NULL,NULL,Positive,Satisfied,other,Low,80
4648acf808c0106c,Mahex,دفتر نمایندگی ماهکس,East Azerbaijan,NULL,"East Azerbaijan Province, Tabriz، ملت پانزده متری ولیعصر، 3747+397, Iran",38.0551558,46.26343,a year ago,"Zero support, zero service.",1.0,google_maps,https://www.google.com/maps/place/%D8%AF%D9%81%D8%AA%D8%B1+%D9%86%D9%85%D8%A7%DB%8C%D9%86%D8%AF%DA%AF%DB%8C+%D9%85%D8%A7%D9%87%DA%A9%D8%B3%E2%80%AD/data=!4m7!3m6!1s0x401a0f55a117fc47:0xa9793f926a82043c!8m2!3d38.0551558!4d46.26343!16s%2Fg%2F11trmgv546!19sChIJR_wXoVUPGkARPASCapI_eak?authuser=0&hl=en&rclk=1,Farhad Babazadeh,NULL,false,NULL,NULL,Negative,Angry,support,High,80
632167403a24ee6e,Mahex,دفتر نمایندگی ماهکس,East Azerbaijan,NULL,"East Azerbaijan Province, Tabriz، ملت پانزده متری ولیعصر، 3747+397, Iran",38.0551558,46.26343,7 months ago,NULL,5.0,google_maps,https://www.google.com/maps/place/%D8%AF%D9%81%D8%AA%D8%B1+%D9%86%D9%85%D8%A7%DB%8C%D9%86%D8%AF%DA%AF%DB%8C+%D9%85%D8%A7%D9%87%DA%A9%D8%B3%E2%80%AD/data=!4m7!3m6!1s0x401a0f55a117fc47:0xa9793f926a82043c!8m2!3d38.0551558!4d46.26343!16s%2Fg%2F11trmgv546!19sChIJR_wXoVUPGkARPASCapI_eak?authuser=0&hl=en&rclk=1,majid ahrami,NULL,false,NULL,NULL,Positive,Happy,other,Low,55
e9d7e12e988bace1,Mahex,Mahex jannat abad,Tehran,Tehran,"P8X3+7C7 South Jannat Abad, Tehran, Tehran Province, Iran",35.7481667,51.3035426,a year ago,"Mahax, extremely irresponsible and disorganized. It takes two weeks to deliver a package that is only a city away. They don't call and falsely claim that we didn't answer the call. They return the package to charge an additional fee. They have extremely poor and crappy support and an even crappier fleet.",1.0,google_maps,https://www.google.com/maps/place/Mahex+jannat+abad/data=!4m7!3m6!1s0x3f8dfd0073731c99:0xea6fa5b13009dfca!8m2!3d35.7481667!4d51.3035426!16s%2Fg%2F11ld8368lp!19sChIJmRxzcwD9jT8Ryt8JMLGlb-o?authuser=0&hl=en&rclk=1,Medisa Ahmadipasand,NULL,false,NULL,NULL,Negative,Angry,price,High,90
a490d9c2004d5288,Mahex,Mahex jannat abad,Tehran,Tehran,"P8X3+7C7 South Jannat Abad, Tehran, Tehran Province, Iran",35.7481667,51.3035426,7 months ago,Rude agent yelling at female customer,1.0,google_maps,https://www.google.com/maps/place/Mahex+jannat+abad/data=!4m7!3m6!1s0x3f8dfd0073731c99:0xea6fa5b13009dfca!8m2!3d35.7481667!4d51.3035426!16s%2Fg%2F11ld8368lp!19sChIJmRxzcwD9jT8Ryt8JMLGlb-o?authuser=0&hl=en&rclk=1,Khatereh Rikani,NULL,false,NULL,NULL,Negative,Angry,staff_behavior,High,80
54215f1bd3ac0bf1,Mahex,Mahex jannat abad,Tehran,Tehran,"P8X3+7C7 South Jannat Abad, Tehran, Tehran Province, Iran",35.7481667,51.3035426,2 years ago,Very committed 👌 …,5.0,google_maps,https://www.google.com/maps/place/Mahex+jannat+abad/data=!4m7!3m6!1s0x3f8dfd0073731c99:0xea6fa5b13009dfca!8m2!3d35.7481667!4d51.3035426!16s%2Fg%2F11ld8368lp!19sChIJmRxzcwD9jT8Ryt8JMLGlb-o?authuser=0&hl=en&rclk=1,Tahmineh Mohiti,NULL,false,NULL,NULL,Positive,Happy,other,Low,70
bc825792c7796195,Mahex,Mahex jannat abad,Tehran,Tehran,"P8X3+7C7 South Jannat Abad, Tehran, Tehran Province, Iran",35.7481667,51.3035426,2 years ago,NULL,5.0,google_maps,https://www.google.com/maps/place/Mahex+jannat+abad/data=!4m7!3m6!1s0x3f8dfd0073731c99:0xea6fa5b13009dfca!8m2!3d35.7481667!4d51.3035426!16s%2Fg%2F11ld8368lp!19sChIJmRxzcwD9jT8Ryt8JMLGlb-o?authuser=0&hl=en&rclk=1,Miladgs Bxjxkxk,NULL,false,NULL,NULL,Positive,Happy,other,Low,55
60447b1874d19ef6,Mahex,Mahex Sanandaj,Kurdistan,NULL,"824W+M63, Sanandaj, Kurdistan Province, Iran",35.3066439,47.0455583,3 years ago,NULL,5.0,google_maps,https://www.google.com/maps/place/Mahex+Sanandaj/data=!4m7!3m6!1s0x3ff99700679f7491:0x987b7f0aeafefb80!8m2!3d35.3066439!4d47.0455583!16s%2Fg%2F11yb7v6p8s!19sChIJkXSfZwCX-T8RgPv-6gp_e5g?authuser=0&hl=en&rclk=1,shamal aghai,NULL,false,NULL,NULL,Positive,Happy,other,Low,55
71b156e59a67cfd8,Mahex,پست ماهکس ساری,Mazandaran,NULL,"H473+8QH, Sari, Mazandaran Province, Iran",36.5633187,53.1044725,7 months ago,NULL,5.0,google_maps,https://www.google.com/maps/place/%D9%BE%D8%B3%D8%AA+%D9%85%D8%A7%D9%87%DA%A9%D8%B3+%D8%B3%D8%A7%D8%B1%DB%8C%E2%80%AD/data=!4m7!3m6!1s0x3f853f0068068be3:0xce393a7cc3d51ff5!8m2!3d36.5633187!4d53.1044725!16s%2Fg%2F11yt0j023_!19sChIJ44sGaAA_hT8R9R_Vw3w6Oc4?authuser=0&hl=en&rclk=1,Alireza nabavi,NULL,false,NULL,NULL,Positive,Happy,other,Low,55
5132e8231b914f38,Mahex,mahex,Qazvin,Qazvin,"Qazvin Province, Takestan، بلوار امام خمینی، پلاک No. چهارراه, دخانیات, Iran",36.0749967,49.7054355,Edited a year ago,NULL,5.0,google_maps,https://www.google.com/maps/place/mahex/data=!4m7!3m6!1s0x3ff35d0059287e3f:0x6e3dd2e08db21e97!8m2!3d36.0749967!4d49.7054355!16s%2Fg%2F11wtxk4g83!19sChIJP34oWQBd8z8Rlx6yjeDSPW4?authuser=0&hl=en&rclk=1,Mahdi Rahmani,NULL,false,NULL,NULL,Positive,Happy,other,Low,55
6218ff4b98591228,Mahex,نمایندگی ماهکس شمال خوزستان,Khuzestan,NULL,"Khuzestan Province, Andimeshk, جاده سد)، نبش خیابان هاشمی نژاد , F967+P7F, بلوار رشیدی, Iran",32.4617235,48.363064,7 months ago,The fastest,5.0,google_maps,https://www.google.com/maps/place/%D9%86%D9%85%D8%A7%DB%8C%D9%86%D8%AF%DA%AF%DB%8C+%D9%85%D8%A7%D9%87%DA%A9%D8%B3+%D8%B4%D9%85%D8%A7%D9%84+%D8%AE%D9%88%D8%B2%D8%B3%D8%AA%D8%A7%D9%86%E2%80%AD/data=!4m7!3m6!1s0x3fe9bd83edc75c39:0xc3741fd799c758c5!8m2!3d32.4617235!4d48.363064!16s%2Fg%2F11rb42w_r3!19sChIJOVzH7YO96T8RxVjHmdcfdMM?authuser=0&hl=en&rclk=1,Alireza Mousavi,NULL,false,NULL,NULL,Positive,Happy,other,Low,80
c6210251a7025998,Mahex,نمایندگی ماهکس شمال خوزستان,Khuzestan,NULL,"Khuzestan Province, Andimeshk, جاده سد)، نبش خیابان هاشمی نژاد , F967+P7F, بلوار رشیدی, Iran",32.4617235,48.363064,7 months ago,NULL,5.0,google_maps,https://www.google.com/maps/place/%D9%86%D9%85%D8%A7%DB%8C%D9%86%D8%AF%DA%AF%DB%8C+%D9%85%D8%A7%D9%87%DA%A9%D8%B3+%D8%B4%D9%85%D8%A7%D9%84+%D8%AE%D9%88%D8%B2%D8%B3%D8%AA%D8%A7%D9%86%E2%80%AD/data=!4m7!3m6!1s0x3fe9bd83edc75c39:0xc3741fd799c758c5!8m2!3d32.4617235!4d48.363064!16s%2Fg%2F11rb42w_r3!19sChIJOVzH7YO96T8RxVjHmdcfdMM?authuser=0&hl=en&rclk=1,reza mousavi,NULL,false,NULL,NULL,Positive,Happy,other,Low,55
393ba9fcfe5c330f,AloPeyk,Alopeyk,Tehran,Tehran,"Tehran Province, Tehran, Vozara St, PCJ9+GWR, Iran",35.7313734,51.4171928,8 years ago,"Average Services and quality, could be better if they want to improve
Best location and kind staff but should be train",3.0,google_maps,"https://www.google.com/maps/place/Alopeyk/@35.7313734,51.4171928,17z/data=!3m1!4b1!4m6!3m5!1s0x3f8e06ec9501dda5:0xba1155efc8e8e6ad!8m2!3d35.7313734!4d51.4197731!16s%2Fg%2F11g684_j35?hl=en&entry=ttu&g_ep=EgoyMDI2MDcyOS4wIKXMDSoASAFQAw%3D%3D",M Romina,NULL,false,NULL,NULL,Neutral,Satisfied,staff_behavior,Low,90
eadd6978c3984eb8,AloPeyk,Alopeyk,Tehran,Tehran,"Tehran Province, Tehran, Vozara St, PCJ9+GWR, Iran",35.7313734,51.4171928,7 years ago,For start working wth motor,3.0,google_maps,"https://www.google.com/maps/place/Alopeyk/@35.7313734,51.4171928,17z/data=!3m1!4b1!4m6!3m5!1s0x3f8e06ec9501dda5:0xba1155efc8e8e6ad!8m2!3d35.7313734!4d51.4197731!16s%2Fg%2F11g684_j35?hl=en&entry=ttu&g_ep=EgoyMDI2MDcyOS4wIKXMDSoASAFQAw%3D%3D",AmirKian farahani,NULL,false,NULL,NULL,Neutral,Satisfied,other,Low,70
cc7a833731cd5d31,AloPeyk,Alopeyk,Tehran,Tehran,"Tehran Province, Tehran, Vozara St, PCJ9+GWR, Iran",35.7313734,51.4171928,6 years ago,Bad servise,2.0,google_maps,"https://www.google.com/maps/place/Alopeyk/@35.7313734,51.4171928,17z/data=!3m1!4b1!4m6!3m5!1s0x3f8e06ec9501dda5:0xba1155efc8e8e6ad!8m2!3d35.7313734!4d51.4197731!16s%2Fg%2F11g684_j35?hl=en&entry=ttu&g_ep=EgoyMDI2MDcyOS4wIKXMDSoASAFQAw%3D%3D",Ali Avatefi,NULL,false,NULL,NULL,Negative,Disappointed,other,Medium,90
1b47a482788754a0,AloPeyk,Alopeyk,Tehran,Tehran,"Tehran Province, Tehran, Vozara St, PCJ9+GWR, Iran",35.7313734,51.4171928,a month ago,"Zero support. Zero service. I received a package, waited for an hour, called support four times, each time for more than ten minutes, only to be played a song. In other words, I have been out of charge for forty minutes and no one has answered.
Hello, the courier just takes his commission, he has no obligation to the courier.. Zero zero",1.0,google_maps,"https://www.google.com/maps/place/Alopeyk/@35.7313734,51.4171928,17z/data=!3m1!4b1!4m6!3m5!1s0x3f8e06ec9501dda5:0xba1155efc8e8e6ad!8m2!3d35.7313734!4d51.4197731!16s%2Fg%2F11g684_j35?hl=en&entry=ttu&g_ep=EgoyMDI2MDcyOS4wIKXMDSoASAFQAw%3D%3D",مهدیار صبوری,NULL,false,NULL,NULL,Negative,Angry,support,High,90
62b4d04f011326a3,AloPeyk,Alopeyk,Tehran,Tehran,"Tehran Province, Tehran, Vozara St, PCJ9+GWR, Iran",35.7313734,51.4171928,7 months ago,"Unfortunately, in the last few months, some of the ambassadors have not had boxes, and at the same time as delivering our product, they have been delivering several other products, which has caused severe delays in delivery, and the support is not responsive at all.",1.0,google_maps,"https://www.google.com/maps/place/Alopeyk/@35.7313734,51.4171928,17z/data=!3m1!4b1!4m6!3m5!1s0x3f8e06ec9501dda5:0xba1155efc8e8e6ad!8m2!3d35.7313734!4d51.4197731!16s%2Fg%2F11g684_j35?hl=en&entry=ttu&g_ep=EgoyMDI2MDcyOS4wIKXMDSoASAFQAw%3D%3D",Atiye Haj Hasan,NULL,false,NULL,NULL,Negative,Angry,delivery_delay,High,90
d8d057000ca44ee6,AloPeyk,Alopeyk,Tehran,Tehran,"Tehran Province, Tehran, Vozara St, PCJ9+GWR, Iran",35.7313734,51.4171928,8 months ago,"Poor performance, no sense of responsibility. Sellers and buyers should strongly avoid this shipping method. This system cannot be fixed.",1.0,google_maps,"https://www.google.com/maps/place/Alopeyk/@35.7313734,51.4171928,17z/data=!3m1!4b1!4m6!3m5!1s0x3f8e06ec9501dda5:0xba1155efc8e8e6ad!8m2!3d35.7313734!4d51.4197731!16s%2Fg%2F11g684_j35?hl=en&entry=ttu&g_ep=EgoyMDI2MDcyOS4wIKXMDSoASAFQAw%3D%3D",Kourosh Hejazi,NULL,false,NULL,NULL,Negative,Angry,other,High,90
4944725816e17df0,AloPeyk,Alopeyk,Tehran,Tehran,"Tehran Province, Tehran, Vozara St, PCJ9+GWR, Iran",35.7313734,51.4171928,8 months ago,"The most stupid and incompetent
I've been tracking the package for five days and they just say wait!
They never received the package at all, the customer is frustrated",1.0,google_maps,"https://www.google.com/maps/place/Alopeyk/@35.7313734,51.4171928,17z/data=!3m1!4b1!4m6!3m5!1s0x3f8e06ec9501dda5:0xba1155efc8e8e6ad!8m2!3d35.7313734!4d51.4197731!16s%2Fg%2F11g684_j35?hl=en&entry=ttu&g_ep=EgoyMDI2MDcyOS4wIKXMDSoASAFQAw%3D%3D",Elina Yazdani,NULL,false,NULL,NULL,Negative,Angry,tracking,High,90
47a0ed5a3a45488b,AloPeyk,Alopeyk,Tehran,Tehran,"Tehran Province, Tehran, Vozara St, PCJ9+GWR, Iran",35.7313734,51.4171928,10 months ago,"How can support be this weak?? They follow up every four days, they give me two hundred thousand dollars in compensation, they make a plan, they make a deposit, and then they give me money whenever they want. I have never seen a company with worse money than this. You get a commission, you have to pay your ambassador's money night after night, do the ambassador's family use air or does the engine of your unfortunate ambassador run on water?",1.0,google_maps,"https://www.google.com/maps/place/Alopeyk/@35.7313734,51.4171928,17z/data=!3m1!4b1!4m6!3m5!1s0x3f8e06ec9501dda5:0xba1155efc8e8e6ad!8m2!3d35.7313734!4d51.4197731!16s%2Fg%2F11g684_j35?hl=en&entry=ttu&g_ep=EgoyMDI2MDcyOS4wIKXMDSoASAFQAw%3D%3D",جواد نظرپور,NULL,false,NULL,NULL,Negative,Angry,support,High,90
5c9b74a2e6fa0410,AloPeyk,Alopeyk,Tehran,Tehran,"Tehran Province, Tehran, Vozara St, PCJ9+GWR, Iran",35.7313734,51.4171928,10 months ago,"HelloPeak has no credibility. Unfortunately, one of the couriers stole from me and I reported it to support many times, but support did not respond. When I called them, they said it had nothing to do with us and that you should solve it with the courier yourself.",1.0,google_maps,"https://www.google.com/maps/place/Alopeyk/@35.7313734,51.4171928,17z/data=!3m1!4b1!4m6!3m5!1s0x3f8e06ec9501dda5:0xba1155efc8e8e6ad!8m2!3d35.7313734!4d51.4197731!16s%2Fg%2F11g684_j35?hl=en&entry=ttu&g_ep=EgoyMDI2MDcyOS4wIKXMDSoASAFQAw%3D%3D",Mansour Mousavi,NULL,false,NULL,NULL,Negative,Angry,support,High,90
8363dd268c569229,AloPeyk,Alopeyk,Tehran,Tehran,"Tehran Province, Tehran, Vozara St, PCJ9+GWR, Iran",35.7313734,51.4171928,a year ago,"Before, when Alopik was not sold, it was very good, but now it is not useful at all. Last year, they deducted 300,000 thousand tomans from my account and said that there was a mistake and a lot was deposited into your account. It will be …",1.0,google_maps,"https://www.google.com/maps/place/Alopeyk/@35.7313734,51.4171928,17z/data=!3m1!4b1!4m6!3m5!1s0x3f8e06ec9501dda5:0xba1155efc8e8e6ad!8m2!3d35.7313734!4d51.4197731!16s%2Fg%2F11g684_j35?hl=en&entry=ttu&g_ep=EgoyMDI2MDcyOS4wIKXMDSoASAFQAw%3D%3D",armin aria,NULL,false,NULL,NULL,Positive,Satisfied,other,High,90
3f94be54625bae2f,AloPeyk,Alopeyk,Razavi Khorasan,NULL,"Razavi Khorasan Province, Mashhad, دانشجو 5،, No. پلاک 47, Iran",36.3034438,59.5938871,Edited 8 years ago,nice good,1.0,google_maps,https://www.google.com/maps/place/Alopeyk/data=!4m7!3m6!1s0x3f6c8d6350de5429:0xd14124b101669bc5!8m2!3d36.3034438!4d59.5938871!16s%2Fg%2F11gfkm74hg!19sChIJKVTeUGONbD8RxZtmAbEkQdE?authuser=0&hl=en&rclk=1,ali robatjazi,NULL,false,NULL,NULL,Positive,Satisfied,other,High,80
5f1524d9e206c219,AloPeyk,Alopeyk,Razavi Khorasan,NULL,"Razavi Khorasan Province, Mashhad, دانشجو 5،, No. پلاک 47, Iran",36.3034438,59.5938871,8 years ago,Alopeyk👌🏾 …,5.0,google_maps,https://www.google.com/maps/place/Alopeyk/data=!4m7!3m6!1s0x3f6c8d6350de5429:0xd14124b101669bc5!8m2!3d36.3034438!4d59.5938871!16s%2Fg%2F11gfkm74hg!19sChIJKVTeUGONbD8RxZtmAbEkQdE?authuser=0&hl=en&rclk=1,Mojtaba Lorestani,NULL,false,NULL,NULL,Positive,Happy,other,Low,70
05bf6fdc3fb85f1f,AloPeyk,Alopeyk,Razavi Khorasan,NULL,"Razavi Khorasan Province, Mashhad, دانشجو 5،, No. پلاک 47, Iran",36.3034438,59.5938871,6 years ago,good,5.0,google_maps,https://www.google.com/maps/place/Alopeyk/data=!4m7!3m6!1s0x3f6c8d6350de5429:0xd14124b101669bc5!8m2!3d36.3034438!4d59.5938871!16s%2Fg%2F11gfkm74hg!19sChIJKVTeUGONbD8RxZtmAbEkQdE?authuser=0&hl=en&rclk=1,Ramin Bidmeshki,NULL,false,NULL,NULL,Positive,Happy,other,Low,80
dda1a4daac432f0d,AloPeyk,Alopeyk,Razavi Khorasan,NULL,"Razavi Khorasan Province, Mashhad, دانشجو 5،, No. پلاک 47, Iran",36.3034438,59.5938871,8 years ago,Alopeyk Mashhad,5.0,google_maps,https://www.google.com/maps/place/Alopeyk/data=!4m7!3m6!1s0x3f6c8d6350de5429:0xd14124b101669bc5!8m2!3d36.3034438!4d59.5938871!16s%2Fg%2F11gfkm74hg!19sChIJKVTeUGONbD8RxZtmAbEkQdE?authuser=0&hl=en&rclk=1,Amir Tayefeh,NULL,false,NULL,NULL,Positive,Happy,other,Low,70
96418afcb9712621,AloPeyk,Alopeyk,Razavi Khorasan,NULL,"Razavi Khorasan Province, Mashhad, دانشجو 5،, No. پلاک 47, Iran",36.3034438,59.5938871,7 years ago,"Very fast, polite, the ability to track the courier's location online and the exact time of receiving or sending the parcel, install the AlloPeek app and enjoy...",5.0,google_maps,https://www.google.com/maps/place/Alopeyk/data=!4m7!3m6!1s0x3f6c8d6350de5429:0xd14124b101669bc5!8m2!3d36.3034438!4d59.5938871!16s%2Fg%2F11gfkm74hg!19sChIJKVTeUGONbD8RxZtmAbEkQdE?authuser=0&hl=en&rclk=1,ali mazrooie,NULL,false,NULL,NULL,Positive,Happy,tracking,Low,100
5ce2679c5eb014a1,AloPeyk,Alopeyk,Razavi Khorasan,NULL,"Razavi Khorasan Province, Mashhad, دانشجو 5،, No. پلاک 47, Iran",36.3034438,59.5938871,6 years ago,"Disrespectful behavior, treatment from a superior position, very poor facilities and very severe weaknesses in management and employee behavior.",1.0,google_maps,https://www.google.com/maps/place/Alopeyk/data=!4m7!3m6!1s0x3f6c8d6350de5429:0xd14124b101669bc5!8m2!3d36.3034438!4d59.5938871!16s%2Fg%2F11gfkm74hg!19sChIJKVTeUGONbD8RxZtmAbEkQdE?authuser=0&hl=en&rclk=1,jalal momen,NULL,false,NULL,NULL,Negative,Angry,staff_behavior,High,90
73e32094ffe189a3,AloPeyk,Alopeyk,Razavi Khorasan,NULL,"Razavi Khorasan Province, Mashhad, دانشجو 5،, No. پلاک 47, Iran",36.3034438,59.5938871,Edited 7 years ago,"God willing, they will provide services to remote parts of the city as well.",4.0,google_maps,https://www.google.com/maps/place/Alopeyk/data=!4m7!3m6!1s0x3f6c8d6350de5429:0xd14124b101669bc5!8m2!3d36.3034438!4d59.5938871!16s%2Fg%2F11gfkm74hg!19sChIJKVTeUGONbD8RxZtmAbEkQdE?authuser=0&hl=en&rclk=1,Arman Ghiyasi,NULL,false,NULL,NULL,Positive,Satisfied,other,Low,70
e8ceb5ac5d138717,AloPeyk,Alopeyk,Razavi Khorasan,NULL,"Razavi Khorasan Province, Mashhad, دانشجو 5،, No. پلاک 47, Iran",36.3034438,59.5938871,8 years ago,Can car enthusiasts also register?,5.0,google_maps,https://www.google.com/maps/place/Alopeyk/data=!4m7!3m6!1s0x3f6c8d6350de5429:0xd14124b101669bc5!8m2!3d36.3034438!4d59.5938871!16s%2Fg%2F11gfkm74hg!19sChIJKVTeUGONbD8RxZtmAbEkQdE?authuser=0&hl=en&rclk=1,alireza panbehkar,NULL,false,NULL,NULL,Positive,Happy,other,Low,70
495d81f3594131e4,AloPeyk,Alopeyk,Razavi Khorasan,NULL,"Razavi Khorasan Province, Mashhad, دانشجو 5،, No. پلاک 47, Iran",36.3034438,59.5938871,6 years ago,"It's a good place to go, because you were a student and it was far away from everyone.",5.0,google_maps,https://www.google.com/maps/place/Alopeyk/data=!4m7!3m6!1s0x3f6c8d6350de5429:0xd14124b101669bc5!8m2!3d36.3034438!4d59.5938871!16s%2Fg%2F11gfkm74hg!19sChIJKVTeUGONbD8RxZtmAbEkQdE?authuser=0&hl=en&rclk=1,محمد حمزه زاده,NULL,false,NULL,NULL,Positive,Happy,other,Low,90
eb379ade2d1f3be3,AloPeyk,Alopeyk,Razavi Khorasan,NULL,"Razavi Khorasan Province, Mashhad, دانشجو 5،, No. پلاک 47, Iran",36.3034438,59.5938871,2 years ago,Very polite and friendly drivers.,5.0,google_maps,https://www.google.com/maps/place/Alopeyk/data=!4m7!3m6!1s0x3f6c8d6350de5429:0xd14124b101669bc5!8m2!3d36.3034438!4d59.5938871!16s%2Fg%2F11gfkm74hg!19sChIJKVTeUGONbD8RxZtmAbEkQdE?authuser=0&hl=en&rclk=1,mojtaba kh1990,NULL,false,NULL,NULL,Positive,Happy,other,Low,70
1a6d147938c2b0df,AloPeyk,الوپیک,Tehran,Tehran,"Tehran، بن۴، MCF8+643, Iran",35.6730244,51.4152978,3 days ago,This place doesn’t exist here and never has.,1.0,google_maps,https://www.google.com/maps/place/%D8%A7%D9%84%D9%88%D9%BE%DB%8C%DA%A9%E2%80%AD/data=!4m7!3m6!1s0x3f8e0184df80464f:0x99edef69f37e1d4c!8m2!3d35.6730244!4d51.4152978!16s%2Fg%2F11kj7hgx04!19sChIJT0aA34QBjj8RTB1-82nv7Zk?authuser=0&hl=en&rclk=1,M E H T I,NULL,false,NULL,NULL,Negative,Angry,other,High,80
0124aa9f70e9201b,AloPeyk,الوپیک,Tehran,Tehran,"Tehran، بن۴، MCF8+643, Iran",35.6730244,51.4152978,a year ago,"Hello, I was a member of the Aloe Pack ambassadors group 3 years ago. I came out and got my documents. Now I want to become a member again. It says the national code has been entered and has already been registered in the system. No matter …",2.0,google_maps,https://www.google.com/maps/place/%D8%A7%D9%84%D9%88%D9%BE%DB%8C%DA%A9%E2%80%AD/data=!4m7!3m6!1s0x3f8e0184df80464f:0x99edef69f37e1d4c!8m2!3d35.6730244!4d51.4152978!16s%2Fg%2F11kj7hgx04!19sChIJT0aA34QBjj8RTB1-82nv7Zk?authuser=0&hl=en&rclk=1,ali Gholipor,NULL,false,NULL,NULL,Negative,Disappointed,other,Medium,90
8a38e390d7ba7cde,AloPeyk,پیک موتوری ثابت,اصفهان,اصفهان,"Isfahan، استان اصفهان، اصفهان، خیابان بزرگمهر،، MP52+272, Iran",32.6575174,51.700651,6 years ago,High service speed,5.0,google_maps,https://www.google.com/maps/place/%D9%BE%DB%8C%DA%A9+%D9%85%D9%88%D8%AA%D9%88%D8%B1%DB%8C+%D8%AB%D8%A7%D8%A8%D8%AA%E2%80%AD/data=!4m7!3m6!1s0x3fbc4bf686e10c2f:0xc327085edf539a8b!8m2!3d32.6575174!4d51.700651!16s%2Fg%2F11j7hztt2w!19sChIJLwzhhvZLvD8Ri5pT314IJ8M?authuser=0&hl=en&rclk=1,سعید خلیلی,NULL,false,NULL,NULL,Positive,Happy,other,Low,70
ec1515a98a95f486,AloPeyk,الوپیک اصفهان,Isfahan,Isfahan,"Isfahan Province, Isfahan، کوچه پاکوشک، MM3W+5FF, Iran",32.6529278,51.6961704,7 years ago,"""ALOW PEYK"" is an automated courier application, via the Internet and using a mobile phone.

Using the ""Alopik"" app, you can register in the shortest time anywhere in Isfahan to request a courier to send your packet, and from the moment of ordering until arriving at the destination, follow the live courier's move on the map live Make sure the shipping is fast and accurate to the destination",5.0,google_maps,https://www.google.com/maps/place/%D8%A7%D9%84%D9%88%D9%BE%DB%8C%DA%A9+%D8%A7%D8%B5%D9%81%D9%87%D8%A7%D9%86%E2%80%AD/data=!4m7!3m6!1s0x3fbc49892af9c7df:0x9f3cc99e210fe0ff!8m2!3d32.6529278!4d51.6961704!16s%2Fg%2F11hddyjnt2!19sChIJ38f5KolJvD8R_-APIZ7JPJ8?authuser=0&hl=en&rclk=1,mohammad saraami,NULL,false,NULL,NULL,Positive,Happy,other,Low,90
ba5f323bb62da859,AloPeyk,الوپیک اصفهان,Isfahan,Isfahan,"Isfahan Province, Isfahan، کوچه پاکوشک، MM3W+5FF, Iran",32.6529278,51.6961704,7 years ago,esfhan alopeyk is the best,5.0,google_maps,https://www.google.com/maps/place/%D8%A7%D9%84%D9%88%D9%BE%DB%8C%DA%A9+%D8%A7%D8%B5%D9%81%D9%87%D8%A7%D9%86%E2%80%AD/data=!4m7!3m6!1s0x3fbc49892af9c7df:0x9f3cc99e210fe0ff!8m2!3d32.6529278!4d51.6961704!16s%2Fg%2F11hddyjnt2!19sChIJ38f5KolJvD8R_-APIZ7JPJ8?authuser=0&hl=en&rclk=1,Ata Az,NULL,false,NULL,NULL,Positive,Happy,other,Low,70
6f570c748052c72b,AloPeyk,الوپیک اصفهان,Isfahan,Isfahan,"Isfahan Province, Isfahan، کوچه پاکوشک، MM3W+5FF, Iran",32.6529278,51.6961704,7 years ago,"Elvipak service in Isfahan is an economical, high-quality service that operates in this city with a variety of services such as motor couriers, motorbikes, passenger cars, and freight cars.",5.0,google_maps,https://www.google.com/maps/place/%D8%A7%D9%84%D9%88%D9%BE%DB%8C%DA%A9+%D8%A7%D8%B5%D9%81%D9%87%D8%A7%D9%86%E2%80%AD/data=!4m7!3m6!1s0x3fbc49892af9c7df:0x9f3cc99e210fe0ff!8m2!3d32.6529278!4d51.6961704!16s%2Fg%2F11hddyjnt2!19sChIJ38f5KolJvD8R_-APIZ7JPJ8?authuser=0&hl=en&rclk=1,آژانس کامبیز,NULL,false,NULL,NULL,Positive,Happy,other,Low,80
da5c8c48f02fb088,AloPeyk,الوپیک اصفهان,Isfahan,Isfahan,"Isfahan Province, Isfahan، کوچه پاکوشک، MM3W+5FF, Iran",32.6529278,51.6961704,7 years ago,"Inside Shahinshahr, but there is no motorcycle courier service yet.",1.0,google_maps,https://www.google.com/maps/place/%D8%A7%D9%84%D9%88%D9%BE%DB%8C%DA%A9+%D8%A7%D8%B5%D9%81%D9%87%D8%A7%D9%86%E2%80%AD/data=!4m7!3m6!1s0x3fbc49892af9c7df:0x9f3cc99e210fe0ff!8m2!3d32.6529278!4d51.6961704!16s%2Fg%2F11hddyjnt2!19sChIJ38f5KolJvD8R_-APIZ7JPJ8?authuser=0&hl=en&rclk=1,Sa eed,NULL,false,NULL,NULL,Negative,Angry,other,High,80
866a7db957ad025d,AloPeyk,الوپیک اصفهان,Isfahan,Isfahan,"Isfahan Province, Isfahan، کوچه پاکوشک، MM3W+5FF, Iran",32.6529278,51.6961704,8 years ago,"Alopeyk Esfahan
Alopeyk Esfahan",5.0,google_maps,https://www.google.com/maps/place/%D8%A7%D9%84%D9%88%D9%BE%DB%8C%DA%A9+%D8%A7%D8%B5%D9%81%D9%87%D8%A7%D9%86%E2%80%AD/data=!4m7!3m6!1s0x3fbc49892af9c7df:0x9f3cc99e210fe0ff!8m2!3d32.6529278!4d51.6961704!16s%2Fg%2F11hddyjnt2!19sChIJ38f5KolJvD8R_-APIZ7JPJ8?authuser=0&hl=en&rclk=1,Mohamad Masumi,NULL,false,NULL,NULL,Positive,Happy,other,Low,70
a15d9eb5537dee13,AloPeyk,الوپیک اصفهان,Isfahan,Isfahan,"Isfahan Province, Isfahan، کوچه پاکوشک، MM3W+5FF, Iran",32.6529278,51.6961704,7 years ago,👎👎 …,2.0,google_maps,https://www.google.com/maps/place/%D8%A7%D9%84%D9%88%D9%BE%DB%8C%DA%A9+%D8%A7%D8%B5%D9%81%D9%87%D8%A7%D9%86%E2%80%AD/data=!4m7!3m6!1s0x3fbc49892af9c7df:0x9f3cc99e210fe0ff!8m2!3d32.6529278!4d51.6961704!16s%2Fg%2F11hddyjnt2!19sChIJ38f5KolJvD8R_-APIZ7JPJ8?authuser=0&hl=en&rclk=1,مهدی اعرابی,NULL,false,NULL,NULL,Negative,Disappointed,other,Medium,80
e5354cb1d7deddba,AloPeyk,الوپیک اصفهان,Isfahan,Isfahan,"Isfahan Province, Isfahan، کوچه پاکوشک، MM3W+5FF, Iran",32.6529278,51.6961704,8 years ago,Alopeyk Esfahan,5.0,google_maps,https://www.google.com/maps/place/%D8%A7%D9%84%D9%88%D9%BE%DB%8C%DA%A9+%D8%A7%D8%B5%D9%81%D9%87%D8%A7%D9%86%E2%80%AD/data=!4m7!3m6!1s0x3fbc49892af9c7df:0x9f3cc99e210fe0ff!8m2!3d32.6529278!4d51.6961704!16s%2Fg%2F11hddyjnt2!19sChIJ38f5KolJvD8R_-APIZ7JPJ8?authuser=0&hl=en&rclk=1,Mohamad Masumi,NULL,false,NULL,NULL,Positive,Happy,other,Low,70
45bfc7c8b137ed6f,AloPeyk,الوپیک اصفهان,Isfahan,Isfahan,"Isfahan Province, Isfahan، کوچه پاکوشک، MM3W+5FF, Iran",32.6529278,51.6961704,6 years ago,NULL,5.0,google_maps,https://www.google.com/maps/place/%D8%A7%D9%84%D9%88%D9%BE%DB%8C%DA%A9+%D8%A7%D8%B5%D9%81%D9%87%D8%A7%D9%86%E2%80%AD/data=!4m7!3m6!1s0x3fbc49892af9c7df:0x9f3cc99e210fe0ff!8m2!3d32.6529278!4d51.6961704!16s%2Fg%2F11hddyjnt2!19sChIJ38f5KolJvD8R_-APIZ7JPJ8?authuser=0&hl=en&rclk=1,omid noroozi,NULL,false,NULL,NULL,Positive,Happy,other,Low,55
0f6d07240a7dd409,AloPeyk,الوپیک شیراز,Fars,شیراز,"JH89+7CX District 3, Shiraz, Fars Province, Iran",29.6157392,52.5660181,8 years ago,alopeyk shiraz,5.0,google_maps,"https://www.google.com/maps/place/%D8%A7%D9%84%D9%88%D9%BE%DB%8C%DA%A9+%D8%B4%DB%8C%D8%B1%D8%A7%D8%B2%E2%80%AD/@29.6157392,52.5660181,17z/data=!3m1!4b1!4m6!3m5!1s0x3fb20d1b660fdb65:0x4d1515ef03ea2052!8m2!3d29.6157392!4d52.5685984!16s%2Fg%2F11gfkjl2hz?hl=en&entry=ttu&g_ep=EgoyMDI2MDcyOS4wIKXMDSoASAFQAw%3D%3D",Majid Moosavi,NULL,false,NULL,NULL,Positive,Happy,other,Low,70
87f0ce39f1b7b38b,AloPeyk,الوپیک شیراز,Fars,شیراز,"JH89+7CX District 3, Shiraz, Fars Province, Iran",29.6157392,52.5660181,8 years ago,Register with AloPik to collaborate,3.0,google_maps,"https://www.google.com/maps/place/%D8%A7%D9%84%D9%88%D9%BE%DB%8C%DA%A9+%D8%B4%DB%8C%D8%B1%D8%A7%D8%B2%E2%80%AD/@29.6157392,52.5660181,17z/data=!3m1!4b1!4m6!3m5!1s0x3fb20d1b660fdb65:0x4d1515ef03ea2052!8m2!3d29.6157392!4d52.5685984!16s%2Fg%2F11gfkjl2hz?hl=en&entry=ttu&g_ep=EgoyMDI2MDcyOS4wIKXMDSoASAFQAw%3D%3D",mohamadreza sadeghpour,NULL,false,NULL,NULL,Neutral,Satisfied,other,Low,70
99b24401abf70fa0,AloPeyk,الوپیک شیراز,Fars,شیراز,"JH89+7CX District 3, Shiraz, Fars Province, Iran",29.6157392,52.5660181,2 years ago,We love Aloe Vera.,5.0,google_maps,"https://www.google.com/maps/place/%D8%A7%D9%84%D9%88%D9%BE%DB%8C%DA%A9+%D8%B4%DB%8C%D8%B1%D8%A7%D8%B2%E2%80%AD/@29.6157392,52.5660181,17z/data=!3m1!4b1!4m6!3m5!1s0x3fb20d1b660fdb65:0x4d1515ef03ea2052!8m2!3d29.6157392!4d52.5685984!16s%2Fg%2F11gfkjl2hz?hl=en&entry=ttu&g_ep=EgoyMDI2MDcyOS4wIKXMDSoASAFQAw%3D%3D",Aref banan,NULL,false,NULL,NULL,Positive,Happy,other,Low,70
c10fdad5eb792e98,AloPeyk,الوپیک شیراز,Fars,شیراز,"JH89+7CX District 3, Shiraz, Fars Province, Iran",29.6157392,52.5660181,4 years ago,"Hello, we want to get our documents, where should we get them?",5.0,google_maps,"https://www.google.com/maps/place/%D8%A7%D9%84%D9%88%D9%BE%DB%8C%DA%A9+%D8%B4%DB%8C%D8%B1%D8%A7%D8%B2%E2%80%AD/@29.6157392,52.5660181,17z/data=!3m1!4b1!4m6!3m5!1s0x3fb20d1b660fdb65:0x4d1515ef03ea2052!8m2!3d29.6157392!4d52.5685984!16s%2Fg%2F11gfkjl2hz?hl=en&entry=ttu&g_ep=EgoyMDI2MDcyOS4wIKXMDSoASAFQAw%3D%3D",Marjan pourhagh,NULL,false,NULL,NULL,Positive,Happy,other,Low,70
1c1a8f3f6a82c383,AloPeyk,الوپیک شیراز,Fars,شیراز,"JH89+7CX District 3, Shiraz, Fars Province, Iran",29.6157392,52.5660181,7 years ago,I didn't like the system.,1.0,google_maps,"https://www.google.com/maps/place/%D8%A7%D9%84%D9%88%D9%BE%DB%8C%DA%A9+%D8%B4%DB%8C%D8%B1%D8%A7%D8%B2%E2%80%AD/@29.6157392,52.5660181,17z/data=!3m1!4b1!4m6!3m5!1s0x3fb20d1b660fdb65:0x4d1515ef03ea2052!8m2!3d29.6157392!4d52.5685984!16s%2Fg%2F11gfkjl2hz?hl=en&entry=ttu&g_ep=EgoyMDI2MDcyOS4wIKXMDSoASAFQAw%3D%3D",Sepehr “S E P E H R” Mahmoudi,NULL,false,NULL,NULL,Negative,Angry,other,High,80
7da0bf0c50c00f87,AloPeyk,الوپیک شیراز,Fars,شیراز,"JH89+7CX District 3, Shiraz, Fars Province, Iran",29.6157392,52.5660181,8 years ago,Thank you for registering your location.,5.0,google_maps,"https://www.google.com/maps/place/%D8%A7%D9%84%D9%88%D9%BE%DB%8C%DA%A9+%D8%B4%DB%8C%D8%B1%D8%A7%D8%B2%E2%80%AD/@29.6157392,52.5660181,17z/data=!3m1!4b1!4m6!3m5!1s0x3fb20d1b660fdb65:0x4d1515ef03ea2052!8m2!3d29.6157392!4d52.5685984!16s%2Fg%2F11gfkjl2hz?hl=en&entry=ttu&g_ep=EgoyMDI2MDcyOS4wIKXMDSoASAFQAw%3D%3D",Pezhman Mirahmadi,NULL,false,NULL,NULL,Positive,Happy,other,Low,70
26fd9814b64aa752,AloPeyk,الوپیک شیراز,Fars,شیراز,"JH89+7CX District 3, Shiraz, Fars Province, Iran",29.6157392,52.5660181,8 years ago,"Alopeyk Shiraz
Alopeyk Shiraz",5.0,google_maps,"https://www.google.com/maps/place/%D8%A7%D9%84%D9%88%D9%BE%DB%8C%DA%A9+%D8%B4%DB%8C%D8%B1%D8%A7%D8%B2%E2%80%AD/@29.6157392,52.5660181,17z/data=!3m1!4b1!4m6!3m5!1s0x3fb20d1b660fdb65:0x4d1515ef03ea2052!8m2!3d29.6157392!4d52.5685984!16s%2Fg%2F11gfkjl2hz?hl=en&entry=ttu&g_ep=EgoyMDI2MDcyOS4wIKXMDSoASAFQAw%3D%3D",MASOUMI HA معصومی ها,NULL,false,NULL,NULL,Positive,Happy,other,Low,70
4448e786cd34eda1,Chapar,Chapar Center,Tehran Province,Tehran,"Tehran Province, Tehran",NULL,NULL,2026-06-05,Slow delivery speed and bad professionalism from staff. (Tehran),2.0,analytics_demo,NULL,user_Ch_5_1,NULL,false,NULL,NULL,Negative,Disappointed,delivery_delay,High,90
9e965b14950fbce0,Chapar,Chapar Center,Tehran Province,Tehran,"Tehran Province, Tehran",NULL,NULL,2026-05-23,Good customer service and helpful staff behavior by Mr Karimi. (Tehran),4.0,analytics_demo,NULL,user_Ch_5_4,NULL,false,NULL,NULL,Positive,Satisfied,staff_behavior,Low,90
e1bd95c6122b625a,Chapar,Chapar Center,Tehran Province,Tehran,"Tehran Province, Tehran",NULL,NULL,2026-05-06,Neutral experience. Communication was average. (Tehran),3.0,analytics_demo,NULL,user_Ch_5_6,NULL,false,NULL,NULL,Neutral,Satisfied,other,Low,70
0ea3ad8377e9deb5,Chapar,Chapar Center,Tehran Province,Tehran,"Tehran Province, Tehran",NULL,NULL,2026-07-31,Package arrived damaged and tracking quality was bad. (Tehran),2.0,analytics_demo,NULL,user_Ch_5_11,NULL,false,NULL,NULL,Negative,Disappointed,package_damage,High,90
c6251e3d29d8c1f3,Chapar,Chapar Center,Tehran Province,Tehran,"Tehran Province, Tehran",NULL,NULL,2026-05-18,Fast delivery and good tracking. Professional team. (Tehran),4.0,analytics_demo,NULL,user_Ch_5_12,NULL,false,NULL,NULL,Positive,Satisfied,tracking,Low,90
245bad92aafb5d86,Chapar,Chapar Center,Tehran Province,Tehran,"Tehran Province, Tehran",NULL,NULL,2026-08-01,"Average service, normal delivery, fair pricing overall. (Tehran)",3.0,analytics_demo,NULL,user_Ch_5_14,NULL,false,NULL,NULL,Neutral,Satisfied,other,Low,70
e10b765dd521e938,Chapar,Chapar Shiraz,Fars,Shiraz,"Fars, Shiraz",NULL,NULL,2026-05-15,Neutral experience. Communication was average. (Shiraz),3.0,analytics_demo,NULL,user_Ch_6_1,NULL,false,NULL,NULL,Neutral,Satisfied,other,Low,70
4a742020f3230596,Chapar,Chapar Shiraz,Fars,Shiraz,"Fars, Shiraz",NULL,NULL,2026-06-22,Cheap pricing and great communication from Ms Rezaei. (Shiraz),5.0,analytics_demo,NULL,user_Ch_6_2,NULL,false,NULL,NULL,Positive,Happy,other,Low,80
ace52cd7a88f3433,Chapar,Chapar Shiraz,Fars,Shiraz,"Fars, Shiraz",NULL,NULL,2026-05-05,Slow delivery speed and bad professionalism from staff. (Shiraz),2.0,analytics_demo,NULL,user_Ch_6_3,NULL,false,NULL,NULL,Negative,Disappointed,delivery_delay,High,90
a5f4f5eb847b0e4f,Chapar,Chapar Shiraz,Fars,Shiraz,"Fars, Shiraz",NULL,NULL,2026-06-04,Worst delivery delay and package damage. Tracking never updated. (Shiraz),1.0,analytics_demo,NULL,user_Ch_6_5,NULL,false,NULL,NULL,Negative,Angry,delivery_delay,Critical,90
18a005120bb7ee45,Chapar,Chapar Shiraz,Fars,Shiraz,"Fars, Shiraz",NULL,NULL,2026-06-12,Great service and fast delivery. Excellent professionalism. (Shiraz),5.0,analytics_demo,NULL,user_Ch_6_6,NULL,false,NULL,NULL,Positive,Happy,other,Low,80
5501d86b6a8b6826,Chapar,Chapar Shiraz,Fars,Shiraz,"Fars, Shiraz",NULL,NULL,2026-06-11,Good customer service and helpful staff behavior by Mr Karimi. (Shiraz),4.0,analytics_demo,NULL,user_Ch_6_7,NULL,false,NULL,NULL,Positive,Satisfied,staff_behavior,Low,90
b5025aedb17e31af,Chapar,Chapar Shiraz,Fars,Shiraz,"Fars, Shiraz",NULL,NULL,2026-05-12,Fast delivery and good tracking. Professional team. (Shiraz),4.0,analytics_demo,NULL,user_Ch_6_9,NULL,false,NULL,NULL,Positive,Satisfied,tracking,Low,90
affb0996de00f474,Chapar,Chapar Shiraz,Fars,Shiraz,"Fars, Shiraz",NULL,NULL,2026-07-24,Package arrived damaged and tracking quality was bad. (Shiraz),2.0,analytics_demo,NULL,user_Ch_6_11,NULL,false,NULL,NULL,Negative,Disappointed,package_damage,High,90
238802284c644d18,Chapar,Chapar Tabriz,East Azerbaijan,Tabriz,"East Azerbaijan, Tabriz",NULL,NULL,2026-06-19,Expensive pricing and awful customer service in the branch. (Tabriz),1.0,analytics_demo,NULL,user_Ch_7_0,NULL,false,NULL,NULL,Negative,Angry,price,High,90
9aff4f5d9611d524,Chapar,Chapar Tabriz,East Azerbaijan,Tabriz,"East Azerbaijan, Tabriz",NULL,NULL,2026-07-26,Cheap pricing and great communication from Ms Rezaei. (Tabriz),5.0,analytics_demo,NULL,user_Ch_7_1,NULL,false,NULL,NULL,Positive,Happy,other,Low,80
61393f612ff1e398,Chapar,Chapar Tabriz,East Azerbaijan,Tabriz,"East Azerbaijan, Tabriz",NULL,NULL,2026-07-20,Great service and fast delivery. Excellent professionalism. (Tabriz),5.0,analytics_demo,NULL,user_Ch_7_4,NULL,false,NULL,NULL,Positive,Happy,other,Low,80
c8f152b89c4ed630,Chapar,Chapar Tabriz,East Azerbaijan,Tabriz,"East Azerbaijan, Tabriz",NULL,NULL,2026-05-15,Neutral experience. Communication was average. (Tabriz),3.0,analytics_demo,NULL,user_Ch_7_5,NULL,false,NULL,NULL,Neutral,Satisfied,other,Low,70
fdfe9b47f4976208,Chapar,Chapar Tabriz,East Azerbaijan,Tabriz,"East Azerbaijan, Tabriz",NULL,NULL,2026-07-23,Worst delivery delay and package damage. Tracking never updated. (Tabriz),1.0,analytics_demo,NULL,user_Ch_7_6,NULL,false,NULL,NULL,Negative,Angry,delivery_delay,Critical,90
2096dac27ac03108,Chapar,Chapar Tabriz,East Azerbaijan,Tabriz,"East Azerbaijan, Tabriz",NULL,NULL,2026-05-15,Package arrived damaged and tracking quality was bad. (Tabriz),2.0,analytics_demo,NULL,user_Ch_7_7,NULL,false,NULL,NULL,Negative,Disappointed,package_damage,High,90
ad84fe4d03e494ec,Chapar,Chapar Tabriz,East Azerbaijan,Tabriz,"East Azerbaijan, Tabriz",NULL,NULL,2026-07-13,Good customer service and helpful staff behavior by Mr Karimi. (Tabriz),4.0,analytics_demo,NULL,user_Ch_7_8,NULL,false,NULL,NULL,Positive,Satisfied,staff_behavior,Low,90
b6ac7badaf555c72,Chapar,Chapar Tabriz,East Azerbaijan,Tabriz,"East Azerbaijan, Tabriz",NULL,NULL,2026-06-18,"Average service, normal delivery, fair pricing overall. (Tabriz)",3.0,analytics_demo,NULL,user_Ch_7_9,NULL,false,NULL,NULL,Neutral,Satisfied,other,Low,70
630db3c1909caafa,Chapar,Chapar Tabriz,East Azerbaijan,Tabriz,"East Azerbaijan, Tabriz",NULL,NULL,2026-07-17,Fast delivery and good tracking. Professional team. (Tabriz),4.0,analytics_demo,NULL,user_Ch_7_11,NULL,false,NULL,NULL,Positive,Satisfied,tracking,Low,90
