{"type":"FeatureCollection","features":[{"type":"Feature","id":"Bushehr","properties":{"name":"Bushehr","name_fa":"بوشهر"},"geometry":{"type":"MultiPolygon","coordinates":[[[[52.67,27.46],[52.67,27.46],[52.67,27.46],[52.67,27.46],[52.67,27.46],[52.67,27.46],[52.67,27.46],[52.67,27.46],[52.67,27.46],[52.67,27.46],[52.67,27.46],[52.67,27.46],[52.67,27.46]]],[[[51.47,27.83],[51.48,27.83],[51.47,27.82],[51.47,27.82],[51.47,27.82],[51.47,27.82],[51.47,27.82],[51.47,27.82],[51.47,27.82],[51.47,27.82],[51.47,27.82],[51.47,27.82],[51.47,27.82],[51.47,27.83],[51.47,27.83],[51.47,27.83],[51.47,27.83]]],[[[51.57,27.84],[51.57,27.84],[51.57,27.83],[51.57,27.83],[51.57,27.83],[51.56,27.83],[51.56,27.84],[51.56,27.83],[51.56,27.83],[51.56,27.83],[51.56,27.83],[51.56,27.84],[51.56,27.84],[51.56,27.84],[51.56,27.84],[51.57,27.84],[51.57,27.84]]],[[[51.43,27.89],[51.43,27.89],[51.43,27.89],[51.43,27.89],[51.43,27.89],[51.43,27.89],[51.43,27.89],[51.43,27.89],[51.44,27.89],[51.44,27.89],[51.44,27.89],[51.44,27.89],[51.44,27.89],[51.44,27.89],[51.44,27.89],[51.44,27.89],[51.44,27.89],[51.44,27.88],[51.44,27.88],[51.44,27.88],[51.44,27.88],[51.44,27.88],[51.44,27.88],[51.44,27.88],[51.45,27.88],[51.45,27.88],[51.45,27.88],[51.45,27.88],[51.45,27.88],[51.45,27.88],[51.45,27.88],[51.45,27.88],[51.45,27.87],[51.45,27.87],[51.45,27.87],[51.45,27.87],[51.45,27.87],[51.45,27.87],[51.45,27.87],[51.45,27.87],[51.45,27.87],[51.45,27.87],[51.46,27.87],[51.46,27.87],[51.46,27.87],[51.46,27.87],[51.46,27.86],[51.46,27.86],[51.46,27.86],[51.46,27.86],[51.46,27.86],[51.46,27.86],[51.46,27.86],[51.46,27.86],[51.46,27.86],[51.46,27.85],[51.46,27.85],[51.46,27.85],[51.46,27.85],[51.46,27.85],[51.46,27.85],[51.46,27.85],[51.46,27.85],[51.46,27.85],[51.46,27.85],[51.46,27.85],[51.46,27.85],[51.46,27.85],[51.46,27.85],[51.46,27.85],[51.46,27.85],[51.46,27.85],[51.46,27.85],[51.46,27.84],[51.45,27.84],[51.45,27.85],[51.45,27.85],[51.45,27.85],[51.45,27.85],[51.45,27.85],[51.45,27.85],[51.45,27.85],[51.45,27.85],[51.44,27.85],[51.44,27.85],[51.44,27.85],[51.44,27.86],[51.44,27.86],[51.44,27.86],[51.44,27.86],[51.44,27.86],[51.44,27.86],[51.44,27.86],[51.44,27.86],[51.44,27.86],[51.44,27.86],[51.44,27.86],[51.44,27.86],[51.44,27.87],[51.44,27.87],[51.44,27.87],[51.43,27.87],[51.43,27.87],[51.43,27.87],[51.43,27.87],[51.43,27.88],[51.43,27.88],[51.43,27.88],[51.43,27.88],[51.43,27.88],[51.43,27.88],[51.43,27.88],[51.43,27.89],[51.43,27.89],[51.43,27.89],[51.43,27.89],[51.43,27.89],[51.43,27.89],[51.43,27.89],[51.43,27.89]]],[[[51.41,27.92],[51.41,27.91],[51.41,27.91],[51.41,27.91],[51.41,27.91],[51.41,27.91],[51.41,27.91],[51.42,27.91],[51.42,27.91],[51.42,27.91],[51.42,27.91],[51.42,27.91],[51.42,27.91],[51.42,27.91],[51.42,27.91],[51.42,27.91],[51.42,27.91],[51.42,27.9],[51.42,27.9],[51.42,27.9],[51.42,27.9],[51.42,27.9],[51.42,27.9],[51.42,27.9],[51.42,27.9],[51.42,27.9],[51.42,27.9],[51.42,27.9],[51.41,27.9],[51.41,27.91],[51.41,27.91],[51.41,27.91],[51.41,27.91],[51.41,27.91],[51.41,27.91],[51.41,27.91],[51.41,27.91],[51.41,27.91],[51.41,27.92],[51.41,27.92]]],[[[51.0,28.82],[51.0,28.82],[51.0,28.82],[51.0,28.82],[51.0,28.82],[51.0,28.82],[51.0,28.82],[51.01,28.82],[51.01,28.82],[51.01,28.82],[51.01,28.82],[51.01,28.82],[51.01,28.82],[51.01,28.82],[51.01,28.82],[51.01,28.82],[51.0,28.81],[51.0,28.81],[51.0,28.81],[51.0,28.81],[51.0,28.81],[51.0,28.82],[51.0,28.82],[51.0,28.82],[51.0,28.82],[51.0,28.82],[51.0,28.82],[51.0,28.82],[51.0,28.82],[51.0,28.81],[51.0,28.81],[51.0,28.82],[51.0,28.82],[51.0,28.82],[51.0,28.82],[51.0,28.82],[51.0,28.82],[51.0,28.82]]],[[[50.9,28.94],[50.9,28.94],[50.9,28.94],[50.89,28.94],[50.89,28.94],[50.89,28.94],[50.89,28.94],[50.89,28.94],[50.9,28.94]]],[[[50.88,28.97],[50.88,28.97],[50.88,28.97],[50.88,28.97],[50.88,28.97],[50.88,28.97],[50.88,28.97],[50.88,28.97],[50.88,28.97]]],[[[50.88,28.97],[50.88,28.97],[50.88,28.97],[50.88,28.97],[50.88,28.97],[50.88,28.97],[50.88,28.97],[50.88,28.97],[50.88,28.97]]],[[[50.89,28.97],[50.89,28.97],[50.89,28.97],[50.89,28.97],[50.89,28.97],[50.89,28.97],[50.89,28.97],[50.89,28.97]]],[[[50.9,28.97],[50.9,28.97],[50.9,28.97],[50.9,28.97],[50.9,28.97],[50.9,28.97],[50.9,28.97],[50.9,28.97],[50.9,28.97],[50.9,28.97],[50.9,28.97],[50.9,28.97]]],[[[50.87,28.97],[50.87,28.97],[50.88,28.97],[50.88,28.97],[50.87,28.97],[50.87,28.97],[50.87,28.97],[50.87,28.97],[50.87,28.97],[50.87,28.97],[50.86,28.97],[50.86,28.97],[50.86,28.97],[50.87,28.97],[50.87,28.97],[50.87,28.97],[50.87,28.97]]],[[[50.88,28.99],[50.88,28.99],[50.88,28.98],[50.88,28.98],[50.88,28.98],[50.87,28.98],[50.87,28.98],[50.87,28.98],[50.87,28.98],[50.87,28.98],[50.87,28.98],[50.87,28.98],[50.87,28.98],[50.87,28.98],[50.87,28.99],[50.88,28.99]]],[[[50.91,29.0],[50.91,28.99],[50.91,28.99],[50.91,28.99],[50.91,28.99],[50.91,28.99],[50.91,28.99],[50.91,28.99],[50.91,28.99],[50.91,28.99],[50.91,28.99],[50.91,28.99],[50.91,28.99],[50.91,28.99],[50.91,28.99],[50.91,29.0],[50.91,29.0]]],[[[50.88,29.0],[50.88,29.0],[50.88,29.0],[50.88,29.0],[50.88,28.99],[50.88,29.0],[50.88,28.99],[50.88,28.99],[50.88,28.99],[50.88,28.99],[50.88,28.99],[50.88,28.99],[50.88,28.99],[50.88,28.99],[50.88,28.99],[50.88,28.99],[50.88,28.99],[50.87,28.99],[50.87,28.99],[50.87,28.99],[50.87,28.99],[50.87,28.98],[50.87,28.98],[50.87,28.98],[50.86,28.98],[50.86,28.98],[50.86,28.98],[50.86,28.98],[50.86,28.98],[50.86,28.98],[50.86,28.98],[50.86,28.98],[50.86,28.98],[50.86,28.98],[50.86,28.99],[50.86,28.99],[50.86,28.99],[50.86,28.99],[50.86,29.0],[50.86,29.0],[50.86,29.0],[50.86,29.0],[50.87,29.0],[50.87,29.0],[50.87,29.0],[50.88,29.0]]],[[[50.88,29.0],[50.88,29.0],[50.88,29.0],[50.88,29.0],[50.88,29.0],[50.88,29.0],[50.88,29.0],[50.88,29.0]]],[[[50.84,29.0],[50.84,29.0],[50.84,29.0],[50.84,29.0],[50.84,29.0],[50.84,29.0],[50.84,29.0],[50.84,29.0],[50.84,29.0],[50.85,28.99],[50.85,28.99],[50.84,28.99],[50.84,28.99],[50.84,28.99],[50.84,28.99],[50.84,28.99],[50.84,28.99],[50.84,29.0],[50.84,29.0],[50.84,29.0],[50.84,29.0],[50.83,29.0],[50.83,29.0],[50.84,29.0],[50.84,29.0],[50.84,29.0],[50.84,29.0],[50.84,29.0]]],[[[50.73,29.07],[50.73,29.07],[50.73,29.07],[50.73,29.07],[50.74,29.07],[50.74,29.07],[50.74,29.07],[50.74,29.07],[50.73,29.07],[50.73,29.07],[50.73,29.07],[50.73,29.07],[50.73,29.07],[50.73,29.07],[50.73,29.07]]],[[[50.87,29.07],[50.87,29.07],[50.87,29.07],[50.88,29.07],[50.88,29.07],[50.88,29.07],[50.88,29.07],[50.88,29.07],[50.88,29.07],[50.89,29.07],[50.89,29.07],[50.89,29.07],[50.89,29.07],[50.89,29.07],[50.89,29.07],[50.89,29.07],[50.89,29.07],[50.89,29.06],[50.89,29.06],[50.89,29.06],[50.89,29.06],[50.89,29.05],[50.89,29.05],[50.89,29.05],[50.89,29.05],[50.89,29.05],[50.89,29.05],[50.89,29.04],[50.89,29.04],[50.89,29.04],[50.89,29.04],[50.89,29.04],[50.89,29.04],[50.89,29.03],[50.89,29.03],[50.89,29.03],[50.89,29.03],[50.89,29.03],[50.89,29.03],[50.89,29.02],[50.89,29.02],[50.89,29.02],[50.9,29.02],[50.9,29.02],[50.9,29.02],[50.9,29.02],[50.9,29.02],[50.89,29.02],[50.89,29.02],[50.89,29.01],[50.89,29.01],[50.89,29.01],[50.89,29.01],[50.89,29.01],[50.89,29.01],[50.89,29.01],[50.89,29.01],[50.89,29.01],[50.89,29.0],[50.88,29.0],[50.88,29.0],[50.88,29.0],[50.88,29.0],[50.88,29.0],[50.88,29.0],[50.88,29.0],[50.88,29.0],[50.88,29.0],[50.87,29.0],[50.87,29.0],[50.87,29.0],[50.87,29.01],[50.87,29.01],[50.87,29.01],[50.87,29.01],[50.87,29.01],[50.87,29.01],[50.87,29.01],[50.87,29.01],[50.87,29.02],[50.87,29.02],[50.87,29.02],[50.87,29.02],[50.87,29.03],[50.87,29.03],[50.87,29.03],[50.87,29.03],[50.87,29.03],[50.87,29.04],[50.87,29.04],[50.87,29.04],[50.87,29.05],[50.87,29.05],[50.87,29.06],[50.87,29.06],[50.87,29.06],[50.87,29.06],[50.87,29.06],[50.87,29.06],[50.87,29.06],[50.87,29.07],[50.87,29.07],[50.87,29.07],[50.87,29.07],[50.87,29.07],[50.87,29.07],[50.87,29.07],[50.87,29.07],[50.87,29.07]]],[[[50.76,29.08],[50.76,29.07],[50.76,29.07],[50.77,29.07],[50.77,29.07],[50.77,29.07],[50.77,29.07],[50.77,29.07],[50.77,29.07],[50.77,29.07],[50.77,29.07],[50.77,29.07],[50.77,29.07],[50.77,29.08],[50.77,29.08],[50.77,29.08],[50.77,29.07],[50.77,29.07],[50.77,29.07],[50.77,29.07],[50.76,29.07],[50.76,29.07],[50.76,29.07],[50.76,29.07],[50.76,29.08],[50.76,29.08],[50.76,29.08],[50.76,29.08],[50.76,29.08],[50.76,29.08],[50.76,29.08],[50.76,29.08],[50.76,29.08],[50.76,29.08],[50.76,29.08],[50.76,29.07],[50.76,29.08],[50.76,29.08]]],[[[50.72,29.08],[50.72,29.08],[50.72,29.08],[50.72,29.08],[50.72,29.08],[50.72,29.08],[50.72,29.07],[50.72,29.07],[50.72,29.07],[50.72,29.07],[50.72,29.07],[50.73,29.07],[50.73,29.07],[50.73,29.07],[50.73,29.07],[50.72,29.07],[50.72,29.07],[50.72,29.07],[50.72,29.07],[50.72,29.07],[50.72,29.07],[50.72,29.07],[50.72,29.07],[50.72,29.07],[50.72,29.07],[50.72,29.08],[50.72,29.08],[50.72,29.08],[50.72,29.08],[50.72,29.08],[50.72,29.08],[50.72,29.08],[50.72,29.08],[50.72,29.08],[50.72,29.08],[50.72,29.08],[50.72,29.08]]],[[[50.72,29.08],[50.72,29.08],[50.72,29.08],[50.72,29.08],[50.72,29.08],[50.72,29.08],[50.72,29.08],[50.72,29.08],[50.72,29.08],[50.72,29.08]]],[[[50.78,29.08],[50.78,29.08],[50.78,29.08],[50.77,29.08],[50.77,29.08],[50.78,29.08],[50.78,29.08],[50.78,29.08],[50.78,29.08]]],[[[50.76,29.08],[50.76,29.08],[50.76,29.08],[50.76,29.08],[50.76,29.08],[50.76,29.08],[50.76,29.08],[50.76,29.08],[50.76,29.08],[50.76,29.08],[50.76,29.08],[50.76,29.08],[50.76,29.08],[50.76,29.08],[50.76,29.08],[50.75,29.08],[50.75,29.08],[50.75,29.08],[50.75,29.08],[50.75,29.08],[50.76,29.08],[50.76,29.08],[50.76,29.08],[50.76,29.08],[50.76,29.08],[50.76,29.08],[50.76,29.08],[50.76,29.08],[50.76,29.08],[50.76,29.08],[50.75,29.08],[50.75,29.08],[50.75,29.08],[50.75,29.08],[50.75,29.08],[50.75,29.08],[50.75,29.08],[50.75,29.08],[50.75,29.08],[50.75,29.08],[50.75,29.08],[50.75,29.08],[50.75,29.08],[50.75,29.08],[50.75,29.08],[50.75,29.08],[50.75,29.08],[50.75,29.08],[50.75,29.08],[50.75,29.08],[50.75,29.08],[50.75,29.08],[50.75,29.08],[50.75,29.09],[50.75,29.09],[50.75,29.09],[50.75,29.09],[50.76,29.09],[50.76,29.09],[50.76,29.08],[50.76,29.08],[50.76,29.08],[50.76,29.08],[50.77,29.08],[50.77,29.08],[50.77,29.08],[50.77,29.08],[50.77,29.08],[50.77,29.08],[50.77,29.08],[50.77,29.08],[50.77,29.08],[50.77,29.08],[50.77,29.08],[50.77,29.08],[50.77,29.08],[50.76,29.08]]],[[[50.74,29.09],[50.74,29.09],[50.74,29.09],[50.74,29.09],[50.74,29.09],[50.74,29.08],[50.74,29.08],[50.74,29.08],[50.74,29.08],[50.73,29.08],[50.73,29.08],[50.73,29.08],[50.73,29.08],[50.73,29.08],[50.73,29.08],[50.73,29.09],[50.73,29.09],[50.73,29.09],[50.73,29.09],[50.73,29.09],[50.74,29.09]]],[[[50.77,29.09],[50.77,29.09],[50.77,29.09],[50.77,29.09],[50.77,29.09],[50.77,29.09],[50.77,29.09]]],[[[50.77,29.1],[50.77,29.1],[50.77,29.1],[50.78,29.1],[50.77,29.09],[50.77,29.09],[50.77,29.09],[50.77,29.09],[50.77,29.09],[50.77,29.09],[50.77,29.1],[50.77,29.1],[50.77,29.1],[50.77,29.1],[50.77,29.1],[50.77,29.1]]],[[[50.75,29.1],[50.75,29.1],[50.75,29.1],[50.75,29.1],[50.75,29.1],[50.75,29.1],[50.75,29.1],[50.75,29.1],[50.75,29.1],[50.74,29.1],[50.75,29.1]]],[[[50.75,29.11],[50.75,29.11],[50.75,29.11],[50.75,29.11],[50.75,29.11],[50.75,29.1],[50.75,29.1],[50.75,29.1],[50.75,29.1],[50.75,29.1],[50.75,29.1],[50.75,29.1],[50.75,29.1],[50.74,29.11],[50.74,29.1],[50.74,29.11],[50.74,29.11],[50.74,29.11],[50.74,29.11],[50.75,29.11],[50.75,29.11],[50.75,29.11]]],[[[50.75,29.11],[50.75,29.11],[50.75,29.11],[50.74,29.11],[50.74,29.11],[50.74,29.11],[50.74,29.11],[50.75,29.11],[50.75,29.11],[50.75,29.11],[50.75,29.11],[50.75,29.11],[50.75,29.11],[50.75,29.11],[50.75,29.11],[50.75,29.11],[50.76,29.11],[50.76,29.11],[50.75,29.11],[50.75,29.11],[50.75,29.11],[50.75,29.11],[50.75,29.11],[50.75,29.11],[50.75,29.11]]],[[[50.76,29.11],[50.76,29.11],[50.76,29.11],[50.75,29.11],[50.75,29.11],[50.75,29.11],[50.76,29.11],[50.76,29.11]]],[[[50.76,29.12],[50.76,29.12],[50.76,29.12],[50.76,29.12],[50.76,29.12],[50.76,29.11],[50.75,29.11],[50.75,29.11],[50.75,29.11],[50.75,29.11],[50.75,29.12],[50.75,29.12],[50.75,29.12],[50.75,29.12],[50.75,29.12],[50.75,29.12],[50.76,29.12],[50.76,29.12]]],[[[50.79,29.16],[50.79,29.15],[50.79,29.15],[50.79,29.15],[50.79,29.15],[50.79,29.15],[50.79,29.16],[50.79,29.16]]],[[[50.28,29.23],[50.28,29.23],[50.29,29.23],[50.29,29.23],[50.29,29.23],[50.29,29.23],[50.29,29.23],[50.29,29.23],[50.29,29.23],[50.29,29.22],[50.29,29.22],[50.29,29.22],[50.29,29.23],[50.29,29.23],[50.28,29.23],[50.28,29.23],[50.28,29.23],[50.28,29.23],[50.28,29.23]]],[[[50.68,29.26],[50.68,29.25],[50.68,29.25],[50.68,29.25],[50.68,29.25],[50.68,29.25],[50.68,29.25],[50.68,29.25],[50.68,29.26],[50.68,29.26]]],[[[50.33,29.27],[50.33,29.27],[50.33,29.27],[50.33,29.27],[50.33,29.27],[50.33,29.27]]],[[[50.29,29.27],[50.3,29.27],[50.3,29.27],[50.3,29.27],[50.3,29.27],[50.3,29.27],[50.3,29.27],[50.3,29.27],[50.3,29.27],[50.3,29.27],[50.3,29.27],[50.31,29.27],[50.31,29.27],[50.31,29.27],[50.31,29.27],[50.31,29.27],[50.31,29.27],[50.31,29.27],[50.31,29.27],[50.31,29.27],[50.31,29.27],[50.32,29.27],[50.32,29.27],[50.32,29.26],[50.32,29.27],[50.32,29.27],[50.32,29.27],[50.33,29.26],[50.33,29.26],[50.33,29.26],[50.33,29.26],[50.33,29.26],[50.33,29.26],[50.33,29.26],[50.33,29.26],[50.34,29.26],[50.34,29.26],[50.34,29.26],[50.34,29.26],[50.34,29.26],[50.33,29.26],[50.33,29.26],[50.33,29.26],[50.33,29.25],[50.33,29.25],[50.33,29.25],[50.33,29.25],[50.33,29.25],[50.33,29.25],[50.33,29.25],[50.33,29.25],[50.33,29.25],[50.33,29.25],[50.33,29.25],[50.33,29.24],[50.33,29.24],[50.33,29.24],[50.33,29.24],[50.33,29.24],[50.33,29.24],[50.33,29.24],[50.33,29.24],[50.33,29.23],[50.33,29.24],[50.33,29.23],[50.33,29.23],[50.33,29.23],[50.33,29.23],[50.33,29.23],[50.33,29.23],[50.34,29.23],[50.34,29.23],[50.34,29.23],[50.34,29.23],[50.34,29.24],[50.34,29.24],[50.34,29.24],[50.34,29.24],[50.34,29.24],[50.34,29.24],[50.34,29.24],[50.34,29.23],[50.34,29.23],[50.34,29.23],[50.34,29.22],[50.34,29.22],[50.34,29.23],[50.34,29.23],[50.34,29.23],[50.33,29.23],[50.33,29.23],[50.33,29.23],[50.33,29.23],[50.33,29.23],[50.33,29.23],[50.33,29.22],[50.33,29.22],[50.33,29.22],[50.33,29.22],[50.33,29.22],[50.33,29.22],[50.33,29.22],[50.33,29.22],[50.33,29.22],[50.33,29.22],[50.33,29.22],[50.33,29.22],[50.33,29.22],[50.33,29.22],[50.34,29.22],[50.34,29.22],[50.34,29.21],[50.34,29.21],[50.34,29.21],[50.34,29.21],[50.33,29.21],[50.33,29.21],[50.33,29.21],[50.33,29.21],[50.33,29.21],[50.33,29.21],[50.33,29.21],[50.33,29.21],[50.33,29.21],[50.33,29.21],[50.32,29.21],[50.32,29.21],[50.32,29.21],[50.32,29.21],[50.32,29.21],[50.32,29.21],[50.31,29.21],[50.31,29.21],[50.31,29.21],[50.31,29.21],[50.31,29.21],[50.31,29.21],[50.31,29.21],[50.31,29.21],[50.31,29.21],[50.31,29.22],[50.3,29.22],[50.3,29.22],[50.3,29.22],[50.3,29.22],[50.3,29.22],[50.3,29.22],[50.3,29.22],[50.3,29.22],[50.3,29.23],[50.3,29.23],[50.3,29.23],[50.3,29.23],[50.3,29.23],[50.3,29.23],[50.3,29.22],[50.3,29.22],[50.3,29.22],[50.3,29.23],[50.3,29.23],[50.3,29.23],[50.3,29.23],[50.3,29.23],[50.3,29.23],[50.3,29.23],[50.3,29.23],[50.3,29.23],[50.3,29.23],[50.3,29.24],[50.3,29.24],[50.3,29.24],[50.3,29.24],[50.29,29.24],[50.29,29.25],[50.29,29.25],[50.3,29.25],[50.3,29.25],[50.3,29.25],[50.29,29.25],[50.29,29.25],[50.29,29.26],[50.29,29.26],[50.29,29.26],[50.29,29.26],[50.29,29.26],[50.29,29.26],[50.29,29.26],[50.29,29.26],[50.29,29.26],[50.29,29.26],[50.29,29.27],[50.29,29.27],[50.28,29.27],[50.28,29.27],[50.28,29.27],[50.28,29.27],[50.28,29.27],[50.28,29.27],[50.29,29.27],[50.29,29.27],[50.29,29.27],[50.29,29.27],[50.29,29.27],[50.29,29.27],[50.29,29.27]]],[[[50.68,29.3],[50.68,29.3],[50.68,29.3],[50.68,29.3],[50.68,29.3],[50.68,29.3],[50.68,29.3],[50.68,29.3],[50.68,29.3]]],[[[50.36,29.34],[50.36,29.34],[50.36,29.34],[50.36,29.34],[50.36,29.34],[50.36,29.34],[50.36,29.34],[50.36,29.33],[50.36,29.33],[50.36,29.33],[50.35,29.33],[50.35,29.33],[50.35,29.33],[50.35,29.33],[50.35,29.33],[50.35,29.33],[50.35,29.33],[50.35,29.32],[50.35,29.32],[50.35,29.32],[50.35,29.32],[50.35,29.32],[50.35,29.32],[50.35,29.31],[50.35,29.31],[50.35,29.31],[50.34,29.31],[50.34,29.31],[50.34,29.31],[50.34,29.31],[50.34,29.31],[50.34,29.3],[50.34,29.3],[50.34,29.3],[50.34,29.3],[50.34,29.3],[50.34,29.3],[50.34,29.3],[50.34,29.3],[50.33,29.3],[50.33,29.3],[50.33,29.3],[50.33,29.3],[50.33,29.31],[50.34,29.31],[50.34,29.31],[50.34,29.31],[50.34,29.31],[50.34,29.31],[50.34,29.31],[50.34,29.31],[50.34,29.31],[50.34,29.32],[50.34,29.32],[50.34,29.32],[50.34,29.32],[50.34,29.32],[50.34,29.32],[50.34,29.32],[50.34,29.32],[50.34,29.33],[50.35,29.33],[50.35,29.33],[50.35,29.33],[50.35,29.33],[50.35,29.33],[50.35,29.33],[50.35,29.33],[50.35,29.34],[50.35,29.34],[50.35,29.34],[50.35,29.34],[50.35,29.34],[50.35,29.34],[50.35,29.34],[50.35,29.34],[50.35,29.34],[50.35,29.34],[50.36,29.34]]],[[[50.61,29.47],[50.61,29.47],[50.61,29.47],[50.61,29.46],[50.61,29.46],[50.61,29.46],[50.61,29.46],[50.61,29.47],[50.61,29.47],[50.61,29.47],[50.61,29.47]]],[[[50.61,29.5],[50.61,29.5],[50.6,29.49],[50.6,29.49],[50.6,29.49],[50.6,29.5],[50.61,29.5]]],[[[52.67,27.46],[52.67,27.46],[52.67,27.46],[52.67,27.46],[52.67,27.46],[52.67,27.46],[52.67,27.46],[52.67,27.46],[52.67,27.46],[52.67,27.45],[52.67,27.45],[52.67,27.45],[52.67,27.45],[52.67,27.45],[52.67,27.45],[52.67,27.45],[52.67,27.45],[52.67,27.45],[52.67,27.46],[52.67,27.46],[52.66,27.46],[52.66,27.46],[52.66,27.46],[52.66,27.46],[52.66,27.46],[52.65,27.46],[52.65,27.46],[52.65,27.46],[52.65,27.46],[52.64,27.46],[52.64,27.46],[52.64,27.46],[52.64,27.45],[52.64,27.45],[52.64,27.46],[52.64,27.46],[52.64,27.46],[52.64,27.46],[52.64,27.46],[52.63,27.46],[52.63,27.46],[52.63,27.46],[52.63,27.46],[52.63,27.46],[52.63,27.46],[52.62,27.46],[52.62,27.46],[52.62,27.46],[52.62,27.46],[52.62,27.46],[52.62,27.46],[52.62,27.46],[52.62,27.46],[52.62,27.46],[52.61,27.47],[52.61,27.47],[52.61,27.47],[52.61,27.47],[52.61,27.47],[52.61,27.47],[52.61,27.47],[52.61,27.47],[52.61,27.47],[52.61,27.47],[52.61,27.47],[52.61,27.47],[52.6,27.47],[52.6,27.48],[52.6,27.48],[52.6,27.48],[52.6,27.48],[52.6,27.48],[52.6,27.48],[52.6,27.48],[52.6,27.48],[52.6,27.48],[52.6,27.48],[52.6,27.48],[52.6,27.48],[52.6,27.49],[52.6,27.49],[52.6,27.49],[52.59,27.49],[52.59,27.49],[52.59,27.49],[52.59,27.49],[52.59,27.49],[52.59,27.49],[52.59,27.49],[52.59,27.49],[52.59,27.49],[52.59,27.49],[52.59,27.49],[52.59,27.49],[52.58,27.49],[52.58,27.49],[52.58,27.49],[52.58,27.5],[52.58,27.5],[52.58,27.5],[52.58,27.5],[52.58,27.5],[52.58,27.5],[52.58,27.5],[52.58,27.5],[52.58,27.5],[52.58,27.5],[52.58,27.51],[52.58,27.51],[52.58,27.51],[52.57,27.51],[52.57,27.51],[52.57,27.51],[52.57,27.51],[52.57,27.51],[52.57,27.52],[52.57,27.52],[52.57,27.52],[52.57,27.52],[52.57,27.52],[52.57,27.52],[52.57,27.52],[52.57,27.52],[52.57,27.52],[52.57,27.52],[52.57,27.52],[52.57,27.53],[52.57,27.53],[52.57,27.53],[52.56,27.53],[52.56,27.53],[52.56,27.53],[52.56,27.53],[52.56,27.53],[52.56,27.53],[52.56,27.53],[52.56,27.53],[52.56,27.53],[52.56,27.53],[52.56,27.54],[52.56,27.54],[52.56,27.54],[52.56,27.54],[52.56,27.54],[52.56,27.54],[52.56,27.54],[52.56,27.54],[52.55,27.54],[52.55,27.54],[52.55,27.54],[52.55,27.54],[52.55,27.54],[52.55,27.55],[52.55,27.55],[52.55,27.55],[52.55,27.55],[52.55,27.55],[52.55,27.55],[52.55,27.55],[52.55,27.55],[52.55,27.55],[52.55,27.55],[52.55,27.55],[52.54,27.55],[52.54,27.55],[52.54,27.55],[52.54,27.56],[52.54,27.56],[52.54,27.56],[52.54,27.56],[52.54,27.56],[52.54,27.56],[52.54,27.56],[52.54,27.56],[52.54,27.57],[52.53,27.57],[52.53,27.57],[52.53,27.57],[52.53,27.57],[52.53,27.57],[52.53,27.57],[52.53,27.57],[52.53,27.57],[52.53,27.57],[52.53,27.57],[52.52,27.57],[52.52,27.57],[52.52,27.57],[52.52,27.57],[52.52,27.58],[52.52,27.58],[52.52,27.58],[52.52,27.58],[52.52,27.58],[52.52,27.58],[52.52,27.58],[52.52,27.58],[52.52,27.58],[52.52,27.58],[52.52,27.58],[52.52,27.59],[52.52,27.59],[52.51,27.59],[52.51,27.59],[52.51,27.59],[52.51,27.59],[52.51,27.59],[52.51,27.59],[52.51,27.59],[52.51,27.59],[52.51,27.59],[52.51,27.59],[52.51,27.6],[52.51,27.6],[52.51,27.6],[52.51,27.6],[52.51,27.6],[52.51,27.6],[52.5,27.6],[52.5,27.6],[52.5,27.6],[52.5,27.6],[52.5,27.6],[52.5,27.6],[52.5,27.6],[52.5,27.6],[52.5,27.6],[52.5,27.61],[52.5,27.61],[52.5,27.61],[52.49,27.61],[52.49,27.61],[52.49,27.61],[52.49,27.61],[52.49,27.61],[52.49,27.61],[52.49,27.61],[52.49,27.61],[52.49,27.61],[52.49,27.61],[52.49,27.61],[52.49,27.61],[52.49,27.62],[52.49,27.62],[52.48,27.62],[52.48,27.62],[52.48,27.62],[52.48,27.62],[52.48,27.62],[52.48,27.62],[52.48,27.62],[52.48,27.62],[52.48,27.62],[52.48,27.62],[52.48,27.62],[52.47,27.62],[52.47,27.62],[52.47,27.62],[52.47,27.63],[52.47,27.63],[52.47,27.63],[52.47,27.63],[52.46,27.63],[52.46,27.62],[52.46,27.62],[52.46,27.62],[52.46,27.62],[52.46,27.62],[52.46,27.62],[52.45,27.63],[52.45,27.63],[52.45,27.63],[52.45,27.63],[52.45,27.63],[52.45,27.63],[52.45,27.63],[52.45,27.63],[52.45,27.63],[52.45,27.63],[52.45,27.63],[52.45,27.63],[52.45,27.63],[52.45,27.63],[52.45,27.63],[52.44,27.64],[52.44,27.64],[52.44,27.64],[52.44,27.64],[52.44,27.64],[52.44,27.64],[52.44,27.64],[52.44,27.64],[52.44,27.64],[52.44,27.64],[52.44,27.64],[52.44,27.64],[52.44,27.65],[52.44,27.65],[52.43,27.65],[52.43,27.65],[52.43,27.65],[52.43,27.65],[52.43,27.65],[52.42,27.65],[52.42,27.65],[52.42,27.65],[52.42,27.65],[52.42,27.65],[52.42,27.65],[52.42,27.65],[52.42,27.65],[52.42,27.65],[52.42,27.65],[52.42,27.65],[52.41,27.65],[52.41,27.65],[52.41,27.65],[52.4,27.65],[52.4,27.65],[52.39,27.65],[52.39,27.65],[52.39,27.65],[52.39,27.65],[52.38,27.65],[52.38,27.65],[52.37,27.65],[52.37,27.65],[52.37,27.65],[52.36,27.65],[52.36,27.65],[52.36,27.65],[52.36,27.65],[52.36,27.65],[52.36,27.65],[52.35,27.65],[52.35,27.65],[52.35,27.66],[52.35,27.66],[52.35,27.66],[52.35,27.66],[52.35,27.66],[52.35,27.66],[52.35,27.66],[52.35,27.66],[52.35,27.66],[52.35,27.66],[52.35,27.66],[52.35,27.66],[52.34,27.67],[52.34,27.67],[52.34,27.67],[52.34,27.67],[52.33,27.67],[52.33,27.67],[52.33,27.67],[52.33,27.67],[52.32,27.67],[52.32,27.67],[52.32,27.67],[52.32,27.67],[52.32,27.66],[52.32,27.67],[52.32,27.67],[52.32,27.67],[52.31,27.67],[52.31,27.67],[52.31,27.67],[52.31,27.67],[52.31,27.67],[52.31,27.67],[52.31,27.67],[52.3,27.67],[52.3,27.67],[52.3,27.67],[52.3,27.67],[52.3,27.67],[52.3,27.67],[52.3,27.68],[52.3,27.68],[52.29,27.68],[52.29,27.68],[52.28,27.68],[52.28,27.68],[52.28,27.68],[52.27,27.68],[52.27,27.68],[52.27,27.68],[52.27,27.68],[52.27,27.68],[52.27,27.68],[52.27,27.68],[52.26,27.68],[52.26,27.68],[52.26,27.68],[52.26,27.68],[52.26,27.68],[52.26,27.68],[52.26,27.68],[52.26,27.68],[52.25,27.69],[52.25,27.69],[52.25,27.69],[52.25,27.69],[52.25,27.69],[52.25,27.69],[52.25,27.69],[52.25,27.69],[52.25,27.69],[52.25,27.69],[52.24,27.69],[52.24,27.69],[52.24,27.69],[52.24,27.69],[52.24,27.69],[52.24,27.69],[52.24,27.69],[52.23,27.69],[52.23,27.69],[52.23,27.69],[52.23,27.69],[52.23,27.69],[52.23,27.69],[52.23,27.69],[52.23,27.69],[52.23,27.69],[52.23,27.69],[52.23,27.7],[52.23,27.7],[52.23,27.7],[52.22,27.7],[52.22,27.7],[52.22,27.7],[52.22,27.7],[52.22,27.7],[52.22,27.7],[52.21,27.7],[52.21,27.7],[52.21,27.7],[52.21,27.7],[52.21,27.7],[52.21,27.7],[52.2,27.7],[52.2,27.7],[52.2,27.7],[52.2,27.7],[52.2,27.7],[52.2,27.71],[52.2,27.71],[52.2,27.71],[52.19,27.71],[52.19,27.71],[52.19,27.71],[52.19,27.71],[52.19,27.71],[52.19,27.71],[52.19,27.71],[52.19,27.71],[52.19,27.71],[52.19,27.71],[52.19,27.72],[52.19,27.72],[52.19,27.72],[52.19,27.72],[52.18,27.72],[52.18,27.72],[52.18,27.72],[52.18,27.72],[52.18,27.72],[52.18,27.72],[52.18,27.72],[52.17,27.72],[52.17,27.73],[52.17,27.73],[52.17,27.73],[52.17,27.73],[52.17,27.73],[52.17,27.73],[52.17,27.73],[52.17,27.73],[52.16,27.73],[52.17,27.73],[52.16,27.73],[52.16,27.73],[52.16,27.73],[52.16,27.74],[52.16,27.74],[52.16,27.74],[52.16,27.74],[52.16,27.74],[52.16,27.74],[52.16,27.74],[52.15,27.74],[52.15,27.74],[52.15,27.74],[52.15,27.74],[52.15,27.74],[52.15,27.74],[52.15,27.75],[52.15,27.75],[52.15,27.75],[52.15,27.75],[52.15,27.75],[52.14,27.75],[52.14,27.75],[52.14,27.75],[52.14,27.75],[52.14,27.75],[52.14,27.75],[52.14,27.75],[52.14,27.75],[52.14,27.75],[52.14,27.76],[52.14,27.76],[52.14,27.76],[52.14,27.76],[52.14,27.76],[52.14,27.76],[52.13,27.76],[52.13,27.76],[52.13,27.77],[52.13,27.77],[52.13,27.77],[52.13,27.77],[52.13,27.77],[52.13,27.77],[52.13,27.77],[52.13,27.77],[52.13,27.77],[52.12,27.77],[52.12,27.77],[52.12,27.77],[52.12,27.77],[52.12,27.77],[52.12,27.78],[52.12,27.78],[52.12,27.78],[52.12,27.78],[52.12,27.78],[52.12,27.78],[52.11,27.78],[52.11,27.78],[52.11,27.78],[52.11,27.78],[52.11,27.78],[52.11,27.78],[52.11,27.78],[52.11,27.78],[52.1,27.78],[52.1,27.79],[52.1,27.79],[52.1,27.79],[52.1,27.79],[52.1,27.79],[52.1,27.79],[52.1,27.79],[52.1,27.79],[52.1,27.79],[52.1,27.79],[52.1,27.79],[52.1,27.79],[52.09,27.79],[52.09,27.8],[52.09,27.8],[52.09,27.8],[52.09,27.8],[52.09,27.8],[52.09,27.8],[52.09,27.8],[52.09,27.8],[52.09,27.8],[52.09,27.8],[52.09,27.8],[52.09,27.8],[52.09,27.8],[52.08,27.8],[52.08,27.81],[52.08,27.81],[52.08,27.81],[52.08,27.81],[52.08,27.81],[52.08,27.81],[52.08,27.81],[52.08,27.81],[52.08,27.81],[52.07,27.81],[52.07,27.81],[52.07,27.81],[52.07,27.81],[52.07,27.81],[52.07,27.81],[52.07,27.81],[52.07,27.82],[52.07,27.82],[52.07,27.82],[52.07,27.82],[52.07,27.82],[52.07,27.82],[52.07,27.82],[52.07,27.82],[52.07,27.82],[52.07,27.82],[52.07,27.82],[52.06,27.83],[52.06,27.83],[52.06,27.83],[52.06,27.83],[52.06,27.83],[52.06,27.83],[52.06,27.83],[52.06,27.83],[52.06,27.83],[52.06,27.83],[52.06,27.83],[52.06,27.83],[52.06,27.83],[52.06,27.83],[52.06,27.83],[52.06,27.83],[52.05,27.83],[52.05,27.83],[52.05,27.83],[52.05,27.84],[52.05,27.84],[52.05,27.84],[52.05,27.84],[52.05,27.84],[52.05,27.84],[52.05,27.84],[52.05,27.84],[52.05,27.84],[52.04,27.84],[52.04,27.84],[52.04,27.84],[52.04,27.84],[52.03,27.84],[52.03,27.84],[52.03,27.84],[52.02,27.84],[52.02,27.84],[52.01,27.84],[52.01,27.84],[52.01,27.84],[52.0,27.84],[52.0,27.84],[52.0,27.84],[51.99,27.84],[51.99,27.84],[51.99,27.84],[51.98,27.84],[51.98,27.84],[51.98,27.84],[51.97,27.84],[51.97,27.84],[51.97,27.84],[51.97,27.84],[51.97,27.84],[51.96,27.84],[51.96,27.84],[51.96,27.84],[51.95,27.84],[51.95,27.84],[51.95,27.84],[51.95,27.84],[51.95,27.84],[51.95,27.84],[51.94,27.83],[51.94,27.83],[51.94,27.83],[51.94,27.83],[51.94,27.83],[51.93,27.83],[51.93,27.83],[51.93,27.83],[51.93,27.83],[51.93,27.83],[51.92,27.83],[51.92,27.83],[51.92,27.83],[51.91,27.83],[51.91,27.83],[51.91,27.83],[51.91,27.83],[51.91,27.83],[51.9,27.83],[51.9,27.83],[51.9,27.83],[51.9,27.83],[51.89,27.84],[51.89,27.84],[51.89,27.84],[51.89,27.84],[51.89,27.84],[51.89,27.84],[51.89,27.84],[51.88,27.84],[51.88,27.84],[51.87,27.84],[51.87,27.84],[51.87,27.84],[51.87,27.84],[51.87,27.84],[51.87,27.84],[51.87,27.84],[51.87,27.84],[51.87,27.84],[51.86,27.84],[51.86,27.84],[51.86,27.84],[51.86,27.84],[51.86,27.84],[51.86,27.84],[51.86,27.84],[51.86,27.84],[51.85,27.84],[51.85,27.84],[51.85,27.84],[51.85,27.84],[51.85,27.84],[51.84,27.84],[51.84,27.84],[51.84,27.84],[51.83,27.84],[51.82,27.84],[51.82,27.84],[51.82,27.84],[51.81,27.84],[51.81,27.84],[51.81,27.84],[51.81,27.84],[51.81,27.84],[51.8,27.84],[51.8,27.84],[51.8,27.84],[51.8,27.84],[51.8,27.84],[51.8,27.84],[51.8,27.84],[51.79,27.84],[51.79,27.84],[51.79,27.84],[51.79,27.84],[51.79,27.84],[51.79,27.84],[51.79,27.83],[51.78,27.83],[51.78,27.83],[51.78,27.83],[51.78,27.83],[51.78,27.83],[51.77,27.83],[51.77,27.83],[51.77,27.83],[51.77,27.83],[51.77,27.83],[51.76,27.83],[51.76,27.83],[51.76,27.83],[51.76,27.83],[51.76,27.83],[51.76,27.83],[51.76,27.83],[51.75,27.83],[51.75,27.83],[51.75,27.83],[51.74,27.83],[51.73,27.83],[51.73,27.83],[51.73,27.83],[51.73,27.83],[51.72,27.83],[51.72,27.83],[51.72,27.83],[51.72,27.83],[51.72,27.83],[51.71,27.83],[51.71,27.83],[51.71,27.82],[51.71,27.82],[51.7,27.82],[51.7,27.82],[51.7,27.82],[51.7,27.82],[51.7,27.83],[51.7,27.83],[51.7,27.83],[51.69,27.83],[51.69,27.83],[51.69,27.83],[51.69,27.83],[51.69,27.83],[51.69,27.83],[51.69,27.83],[51.69,27.83],[51.68,27.83],[51.68,27.83],[51.68,27.83],[51.68,27.83],[51.68,27.83],[51.68,27.83],[51.67,27.83],[51.67,27.83],[51.67,27.84],[51.67,27.84],[51.67,27.84],[51.67,27.84],[51.67,27.84],[51.67,27.84],[51.67,27.84],[51.67,27.84],[51.67,27.84],[51.66,27.84],[51.66,27.84],[51.65,27.84],[51.65,27.84],[51.64,27.84],[51.63,27.84],[51.63,27.84],[51.63,27.84],[51.63,27.84],[51.63,27.85],[51.62,27.85],[51.62,27.85],[51.62,27.85],[51.61,27.85],[51.61,27.85],[51.61,27.85],[51.6,27.85],[51.6,27.85],[51.6,27.85],[51.6,27.85],[51.6,27.85],[51.6,27.84],[51.6,27.84],[51.6,27.84],[51.59,27.84],[51.58,27.84],[51.58,27.84],[51.58,27.84],[51.58,27.84],[51.58,27.84],[51.58,27.85],[51.58,27.85],[51.58,27.85],[51.59,27.85],[51.59,27.85],[51.59,27.85],[51.59,27.85],[51.59,27.85],[51.59,27.85],[51.59,27.85],[51.59,27.86],[51.59,27.86],[51.59,27.86],[51.59,27.86],[51.59,27.86],[51.59,27.86],[51.59,27.86],[51.59,27.86],[51.59,27.86],[51.59,27.86],[51.58,27.87],[51.58,27.87],[51.58,27.87],[51.58,27.87],[51.58,27.87],[51.58,27.87],[51.58,27.87],[51.58,27.87],[51.58,27.87],[51.58,27.87],[51.58,27.87],[51.57,27.87],[51.57,27.87],[51.57,27.87],[51.57,27.87],[51.57,27.87],[51.57,27.87],[51.57,27.88],[51.57,27.88],[51.57,27.88],[51.57,27.88],[51.57,27.88],[51.57,27.88],[51.56,27.88],[51.56,27.88],[51.56,27.88],[51.56,27.88],[51.56,27.88],[51.56,27.88],[51.56,27.88],[51.56,27.88],[51.56,27.88],[51.56,27.88],[51.56,27.88],[51.56,27.88],[51.55,27.89],[51.55,27.89],[51.55,27.89],[51.55,27.89],[51.54,27.89],[51.53,27.89],[51.53,27.89],[51.52,27.89],[51.52,27.89],[51.52,27.89],[51.52,27.89],[51.52,27.89],[51.52,27.89],[51.52,27.89],[51.51,27.89],[51.51,27.89],[51.51,27.88],[51.51,27.88],[51.51,27.88],[51.51,27.88],[51.51,27.88],[51.51,27.88],[51.51,27.88],[51.51,27.88],[51.5,27.88],[51.5,27.88],[51.5,27.88],[51.5,27.88],[51.5,27.88],[51.5,27.88],[51.5,27.88],[51.5,27.88],[51.5,27.89],[51.5,27.89],[51.5,27.89],[51.5,27.89],[51.5,27.89],[51.5,27.89],[51.49,27.89],[51.49,27.89],[51.49,27.89],[51.49,27.89],[51.49,27.9],[51.49,27.9],[51.49,27.9],[51.49,27.9],[51.49,27.9],[51.48,27.9],[51.48,27.9],[51.48,27.9],[51.48,27.9],[51.48,27.9],[51.49,27.9],[51.49,27.9],[51.49,27.9],[51.49,27.9],[51.49,27.91],[51.49,27.91],[51.49,27.91],[51.49,27.91],[51.49,27.91],[51.49,27.91],[51.49,27.91],[51.49,27.91],[51.49,27.91],[51.49,27.91],[51.49,27.91],[51.49,27.91],[51.49,27.92],[51.49,27.92],[51.49,27.92],[51.48,27.92],[51.48,27.92],[51.48,27.92],[51.48,27.92],[51.48,27.91],[51.48,27.91],[51.48,27.92],[51.48,27.92],[51.48,27.92],[51.48,27.92],[51.47,27.92],[51.47,27.92],[51.47,27.92],[51.47,27.92],[51.47,27.92],[51.47,27.92],[51.47,27.92],[51.47,27.92],[51.47,27.92],[51.47,27.92],[51.47,27.93],[51.47,27.93],[51.47,27.93],[51.46,27.93],[51.46,27.93],[51.46,27.93],[51.46,27.93],[51.46,27.93],[51.46,27.93],[51.46,27.93],[51.46,27.93],[51.46,27.93],[51.46,27.94],[51.46,27.94],[51.46,27.94],[51.46,27.94],[51.45,27.94],[51.45,27.94],[51.45,27.94],[51.45,27.94],[51.45,27.94],[51.45,27.94],[51.45,27.94],[51.45,27.94],[51.45,27.94],[51.45,27.94],[51.45,27.95],[51.45,27.95],[51.45,27.95],[51.45,27.95],[51.45,27.95],[51.45,27.95],[51.44,27.95],[51.44,27.95],[51.44,27.95],[51.44,27.95],[51.44,27.95],[51.44,27.95],[51.44,27.95],[51.44,27.94],[51.44,27.94],[51.44,27.94],[51.43,27.94],[51.43,27.94],[51.43,27.94],[51.43,27.94],[51.43,27.94],[51.43,27.94],[51.43,27.93],[51.43,27.93],[51.43,27.93],[51.43,27.93],[51.43,27.93],[51.43,27.93],[51.43,27.93],[51.43,27.92],[51.43,27.92],[51.43,27.92],[51.43,27.92],[51.43,27.92],[51.43,27.92],[51.43,27.92],[51.42,27.92],[51.42,27.92],[51.41,27.92],[51.41,27.92],[51.41,27.92],[51.41,27.92],[51.41,27.92],[51.41,27.92],[51.41,27.92],[51.41,27.92],[51.41,27.92],[51.41,27.92],[51.4,27.93],[51.4,27.93],[51.4,27.93],[51.4,27.93],[51.4,27.93],[51.4,27.93],[51.4,27.93],[51.4,27.93],[51.4,27.93],[51.4,27.93],[51.4,27.93],[51.4,27.93],[51.4,27.94],[51.4,27.95],[51.4,27.95],[51.4,27.95],[51.39,27.95],[51.39,27.95],[51.39,27.96],[51.39,27.96],[51.39,27.96],[51.39,27.96],[51.39,27.96],[51.39,27.96],[51.39,27.97],[51.39,27.97],[51.39,27.97],[51.39,27.97],[51.39,27.98],[51.39,27.98],[51.39,27.98],[51.39,27.98],[51.39,27.98],[51.39,27.98],[51.38,27.98],[51.38,27.98],[51.38,27.99],[51.38,27.99],[51.38,27.99],[51.38,27.99],[51.38,27.99],[51.38,27.99],[51.38,27.99],[51.38,28.0],[51.38,28.0],[51.38,28.0],[51.38,28.0],[51.38,28.0],[51.38,28.0],[51.38,28.0],[51.38,28.0],[51.38,28.0],[51.38,28.0],[51.37,28.0],[51.37,28.0],[51.37,28.01],[51.37,28.01],[51.37,28.01],[51.37,28.01],[51.37,28.01],[51.37,28.01],[51.37,28.01],[51.37,28.01],[51.37,28.01],[51.37,28.01],[51.37,28.01],[51.37,28.02],[51.37,28.02],[51.37,28.02],[51.36,28.02],[51.36,28.02],[51.36,28.02],[51.36,28.02],[51.36,28.02],[51.36,28.03],[51.36,28.03],[51.36,28.03],[51.36,28.03],[51.36,28.03],[51.36,28.03],[51.36,28.03],[51.36,28.03],[51.36,28.03],[51.36,28.03],[51.36,28.03],[51.36,28.04],[51.36,28.04],[51.35,28.04],[51.35,28.04],[51.35,28.04],[51.35,28.04],[51.35,28.04],[51.35,28.04],[51.35,28.04],[51.35,28.04],[51.35,28.04],[51.35,28.04],[51.35,28.04],[51.35,28.04],[51.35,28.05],[51.35,28.05],[51.35,28.05],[51.35,28.05],[51.35,28.05],[51.35,28.05],[51.35,28.05],[51.35,28.05],[51.35,28.05],[51.35,28.05],[51.35,28.05],[51.34,28.05],[51.34,28.05],[51.34,28.05],[51.34,28.06],[51.34,28.06],[51.34,28.06],[51.34,28.06],[51.34,28.06],[51.34,28.06],[51.34,28.06],[51.34,28.06],[51.34,28.06],[51.34,28.06],[51.34,28.06],[51.34,28.06],[51.34,28.06],[51.34,28.07],[51.33,28.07],[51.33,28.07],[51.33,28.07],[51.33,28.07],[51.33,28.07],[51.33,28.07],[51.33,28.07],[51.33,28.07],[51.33,28.08],[51.33,28.08],[51.33,28.08],[51.33,28.08],[51.32,28.08],[51.33,28.08],[51.33,28.08],[51.33,28.08],[51.32,28.08],[51.32,28.08],[51.32,28.08],[51.32,28.09],[51.32,28.09],[51.32,28.09],[51.32,28.09],[51.32,28.09],[51.32,28.09],[51.31,28.09],[51.31,28.09],[51.31,28.09],[51.31,28.09],[51.31,28.09],[51.31,28.09],[51.31,28.09],[51.31,28.09],[51.31,28.1],[51.31,28.1],[51.3,28.1],[51.3,28.1],[51.3,28.1],[51.3,28.1],[51.3,28.1],[51.3,28.11],[51.3,28.11],[51.3,28.11],[51.3,28.11],[51.3,28.11],[51.3,28.12],[51.3,28.12],[51.3,28.12],[51.29,28.12],[51.29,28.12],[51.29,28.12],[51.29,28.12],[51.29,28.12],[51.29,28.12],[51.29,28.12],[51.29,28.12],[51.28,28.12],[51.28,28.12],[51.28,28.12],[51.28,28.12],[51.28,28.12],[51.28,28.12],[51.28,28.12],[51.28,28.12],[51.28,28.12],[51.28,28.12],[51.28,28.12],[51.27,28.13],[51.27,28.13],[51.27,28.13],[51.27,28.13],[51.27,28.13],[51.27,28.13],[51.27,28.13],[51.27,28.13],[51.27,28.13],[51.27,28.13],[51.27,28.12],[51.27,28.12],[51.27,28.12],[51.27,28.12],[51.27,28.12],[51.27,28.12],[51.27,28.12],[51.27,28.12],[51.27,28.12],[51.27,28.12],[51.27,28.12],[51.27,28.12],[51.27,28.11],[51.28,28.11],[51.27,28.11],[51.27,28.11],[51.27,28.11],[51.27,28.12],[51.27,28.12],[51.27,28.12],[51.27,28.12],[51.27,28.12],[51.27,28.12],[51.27,28.12],[51.27,28.12],[51.27,28.12],[51.27,28.12],[51.27,28.12],[51.27,28.13],[51.27,28.13],[51.26,28.13],[51.26,28.13],[51.26,28.13],[51.26,28.13],[51.26,28.13],[51.26,28.13],[51.26,28.14],[51.26,28.14],[51.26,28.14],[51.26,28.14],[51.26,28.14],[51.26,28.14],[51.26,28.14],[51.26,28.14],[51.26,28.14],[51.26,28.14],[51.26,28.14],[51.26,28.14],[51.26,28.14],[51.27,28.14],[51.27,28.14],[51.27,28.14],[51.27,28.14],[51.27,28.15],[51.27,28.15],[51.27,28.15],[51.27,28.15],[51.27,28.15],[51.27,28.15],[51.27,28.16],[51.27,28.16],[51.27,28.16],[51.27,28.16],[51.27,28.16],[51.27,28.16],[51.27,28.16],[51.27,28.17],[51.27,28.17],[51.28,28.17],[51.28,28.17],[51.28,28.17],[51.28,28.17],[51.28,28.17],[51.28,28.17],[51.28,28.18],[51.28,28.18],[51.28,28.18],[51.28,28.18],[51.28,28.18],[51.28,28.18],[51.28,28.18],[51.28,28.18],[51.28,28.19],[51.28,28.19],[51.28,28.19],[51.28,28.19],[51.28,28.19],[51.29,28.19],[51.29,28.2],[51.29,28.2],[51.29,28.2],[51.29,28.2],[51.29,28.21],[51.29,28.21],[51.29,28.22],[51.29,28.23],[51.29,28.23],[51.29,28.23],[51.29,28.23],[51.29,28.23],[51.29,28.23],[51.29,28.23],[51.29,28.23],[51.28,28.23],[51.28,28.23],[51.28,28.23],[51.28,28.24],[51.28,28.24],[51.28,28.24],[51.28,28.24],[51.28,28.24],[51.28,28.24],[51.28,28.24],[51.28,28.24],[51.28,28.24],[51.28,28.24],[51.28,28.24],[51.28,28.24],[51.28,28.24],[51.28,28.24],[51.27,28.24],[51.27,28.24],[51.27,28.25],[51.27,28.25],[51.27,28.25],[51.27,28.25],[51.27,28.25],[51.27,28.25],[51.27,28.25],[51.27,28.25],[51.27,28.25],[51.27,28.25],[51.27,28.25],[51.26,28.25],[51.26,28.25],[51.26,28.25],[51.26,28.25],[51.26,28.25],[51.26,28.25],[51.27,28.25],[51.27,28.25],[51.27,28.25],[51.27,28.25],[51.26,28.25],[51.26,28.26],[51.26,28.26],[51.26,28.26],[51.26,28.26],[51.26,28.26],[51.26,28.26],[51.26,28.26],[51.26,28.26],[51.26,28.26],[51.26,28.26],[51.26,28.26],[51.26,28.26],[51.26,28.26],[51.26,28.26],[51.26,28.26],[51.25,28.27],[51.25,28.27],[51.25,28.27],[51.25,28.27],[51.25,28.27],[51.25,28.27],[51.25,28.27],[51.25,28.27],[51.25,28.27],[51.25,28.27],[51.25,28.27],[51.25,28.27],[51.25,28.28],[51.25,28.28],[51.25,28.28],[51.25,28.28],[51.24,28.28],[51.24,28.28],[51.24,28.28],[51.24,28.28],[51.24,28.28],[51.24,28.28],[51.24,28.28],[51.24,28.28],[51.24,28.28],[51.24,28.28],[51.24,28.28],[51.24,28.29],[51.24,28.29],[51.23,28.29],[51.23,28.29],[51.23,28.29],[51.23,28.29],[51.23,28.29],[51.23,28.29],[51.23,28.29],[51.23,28.29],[51.23,28.29],[51.23,28.29],[51.23,28.29],[51.23,28.3],[51.22,28.3],[51.22,28.3],[51.22,28.3],[51.22,28.3],[51.22,28.3],[51.22,28.3],[51.22,28.3],[51.22,28.31],[51.22,28.31],[51.22,28.31],[51.22,28.31],[51.22,28.31],[51.22,28.31],[51.22,28.31],[51.22,28.31],[51.22,28.31],[51.21,28.31],[51.21,28.31],[51.21,28.32],[51.21,28.32],[51.21,28.32],[51.21,28.32],[51.21,28.32],[51.21,28.32],[51.21,28.32],[51.21,28.32],[51.2,28.32],[51.2,28.32],[51.2,28.33],[51.2,28.33],[51.2,28.33],[51.2,28.33],[51.2,28.33],[51.2,28.33],[51.2,28.33],[51.2,28.33],[51.2,28.33],[51.2,28.33],[51.2,28.33],[51.2,28.33],[51.2,28.33],[51.2,28.33],[51.2,28.34],[51.19,28.34],[51.19,28.34],[51.19,28.34],[51.19,28.34],[51.19,28.34],[51.19,28.34],[51.19,28.34],[51.19,28.34],[51.19,28.34],[51.19,28.34],[51.19,28.34],[51.19,28.34],[51.19,28.34],[51.19,28.34],[51.18,28.35],[51.18,28.35],[51.18,28.35],[51.18,28.35],[51.18,28.35],[51.18,28.35],[51.18,28.35],[51.18,28.35],[51.18,28.35],[51.18,28.35],[51.18,28.36],[51.17,28.36],[51.17,28.36],[51.17,28.36],[51.17,28.36],[51.17,28.36],[51.17,28.37],[51.17,28.37],[51.17,28.37],[51.17,28.37],[51.17,28.37],[51.17,28.37],[51.17,28.37],[51.17,28.37],[51.17,28.37],[51.17,28.38],[51.16,28.38],[51.16,28.38],[51.16,28.38],[51.16,28.38],[51.16,28.38],[51.16,28.38],[51.16,28.38],[51.16,28.38],[51.16,28.38],[51.16,28.38],[51.16,28.38],[51.16,28.38],[51.16,28.39],[51.16,28.39],[51.16,28.39],[51.16,28.39],[51.16,28.39],[51.16,28.39],[51.15,28.39],[51.15,28.39],[51.15,28.39],[51.15,28.39],[51.15,28.39],[51.15,28.4],[51.15,28.4],[51.15,28.4],[51.15,28.4],[51.15,28.4],[51.15,28.4],[51.15,28.4],[51.15,28.4],[51.15,28.4],[51.15,28.4],[51.14,28.4],[51.14,28.4],[51.14,28.41],[51.14,28.41],[51.14,28.41],[51.14,28.41],[51.14,28.41],[51.14,28.41],[51.14,28.41],[51.14,28.42],[51.14,28.42],[51.14,28.42],[51.14,28.42],[51.14,28.42],[51.13,28.42],[51.13,28.42],[51.13,28.42],[51.13,28.42],[51.13,28.43],[51.13,28.43],[51.13,28.43],[51.13,28.43],[51.13,28.43],[51.13,28.43],[51.13,28.43],[51.13,28.44],[51.13,28.44],[51.13,28.44],[51.13,28.44],[51.13,28.44],[51.13,28.44],[51.13,28.44],[51.13,28.44],[51.12,28.44],[51.12,28.44],[51.12,28.44],[51.12,28.44],[51.12,28.44],[51.12,28.45],[51.12,28.45],[51.12,28.45],[51.12,28.45],[51.12,28.45],[51.12,28.46],[51.12,28.46],[51.12,28.46],[51.12,28.46],[51.12,28.46],[51.11,28.46],[51.11,28.46],[51.11,28.47],[51.11,28.47],[51.11,28.47],[51.11,28.47],[51.11,28.47],[51.11,28.47],[51.11,28.47],[51.11,28.47],[51.11,28.48],[51.11,28.48],[51.11,28.48],[51.11,28.48],[51.11,28.48],[51.11,28.48],[51.11,28.49],[51.11,28.49],[51.11,28.49],[51.11,28.49],[51.1,28.49],[51.1,28.49],[51.1,28.49],[51.1,28.49],[51.1,28.5],[51.1,28.5],[51.1,28.5],[51.1,28.5],[51.1,28.5],[51.09,28.5],[51.09,28.51],[51.09,28.51],[51.09,28.51],[51.09,28.51],[51.09,28.51],[51.09,28.51],[51.09,28.52],[51.09,28.52],[51.09,28.51],[51.09,28.51],[51.09,28.51],[51.09,28.52],[51.09,28.52],[51.09,28.52],[51.09,28.52],[51.09,28.53],[51.09,28.53],[51.09,28.53],[51.09,28.54],[51.09,28.54],[51.09,28.54],[51.09,28.54],[51.09,28.54],[51.09,28.55],[51.09,28.55],[51.09,28.55],[51.09,28.55],[51.09,28.55],[51.08,28.55],[51.08,28.55],[51.08,28.55],[51.08,28.55],[51.08,28.55],[51.08,28.55],[51.08,28.56],[51.08,28.56],[51.08,28.56],[51.08,28.56],[51.08,28.56],[51.08,28.56],[51.08,28.56],[51.08,28.57],[51.08,28.57],[51.08,28.58],[51.08,28.58],[51.08,28.58],[51.08,28.57],[51.08,28.57],[51.08,28.58],[51.08,28.58],[51.08,28.58],[51.08,28.58],[51.08,28.58],[51.08,28.59],[51.08,28.59],[51.08,28.6],[51.08,28.6],[51.08,28.6],[51.08,28.6],[51.08,28.61],[51.08,28.62],[51.08,28.62],[51.08,28.62],[51.08,28.62],[51.08,28.62],[51.08,28.63],[51.08,28.64],[51.08,28.64],[51.08,28.64],[51.07,28.65],[51.07,28.65],[51.07,28.66],[51.07,28.66],[51.07,28.67],[51.07,28.67],[51.07,28.68],[51.07,28.68],[51.07,28.68],[51.07,28.69],[51.07,28.69],[51.07,28.69],[51.07,28.69],[51.07,28.7],[51.07,28.7],[51.07,28.7],[51.07,28.7],[51.07,28.7],[51.07,28.7],[51.07,28.7],[51.07,28.71],[51.07,28.71],[51.07,28.71],[51.07,28.71],[51.06,28.71],[51.06,28.72],[51.06,28.72],[51.06,28.72],[51.06,28.71],[51.06,28.71],[51.06,28.71],[51.05,28.71],[51.05,28.71],[51.05,28.72],[51.05,28.72],[51.05,28.72],[51.05,28.72],[51.05,28.72],[51.06,28.72],[51.06,28.72],[51.06,28.72],[51.06,28.72],[51.06,28.72],[51.06,28.72],[51.06,28.72],[51.06,28.72],[51.06,28.72],[51.06,28.72],[51.06,28.72],[51.06,28.72],[51.06,28.72],[51.06,28.72],[51.06,28.72],[51.06,28.73],[51.06,28.73],[51.06,28.73],[51.06,28.73],[51.06,28.73],[51.06,28.73],[51.05,28.74],[51.05,28.74],[51.05,28.74],[51.05,28.74],[51.05,28.74],[51.05,28.74],[51.05,28.74],[51.05,28.74],[51.05,28.75],[51.05,28.75],[51.05,28.75],[51.05,28.75],[51.05,28.75],[51.05,28.75],[51.05,28.75],[51.05,28.75],[51.05,28.75],[51.05,28.75],[51.05,28.75],[51.04,28.76],[51.04,28.76],[51.04,28.76],[51.04,28.76],[51.04,28.76],[51.04,28.76],[51.04,28.76],[51.04,28.76],[51.04,28.76],[51.04,28.76],[51.04,28.76],[51.04,28.76],[51.04,28.77],[51.04,28.77],[51.04,28.77],[51.04,28.77],[51.04,28.77],[51.04,28.77],[51.03,28.77],[51.03,28.77],[51.03,28.77],[51.03,28.77],[51.03,28.78],[51.03,28.78],[51.03,28.78],[51.03,28.78],[51.03,28.78],[51.03,28.78],[51.03,28.78],[51.03,28.78],[51.03,28.78],[51.03,28.78],[51.03,28.79],[51.03,28.79],[51.03,28.79],[51.03,28.8],[51.03,28.8],[51.03,28.8],[51.03,28.8],[51.03,28.8],[51.03,28.81],[51.03,28.81],[51.03,28.81],[51.03,28.81],[51.03,28.81],[51.03,28.82],[51.02,28.82],[51.02,28.82],[51.02,28.82],[51.02,28.82],[51.02,28.82],[51.02,28.82],[51.02,28.82],[51.02,28.82],[51.02,28.82],[51.02,28.82],[51.02,28.82],[51.02,28.82],[51.02,28.83],[51.02,28.83],[51.02,28.83],[51.01,28.83],[51.01,28.83],[51.01,28.83],[51.01,28.83],[51.01,28.83],[51.01,28.83],[51.01,28.83],[51.01,28.83],[51.01,28.84],[51.01,28.84],[51.01,28.84],[51.01,28.84],[51.01,28.84],[51.01,28.84],[51.01,28.84],[51.01,28.84],[51.0,28.84],[51.0,28.84],[51.0,28.84],[51.0,28.85],[51.0,28.85],[51.0,28.85],[51.0,28.85],[51.0,28.85],[51.0,28.85],[51.0,28.85],[51.0,28.85],[50.99,28.85],[50.99,28.85],[50.99,28.85],[50.98,28.85],[50.98,28.85],[50.98,28.85],[50.98,28.85],[50.97,28.85],[50.97,28.85],[50.97,28.85],[50.97,28.85],[50.97,28.85],[50.97,28.85],[50.97,28.85],[50.97,28.85],[50.97,28.85],[50.97,28.85],[50.98,28.85],[50.98,28.85],[50.98,28.85],[50.98,28.85],[50.98,28.85],[50.98,28.84],[50.98,28.84],[50.98,28.84],[50.98,28.84],[50.98,28.84],[50.98,28.84],[50.98,28.84],[50.98,28.84],[50.98,28.84],[50.98,28.84],[50.98,28.84],[50.98,28.84],[50.98,28.84],[50.98,28.84],[50.98,28.84],[50.98,28.84],[50.97,28.84],[50.97,28.84],[50.97,28.84],[50.97,28.84],[50.97,28.84],[50.97,28.84],[50.97,28.84],[50.97,28.84],[50.97,28.84],[50.97,28.84],[50.96,28.84],[50.96,28.84],[50.96,28.84],[50.96,28.84],[50.96,28.84],[50.96,28.84],[50.95,28.84],[50.95,28.84],[50.95,28.84],[50.95,28.84],[50.95,28.84],[50.94,28.84],[50.94,28.84],[50.94,28.84],[50.94,28.84],[50.95,28.84],[50.95,28.84],[50.95,28.84],[50.95,28.84],[50.95,28.84],[50.95,28.84],[50.95,28.84],[50.96,28.83],[50.96,28.83],[50.96,28.83],[50.96,28.83],[50.96,28.83],[50.96,28.83],[50.96,28.83],[50.96,28.83],[50.96,28.83],[50.96,28.83],[50.96,28.83],[50.96,28.83],[50.96,28.83],[50.97,28.83],[50.97,28.83],[50.97,28.83],[50.97,28.83],[50.97,28.82],[50.97,28.82],[50.97,28.82],[50.97,28.82],[50.97,28.82],[50.97,28.82],[50.97,28.82],[50.97,28.82],[50.97,28.82],[50.97,28.82],[50.97,28.82],[50.98,28.82],[50.98,28.82],[50.98,28.82],[50.98,28.82],[50.98,28.82],[50.98,28.82],[50.98,28.82],[50.98,28.82],[50.98,28.82],[50.98,28.82],[50.98,28.82],[50.98,28.82],[50.98,28.82],[50.98,28.82],[50.97,28.82],[50.97,28.82],[50.97,28.82],[50.97,28.82],[50.96,28.82],[50.96,28.82],[50.96,28.82],[50.96,28.82],[50.95,28.82],[50.95,28.82],[50.95,28.82],[50.94,28.82],[50.94,28.82],[50.93,28.82],[50.93,28.82],[50.93,28.82],[50.93,28.82],[50.93,28.82],[50.92,28.82],[50.92,28.82],[50.92,28.82],[50.92,28.82],[50.92,28.82],[50.92,28.82],[50.92,28.82],[50.92,28.82],[50.92,28.82],[50.91,28.82],[50.91,28.82],[50.91,28.82],[50.91,28.82],[50.91,28.82],[50.91,28.82],[50.91,28.82],[50.91,28.82],[50.9,28.82],[50.9,28.82],[50.9,28.82],[50.9,28.82],[50.9,28.82],[50.89,28.82],[50.89,28.82],[50.89,28.82],[50.89,28.82],[50.89,28.82],[50.89,28.82],[50.89,28.82],[50.89,28.82],[50.88,28.82],[50.88,28.82],[50.88,28.82],[50.88,28.83],[50.88,28.83],[50.88,28.83],[50.88,28.83],[50.88,28.83],[50.88,28.83],[50.88,28.83],[50.88,28.83],[50.88,28.83],[50.88,28.83],[50.88,28.83],[50.88,28.84],[50.87,28.84],[50.87,28.84],[50.87,28.84],[50.87,28.84],[50.87,28.84],[50.87,28.84],[50.87,28.84],[50.87,28.84],[50.87,28.84],[50.87,28.84],[50.87,28.85],[50.87,28.85],[50.87,28.85],[50.86,28.85],[50.86,28.85],[50.86,28.85],[50.86,28.85],[50.86,28.85],[50.86,28.85],[50.86,28.85],[50.86,28.85],[50.86,28.85],[50.86,28.85],[50.86,28.85],[50.86,28.85],[50.86,28.85],[50.86,28.86],[50.85,28.86],[50.85,28.86],[50.85,28.86],[50.85,28.86],[50.85,28.86],[50.85,28.86],[50.85,28.86],[50.85,28.86],[50.85,28.86],[50.85,28.87],[50.85,28.87],[50.85,28.87],[50.85,28.87],[50.85,28.87],[50.85,28.87],[50.85,28.87],[50.85,28.87],[50.84,28.87],[50.84,28.87],[50.84,28.87],[50.84,28.87],[50.84,28.88],[50.84,28.88],[50.84,28.88],[50.84,28.88],[50.84,28.88],[50.84,28.88],[50.84,28.88],[50.84,28.88],[50.84,28.88],[50.84,28.88],[50.84,28.88],[50.83,28.88],[50.83,28.89],[50.83,28.89],[50.83,28.89],[50.83,28.89],[50.83,28.89],[50.83,28.89],[50.83,28.9],[50.83,28.9],[50.83,28.9],[50.83,28.9],[50.83,28.9],[50.83,28.9],[50.83,28.9],[50.83,28.9],[50.83,28.9],[50.82,28.9],[50.82,28.9],[50.82,28.9],[50.82,28.9],[50.82,28.9],[50.82,28.9],[50.82,28.91],[50.82,28.91],[50.82,28.91],[50.82,28.91],[50.82,28.91],[50.82,28.91],[50.82,28.91],[50.81,28.91],[50.81,28.91],[50.81,28.92],[50.81,28.92],[50.81,28.92],[50.81,28.92],[50.81,28.92],[50.81,28.92],[50.81,28.92],[50.81,28.92],[50.81,28.92],[50.81,28.93],[50.81,28.93],[50.81,28.93],[50.81,28.93],[50.81,28.94],[50.81,28.94],[50.81,28.94],[50.81,28.95],[50.81,28.95],[50.81,28.95],[50.81,28.95],[50.81,28.95],[50.81,28.95],[50.81,28.96],[50.81,28.96],[50.81,28.96],[50.81,28.96],[50.81,28.96],[50.81,28.96],[50.81,28.96],[50.81,28.96],[50.81,28.96],[50.81,28.96],[50.82,28.97],[50.82,28.97],[50.82,28.97],[50.82,28.97],[50.82,28.97],[50.82,28.97],[50.82,28.97],[50.82,28.97],[50.82,28.97],[50.82,28.97],[50.82,28.97],[50.82,28.97],[50.82,28.97],[50.83,28.98],[50.83,28.98],[50.83,28.98],[50.83,28.98],[50.83,28.98],[50.83,28.99],[50.83,28.99],[50.83,28.99],[50.83,28.99],[50.83,28.99],[50.83,29.0],[50.83,29.0],[50.83,29.0],[50.83,29.0],[50.83,29.0],[50.83,29.0],[50.83,29.0],[50.83,29.0],[50.83,29.0],[50.84,28.99],[50.84,28.99],[50.84,28.99],[50.84,28.99],[50.84,28.99],[50.84,28.99],[50.84,28.99],[50.84,28.99],[50.84,28.99],[50.84,28.99],[50.84,28.98],[50.84,28.98],[50.84,28.98],[50.84,28.98],[50.85,28.98],[50.85,28.98],[50.85,28.98],[50.85,28.98],[50.85,28.98],[50.85,28.98],[50.85,28.98],[50.86,28.98],[50.86,28.98],[50.86,28.98],[50.86,28.98],[50.86,28.97],[50.86,28.97],[50.86,28.97],[50.86,28.97],[50.86,28.97],[50.86,28.97],[50.86,28.97],[50.86,28.97],[50.86,28.97],[50.86,28.97],[50.87,28.97],[50.87,28.97],[50.87,28.97],[50.87,28.97],[50.87,28.96],[50.87,28.96],[50.87,28.97],[50.87,28.97],[50.87,28.97],[50.87,28.97],[50.87,28.97],[50.87,28.96],[50.87,28.96],[50.88,28.96],[50.88,28.96],[50.88,28.96],[50.88,28.96],[50.88,28.96],[50.88,28.96],[50.88,28.96],[50.88,28.96],[50.88,28.96],[50.88,28.96],[50.88,28.96],[50.89,28.95],[50.88,28.95],[50.88,28.95],[50.88,28.95],[50.88,28.95],[50.88,28.95],[50.88,28.95],[50.88,28.95],[50.88,28.95],[50.88,28.95],[50.88,28.95],[50.88,28.95],[50.88,28.95],[50.89,28.95],[50.89,28.94],[50.89,28.94],[50.89,28.94],[50.89,28.94],[50.89,28.94],[50.88,28.94],[50.88,28.94],[50.89,28.94],[50.89,28.94],[50.89,28.94],[50.89,28.93],[50.89,28.93],[50.89,28.93],[50.89,28.93],[50.89,28.93],[50.89,28.93],[50.9,28.93],[50.9,28.93],[50.9,28.93],[50.9,28.93],[50.9,28.94],[50.9,28.94],[50.9,28.94],[50.9,28.94],[50.9,28.94],[50.9,28.94],[50.9,28.94],[50.9,28.94],[50.9,28.94],[50.9,28.94],[50.9,28.95],[50.9,28.95],[50.9,28.95],[50.89,28.95],[50.89,28.95],[50.89,28.94],[50.89,28.94],[50.89,28.94],[50.89,28.95],[50.89,28.95],[50.89,28.95],[50.89,28.95],[50.89,28.95],[50.89,28.95],[50.89,28.95],[50.89,28.95],[50.89,28.95],[50.89,28.95],[50.89,28.95],[50.89,28.95],[50.89,28.95],[50.9,28.95],[50.9,28.95],[50.9,28.96],[50.9,28.96],[50.9,28.96],[50.9,28.96],[50.9,28.96],[50.9,28.96],[50.9,28.96],[50.9,28.96],[50.91,28.96],[50.91,28.96],[50.91,28.96],[50.91,28.96],[50.91,28.96],[50.91,28.96],[50.91,28.96],[50.91,28.96],[50.91,28.96],[50.91,28.96],[50.92,28.96],[50.92,28.96],[50.92,28.96],[50.92,28.96],[50.92,28.96],[50.92,28.97],[50.92,28.97],[50.92,28.97],[50.92,28.97],[50.92,28.97],[50.92,28.97],[50.92,28.98],[50.92,28.98],[50.92,28.98],[50.92,28.98],[50.92,28.98],[50.92,28.98],[50.92,28.98],[50.92,28.98],[50.92,28.98],[50.92,28.99],[50.92,28.99],[50.93,28.99],[50.93,28.99],[50.93,28.99],[50.93,28.99],[50.93,28.99],[50.93,28.99],[50.92,28.99],[50.92,28.99],[50.92,29.0],[50.92,29.0],[50.92,29.0],[50.92,29.0],[50.92,29.0],[50.92,29.0],[50.92,29.0],[50.92,29.0],[50.91,29.0],[50.91,29.0],[50.92,29.0],[50.92,29.0],[50.92,29.0],[50.92,29.0],[50.92,29.01],[50.92,29.01],[50.92,29.01],[50.92,29.01],[50.92,29.01],[50.92,29.01],[50.92,29.01],[50.92,29.01],[50.92,29.01],[50.92,29.02],[50.92,29.02],[50.92,29.02],[50.92,29.02],[50.92,29.02],[50.92,29.02],[50.92,29.02],[50.92,29.02],[50.92,29.02],[50.92,29.02],[50.92,29.02],[50.92,29.03],[50.92,29.03],[50.92,29.03],[50.92,29.03],[50.92,29.03],[50.92,29.03],[50.92,29.03],[50.92,29.03],[50.92,29.03],[50.92,29.04],[50.92,29.04],[50.92,29.04],[50.92,29.04],[50.92,29.04],[50.93,29.04],[50.93,29.04],[50.93,29.04],[50.92,29.04],[50.92,29.04],[50.92,29.04],[50.92,29.05],[50.92,29.05],[50.92,29.05],[50.92,29.05],[50.92,29.05],[50.92,29.05],[50.92,29.05],[50.92,29.06],[50.92,29.06],[50.92,29.06],[50.92,29.06],[50.92,29.06],[50.92,29.06],[50.92,29.06],[50.92,29.06],[50.92,29.06],[50.92,29.06],[50.92,29.06],[50.91,29.07],[50.91,29.07],[50.91,29.07],[50.91,29.07],[50.91,29.07],[50.91,29.07],[50.91,29.07],[50.9,29.07],[50.9,29.07],[50.9,29.07],[50.9,29.07],[50.89,29.07],[50.89,29.07],[50.89,29.07],[50.9,29.07],[50.9,29.07],[50.9,29.07],[50.9,29.07],[50.9,29.07],[50.9,29.07],[50.9,29.08],[50.9,29.08],[50.9,29.08],[50.9,29.08],[50.9,29.08],[50.9,29.08],[50.9,29.08],[50.9,29.08],[50.9,29.09],[50.9,29.09],[50.89,29.09],[50.89,29.09],[50.89,29.09],[50.89,29.09],[50.89,29.09],[50.89,29.09],[50.89,29.09],[50.89,29.09],[50.89,29.09],[50.89,29.1],[50.89,29.1],[50.89,29.1],[50.89,29.1],[50.89,29.1],[50.89,29.1],[50.88,29.1],[50.88,29.1],[50.88,29.1],[50.88,29.1],[50.88,29.1],[50.88,29.1],[50.88,29.1],[50.88,29.1],[50.88,29.1],[50.88,29.1],[50.88,29.1],[50.88,29.1],[50.87,29.1],[50.87,29.1],[50.87,29.1],[50.87,29.1],[50.87,29.1],[50.86,29.1],[50.86,29.1],[50.86,29.1],[50.86,29.1],[50.86,29.1],[50.86,29.09],[50.86,29.09],[50.86,29.1],[50.86,29.1],[50.85,29.1],[50.85,29.1],[50.85,29.1],[50.85,29.1],[50.85,29.1],[50.85,29.1],[50.85,29.1],[50.84,29.1],[50.84,29.1],[50.84,29.1],[50.84,29.1],[50.84,29.11],[50.84,29.11],[50.84,29.11],[50.84,29.11],[50.84,29.11],[50.85,29.11],[50.85,29.11],[50.85,29.12],[50.85,29.12],[50.85,29.12],[50.85,29.12],[50.85,29.12],[50.85,29.12],[50.85,29.12],[50.85,29.12],[50.85,29.12],[50.85,29.12],[50.85,29.12],[50.84,29.12],[50.84,29.12],[50.84,29.12],[50.84,29.12],[50.84,29.12],[50.84,29.12],[50.84,29.12],[50.84,29.12],[50.84,29.12],[50.84,29.13],[50.84,29.13],[50.83,29.13],[50.83,29.13],[50.83,29.13],[50.83,29.13],[50.83,29.13],[50.83,29.13],[50.83,29.13],[50.83,29.13],[50.83,29.13],[50.83,29.13],[50.82,29.13],[50.82,29.13],[50.82,29.13],[50.82,29.13],[50.82,29.13],[50.82,29.13],[50.82,29.14],[50.82,29.14],[50.82,29.14],[50.81,29.14],[50.81,29.14],[50.81,29.14],[50.81,29.14],[50.81,29.14],[50.81,29.14],[50.81,29.14],[50.81,29.14],[50.81,29.14],[50.81,29.14],[50.82,29.14],[50.82,29.14],[50.82,29.14],[50.82,29.14],[50.82,29.14],[50.82,29.15],[50.82,29.15],[50.82,29.15],[50.82,29.15],[50.82,29.15],[50.82,29.15],[50.82,29.15],[50.82,29.15],[50.83,29.15],[50.83,29.15],[50.83,29.15],[50.83,29.15],[50.83,29.15],[50.83,29.15],[50.83,29.15],[50.83,29.15],[50.82,29.15],[50.82,29.15],[50.82,29.15],[50.82,29.15],[50.82,29.15],[50.82,29.15],[50.82,29.16],[50.82,29.16],[50.82,29.16],[50.82,29.16],[50.81,29.16],[50.81,29.16],[50.81,29.16],[50.81,29.16],[50.81,29.16],[50.81,29.16],[50.81,29.16],[50.81,29.16],[50.81,29.16],[50.81,29.16],[50.81,29.16],[50.81,29.16],[50.81,29.16],[50.81,29.16],[50.81,29.16],[50.8,29.16],[50.8,29.16],[50.8,29.16],[50.8,29.16],[50.8,29.16],[50.8,29.16],[50.8,29.16],[50.8,29.16],[50.8,29.16],[50.79,29.16],[50.79,29.16],[50.79,29.16],[50.79,29.16],[50.79,29.16],[50.79,29.16],[50.79,29.16],[50.79,29.16],[50.78,29.16],[50.78,29.16],[50.78,29.16],[50.78,29.16],[50.78,29.16],[50.78,29.16],[50.78,29.16],[50.78,29.16],[50.78,29.16],[50.77,29.16],[50.77,29.16],[50.77,29.16],[50.77,29.16],[50.77,29.16],[50.77,29.16],[50.77,29.16],[50.77,29.16],[50.77,29.16],[50.77,29.16],[50.76,29.16],[50.76,29.16],[50.76,29.16],[50.76,29.16],[50.76,29.16],[50.76,29.16],[50.76,29.16],[50.76,29.16],[50.76,29.16],[50.76,29.16],[50.76,29.16],[50.76,29.16],[50.76,29.16],[50.76,29.16],[50.76,29.16],[50.76,29.17],[50.76,29.17],[50.75,29.17],[50.75,29.17],[50.75,29.17],[50.75,29.17],[50.75,29.17],[50.75,29.17],[50.75,29.16],[50.75,29.16],[50.75,29.16],[50.74,29.17],[50.74,29.16],[50.74,29.16],[50.74,29.16],[50.74,29.16],[50.74,29.16],[50.74,29.16],[50.74,29.16],[50.74,29.16],[50.74,29.16],[50.74,29.16],[50.74,29.15],[50.74,29.15],[50.74,29.15],[50.75,29.15],[50.75,29.15],[50.75,29.15],[50.75,29.15],[50.75,29.15],[50.75,29.14],[50.76,29.14],[50.76,29.15],[50.76,29.14],[50.76,29.14],[50.76,29.14],[50.76,29.14],[50.76,29.14],[50.76,29.14],[50.76,29.14],[50.76,29.14],[50.76,29.14],[50.76,29.13],[50.76,29.13],[50.77,29.13],[50.77,29.13],[50.77,29.13],[50.77,29.13],[50.77,29.13],[50.77,29.14],[50.77,29.14],[50.77,29.14],[50.77,29.14],[50.78,29.14],[50.78,29.14],[50.78,29.14],[50.78,29.14],[50.78,29.14],[50.78,29.14],[50.78,29.14],[50.78,29.14],[50.78,29.13],[50.78,29.13],[50.78,29.13],[50.78,29.13],[50.78,29.13],[50.78,29.13],[50.78,29.13],[50.78,29.13],[50.77,29.13],[50.77,29.13],[50.77,29.13],[50.77,29.13],[50.76,29.13],[50.76,29.13],[50.75,29.13],[50.75,29.13],[50.75,29.13],[50.75,29.13],[50.75,29.13],[50.75,29.13],[50.75,29.13],[50.75,29.13],[50.74,29.12],[50.74,29.12],[50.74,29.12],[50.74,29.12],[50.73,29.12],[50.73,29.12],[50.73,29.12],[50.73,29.12],[50.73,29.12],[50.73,29.12],[50.72,29.12],[50.72,29.12],[50.72,29.12],[50.72,29.12],[50.72,29.12],[50.72,29.12],[50.72,29.12],[50.72,29.12],[50.71,29.12],[50.71,29.12],[50.71,29.12],[50.71,29.12],[50.71,29.12],[50.7,29.12],[50.7,29.12],[50.7,29.12],[50.7,29.12],[50.7,29.12],[50.7,29.12],[50.7,29.11],[50.7,29.11],[50.7,29.11],[50.7,29.11],[50.7,29.11],[50.7,29.11],[50.7,29.11],[50.7,29.11],[50.7,29.11],[50.7,29.11],[50.7,29.1],[50.7,29.1],[50.7,29.1],[50.69,29.1],[50.69,29.1],[50.69,29.1],[50.69,29.1],[50.69,29.11],[50.69,29.11],[50.69,29.11],[50.69,29.11],[50.69,29.11],[50.69,29.11],[50.68,29.11],[50.68,29.11],[50.68,29.11],[50.68,29.11],[50.68,29.11],[50.68,29.11],[50.68,29.11],[50.68,29.11],[50.68,29.11],[50.68,29.11],[50.68,29.11],[50.68,29.11],[50.68,29.11],[50.68,29.11],[50.68,29.11],[50.67,29.11],[50.67,29.11],[50.67,29.12],[50.67,29.12],[50.68,29.12],[50.68,29.12],[50.67,29.12],[50.67,29.12],[50.67,29.12],[50.67,29.12],[50.67,29.12],[50.67,29.12],[50.67,29.12],[50.67,29.12],[50.67,29.12],[50.67,29.12],[50.67,29.12],[50.67,29.13],[50.67,29.13],[50.67,29.13],[50.67,29.13],[50.66,29.13],[50.66,29.13],[50.66,29.13],[50.66,29.13],[50.66,29.14],[50.66,29.14],[50.66,29.14],[50.66,29.14],[50.66,29.14],[50.66,29.14],[50.66,29.14],[50.66,29.14],[50.66,29.14],[50.66,29.14],[50.66,29.14],[50.65,29.15],[50.65,29.15],[50.65,29.15],[50.65,29.15],[50.65,29.15],[50.65,29.15],[50.65,29.15],[50.65,29.15],[50.65,29.15],[50.65,29.16],[50.65,29.16],[50.65,29.16],[50.65,29.16],[50.65,29.16],[50.65,29.16],[50.65,29.16],[50.65,29.16],[50.65,29.16],[50.65,29.17],[50.65,29.17],[50.65,29.17],[50.65,29.17],[50.65,29.17],[50.65,29.17],[50.65,29.17],[50.65,29.17],[50.65,29.17],[50.65,29.17],[50.65,29.17],[50.65,29.17],[50.65,29.17],[50.66,29.18],[50.66,29.18],[50.66,29.18],[50.66,29.18],[50.66,29.18],[50.66,29.18],[50.66,29.18],[50.66,29.18],[50.66,29.18],[50.66,29.19],[50.66,29.19],[50.66,29.19],[50.66,29.19],[50.66,29.19],[50.66,29.19],[50.66,29.19],[50.66,29.19],[50.66,29.2],[50.66,29.2],[50.66,29.2],[50.66,29.2],[50.66,29.21],[50.66,29.21],[50.66,29.21],[50.66,29.21],[50.66,29.21],[50.66,29.2],[50.66,29.2],[50.66,29.2],[50.66,29.2],[50.65,29.2],[50.65,29.2],[50.65,29.2],[50.65,29.2],[50.65,29.19],[50.65,29.19],[50.65,29.19],[50.65,29.19],[50.65,29.2],[50.65,29.2],[50.65,29.2],[50.65,29.2],[50.65,29.21],[50.65,29.21],[50.65,29.21],[50.65,29.21],[50.65,29.21],[50.65,29.22],[50.65,29.22],[50.66,29.22],[50.66,29.22],[50.66,29.22],[50.66,29.23],[50.66,29.23],[50.66,29.23],[50.66,29.23],[50.66,29.23],[50.66,29.23],[50.66,29.23],[50.66,29.24],[50.66,29.24],[50.66,29.24],[50.66,29.25],[50.66,29.25],[50.66,29.25],[50.66,29.25],[50.66,29.25],[50.67,29.25],[50.67,29.25],[50.67,29.25],[50.67,29.25],[50.67,29.25],[50.67,29.25],[50.67,29.25],[50.67,29.25],[50.67,29.25],[50.67,29.25],[50.67,29.25],[50.67,29.25],[50.67,29.25],[50.68,29.25],[50.68,29.25],[50.68,29.25],[50.68,29.25],[50.68,29.25],[50.68,29.25],[50.68,29.25],[50.68,29.25],[50.68,29.25],[50.68,29.26],[50.68,29.26],[50.68,29.26],[50.68,29.26],[50.68,29.26],[50.68,29.26],[50.68,29.26],[50.68,29.26],[50.68,29.26],[50.68,29.26],[50.68,29.26],[50.68,29.27],[50.68,29.27],[50.68,29.26],[50.68,29.26],[50.68,29.26],[50.68,29.26],[50.68,29.26],[50.68,29.26],[50.67,29.26],[50.67,29.26],[50.67,29.26],[50.67,29.26],[50.67,29.26],[50.67,29.27],[50.67,29.27],[50.67,29.27],[50.67,29.27],[50.67,29.27],[50.68,29.27],[50.68,29.27],[50.68,29.27],[50.68,29.27],[50.68,29.27],[50.68,29.27],[50.68,29.27],[50.68,29.27],[50.68,29.27],[50.68,29.27],[50.68,29.28],[50.69,29.28],[50.69,29.28],[50.69,29.28],[50.69,29.28],[50.69,29.28],[50.69,29.28],[50.69,29.28],[50.69,29.28],[50.69,29.28],[50.69,29.28],[50.69,29.28],[50.69,29.28],[50.69,29.29],[50.69,29.29],[50.69,29.29],[50.69,29.29],[50.7,29.29],[50.7,29.29],[50.7,29.29],[50.69,29.29],[50.69,29.29],[50.69,29.29],[50.69,29.29],[50.69,29.29],[50.69,29.29],[50.69,29.29],[50.69,29.29],[50.69,29.29],[50.69,29.28],[50.69,29.28],[50.69,29.28],[50.68,29.28],[50.68,29.28],[50.68,29.28],[50.68,29.28],[50.68,29.28],[50.68,29.28],[50.68,29.28],[50.68,29.28],[50.68,29.28],[50.68,29.28],[50.68,29.28],[50.68,29.27],[50.68,29.27],[50.68,29.27],[50.67,29.27],[50.67,29.27],[50.67,29.27],[50.67,29.27],[50.67,29.27],[50.67,29.27],[50.67,29.27],[50.67,29.27],[50.67,29.27],[50.67,29.27],[50.67,29.27],[50.67,29.27],[50.67,29.27],[50.67,29.27],[50.67,29.27],[50.66,29.27],[50.66,29.27],[50.66,29.27],[50.66,29.27],[50.66,29.28],[50.67,29.28],[50.67,29.28],[50.67,29.28],[50.67,29.27],[50.67,29.27],[50.67,29.27],[50.67,29.27],[50.67,29.28],[50.67,29.28],[50.67,29.28],[50.67,29.28],[50.67,29.28],[50.67,29.28],[50.67,29.29],[50.67,29.29],[50.67,29.29],[50.67,29.29],[50.67,29.29],[50.67,29.29],[50.67,29.29],[50.67,29.29],[50.67,29.29],[50.67,29.29],[50.67,29.29],[50.67,29.29],[50.68,29.29],[50.68,29.29],[50.68,29.29],[50.68,29.29],[50.68,29.29],[50.68,29.29],[50.68,29.29],[50.68,29.3],[50.68,29.3],[50.68,29.3],[50.68,29.3],[50.69,29.3],[50.69,29.3],[50.69,29.3],[50.69,29.3],[50.69,29.31],[50.69,29.31],[50.69,29.31],[50.69,29.31],[50.69,29.31],[50.69,29.31],[50.69,29.31],[50.69,29.31],[50.69,29.31],[50.7,29.31],[50.7,29.31],[50.7,29.31],[50.7,29.31],[50.71,29.31],[50.71,29.31],[50.7,29.31],[50.7,29.31],[50.7,29.31],[50.69,29.31],[50.69,29.31],[50.69,29.31],[50.69,29.31],[50.69,29.31],[50.69,29.31],[50.69,29.31],[50.69,29.31],[50.68,29.31],[50.68,29.31],[50.68,29.31],[50.68,29.3],[50.68,29.3],[50.68,29.3],[50.68,29.3],[50.68,29.3],[50.67,29.3],[50.67,29.3],[50.67,29.3],[50.67,29.3],[50.67,29.3],[50.67,29.3],[50.67,29.29],[50.67,29.29],[50.67,29.29],[50.67,29.29],[50.67,29.29],[50.67,29.29],[50.67,29.29],[50.66,29.3],[50.66,29.31],[50.67,29.32],[50.66,29.32],[50.66,29.32],[50.66,29.33],[50.66,29.33],[50.66,29.34],[50.66,29.35],[50.66,29.35],[50.66,29.35],[50.66,29.36],[50.66,29.36],[50.66,29.37],[50.66,29.37],[50.67,29.38],[50.66,29.38],[50.66,29.38],[50.66,29.38],[50.66,29.38],[50.66,29.39],[50.66,29.39],[50.66,29.39],[50.66,29.4],[50.66,29.4],[50.66,29.4],[50.66,29.4],[50.66,29.41],[50.66,29.41],[50.66,29.41],[50.66,29.41],[50.66,29.42],[50.66,29.42],[50.66,29.42],[50.66,29.42],[50.66,29.42],[50.66,29.42],[50.66,29.42],[50.66,29.43],[50.66,29.43],[50.66,29.43],[50.66,29.43],[50.66,29.43],[50.65,29.43],[50.65,29.43],[50.66,29.43],[50.66,29.43],[50.66,29.43],[50.66,29.43],[50.66,29.43],[50.66,29.43],[50.66,29.44],[50.65,29.43],[50.65,29.44],[50.65,29.44],[50.65,29.44],[50.65,29.44],[50.65,29.44],[50.65,29.44],[50.65,29.44],[50.65,29.44],[50.65,29.44],[50.65,29.44],[50.65,29.44],[50.65,29.44],[50.65,29.45],[50.65,29.45],[50.65,29.45],[50.64,29.45],[50.64,29.45],[50.64,29.45],[50.64,29.45],[50.64,29.45],[50.64,29.45],[50.64,29.45],[50.64,29.45],[50.64,29.46],[50.64,29.46],[50.64,29.46],[50.64,29.46],[50.64,29.46],[50.64,29.46],[50.64,29.46],[50.64,29.46],[50.64,29.47],[50.64,29.47],[50.64,29.47],[50.64,29.47],[50.64,29.47],[50.63,29.47],[50.63,29.47],[50.63,29.47],[50.63,29.47],[50.63,29.48],[50.63,29.48],[50.63,29.48],[50.63,29.48],[50.63,29.48],[50.63,29.48],[50.63,29.48],[50.63,29.48],[50.63,29.48],[50.63,29.48],[50.63,29.48],[50.63,29.48],[50.63,29.48],[50.63,29.48],[50.63,29.48],[50.63,29.48],[50.63,29.47],[50.63,29.47],[50.63,29.47],[50.63,29.47],[50.63,29.47],[50.63,29.47],[50.63,29.47],[50.63,29.47],[50.63,29.47],[50.63,29.47],[50.64,29.47],[50.64,29.47],[50.64,29.46],[50.64,29.46],[50.64,29.46],[50.63,29.46],[50.63,29.46],[50.63,29.46],[50.63,29.46],[50.63,29.46],[50.63,29.46],[50.63,29.46],[50.63,29.46],[50.63,29.46],[50.62,29.46],[50.62,29.46],[50.62,29.47],[50.62,29.47],[50.62,29.47],[50.62,29.47],[50.62,29.47],[50.62,29.47],[50.62,29.47],[50.62,29.47],[50.62,29.47],[50.62,29.47],[50.62,29.47],[50.62,29.47],[50.62,29.47],[50.62,29.47],[50.62,29.47],[50.61,29.48],[50.61,29.48],[50.61,29.48],[50.61,29.48],[50.61,29.48],[50.61,29.47],[50.61,29.47],[50.62,29.47],[50.62,29.47],[50.62,29.47],[50.62,29.47],[50.61,29.47],[50.61,29.47],[50.61,29.47],[50.61,29.47],[50.61,29.47],[50.61,29.48],[50.61,29.48],[50.61,29.48],[50.61,29.48],[50.61,29.48],[50.61,29.48],[50.61,29.48],[50.61,29.48],[50.6,29.48],[50.6,29.48],[50.6,29.48],[50.6,29.49],[50.6,29.49],[50.6,29.49],[50.6,29.49],[50.6,29.49],[50.6,29.49],[50.6,29.49],[50.6,29.49],[50.61,29.49],[50.61,29.49],[50.61,29.49],[50.61,29.49],[50.61,29.49],[50.61,29.49],[50.61,29.49],[50.61,29.49],[50.61,29.49],[50.61,29.49],[50.61,29.49],[50.61,29.49],[50.61,29.49],[50.61,29.49],[50.61,29.5],[50.61,29.5],[50.61,29.5],[50.61,29.5],[50.61,29.5],[50.61,29.5],[50.61,29.5],[50.61,29.5],[50.61,29.5],[50.61,29.5],[50.61,29.5],[50.61,29.5],[50.61,29.5],[50.61,29.5],[50.61,29.5],[50.6,29.51],[50.6,29.51],[50.6,29.51],[50.6,29.51],[50.6,29.51],[50.6,29.51],[50.6,29.51],[50.6,29.51],[50.6,29.51],[50.6,29.51],[50.6,29.51],[50.6,29.51],[50.59,29.51],[50.59,29.51],[50.59,29.51],[50.59,29.51],[50.59,29.51],[50.59,29.52],[50.59,29.52],[50.59,29.52],[50.59,29.52],[50.59,29.52],[50.59,29.52],[50.59,29.52],[50.58,29.52],[50.58,29.52],[50.58,29.52],[50.58,29.52],[50.58,29.52],[50.58,29.52],[50.58,29.51],[50.58,29.51],[50.58,29.51],[50.58,29.51],[50.58,29.51],[50.58,29.51],[50.58,29.51],[50.58,29.51],[50.59,29.51],[50.59,29.5],[50.58,29.5],[50.58,29.5],[50.59,29.5],[50.59,29.5],[50.59,29.5],[50.59,29.5],[50.59,29.5],[50.59,29.5],[50.59,29.5],[50.59,29.5],[50.59,29.5],[50.6,29.5],[50.6,29.5],[50.6,29.5],[50.6,29.5],[50.59,29.49],[50.59,29.49],[50.59,29.49],[50.59,29.49],[50.59,29.49],[50.59,29.49],[50.59,29.49],[50.59,29.48],[50.59,29.48],[50.59,29.48],[50.59,29.48],[50.6,29.48],[50.59,29.48],[50.59,29.48],[50.59,29.48],[50.59,29.48],[50.59,29.48],[50.59,29.48],[50.59,29.48],[50.59,29.48],[50.59,29.48],[50.59,29.48],[50.59,29.48],[50.59,29.48],[50.59,29.49],[50.58,29.49],[50.58,29.49],[50.58,29.49],[50.58,29.49],[50.58,29.49],[50.58,29.49],[50.58,29.49],[50.58,29.49],[50.58,29.49],[50.58,29.49],[50.58,29.49],[50.58,29.49],[50.58,29.49],[50.58,29.49],[50.58,29.49],[50.58,29.49],[50.58,29.5],[50.57,29.5],[50.57,29.5],[50.57,29.5],[50.57,29.5],[50.57,29.5],[50.57,29.5],[50.57,29.5],[50.57,29.5],[50.57,29.5],[50.57,29.5],[50.57,29.5],[50.57,29.5],[50.57,29.5],[50.57,29.51],[50.57,29.51],[50.57,29.51],[50.57,29.51],[50.57,29.51],[50.57,29.51],[50.56,29.51],[50.56,29.51],[50.56,29.51],[50.56,29.51],[50.56,29.51],[50.56,29.51],[50.56,29.51],[50.56,29.52],[50.56,29.52],[50.56,29.52],[50.56,29.52],[50.55,29.52],[50.55,29.52],[50.55,29.52],[50.55,29.52],[50.55,29.52],[50.55,29.52],[50.55,29.52],[50.55,29.52],[50.55,29.52],[50.55,29.52],[50.55,29.52],[50.55,29.53],[50.55,29.53],[50.54,29.53],[50.54,29.53],[50.54,29.53],[50.54,29.53],[50.54,29.53],[50.54,29.53],[50.54,29.53],[50.54,29.53],[50.54,29.53],[50.54,29.53],[50.54,29.53],[50.54,29.53],[50.54,29.53],[50.54,29.53],[50.54,29.53],[50.54,29.54],[50.54,29.54],[50.53,29.54],[50.53,29.54],[50.53,29.54],[50.53,29.54],[50.53,29.54],[50.53,29.54],[50.53,29.54],[50.53,29.54],[50.53,29.54],[50.53,29.54],[50.53,29.54],[50.53,29.54],[50.53,29.54],[50.53,29.54],[50.53,29.54],[50.53,29.54],[50.52,29.55],[50.52,29.55],[50.52,29.55],[50.52,29.55],[50.52,29.55],[50.52,29.55],[50.52,29.55],[50.51,29.55],[50.51,29.55],[50.51,29.55],[50.51,29.55],[50.51,29.55],[50.51,29.55],[50.51,29.55],[50.51,29.56],[50.51,29.56],[50.51,29.56],[50.51,29.57],[50.51,29.57],[50.51,29.57],[50.5,29.57],[50.5,29.57],[50.5,29.58],[50.5,29.58],[50.5,29.58],[50.5,29.58],[50.5,29.58],[50.5,29.58],[50.5,29.58],[50.5,29.59],[50.5,29.59],[50.5,29.59],[50.5,29.59],[50.5,29.59],[50.5,29.59],[50.5,29.59],[50.5,29.59],[50.49,29.59],[50.49,29.59],[50.49,29.6],[50.49,29.6],[50.49,29.6],[50.49,29.6],[50.49,29.6],[50.49,29.6],[50.49,29.6],[50.49,29.61],[50.48,29.61],[50.48,29.61],[50.48,29.61],[50.48,29.61],[50.48,29.61],[50.48,29.61],[50.48,29.61],[50.48,29.61],[50.48,29.61],[50.48,29.61],[50.48,29.61],[50.48,29.61],[50.48,29.61],[50.48,29.61],[50.48,29.62],[50.47,29.62],[50.47,29.62],[50.47,29.62],[50.47,29.62],[50.47,29.62],[50.47,29.62],[50.47,29.62],[50.47,29.62],[50.47,29.62],[50.47,29.62],[50.47,29.62],[50.47,29.62],[50.47,29.62],[50.47,29.63],[50.46,29.63],[50.46,29.63],[50.46,29.63],[50.46,29.63],[50.46,29.63],[50.46,29.63],[50.46,29.63],[50.46,29.63],[50.46,29.63],[50.46,29.63],[50.46,29.63],[50.46,29.63],[50.46,29.63],[50.46,29.63],[50.45,29.63],[50.45,29.63],[50.45,29.63],[50.45,29.64],[50.45,29.64],[50.45,29.64],[50.45,29.64],[50.45,29.64],[50.45,29.64],[50.45,29.64],[50.45,29.64],[50.45,29.64],[50.45,29.64],[50.44,29.64],[50.44,29.64],[50.44,29.64],[50.44,29.64],[50.44,29.64],[50.44,29.64],[50.44,29.64],[50.44,29.64],[50.44,29.65],[50.44,29.65],[50.43,29.65],[50.43,29.65],[50.43,29.65],[50.43,29.65],[50.43,29.65],[50.43,29.65],[50.43,29.65],[50.42,29.65],[50.42,29.65],[50.42,29.65],[50.42,29.65],[50.42,29.65],[50.42,29.65],[50.42,29.65],[50.42,29.65],[50.42,29.65],[50.41,29.65],[50.41,29.65],[50.41,29.65],[50.41,29.65],[50.41,29.66],[50.41,29.66],[50.41,29.66],[50.41,29.66],[50.41,29.66],[50.4,29.66],[50.4,29.66],[50.4,29.66],[50.4,29.66],[50.4,29.66],[50.4,29.66],[50.4,29.67],[50.4,29.67],[50.4,29.67],[50.4,29.67],[50.4,29.67],[50.39,29.67],[50.39,29.67],[50.39,29.67],[50.39,29.67],[50.39,29.67],[50.39,29.67],[50.39,29.67],[50.39,29.67],[50.39,29.68],[50.39,29.68],[50.39,29.68],[50.39,29.68],[50.39,29.68],[50.38,29.68],[50.38,29.68],[50.38,29.68],[50.38,29.68],[50.38,29.68],[50.38,29.68],[50.38,29.68],[50.38,29.68],[50.38,29.68],[50.38,29.68],[50.38,29.69],[50.38,29.69],[50.38,29.69],[50.37,29.69],[50.37,29.69],[50.37,29.69],[50.37,29.69],[50.37,29.69],[50.37,29.69],[50.37,29.69],[50.37,29.69],[50.37,29.69],[50.37,29.69],[50.37,29.69],[50.37,29.69],[50.37,29.69],[50.37,29.7],[50.37,29.7],[50.36,29.7],[50.36,29.7],[50.36,29.7],[50.36,29.7],[50.36,29.7],[50.36,29.7],[50.36,29.7],[50.36,29.7],[50.36,29.7],[50.36,29.71],[50.36,29.71],[50.36,29.71],[50.36,29.71],[50.36,29.71],[50.36,29.71],[50.36,29.71],[50.35,29.71],[50.35,29.71],[50.35,29.71],[50.35,29.71],[50.35,29.71],[50.35,29.71],[50.35,29.71],[50.35,29.71],[50.35,29.71],[50.35,29.71],[50.35,29.71],[50.35,29.72],[50.35,29.72],[50.35,29.72],[50.35,29.72],[50.35,29.72],[50.35,29.72],[50.35,29.72],[50.34,29.72],[50.34,29.72],[50.34,29.72],[50.34,29.72],[50.34,29.72],[50.34,29.72],[50.34,29.72],[50.34,29.73],[50.34,29.73],[50.34,29.73],[50.34,29.73],[50.33,29.73],[50.33,29.73],[50.33,29.73],[50.33,29.73],[50.33,29.73],[50.33,29.73],[50.33,29.73],[50.33,29.73],[50.33,29.73],[50.33,29.73],[50.33,29.73],[50.33,29.73],[50.33,29.74],[50.32,29.74],[50.32,29.74],[50.32,29.74],[50.32,29.74],[50.32,29.74],[50.32,29.74],[50.32,29.75],[50.32,29.75],[50.32,29.75],[50.32,29.75],[50.32,29.75],[50.32,29.75],[50.32,29.75],[50.32,29.75],[50.32,29.75],[50.32,29.75],[50.32,29.75],[50.31,29.75],[50.31,29.75],[50.31,29.76],[50.31,29.76],[50.31,29.76],[50.31,29.76],[50.31,29.76],[50.31,29.76],[50.31,29.76],[50.31,29.76],[50.31,29.76],[50.31,29.76],[50.3,29.76],[50.3,29.76],[50.3,29.76],[50.3,29.76],[50.3,29.76],[50.3,29.77],[50.3,29.77],[50.3,29.77],[50.3,29.77],[50.3,29.77],[50.3,29.77],[50.3,29.77],[50.3,29.77],[50.3,29.77],[50.3,29.77],[50.3,29.77],[50.3,29.78],[50.3,29.78],[50.3,29.78],[50.3,29.78],[50.29,29.78],[50.29,29.78],[50.29,29.78],[50.29,29.78],[50.29,29.78],[50.29,29.78],[50.29,29.78],[50.29,29.78],[50.29,29.78],[50.29,29.78],[50.29,29.79],[50.29,29.79],[50.29,29.79],[50.29,29.79],[50.29,29.79],[50.29,29.79],[50.29,29.79],[50.29,29.79],[50.29,29.79],[50.28,29.79],[50.28,29.79],[50.28,29.8],[50.28,29.8],[50.28,29.8],[50.28,29.8],[50.28,29.8],[50.28,29.8],[50.28,29.8],[50.28,29.8],[50.28,29.8],[50.28,29.81],[50.28,29.81],[50.28,29.81],[50.28,29.81],[50.28,29.81],[50.28,29.81],[50.27,29.81],[50.27,29.81],[50.27,29.81],[50.27,29.81],[50.27,29.81],[50.27,29.82],[50.27,29.82],[50.27,29.82],[50.27,29.82],[50.27,29.82],[50.27,29.82],[50.27,29.82],[50.27,29.82],[50.27,29.82],[50.27,29.82],[50.27,29.82],[50.27,29.82],[50.26,29.83],[50.26,29.83],[50.26,29.83],[50.26,29.83],[50.26,29.83],[50.26,29.83],[50.26,29.83],[50.26,29.83],[50.26,29.83],[50.26,29.83],[50.26,29.83],[50.26,29.83],[50.26,29.83],[50.26,29.83],[50.26,29.83],[50.26,29.83],[50.26,29.83],[50.26,29.84],[50.26,29.84],[50.26,29.84],[50.25,29.84],[50.25,29.84],[50.25,29.84],[50.25,29.84],[50.25,29.84],[50.25,29.84],[50.25,29.84],[50.25,29.84],[50.25,29.85],[50.25,29.85],[50.25,29.85],[50.25,29.85],[50.25,29.85],[50.24,29.85],[50.24,29.85],[50.24,29.85],[50.24,29.85],[50.24,29.85],[50.24,29.85],[50.24,29.85],[50.24,29.85],[50.24,29.85],[50.24,29.85],[50.24,29.86],[50.24,29.86],[50.24,29.86],[50.24,29.86],[50.24,29.86],[50.23,29.86],[50.23,29.86],[50.23,29.86],[50.23,29.86],[50.23,29.86],[50.23,29.86],[50.23,29.86],[50.23,29.86],[50.23,29.86],[50.23,29.86],[50.23,29.87],[50.23,29.87],[50.23,29.87],[50.22,29.87],[50.22,29.87],[50.22,29.87],[50.22,29.87],[50.22,29.87],[50.22,29.87],[50.22,29.87],[50.22,29.88],[50.22,29.88],[50.22,29.88],[50.22,29.88],[50.22,29.88],[50.22,29.88],[50.22,29.88],[50.22,29.88],[50.22,29.88],[50.22,29.88],[50.22,29.88],[50.22,29.88],[50.21,29.88],[50.21,29.88],[50.21,29.88],[50.21,29.89],[50.2,29.89],[50.2,29.89],[50.2,29.89],[50.2,29.89],[50.2,29.89],[50.2,29.89],[50.2,29.89],[50.2,29.89],[50.2,29.89],[50.2,29.89],[50.2,29.89],[50.2,29.89],[50.2,29.9],[50.2,29.9],[50.19,29.9],[50.19,29.9],[50.19,29.9],[50.19,29.9],[50.19,29.9],[50.19,29.9],[50.19,29.9],[50.19,29.9],[50.19,29.9],[50.19,29.9],[50.19,29.9],[50.19,29.9],[50.19,29.91],[50.19,29.91],[50.19,29.91],[50.18,29.91],[50.18,29.91],[50.18,29.91],[50.18,29.91],[50.18,29.91],[50.18,29.91],[50.18,29.91],[50.18,29.91],[50.18,29.91],[50.18,29.91],[50.18,29.91],[50.18,29.91],[50.18,29.91],[50.18,29.92],[50.17,29.92],[50.17,29.92],[50.17,29.92],[50.17,29.92],[50.17,29.92],[50.17,29.92],[50.17,29.92],[50.17,29.92],[50.17,29.92],[50.17,29.92],[50.17,29.92],[50.17,29.92],[50.17,29.92],[50.17,29.92],[50.16,29.92],[50.16,29.92],[50.16,29.92],[50.16,29.93],[50.16,29.93],[50.16,29.93],[50.16,29.93],[50.16,29.93],[50.16,29.93],[50.16,29.93],[50.16,29.93],[50.15,29.93],[50.15,29.93],[50.15,29.93],[50.15,29.93],[50.15,29.93],[50.15,29.93],[50.15,29.93],[50.15,29.93],[50.15,29.93],[50.15,29.93],[50.14,29.93],[50.14,29.93],[50.14,29.93],[50.14,29.93],[50.14,29.93],[50.14,29.93],[50.15,29.94],[50.15,29.94],[50.15,29.94],[50.14,29.94],[50.14,29.94],[50.14,29.94],[50.14,29.94],[50.14,29.94],[50.14,29.94],[50.14,29.94],[50.14,29.94],[50.14,29.95],[50.14,29.95],[50.14,29.95],[50.14,29.95],[50.14,29.95],[50.14,29.95],[50.14,29.96],[50.14,29.96],[50.14,29.96],[50.14,29.96],[50.14,29.96],[50.14,29.96],[50.14,29.97],[50.14,29.97],[50.14,29.98],[50.14,29.98],[50.14,29.98],[50.14,29.98],[50.14,29.99],[50.14,29.99],[50.14,29.99],[50.14,29.99],[50.14,29.99],[50.14,29.99],[50.14,30.0],[50.14,30.0],[50.15,30.0],[50.15,30.0],[50.15,30.0],[50.15,30.0],[50.15,30.0],[50.15,30.0],[50.15,30.01],[50.15,30.01],[50.15,30.01],[50.15,30.01],[50.15,30.01],[50.15,30.01],[50.15,30.02],[50.15,30.02],[50.15,30.02],[50.15,30.02],[50.15,30.02],[50.15,30.02],[50.15,30.02],[50.15,30.02],[50.15,30.02],[50.15,30.02],[50.15,30.03],[50.15,30.03],[50.15,30.03],[50.15,30.03],[50.15,30.03],[50.15,30.04],[50.15,30.04],[50.15,30.04],[50.15,30.04],[50.15,30.04],[50.15,30.04],[50.15,30.04],[50.15,30.04],[50.15,30.04],[50.15,30.04],[50.15,30.04],[50.15,30.05],[50.15,30.05],[50.15,30.05],[50.15,30.05],[50.14,30.06],[50.14,30.06],[50.14,30.06],[50.14,30.06],[50.14,30.07],[50.14,30.07],[50.14,30.07],[50.14,30.07],[50.14,30.07],[50.14,30.08],[50.14,30.08],[50.14,30.08],[50.14,30.08],[50.14,30.09],[50.14,30.09],[50.14,30.09],[50.14,30.09],[50.14,30.09],[50.14,30.09],[50.13,30.09],[50.13,30.1],[50.13,30.1],[50.13,30.1],[50.13,30.1],[50.13,30.1],[50.13,30.1],[50.13,30.1],[50.13,30.1],[50.13,30.11],[50.13,30.11],[50.13,30.11],[50.13,30.11],[50.13,30.11],[50.13,30.11],[50.13,30.11],[50.12,30.11],[50.12,30.11],[50.12,30.12],[50.12,30.12],[50.12,30.12],[50.12,30.12],[50.12,30.12],[50.12,30.12],[50.12,30.12],[50.12,30.12],[50.12,30.12],[50.12,30.12],[50.12,30.12],[50.12,30.12],[50.12,30.13],[50.12,30.13],[50.12,30.13],[50.12,30.13],[50.12,30.13],[50.11,30.13],[50.11,30.13],[50.11,30.13],[50.11,30.13],[50.11,30.13],[50.11,30.13],[50.11,30.14],[50.11,30.14],[50.11,30.14],[50.11,30.14],[50.11,30.14],[50.11,30.14],[50.11,30.14],[50.11,30.14],[50.11,30.15],[50.1,30.15],[50.1,30.15],[50.1,30.15],[50.1,30.15],[50.1,30.15],[50.1,30.16],[50.1,30.16],[50.1,30.16],[50.1,30.16],[50.1,30.16],[50.1,30.16],[50.1,30.16],[50.1,30.16],[50.1,30.17],[50.09,30.17],[50.09,30.17],[50.09,30.17],[50.09,30.17],[50.09,30.17],[50.09,30.17],[50.09,30.17],[50.09,30.17],[50.09,30.17],[50.09,30.18],[50.09,30.18],[50.09,30.18],[50.09,30.18],[50.09,30.18],[50.09,30.18],[50.08,30.18],[50.08,30.18],[50.08,30.18],[50.08,30.18],[50.08,30.18],[50.08,30.18],[50.08,30.18],[50.08,30.19],[50.08,30.19],[50.08,30.19],[50.08,30.19],[50.08,30.19],[50.07,30.19],[50.07,30.19],[50.07,30.19],[50.07,30.19],[50.07,30.19],[50.07,30.19],[50.07,30.19],[50.07,30.19],[50.07,30.19],[50.07,30.19],[50.07,30.19],[50.06,30.2],[50.06,30.2],[50.06,30.2],[50.06,30.2],[50.06,30.2],[50.06,30.2],[50.06,30.2],[50.06,30.2],[50.06,30.2],[50.06,30.2],[50.06,30.2],[50.05,30.2],[50.05,30.2],[50.05,30.2],[50.05,30.2],[50.05,30.2],[50.05,30.2],[50.05,30.2],[50.05,30.2],[50.04,30.2],[50.04,30.2],[50.04,30.2],[50.04,30.21],[50.06,30.22],[50.07,30.23],[50.09,30.24],[50.12,30.27],[50.17,30.27],[50.25,30.23],[50.31,30.22],[50.37,30.22],[50.49,30.2],[50.53,30.18],[50.58,30.17],[50.57,30.13],[50.58,30.06],[50.63,30.01],[50.7,29.96],[50.72,29.89],[50.74,29.86],[50.82,29.85],[50.88,29.83],[51.0,29.84],[51.11,29.8],[51.17,29.8],[51.23,29.76],[51.26,29.68],[51.25,29.64],[51.27,29.6],[51.32,29.55],[51.38,29.49],[51.45,29.46],[51.56,29.42],[51.63,29.31],[51.74,29.12],[51.79,29.04],[51.88,28.92],[51.92,28.87],[51.99,28.72],[52.02,28.63],[52.05,28.55],[52.05,28.52],[52.12,28.36],[52.19,28.25],[52.19,28.21],[52.2,28.15],[52.28,28.13],[52.33,28.09],[52.37,28.03],[52.45,27.91],[52.49,27.81],[52.52,27.74],[52.58,27.65],[52.66,27.59],[52.83,27.48],[52.9,27.42],[52.94,27.36],[52.89,27.36],[52.83,27.37],[52.74,27.36],[52.7,27.36],[52.68,27.32],[52.67,27.31],[52.67,27.31],[52.67,27.31],[52.67,27.31],[52.67,27.32],[52.67,27.32],[52.67,27.32],[52.67,27.32],[52.67,27.32],[52.67,27.32],[52.66,27.32],[52.66,27.32],[52.66,27.32],[52.66,27.32],[52.66,27.32],[52.66,27.32],[52.66,27.32],[52.66,27.32],[52.66,27.32],[52.66,27.32],[52.66,27.32],[52.65,27.32],[52.65,27.33],[52.65,27.33],[52.65,27.33],[52.65,27.33],[52.65,27.33],[52.65,27.33],[52.65,27.33],[52.65,27.33],[52.65,27.33],[52.65,27.33],[52.65,27.33],[52.65,27.33],[52.65,27.33],[52.64,27.33],[52.65,27.34],[52.64,27.34],[52.64,27.34],[52.64,27.34],[52.64,27.34],[52.64,27.34],[52.64,27.34],[52.64,27.34],[52.64,27.34],[52.64,27.34],[52.64,27.34],[52.64,27.34],[52.64,27.35],[52.64,27.35],[52.64,27.35],[52.64,27.35],[52.64,27.35],[52.63,27.35],[52.63,27.35],[52.63,27.35],[52.63,27.35],[52.63,27.35],[52.63,27.35],[52.62,27.35],[52.62,27.35],[52.62,27.35],[52.62,27.35],[52.62,27.35],[52.62,27.35],[52.62,27.35],[52.62,27.35],[52.62,27.35],[52.62,27.35],[52.62,27.35],[52.62,27.35],[52.62,27.35],[52.62,27.35],[52.61,27.36],[52.61,27.36],[52.61,27.36],[52.61,27.36],[52.61,27.36],[52.61,27.36],[52.61,27.36],[52.61,27.36],[52.61,27.36],[52.61,27.36],[52.61,27.36],[52.61,27.36],[52.61,27.36],[52.6,27.36],[52.6,27.36],[52.6,27.36],[52.6,27.37],[52.6,27.37],[52.6,27.37],[52.6,27.37],[52.6,27.37],[52.6,27.37],[52.6,27.37],[52.6,27.37],[52.6,27.37],[52.6,27.37],[52.6,27.37],[52.6,27.37],[52.59,27.37],[52.59,27.37],[52.59,27.37],[52.59,27.37],[52.59,27.37],[52.59,27.37],[52.59,27.37],[52.58,27.38],[52.58,27.38],[52.58,27.38],[52.58,27.38],[52.58,27.38],[52.58,27.38],[52.58,27.38],[52.58,27.38],[52.58,27.38],[52.58,27.38],[52.58,27.38],[52.58,27.38],[52.58,27.39],[52.58,27.39],[52.58,27.39],[52.58,27.39],[52.58,27.39],[52.58,27.39],[52.58,27.39],[52.58,27.39],[52.58,27.39],[52.58,27.39],[52.58,27.39],[52.58,27.39],[52.59,27.39],[52.59,27.4],[52.59,27.4],[52.59,27.4],[52.59,27.4],[52.59,27.4],[52.59,27.4],[52.6,27.4],[52.6,27.4],[52.6,27.4],[52.6,27.4],[52.6,27.4],[52.6,27.4],[52.6,27.4],[52.61,27.4],[52.61,27.4],[52.62,27.4],[52.62,27.4],[52.62,27.4],[52.62,27.4],[52.62,27.4],[52.62,27.4],[52.63,27.4],[52.63,27.4],[52.63,27.4],[52.64,27.4],[52.64,27.4],[52.64,27.4],[52.65,27.4],[52.65,27.4],[52.65,27.4],[52.65,27.4],[52.65,27.4],[52.65,27.4],[52.65,27.4],[52.65,27.4],[52.65,27.4],[52.65,27.4],[52.65,27.4],[52.65,27.39],[52.66,27.39],[52.66,27.39],[52.66,27.39],[52.66,27.4],[52.66,27.4],[52.66,27.4],[52.66,27.4],[52.67,27.4],[52.67,27.4],[52.67,27.4],[52.67,27.4],[52.67,27.4],[52.67,27.4],[52.67,27.4],[52.67,27.4],[52.67,27.4],[52.67,27.4],[52.67,27.41],[52.67,27.41],[52.67,27.41],[52.67,27.41],[52.67,27.41],[52.67,27.41],[52.67,27.41],[52.67,27.42],[52.68,27.42],[52.68,27.42],[52.68,27.42],[52.68,27.43],[52.68,27.43],[52.68,27.43],[52.68,27.43],[52.68,27.44],[52.68,27.44],[52.68,27.45],[52.68,27.45],[52.68,27.45],[52.68,27.45],[52.67,27.45],[52.67,27.45],[52.68,27.45],[52.68,27.45],[52.68,27.45],[52.68,27.46],[52.68,27.46],[52.67,27.46],[52.67,27.46],[52.67,27.46],[52.67,27.46],[52.67,27.46],[52.67,27.46],[52.67,27.46],[52.67,27.46],[52.67,27.46],[52.67,27.46]]]]}},{"type":"Feature","id":"Hormozgan","properties":{"name":"Hormozgan","name_fa":"هرمزگان"},"geometry":{"type":"MultiPolygon","coordinates":[[[[58.0,25.66],[58.0,25.66],[58.0,25.66],[58.0,25.66],[58.0,25.66],[58.0,25.66],[58.0,25.66],[58.0,25.66],[58.0,25.66],[58.0,25.66]]],[[[57.78,25.67],[57.78,25.67],[57.78,25.67]]],[[[55.04,25.9],[55.04,25.9],[55.04,25.9],[55.04,25.9],[55.05,25.9],[55.05,25.89],[55.05,25.89],[55.05,25.89],[55.05,25.89],[55.05,25.88],[55.05,25.88],[55.05,25.88],[55.05,25.88],[55.05,25.88],[55.05,25.88],[55.05,25.88],[55.05,25.88],[55.05,25.87],[55.05,25.87],[55.05,25.87],[55.05,25.87],[55.05,25.87],[55.05,25.87],[55.05,25.87],[55.06,25.86],[55.06,25.86],[55.06,25.86],[55.06,25.86],[55.06,25.86],[55.06,25.86],[55.06,25.86],[55.06,25.86],[55.06,25.86],[55.05,25.86],[55.05,25.86],[55.05,25.86],[55.05,25.86],[55.05,25.86],[55.05,25.86],[55.05,25.86],[55.04,25.86],[55.04,25.86],[55.04,25.86],[55.04,25.86],[55.04,25.86],[55.04,25.86],[55.04,25.86],[55.04,25.86],[55.04,25.86],[55.03,25.85],[55.03,25.85],[55.03,25.85],[55.03,25.86],[55.03,25.86],[55.03,25.86],[55.03,25.86],[55.03,25.86],[55.03,25.86],[55.03,25.86],[55.02,25.86],[55.03,25.86],[55.03,25.86],[55.03,25.86],[55.03,25.86],[55.03,25.86],[55.02,25.86],[55.02,25.86],[55.02,25.86],[55.02,25.86],[55.02,25.86],[55.02,25.86],[55.02,25.86],[55.02,25.87],[55.02,25.87],[55.02,25.87],[55.02,25.87],[55.01,25.87],[55.01,25.87],[55.01,25.87],[55.01,25.88],[55.01,25.87],[55.01,25.87],[55.01,25.87],[55.01,25.87],[55.01,25.87],[55.01,25.88],[55.01,25.88],[55.01,25.88],[55.01,25.88],[55.01,25.88],[55.01,25.88],[55.01,25.88],[55.01,25.88],[55.02,25.88],[55.02,25.88],[55.02,25.88],[55.02,25.88],[55.02,25.88],[55.02,25.88],[55.02,25.89],[55.02,25.89],[55.02,25.89],[55.02,25.89],[55.02,25.89],[55.03,25.89],[55.03,25.89],[55.03,25.89],[55.03,25.89],[55.03,25.89],[55.03,25.89],[55.03,25.89],[55.03,25.9],[55.03,25.9],[55.03,25.9],[55.04,25.9],[55.04,25.9],[55.04,25.9],[55.04,25.9],[55.04,25.9]]],[[[54.55,25.93],[54.55,25.93],[54.55,25.93],[54.55,25.93],[54.55,25.93],[54.55,25.93],[54.55,25.93],[54.55,25.93],[54.55,25.92],[54.55,25.92],[54.55,25.92],[54.55,25.92],[54.55,25.92],[54.55,25.92],[54.55,25.92],[54.55,25.92],[54.55,25.91],[54.55,25.91],[54.55,25.91],[54.55,25.91],[54.55,25.91],[54.55,25.91],[54.55,25.9],[54.55,25.9],[54.55,25.9],[54.55,25.9],[54.55,25.9],[54.55,25.9],[54.55,25.9],[54.55,25.9],[54.55,25.9],[54.56,25.9],[54.56,25.9],[54.56,25.89],[54.56,25.89],[54.56,25.89],[54.56,25.89],[54.56,25.89],[54.56,25.89],[54.56,25.89],[54.56,25.89],[54.55,25.89],[54.55,25.89],[54.54,25.89],[54.54,25.89],[54.54,25.89],[54.54,25.89],[54.54,25.89],[54.54,25.9],[54.54,25.9],[54.53,25.9],[54.53,25.9],[54.53,25.9],[54.53,25.9],[54.53,25.9],[54.53,25.9],[54.53,25.9],[54.52,25.9],[54.51,25.9],[54.5,25.9],[54.5,25.9],[54.5,25.9],[54.5,25.9],[54.5,25.91],[54.5,25.91],[54.5,25.91],[54.5,25.91],[54.5,25.91],[54.5,25.91],[54.5,25.91],[54.5,25.91],[54.5,25.91],[54.5,25.92],[54.5,25.92],[54.5,25.92],[54.5,25.92],[54.51,25.92],[54.51,25.92],[54.51,25.92],[54.51,25.92],[54.51,25.92],[54.51,25.92],[54.51,25.92],[54.52,25.92],[54.52,25.92],[54.52,25.92],[54.52,25.92],[54.52,25.92],[54.52,25.92],[54.52,25.92],[54.52,25.92],[54.53,25.93],[54.53,25.93],[54.53,25.93],[54.53,25.93],[54.53,25.93],[54.53,25.93],[54.53,25.93],[54.53,25.93],[54.53,25.93],[54.54,25.93],[54.54,25.93],[54.54,25.93],[54.54,25.93],[54.54,25.93],[54.55,25.93]]],[[[55.14,26.25],[55.14,26.25],[55.14,26.25],[55.14,26.25],[55.14,26.25],[55.15,26.25],[55.15,26.25],[55.15,26.25],[55.15,26.25],[55.15,26.25],[55.15,26.25],[55.15,26.24],[55.15,26.24],[55.15,26.24],[55.15,26.24],[55.15,26.25],[55.15,26.24],[55.15,26.24],[55.15,26.24],[55.16,26.24],[55.16,26.24],[55.16,26.24],[55.15,26.24],[55.15,26.24],[55.15,26.24],[55.15,26.24],[55.15,26.24],[55.15,26.23],[55.15,26.23],[55.15,26.23],[55.14,26.23],[55.14,26.24],[55.14,26.24],[55.14,26.24],[55.14,26.24],[55.14,26.24],[55.14,26.24],[55.14,26.24],[55.14,26.24],[55.14,26.25],[55.14,26.25],[55.14,26.25],[55.14,26.25],[55.14,26.25],[55.14,26.25],[55.14,26.25]]],[[[55.31,26.28],[55.32,26.28],[55.32,26.28],[55.32,26.28],[55.32,26.28],[55.32,26.28],[55.32,26.28],[55.32,26.28],[55.32,26.28],[55.32,26.28],[55.32,26.27],[55.32,26.27],[55.32,26.27],[55.32,26.27],[55.32,26.27],[55.32,26.27],[55.32,26.27],[55.33,26.27],[55.33,26.27],[55.33,26.27],[55.33,26.26],[55.33,26.26],[55.32,26.26],[55.32,26.26],[55.32,26.26],[55.32,26.26],[55.32,26.26],[55.32,26.26],[55.32,26.26],[55.32,26.26],[55.32,26.26],[55.32,26.25],[55.32,26.25],[55.32,26.25],[55.32,26.25],[55.32,26.25],[55.32,26.25],[55.32,26.25],[55.32,26.25],[55.31,26.25],[55.3,26.25],[55.3,26.25],[55.3,26.25],[55.29,26.25],[55.29,26.25],[55.29,26.25],[55.29,26.25],[55.29,26.25],[55.29,26.25],[55.29,26.25],[55.29,26.25],[55.29,26.26],[55.29,26.26],[55.29,26.26],[55.29,26.26],[55.29,26.26],[55.29,26.26],[55.29,26.26],[55.29,26.26],[55.29,26.27],[55.29,26.27],[55.29,26.27],[55.29,26.27],[55.29,26.27],[55.29,26.27],[55.29,26.27],[55.29,26.27],[55.29,26.28],[55.29,26.28],[55.3,26.28],[55.3,26.28],[55.3,26.28],[55.3,26.28],[55.3,26.28],[55.3,26.28],[55.3,26.28],[55.31,26.28],[55.31,26.28],[55.31,26.28],[55.31,26.28],[55.31,26.28],[55.31,26.28],[55.31,26.28]]],[[[57.1,26.3],[57.1,26.3],[57.1,26.3],[57.1,26.3],[57.1,26.3],[57.1,26.3],[57.1,26.3],[57.1,26.3]]],[[[54.51,26.32],[54.52,26.32],[54.52,26.32],[54.52,26.32],[54.52,26.32],[54.52,26.31],[54.53,26.31],[54.53,26.31],[54.53,26.31],[54.53,26.31],[54.53,26.31],[54.53,26.31],[54.53,26.31],[54.53,26.31],[54.53,26.31],[54.53,26.31],[54.53,26.3],[54.54,26.3],[54.54,26.3],[54.54,26.3],[54.54,26.3],[54.54,26.29],[54.54,26.29],[54.54,26.29],[54.54,26.29],[54.54,26.29],[54.54,26.28],[54.54,26.28],[54.54,26.28],[54.54,26.28],[54.54,26.28],[54.54,26.28],[54.54,26.27],[54.54,26.27],[54.54,26.27],[54.54,26.27],[54.54,26.27],[54.53,26.27],[54.53,26.27],[54.53,26.27],[54.53,26.26],[54.53,26.26],[54.53,26.26],[54.53,26.26],[54.53,26.26],[54.53,26.26],[54.53,26.26],[54.53,26.26],[54.53,26.26],[54.53,26.26],[54.53,26.26],[54.53,26.25],[54.53,26.25],[54.52,26.25],[54.52,26.25],[54.52,26.25],[54.52,26.25],[54.52,26.25],[54.52,26.25],[54.52,26.25],[54.52,26.25],[54.51,26.25],[54.51,26.25],[54.51,26.25],[54.51,26.25],[54.51,26.25],[54.51,26.25],[54.51,26.25],[54.51,26.25],[54.51,26.26],[54.51,26.26],[54.51,26.26],[54.51,26.26],[54.51,26.26],[54.5,26.26],[54.5,26.26],[54.5,26.27],[54.5,26.27],[54.5,26.27],[54.5,26.27],[54.5,26.27],[54.5,26.27],[54.5,26.27],[54.5,26.27],[54.5,26.27],[54.5,26.27],[54.5,26.27],[54.5,26.28],[54.5,26.28],[54.49,26.28],[54.49,26.28],[54.49,26.28],[54.49,26.28],[54.49,26.28],[54.49,26.28],[54.49,26.28],[54.49,26.28],[54.49,26.28],[54.49,26.29],[54.49,26.29],[54.49,26.29],[54.49,26.29],[54.49,26.29],[54.49,26.29],[54.49,26.3],[54.49,26.3],[54.49,26.3],[54.49,26.3],[54.49,26.3],[54.49,26.3],[54.49,26.3],[54.49,26.3],[54.49,26.31],[54.49,26.31],[54.49,26.31],[54.49,26.31],[54.49,26.31],[54.49,26.31],[54.49,26.31],[54.49,26.31],[54.5,26.31],[54.5,26.31],[54.5,26.31],[54.5,26.31],[54.5,26.31],[54.5,26.31],[54.5,26.31],[54.5,26.31],[54.51,26.31],[54.51,26.32],[54.51,26.32],[54.51,26.32],[54.51,26.32],[54.51,26.32],[54.51,26.32]]],[[[53.96,26.57],[53.96,26.57],[53.96,26.57],[53.96,26.57],[53.96,26.57],[53.97,26.57],[53.97,26.57],[53.97,26.57],[53.97,26.57],[53.97,26.57],[53.98,26.57],[53.98,26.57],[53.98,26.57],[53.98,26.57],[53.98,26.57],[53.98,26.57],[53.99,26.57],[53.99,26.57],[53.99,26.57],[53.99,26.57],[53.99,26.57],[54.0,26.56],[54.0,26.56],[54.0,26.56],[54.0,26.57],[54.0,26.56],[54.0,26.57],[54.01,26.57],[54.01,26.56],[54.01,26.56],[54.01,26.57],[54.01,26.57],[54.01,26.57],[54.01,26.57],[54.01,26.56],[54.02,26.56],[54.02,26.56],[54.02,26.56],[54.02,26.56],[54.02,26.56],[54.02,26.56],[54.02,26.56],[54.02,26.56],[54.02,26.56],[54.02,26.56],[54.02,26.56],[54.03,26.56],[54.03,26.56],[54.03,26.56],[54.03,26.56],[54.02,26.56],[54.02,26.55],[54.02,26.55],[54.02,26.55],[54.02,26.55],[54.02,26.54],[54.03,26.54],[54.03,26.54],[54.03,26.54],[54.03,26.54],[54.03,26.54],[54.03,26.54],[54.03,26.54],[54.03,26.54],[54.03,26.54],[54.03,26.54],[54.03,26.53],[54.03,26.53],[54.04,26.53],[54.04,26.53],[54.04,26.53],[54.04,26.53],[54.04,26.53],[54.04,26.53],[54.04,26.53],[54.04,26.53],[54.04,26.53],[54.04,26.53],[54.04,26.53],[54.04,26.52],[54.05,26.52],[54.05,26.52],[54.05,26.52],[54.05,26.52],[54.05,26.52],[54.05,26.52],[54.05,26.51],[54.05,26.51],[54.05,26.51],[54.05,26.51],[54.05,26.51],[54.05,26.51],[54.05,26.51],[54.05,26.51],[54.04,26.51],[54.04,26.51],[54.04,26.5],[54.04,26.5],[54.04,26.5],[54.04,26.5],[54.04,26.5],[54.04,26.5],[54.04,26.5],[54.04,26.5],[54.03,26.5],[54.03,26.5],[54.03,26.5],[54.03,26.5],[54.03,26.5],[54.03,26.5],[54.03,26.5],[54.02,26.5],[54.02,26.5],[54.02,26.5],[54.02,26.5],[54.01,26.5],[54.01,26.5],[54.01,26.5],[54.01,26.5],[54.01,26.5],[54.01,26.5],[54.01,26.5],[54.0,26.5],[54.0,26.5],[54.0,26.49],[53.99,26.49],[53.99,26.49],[53.99,26.49],[53.98,26.49],[53.98,26.5],[53.98,26.5],[53.98,26.5],[53.97,26.5],[53.97,26.5],[53.97,26.5],[53.97,26.5],[53.97,26.5],[53.97,26.5],[53.96,26.5],[53.96,26.5],[53.96,26.5],[53.96,26.5],[53.96,26.5],[53.96,26.5],[53.96,26.5],[53.96,26.5],[53.95,26.5],[53.95,26.5],[53.95,26.5],[53.95,26.5],[53.95,26.5],[53.95,26.5],[53.95,26.5],[53.95,26.51],[53.95,26.51],[53.94,26.51],[53.94,26.51],[53.94,26.51],[53.94,26.51],[53.94,26.51],[53.94,26.51],[53.94,26.51],[53.93,26.51],[53.93,26.51],[53.93,26.51],[53.93,26.51],[53.93,26.51],[53.93,26.51],[53.93,26.51],[53.93,26.51],[53.93,26.51],[53.93,26.51],[53.93,26.51],[53.92,26.51],[53.92,26.51],[53.92,26.52],[53.92,26.52],[53.92,26.52],[53.92,26.52],[53.92,26.52],[53.92,26.52],[53.92,26.52],[53.92,26.52],[53.91,26.52],[53.91,26.52],[53.91,26.52],[53.91,26.52],[53.91,26.52],[53.91,26.52],[53.91,26.52],[53.91,26.53],[53.91,26.53],[53.91,26.53],[53.91,26.53],[53.91,26.53],[53.91,26.53],[53.91,26.53],[53.91,26.53],[53.9,26.54],[53.9,26.54],[53.9,26.54],[53.9,26.54],[53.9,26.54],[53.9,26.54],[53.9,26.54],[53.9,26.54],[53.9,26.54],[53.9,26.54],[53.9,26.54],[53.9,26.55],[53.9,26.55],[53.9,26.55],[53.9,26.55],[53.9,26.55],[53.9,26.55],[53.9,26.55],[53.9,26.55],[53.91,26.55],[53.91,26.55],[53.91,26.55],[53.91,26.55],[53.91,26.55],[53.91,26.55],[53.91,26.55],[53.91,26.55],[53.91,26.56],[53.91,26.56],[53.91,26.56],[53.91,26.56],[53.91,26.56],[53.92,26.56],[53.92,26.56],[53.92,26.56],[53.92,26.56],[53.92,26.56],[53.92,26.56],[53.92,26.56],[53.92,26.57],[53.92,26.57],[53.93,26.57],[53.93,26.57],[53.93,26.57],[53.93,26.57],[53.93,26.57],[53.93,26.57],[53.93,26.57],[53.93,26.57],[53.93,26.57],[53.93,26.57],[53.93,26.57],[53.94,26.57],[53.94,26.57],[53.94,26.57],[53.94,26.57],[53.94,26.57],[53.95,26.57],[53.95,26.57],[53.95,26.57],[53.95,26.57],[53.96,26.57],[53.96,26.57]]],[[[55.27,26.59],[55.27,26.59],[55.27,26.59],[55.27,26.59],[55.27,26.59],[55.27,26.59],[55.27,26.59]]],[[[55.27,26.66],[55.27,26.66],[55.27,26.66],[55.27,26.66],[55.27,26.66],[55.27,26.66],[55.27,26.66],[55.27,26.66]]],[[[55.89,26.69],[55.89,26.69],[55.89,26.68],[55.89,26.68],[55.9,26.68],[55.9,26.68],[55.9,26.68],[55.9,26.68],[55.9,26.68],[55.9,26.68],[55.9,26.68],[55.9,26.68],[55.9,26.68],[55.9,26.67],[55.91,26.67],[55.91,26.67],[55.91,26.67],[55.91,26.67],[55.91,26.67],[55.91,26.67],[55.91,26.67],[55.91,26.67],[55.91,26.67],[55.91,26.67],[55.91,26.66],[55.91,26.66],[55.91,26.66],[55.92,26.66],[55.91,26.66],[55.91,26.66],[55.91,26.66],[55.91,26.66],[55.91,26.65],[55.91,26.65],[55.91,26.65],[55.91,26.65],[55.91,26.65],[55.91,26.65],[55.91,26.65],[55.91,26.65],[55.91,26.65],[55.91,26.65],[55.91,26.64],[55.91,26.64],[55.91,26.64],[55.91,26.64],[55.9,26.64],[55.9,26.64],[55.9,26.64],[55.9,26.64],[55.9,26.64],[55.9,26.63],[55.9,26.63],[55.9,26.63],[55.9,26.63],[55.9,26.63],[55.9,26.63],[55.9,26.63],[55.9,26.63],[55.9,26.63],[55.9,26.63],[55.9,26.62],[55.9,26.62],[55.9,26.62],[55.9,26.62],[55.89,26.62],[55.89,26.62],[55.89,26.62],[55.89,26.62],[55.89,26.62],[55.89,26.62],[55.89,26.62],[55.89,26.62],[55.89,26.62],[55.88,26.62],[55.88,26.62],[55.88,26.61],[55.88,26.61],[55.88,26.61],[55.88,26.61],[55.87,26.61],[55.87,26.61],[55.87,26.61],[55.87,26.61],[55.87,26.61],[55.86,26.61],[55.86,26.61],[55.86,26.61],[55.86,26.61],[55.86,26.61],[55.86,26.61],[55.86,26.61],[55.86,26.61],[55.86,26.61],[55.86,26.61],[55.86,26.61],[55.85,26.61],[55.85,26.61],[55.85,26.61],[55.85,26.62],[55.85,26.62],[55.85,26.62],[55.85,26.62],[55.85,26.62],[55.84,26.62],[55.84,26.62],[55.84,26.62],[55.84,26.63],[55.84,26.63],[55.84,26.63],[55.85,26.63],[55.85,26.63],[55.85,26.63],[55.85,26.63],[55.85,26.63],[55.85,26.63],[55.85,26.64],[55.85,26.64],[55.85,26.64],[55.86,26.64],[55.86,26.64],[55.86,26.65],[55.86,26.65],[55.86,26.65],[55.86,26.65],[55.86,26.65],[55.86,26.65],[55.86,26.65],[55.86,26.65],[55.86,26.65],[55.86,26.65],[55.86,26.66],[55.86,26.66],[55.86,26.66],[55.86,26.66],[55.86,26.66],[55.87,26.66],[55.87,26.66],[55.87,26.66],[55.87,26.66],[55.87,26.67],[55.87,26.67],[55.87,26.67],[55.87,26.67],[55.87,26.67],[55.87,26.67],[55.87,26.67],[55.88,26.67],[55.88,26.68],[55.88,26.68],[55.88,26.68],[55.88,26.68],[55.88,26.68],[55.88,26.68],[55.89,26.68],[55.89,26.68],[55.89,26.68],[55.89,26.69],[55.89,26.69],[55.89,26.69]]],[[[53.61,26.7],[53.61,26.7],[53.61,26.69],[53.61,26.69],[53.62,26.69],[53.62,26.69],[53.62,26.69],[53.62,26.69],[53.62,26.69],[53.62,26.69],[53.62,26.69],[53.63,26.69],[53.63,26.69],[53.63,26.69],[53.63,26.69],[53.63,26.69],[53.63,26.69],[53.64,26.69],[53.64,26.69],[53.64,26.69],[53.64,26.69],[53.64,26.69],[53.64,26.69],[53.64,26.69],[53.65,26.69],[53.65,26.69],[53.65,26.69],[53.65,26.69],[53.65,26.69],[53.65,26.69],[53.65,26.69],[53.65,26.68],[53.65,26.68],[53.66,26.68],[53.66,26.68],[53.66,26.68],[53.66,26.68],[53.66,26.68],[53.66,26.68],[53.66,26.68],[53.66,26.68],[53.66,26.68],[53.67,26.68],[53.67,26.68],[53.67,26.68],[53.67,26.68],[53.67,26.68],[53.67,26.68],[53.67,26.68],[53.67,26.68],[53.67,26.67],[53.67,26.67],[53.67,26.67],[53.67,26.67],[53.67,26.67],[53.67,26.67],[53.67,26.67],[53.67,26.67],[53.67,26.67],[53.67,26.67],[53.66,26.67],[53.66,26.66],[53.66,26.66],[53.66,26.66],[53.66,26.66],[53.66,26.66],[53.66,26.66],[53.66,26.66],[53.66,26.66],[53.66,26.66],[53.66,26.66],[53.66,26.66],[53.65,26.66],[53.65,26.66],[53.65,26.66],[53.65,26.66],[53.65,26.66],[53.65,26.66],[53.65,26.66],[53.65,26.66],[53.64,26.66],[53.64,26.66],[53.64,26.66],[53.64,26.66],[53.64,26.66],[53.64,26.66],[53.63,26.66],[53.63,26.66],[53.63,26.66],[53.63,26.66],[53.63,26.66],[53.63,26.66],[53.62,26.66],[53.62,26.66],[53.62,26.66],[53.62,26.66],[53.62,26.66],[53.61,26.67],[53.61,26.67],[53.61,26.66],[53.61,26.66],[53.61,26.66],[53.61,26.66],[53.61,26.66],[53.61,26.66],[53.6,26.66],[53.6,26.67],[53.6,26.67],[53.6,26.67],[53.6,26.67],[53.6,26.67],[53.6,26.67],[53.6,26.67],[53.6,26.67],[53.6,26.67],[53.6,26.67],[53.6,26.67],[53.6,26.67],[53.6,26.68],[53.6,26.68],[53.59,26.68],[53.59,26.68],[53.59,26.68],[53.59,26.69],[53.59,26.69],[53.6,26.69],[53.6,26.69],[53.6,26.69],[53.6,26.69],[53.6,26.69],[53.6,26.69],[53.6,26.69],[53.6,26.69],[53.6,26.7],[53.6,26.7],[53.6,26.7],[53.61,26.7],[53.61,26.7]]],[[[55.61,26.75],[55.61,26.74],[55.61,26.74],[55.61,26.74],[55.61,26.74],[55.61,26.74],[55.61,26.74],[55.61,26.74],[55.61,26.74],[55.61,26.74],[55.6,26.74],[55.6,26.74],[55.6,26.74],[55.6,26.74],[55.6,26.74],[55.6,26.74],[55.6,26.74],[55.6,26.74],[55.6,26.74],[55.61,26.74],[55.61,26.74],[55.61,26.74],[55.61,26.75],[55.61,26.75],[55.61,26.75],[55.61,26.75],[55.61,26.75],[55.61,26.75]]],[[[55.62,26.76],[55.62,26.76],[55.62,26.76],[55.62,26.76],[55.62,26.76],[55.62,26.76],[55.62,26.75],[55.62,26.75],[55.62,26.75],[55.62,26.75],[55.61,26.75],[55.61,26.75],[55.61,26.75],[55.61,26.75],[55.61,26.75],[55.61,26.75],[55.61,26.75],[55.6,26.75],[55.61,26.75],[55.61,26.75],[55.61,26.75],[55.61,26.75],[55.61,26.75],[55.61,26.75],[55.61,26.75],[55.61,26.76],[55.61,26.76],[55.61,26.76],[55.61,26.76],[55.61,26.76],[55.61,26.76],[55.62,26.76],[55.62,26.76],[55.62,26.76],[55.62,26.76],[55.62,26.76]]],[[[55.63,26.76],[55.63,26.76],[55.63,26.76],[55.63,26.76],[55.63,26.76],[55.63,26.76],[55.63,26.76],[55.63,26.76],[55.63,26.76],[55.63,26.76]]],[[[55.74,26.8],[55.74,26.79],[55.74,26.79],[55.74,26.79],[55.74,26.79],[55.74,26.79],[55.74,26.79],[55.74,26.79],[55.74,26.79],[55.74,26.78],[55.74,26.78],[55.74,26.78],[55.74,26.78],[55.74,26.78],[55.73,26.79],[55.73,26.79],[55.74,26.79],[55.74,26.79],[55.74,26.79],[55.74,26.79],[55.74,26.79],[55.74,26.79],[55.74,26.79],[55.74,26.79],[55.74,26.79],[55.74,26.8],[55.74,26.8]]],[[[53.4,26.8],[53.41,26.8],[53.41,26.8],[53.41,26.8],[53.41,26.8],[53.41,26.79],[53.41,26.79],[53.42,26.79],[53.42,26.79],[53.42,26.79],[53.42,26.79],[53.42,26.79],[53.42,26.79],[53.42,26.79],[53.42,26.79],[53.42,26.79],[53.41,26.79],[53.41,26.79],[53.41,26.79],[53.41,26.79],[53.41,26.79],[53.41,26.79],[53.41,26.79],[53.41,26.79],[53.4,26.79],[53.4,26.79],[53.4,26.79],[53.4,26.79],[53.4,26.8],[53.4,26.8]]],[[[55.75,26.8],[55.75,26.8],[55.74,26.8],[55.75,26.8],[55.75,26.8],[55.75,26.8],[55.75,26.8],[55.75,26.8],[55.75,26.8],[55.75,26.8]]],[[[56.1,26.8],[56.09,26.8],[56.09,26.8],[56.09,26.8],[56.1,26.8],[56.1,26.8],[56.1,26.8],[56.1,26.8],[56.1,26.8],[56.1,26.8],[56.1,26.8],[56.1,26.8]]],[[[55.75,26.8],[55.75,26.8],[55.75,26.8],[55.75,26.8],[55.75,26.8],[55.75,26.8],[55.75,26.8],[55.75,26.8],[55.74,26.8],[55.74,26.8],[55.74,26.8],[55.74,26.8],[55.74,26.8],[55.75,26.8],[55.75,26.8]]],[[[55.75,26.8],[55.75,26.8],[55.76,26.8],[55.76,26.8],[55.76,26.8],[55.75,26.8],[55.75,26.8],[55.75,26.8],[55.75,26.8],[55.75,26.8],[55.75,26.8],[55.75,26.8],[55.75,26.8],[55.75,26.8]]],[[[55.74,26.81],[55.74,26.81],[55.74,26.81],[55.74,26.81],[55.74,26.81],[55.74,26.81],[55.74,26.8],[55.74,26.8],[55.74,26.8],[55.74,26.8],[55.74,26.8],[55.74,26.8],[55.74,26.8],[55.74,26.8],[55.74,26.8],[55.74,26.8],[55.74,26.8],[55.74,26.8],[55.74,26.8],[55.74,26.8],[55.74,26.81],[55.74,26.81],[55.74,26.81],[55.74,26.81]]],[[[55.74,26.81],[55.74,26.81],[55.74,26.81],[55.74,26.81],[55.74,26.81],[55.74,26.81],[55.74,26.81],[55.74,26.81],[55.74,26.81]]],[[[55.74,26.81],[55.75,26.81],[55.75,26.81],[55.75,26.81],[55.75,26.81],[55.75,26.81],[55.75,26.81],[55.75,26.81],[55.75,26.81],[55.75,26.81],[55.75,26.81],[55.75,26.81],[55.75,26.81],[55.75,26.81],[55.75,26.81],[55.74,26.81],[55.74,26.81],[55.74,26.81],[55.74,26.81],[55.74,26.81],[55.74,26.81]]],[[[56.11,26.81],[56.11,26.81],[56.11,26.81],[56.11,26.81],[56.11,26.81],[56.11,26.81],[56.11,26.81],[56.11,26.81],[56.11,26.81],[56.11,26.81],[56.11,26.81],[56.11,26.81],[56.11,26.81],[56.11,26.81]]],[[[55.75,26.82],[55.75,26.82],[55.75,26.82],[55.75,26.82],[55.75,26.82],[55.75,26.82],[55.75,26.82],[55.76,26.82],[55.75,26.82],[55.76,26.81],[55.76,26.81],[55.76,26.82],[55.76,26.82],[55.76,26.82],[55.76,26.82],[55.76,26.82],[55.76,26.82],[55.76,26.82],[55.76,26.82],[55.76,26.82],[55.76,26.81],[55.76,26.81],[55.76,26.81],[55.76,26.81],[55.76,26.81],[55.76,26.81],[55.76,26.81],[55.76,26.81],[55.76,26.8],[55.76,26.8],[55.76,26.81],[55.75,26.81],[55.75,26.81],[55.75,26.81],[55.75,26.81],[55.76,26.81],[55.76,26.81],[55.76,26.81],[55.76,26.81],[55.76,26.81],[55.76,26.81],[55.76,26.81],[55.75,26.81],[55.75,26.81],[55.75,26.81],[55.75,26.81],[55.75,26.81],[55.75,26.81],[55.75,26.81],[55.75,26.81],[55.75,26.81],[55.75,26.81],[55.75,26.81],[55.75,26.81],[55.75,26.81],[55.75,26.81],[55.75,26.81],[55.75,26.82],[55.75,26.82],[55.75,26.82],[55.75,26.82],[55.75,26.82],[55.75,26.82]]],[[[55.58,26.83],[55.58,26.82],[55.58,26.82],[55.58,26.82],[55.58,26.82],[55.58,26.82],[55.58,26.82],[55.58,26.83],[55.58,26.83],[55.58,26.83]]],[[[55.73,26.83],[55.73,26.83],[55.73,26.83],[55.73,26.83],[55.73,26.83],[55.73,26.82],[55.73,26.82],[55.73,26.82],[55.73,26.82],[55.73,26.82],[55.73,26.82],[55.73,26.82],[55.73,26.81],[55.73,26.81],[55.73,26.81],[55.73,26.81],[55.73,26.81],[55.73,26.81],[55.73,26.81],[55.73,26.81],[55.73,26.81],[55.73,26.8],[55.73,26.8],[55.73,26.8],[55.73,26.8],[55.73,26.8],[55.73,26.79],[55.73,26.79],[55.73,26.79],[55.73,26.79],[55.73,26.79],[55.73,26.79],[55.73,26.79],[55.73,26.79],[55.72,26.79],[55.72,26.78],[55.72,26.79],[55.72,26.79],[55.72,26.79],[55.72,26.79],[55.72,26.79],[55.72,26.79],[55.72,26.79],[55.71,26.79],[55.71,26.79],[55.71,26.79],[55.71,26.79],[55.71,26.8],[55.71,26.8],[55.71,26.8],[55.71,26.8],[55.71,26.8],[55.71,26.8],[55.71,26.8],[55.71,26.8],[55.71,26.81],[55.71,26.81],[55.71,26.81],[55.71,26.81],[55.7,26.81],[55.7,26.81],[55.7,26.81],[55.7,26.81],[55.7,26.81],[55.7,26.81],[55.7,26.81],[55.7,26.81],[55.7,26.82],[55.7,26.82],[55.7,26.82],[55.7,26.82],[55.7,26.82],[55.7,26.83],[55.7,26.83],[55.7,26.82],[55.7,26.82],[55.7,26.82],[55.7,26.82],[55.7,26.82],[55.7,26.82],[55.7,26.82],[55.7,26.82],[55.7,26.82],[55.7,26.82],[55.71,26.82],[55.71,26.82],[55.71,26.82],[55.71,26.82],[55.71,26.81],[55.71,26.81],[55.71,26.81],[55.71,26.82],[55.72,26.82],[55.72,26.82],[55.72,26.82],[55.72,26.82],[55.72,26.82],[55.72,26.82],[55.72,26.82],[55.72,26.82],[55.72,26.82],[55.72,26.82],[55.72,26.82],[55.73,26.82],[55.73,26.82],[55.73,26.83],[55.73,26.83],[55.73,26.83],[55.73,26.83],[55.73,26.83]]],[[[55.74,26.83],[55.74,26.83],[55.74,26.83],[55.74,26.83],[55.74,26.83],[55.75,26.83],[55.75,26.83],[55.75,26.83],[55.75,26.83],[55.75,26.83],[55.75,26.83],[55.75,26.83],[55.75,26.83],[55.75,26.83],[55.75,26.83],[55.75,26.82],[55.75,26.82],[55.75,26.82],[55.75,26.82],[55.75,26.82],[55.75,26.82],[55.75,26.82],[55.75,26.82],[55.75,26.82],[55.75,26.82],[55.75,26.82],[55.75,26.82],[55.75,26.82],[55.75,26.82],[55.74,26.82],[55.74,26.82],[55.74,26.82],[55.74,26.82],[55.74,26.82],[55.74,26.82],[55.74,26.82],[55.74,26.82],[55.74,26.82],[55.74,26.82],[55.74,26.83],[55.74,26.83],[55.74,26.83],[55.74,26.83],[55.74,26.83],[55.74,26.83],[55.74,26.83],[55.74,26.83],[55.74,26.83]]],[[[55.59,26.84],[55.58,26.84],[55.58,26.84],[55.59,26.84],[55.59,26.84],[55.59,26.84],[55.59,26.84],[55.59,26.84],[55.58,26.84],[55.58,26.84],[55.58,26.84],[55.58,26.84],[55.58,26.84],[55.59,26.84]]],[[[55.64,26.84],[55.65,26.84],[55.65,26.84],[55.65,26.84],[55.65,26.84],[55.65,26.84],[55.65,26.84],[55.66,26.84],[55.66,26.84],[55.66,26.84],[55.66,26.84],[55.66,26.84],[55.66,26.84],[55.66,26.84],[55.66,26.84],[55.66,26.84],[55.66,26.84],[55.67,26.83],[55.67,26.83],[55.67,26.83],[55.67,26.83],[55.67,26.83],[55.68,26.83],[55.68,26.83],[55.68,26.83],[55.68,26.83],[55.68,26.83],[55.68,26.83],[55.68,26.83],[55.68,26.83],[55.68,26.83],[55.69,26.83],[55.68,26.83],[55.68,26.83],[55.68,26.82],[55.68,26.82],[55.68,26.82],[55.68,26.82],[55.68,26.82],[55.68,26.82],[55.68,26.82],[55.68,26.82],[55.68,26.81],[55.68,26.81],[55.68,26.81],[55.68,26.81],[55.68,26.82],[55.68,26.82],[55.68,26.82],[55.68,26.82],[55.68,26.82],[55.68,26.82],[55.68,26.82],[55.68,26.82],[55.69,26.82],[55.69,26.82],[55.69,26.83],[55.69,26.83],[55.69,26.83],[55.68,26.83],[55.68,26.83],[55.68,26.83],[55.68,26.84],[55.68,26.84],[55.68,26.84],[55.68,26.84],[55.68,26.84],[55.68,26.84],[55.68,26.84],[55.68,26.84],[55.69,26.84],[55.69,26.84],[55.69,26.84],[55.69,26.84],[55.69,26.84],[55.7,26.84],[55.7,26.84],[55.7,26.84],[55.7,26.84],[55.7,26.84],[55.7,26.84],[55.7,26.84],[55.71,26.84],[55.71,26.84],[55.71,26.84],[55.71,26.84],[55.71,26.84],[55.71,26.84],[55.72,26.84],[55.72,26.84],[55.72,26.84],[55.72,26.84],[55.72,26.84],[55.72,26.84],[55.72,26.84],[55.72,26.84],[55.72,26.84],[55.72,26.83],[55.73,26.83],[55.73,26.83],[55.73,26.83],[55.73,26.83],[55.73,26.83],[55.72,26.83],[55.72,26.83],[55.72,26.83],[55.72,26.83],[55.72,26.83],[55.72,26.82],[55.72,26.82],[55.72,26.82],[55.72,26.82],[55.72,26.82],[55.72,26.82],[55.72,26.82],[55.72,26.82],[55.72,26.82],[55.72,26.82],[55.71,26.82],[55.71,26.82],[55.71,26.82],[55.71,26.82],[55.71,26.82],[55.71,26.82],[55.71,26.82],[55.71,26.82],[55.71,26.82],[55.71,26.82],[55.71,26.82],[55.7,26.82],[55.7,26.82],[55.7,26.82],[55.7,26.82],[55.7,26.83],[55.7,26.83],[55.7,26.83],[55.7,26.83],[55.7,26.83],[55.7,26.83],[55.7,26.83],[55.69,26.83],[55.69,26.82],[55.69,26.82],[55.69,26.82],[55.69,26.82],[55.69,26.81],[55.69,26.81],[55.69,26.81],[55.69,26.81],[55.69,26.81],[55.69,26.81],[55.69,26.81],[55.69,26.81],[55.69,26.81],[55.69,26.81],[55.69,26.8],[55.69,26.8],[55.69,26.8],[55.69,26.8],[55.68,26.8],[55.68,26.8],[55.68,26.8],[55.68,26.8],[55.68,26.8],[55.68,26.8],[55.68,26.8],[55.68,26.8],[55.68,26.8],[55.68,26.79],[55.68,26.79],[55.68,26.79],[55.68,26.79],[55.68,26.79],[55.68,26.79],[55.68,26.79],[55.68,26.79],[55.67,26.79],[55.67,26.79],[55.67,26.79],[55.67,26.79],[55.67,26.78],[55.67,26.78],[55.67,26.78],[55.67,26.78],[55.67,26.78],[55.66,26.78],[55.66,26.78],[55.66,26.78],[55.66,26.78],[55.66,26.78],[55.66,26.78],[55.65,26.78],[55.65,26.78],[55.65,26.78],[55.65,26.78],[55.65,26.78],[55.64,26.78],[55.64,26.78],[55.64,26.78],[55.64,26.78],[55.64,26.78],[55.64,26.77],[55.64,26.77],[55.64,26.77],[55.63,26.77],[55.63,26.77],[55.63,26.77],[55.63,26.77],[55.63,26.77],[55.63,26.77],[55.63,26.77],[55.63,26.77],[55.63,26.77],[55.63,26.77],[55.63,26.77],[55.63,26.77],[55.63,26.78],[55.63,26.78],[55.63,26.78],[55.63,26.78],[55.63,26.78],[55.63,26.78],[55.63,26.78],[55.64,26.78],[55.64,26.78],[55.64,26.78],[55.64,26.78],[55.64,26.78],[55.64,26.78],[55.64,26.79],[55.64,26.79],[55.64,26.79],[55.64,26.79],[55.64,26.79],[55.64,26.79],[55.64,26.8],[55.64,26.8],[55.64,26.8],[55.64,26.8],[55.64,26.8],[55.64,26.81],[55.64,26.81],[55.64,26.81],[55.64,26.81],[55.64,26.81],[55.64,26.81],[55.64,26.81],[55.64,26.81],[55.64,26.81],[55.64,26.81],[55.64,26.82],[55.64,26.82],[55.64,26.82],[55.64,26.82],[55.64,26.82],[55.64,26.82],[55.64,26.82],[55.64,26.82],[55.64,26.82],[55.64,26.82],[55.64,26.82],[55.64,26.82],[55.64,26.82],[55.64,26.82],[55.63,26.82],[55.63,26.82],[55.64,26.82],[55.64,26.82],[55.64,26.82],[55.64,26.82],[55.64,26.82],[55.64,26.82],[55.64,26.83],[55.64,26.83],[55.64,26.83],[55.64,26.83],[55.64,26.84],[55.64,26.84],[55.64,26.84],[55.64,26.84],[55.64,26.84],[55.64,26.84],[55.64,26.84],[55.64,26.84],[55.64,26.84],[55.64,26.84],[55.64,26.84]]],[[[53.17,26.85],[53.18,26.85],[53.18,26.85],[53.18,26.85],[53.18,26.85],[53.18,26.85],[53.18,26.85],[53.19,26.85],[53.19,26.85],[53.19,26.85],[53.2,26.85],[53.2,26.85],[53.2,26.85],[53.2,26.85],[53.2,26.85],[53.2,26.85],[53.21,26.84],[53.21,26.84],[53.21,26.84],[53.21,26.84],[53.21,26.84],[53.21,26.84],[53.21,26.84],[53.21,26.84],[53.22,26.84],[53.22,26.84],[53.22,26.84],[53.22,26.84],[53.22,26.84],[53.22,26.84],[53.23,26.84],[53.23,26.84],[53.23,26.84],[53.23,26.84],[53.23,26.84],[53.23,26.84],[53.23,26.83],[53.23,26.83],[53.24,26.83],[53.24,26.83],[53.24,26.83],[53.24,26.83],[53.25,26.83],[53.25,26.83],[53.25,26.83],[53.26,26.83],[53.26,26.83],[53.26,26.83],[53.27,26.83],[53.27,26.83],[53.27,26.83],[53.27,26.83],[53.27,26.83],[53.27,26.83],[53.28,26.83],[53.28,26.83],[53.28,26.83],[53.28,26.83],[53.28,26.83],[53.29,26.83],[53.29,26.83],[53.29,26.83],[53.3,26.82],[53.3,26.82],[53.3,26.82],[53.3,26.82],[53.3,26.82],[53.3,26.82],[53.31,26.82],[53.31,26.82],[53.31,26.82],[53.31,26.82],[53.32,26.82],[53.32,26.82],[53.32,26.82],[53.32,26.82],[53.33,26.82],[53.33,26.82],[53.33,26.82],[53.33,26.82],[53.33,26.82],[53.33,26.83],[53.33,26.83],[53.33,26.83],[53.33,26.83],[53.34,26.83],[53.34,26.82],[53.34,26.82],[53.34,26.82],[53.34,26.82],[53.34,26.82],[53.34,26.82],[53.35,26.82],[53.35,26.82],[53.35,26.82],[53.35,26.82],[53.35,26.82],[53.35,26.82],[53.35,26.82],[53.36,26.82],[53.36,26.82],[53.36,26.82],[53.36,26.82],[53.36,26.82],[53.36,26.82],[53.36,26.82],[53.36,26.82],[53.36,26.82],[53.37,26.81],[53.37,26.81],[53.37,26.81],[53.37,26.81],[53.37,26.81],[53.37,26.81],[53.37,26.81],[53.37,26.81],[53.37,26.81],[53.37,26.81],[53.38,26.81],[53.38,26.81],[53.38,26.81],[53.38,26.81],[53.38,26.81],[53.38,26.81],[53.38,26.8],[53.38,26.8],[53.38,26.8],[53.38,26.8],[53.39,26.8],[53.39,26.8],[53.39,26.8],[53.39,26.8],[53.39,26.8],[53.39,26.8],[53.39,26.8],[53.39,26.8],[53.39,26.79],[53.39,26.79],[53.39,26.79],[53.38,26.79],[53.38,26.79],[53.38,26.8],[53.38,26.79],[53.38,26.79],[53.37,26.79],[53.37,26.79],[53.37,26.79],[53.37,26.79],[53.37,26.79],[53.36,26.79],[53.36,26.79],[53.36,26.79],[53.36,26.79],[53.36,26.79],[53.36,26.79],[53.35,26.79],[53.35,26.79],[53.35,26.79],[53.35,26.79],[53.34,26.79],[53.34,26.79],[53.34,26.79],[53.34,26.79],[53.34,26.79],[53.33,26.79],[53.33,26.79],[53.33,26.8],[53.33,26.79],[53.32,26.79],[53.32,26.79],[53.32,26.79],[53.32,26.79],[53.32,26.79],[53.32,26.79],[53.32,26.79],[53.32,26.79],[53.31,26.79],[53.31,26.79],[53.31,26.79],[53.31,26.79],[53.31,26.79],[53.31,26.79],[53.3,26.79],[53.3,26.79],[53.3,26.79],[53.3,26.79],[53.29,26.79],[53.28,26.79],[53.27,26.79],[53.26,26.79],[53.26,26.79],[53.26,26.79],[53.26,26.79],[53.25,26.79],[53.25,26.79],[53.25,26.79],[53.25,26.79],[53.24,26.8],[53.24,26.8],[53.24,26.8],[53.24,26.8],[53.24,26.8],[53.24,26.8],[53.23,26.8],[53.23,26.8],[53.23,26.8],[53.23,26.8],[53.23,26.8],[53.23,26.8],[53.22,26.8],[53.22,26.8],[53.22,26.8],[53.22,26.8],[53.22,26.8],[53.22,26.8],[53.22,26.8],[53.22,26.8],[53.21,26.8],[53.21,26.8],[53.21,26.81],[53.21,26.81],[53.21,26.81],[53.21,26.81],[53.21,26.81],[53.21,26.81],[53.21,26.81],[53.2,26.81],[53.2,26.81],[53.2,26.81],[53.2,26.81],[53.2,26.81],[53.2,26.81],[53.2,26.81],[53.19,26.81],[53.19,26.81],[53.19,26.81],[53.19,26.82],[53.19,26.82],[53.19,26.82],[53.19,26.82],[53.19,26.82],[53.18,26.82],[53.18,26.82],[53.18,26.82],[53.18,26.82],[53.18,26.82],[53.18,26.82],[53.18,26.82],[53.18,26.82],[53.18,26.82],[53.18,26.82],[53.18,26.82],[53.18,26.82],[53.17,26.82],[53.17,26.83],[53.17,26.83],[53.17,26.83],[53.17,26.83],[53.17,26.83],[53.17,26.83],[53.17,26.83],[53.17,26.83],[53.17,26.83],[53.17,26.83],[53.17,26.83],[53.16,26.83],[53.16,26.83],[53.16,26.84],[53.16,26.84],[53.16,26.84],[53.16,26.84],[53.16,26.84],[53.16,26.84],[53.16,26.84],[53.16,26.84],[53.16,26.84],[53.16,26.84],[53.16,26.84],[53.16,26.85],[53.16,26.85],[53.16,26.85],[53.16,26.85],[53.16,26.85],[53.16,26.85],[53.16,26.85],[53.17,26.85],[53.17,26.85],[53.17,26.85],[53.17,26.85]]],[[[55.74,26.85],[55.74,26.85],[55.75,26.85],[55.75,26.85],[55.74,26.85],[55.74,26.85],[55.75,26.85],[55.75,26.85],[55.75,26.85],[55.75,26.85],[55.75,26.85],[55.75,26.85],[55.75,26.85],[55.75,26.84],[55.75,26.84],[55.75,26.84],[55.75,26.84],[55.75,26.84],[55.75,26.84],[55.75,26.84],[55.75,26.84],[55.75,26.84],[55.75,26.84],[55.76,26.84],[55.76,26.84],[55.76,26.84],[55.76,26.84],[55.76,26.83],[55.76,26.83],[55.76,26.83],[55.76,26.83],[55.76,26.83],[55.76,26.83],[55.75,26.83],[55.75,26.83],[55.75,26.83],[55.75,26.83],[55.75,26.83],[55.75,26.83],[55.75,26.83],[55.74,26.83],[55.74,26.83],[55.74,26.83],[55.74,26.83],[55.74,26.84],[55.74,26.84],[55.74,26.84],[55.74,26.84],[55.74,26.84],[55.74,26.84],[55.74,26.85],[55.74,26.85],[55.74,26.85],[55.74,26.85],[55.74,26.85],[55.74,26.85]]],[[[55.72,26.86],[55.72,26.86],[55.73,26.86],[55.73,26.85],[55.73,26.85],[55.73,26.85],[55.72,26.85],[55.72,26.85],[55.73,26.85],[55.73,26.84],[55.73,26.84],[55.73,26.84],[55.73,26.84],[55.73,26.84],[55.73,26.84],[55.73,26.84],[55.73,26.84],[55.73,26.84],[55.73,26.84],[55.73,26.84],[55.73,26.84],[55.72,26.84],[55.72,26.84],[55.72,26.84],[55.71,26.84],[55.71,26.84],[55.71,26.84],[55.71,26.84],[55.7,26.84],[55.7,26.84],[55.7,26.84],[55.7,26.84],[55.7,26.84],[55.7,26.85],[55.7,26.85],[55.7,26.85],[55.7,26.85],[55.7,26.85],[55.7,26.85],[55.71,26.85],[55.71,26.85],[55.71,26.85],[55.71,26.85],[55.71,26.85],[55.71,26.85],[55.71,26.85],[55.71,26.85],[55.71,26.85],[55.72,26.85],[55.72,26.85],[55.72,26.86],[55.72,26.86],[55.72,26.86],[55.72,26.86],[55.72,26.86]]],[[[55.76,26.86],[55.76,26.86],[55.76,26.86],[55.76,26.86],[55.76,26.86],[55.77,26.86],[55.77,26.86],[55.76,26.86],[55.77,26.85],[55.77,26.85],[55.77,26.85],[55.77,26.85],[55.77,26.85],[55.77,26.85],[55.77,26.85],[55.77,26.85],[55.77,26.85],[55.77,26.84],[55.77,26.84],[55.77,26.84],[55.77,26.84],[55.77,26.84],[55.77,26.84],[55.77,26.84],[55.77,26.84],[55.77,26.84],[55.77,26.84],[55.77,26.83],[55.77,26.83],[55.77,26.83],[55.77,26.83],[55.77,26.83],[55.77,26.83],[55.76,26.84],[55.76,26.84],[55.76,26.84],[55.76,26.84],[55.76,26.84],[55.76,26.84],[55.76,26.84],[55.76,26.84],[55.76,26.84],[55.76,26.84],[55.76,26.84],[55.76,26.84],[55.76,26.84],[55.76,26.84],[55.75,26.85],[55.75,26.85],[55.75,26.85],[55.75,26.85],[55.75,26.85],[55.75,26.85],[55.75,26.85],[55.75,26.85],[55.75,26.85],[55.76,26.85],[55.76,26.86],[55.76,26.86],[55.76,26.86],[55.76,26.86],[55.76,26.86],[55.76,26.86],[55.76,26.86]]],[[[55.76,26.87],[55.76,26.87],[55.76,26.87],[55.76,26.87],[55.76,26.87],[55.76,26.87],[55.76,26.87],[55.76,26.87],[55.76,26.87],[55.76,26.87]]],[[[55.65,26.88],[55.65,26.88],[55.65,26.87],[55.65,26.87],[55.65,26.87],[55.66,26.87],[55.66,26.87],[55.66,26.87],[55.66,26.87],[55.66,26.87],[55.66,26.87],[55.66,26.87],[55.66,26.87],[55.66,26.87],[55.66,26.86],[55.66,26.86],[55.66,26.86],[55.66,26.86],[55.66,26.86],[55.66,26.86],[55.66,26.86],[55.67,26.86],[55.67,26.86],[55.67,26.85],[55.67,26.85],[55.67,26.85],[55.67,26.85],[55.67,26.85],[55.67,26.85],[55.67,26.85],[55.67,26.85],[55.67,26.85],[55.67,26.85],[55.67,26.85],[55.67,26.85],[55.67,26.85],[55.67,26.84],[55.67,26.84],[55.67,26.84],[55.67,26.84],[55.67,26.84],[55.67,26.84],[55.67,26.84],[55.67,26.84],[55.67,26.84],[55.67,26.84],[55.67,26.84],[55.67,26.84],[55.67,26.84],[55.66,26.84],[55.66,26.84],[55.66,26.84],[55.66,26.84],[55.66,26.84],[55.66,26.84],[55.66,26.84],[55.66,26.84],[55.66,26.84],[55.65,26.84],[55.65,26.84],[55.65,26.84],[55.65,26.84],[55.65,26.85],[55.65,26.85],[55.65,26.85],[55.64,26.85],[55.64,26.85],[55.64,26.85],[55.64,26.85],[55.64,26.85],[55.64,26.85],[55.64,26.85],[55.64,26.86],[55.64,26.86],[55.64,26.86],[55.64,26.86],[55.64,26.86],[55.64,26.86],[55.64,26.86],[55.64,26.86],[55.64,26.86],[55.64,26.86],[55.64,26.87],[55.64,26.87],[55.64,26.87],[55.64,26.87],[55.64,26.87],[55.64,26.87],[55.64,26.87],[55.64,26.87],[55.65,26.87],[55.65,26.87],[55.65,26.87],[55.65,26.87],[55.65,26.87],[55.65,26.88],[55.65,26.88]]],[[[55.59,26.88],[55.59,26.88],[55.59,26.88],[55.59,26.88],[55.58,26.88],[55.58,26.88],[55.58,26.88],[55.58,26.88],[55.58,26.88],[55.58,26.88],[55.58,26.88],[55.59,26.88]]],[[[56.37,26.89],[56.39,26.89],[56.39,26.88],[56.4,26.88],[56.4,26.88],[56.4,26.88],[56.4,26.88],[56.4,26.88],[56.4,26.88],[56.41,26.88],[56.41,26.88],[56.41,26.88],[56.41,26.88],[56.41,26.88],[56.41,26.88],[56.41,26.88],[56.41,26.88],[56.41,26.88],[56.41,26.88],[56.41,26.88],[56.41,26.87],[56.41,26.87],[56.41,26.87],[56.41,26.87],[56.41,26.87],[56.41,26.86],[56.41,26.86],[56.41,26.86],[56.41,26.86],[56.41,26.86],[56.41,26.86],[56.41,26.86],[56.41,26.86],[56.41,26.86],[56.41,26.86],[56.41,26.86],[56.4,26.85],[56.4,26.85],[56.4,26.85],[56.4,26.85],[56.4,26.85],[56.4,26.85],[56.4,26.85],[56.4,26.85],[56.4,26.85],[56.4,26.85],[56.4,26.85],[56.4,26.85],[56.4,26.85],[56.4,26.85],[56.4,26.85],[56.4,26.85],[56.4,26.84],[56.4,26.84],[56.39,26.84],[56.39,26.84],[56.39,26.84],[56.39,26.84],[56.39,26.84],[56.39,26.84],[56.39,26.84],[56.39,26.84],[56.39,26.84],[56.39,26.84],[56.38,26.84],[56.38,26.84],[56.38,26.84],[56.38,26.84],[56.38,26.84],[56.38,26.84],[56.38,26.84],[56.38,26.84],[56.38,26.84],[56.38,26.84],[56.38,26.84],[56.37,26.83],[56.37,26.83],[56.37,26.83],[56.37,26.83],[56.37,26.83],[56.37,26.83],[56.37,26.83],[56.37,26.83],[56.37,26.83],[56.37,26.83],[56.37,26.83],[56.37,26.83],[56.36,26.83],[56.36,26.83],[56.35,26.83],[56.35,26.83],[56.35,26.82],[56.35,26.82],[56.35,26.82],[56.34,26.82],[56.34,26.82],[56.34,26.82],[56.34,26.82],[56.33,26.82],[56.33,26.82],[56.33,26.82],[56.33,26.82],[56.32,26.82],[56.32,26.82],[56.33,26.82],[56.32,26.82],[56.32,26.83],[56.32,26.83],[56.32,26.83],[56.32,26.83],[56.32,26.83],[56.32,26.83],[56.32,26.83],[56.32,26.83],[56.32,26.83],[56.32,26.83],[56.32,26.83],[56.32,26.83],[56.32,26.84],[56.32,26.84],[56.31,26.84],[56.31,26.84],[56.31,26.84],[56.31,26.85],[56.31,26.85],[56.32,26.85],[56.31,26.85],[56.32,26.85],[56.32,26.86],[56.32,26.86],[56.32,26.86],[56.32,26.86],[56.32,26.86],[56.32,26.86],[56.32,26.86],[56.32,26.86],[56.32,26.86],[56.33,26.86],[56.33,26.86],[56.33,26.86],[56.33,26.86],[56.33,26.86],[56.33,26.87],[56.33,26.87],[56.33,26.87],[56.33,26.87],[56.33,26.87],[56.33,26.87],[56.33,26.87],[56.33,26.87],[56.33,26.87],[56.33,26.87],[56.33,26.87],[56.34,26.87],[56.34,26.87],[56.34,26.87],[56.34,26.88],[56.34,26.88],[56.34,26.88],[56.34,26.88],[56.34,26.88],[56.34,26.88],[56.34,26.88],[56.34,26.88],[56.34,26.88],[56.34,26.88],[56.34,26.88],[56.34,26.88],[56.35,26.88],[56.35,26.88],[56.35,26.88],[56.35,26.88],[56.36,26.88],[56.37,26.89],[56.37,26.89]]],[[[55.63,26.89],[55.63,26.89],[55.63,26.89],[55.63,26.89],[55.63,26.89],[55.63,26.89],[55.63,26.89],[55.63,26.89]]],[[[55.66,26.9],[55.66,26.9],[55.66,26.9],[55.66,26.9],[55.66,26.9],[55.66,26.9],[55.66,26.9],[55.66,26.9],[55.66,26.89],[55.66,26.89],[55.66,26.89],[55.66,26.89],[55.66,26.89],[55.66,26.89],[55.66,26.89],[55.66,26.89],[55.66,26.89],[55.66,26.89],[55.66,26.89],[55.66,26.89],[55.65,26.89],[55.65,26.89],[55.65,26.89],[55.65,26.89],[55.65,26.89],[55.65,26.89],[55.65,26.89],[55.65,26.89],[55.65,26.89],[55.65,26.89],[55.65,26.9],[55.65,26.9],[55.66,26.9],[55.66,26.9],[55.66,26.9],[55.66,26.9],[55.66,26.9],[55.66,26.9],[55.66,26.9],[55.66,26.9],[55.66,26.9]]],[[[55.68,26.91],[55.68,26.91],[55.68,26.91],[55.68,26.9],[55.68,26.9],[55.68,26.9],[55.68,26.9],[55.68,26.9],[55.68,26.9],[55.68,26.9],[55.68,26.9],[55.68,26.9],[55.68,26.9],[55.69,26.89],[55.69,26.89],[55.69,26.89],[55.69,26.89],[55.69,26.89],[55.69,26.88],[55.69,26.88],[55.69,26.88],[55.69,26.88],[55.69,26.88],[55.69,26.88],[55.69,26.88],[55.69,26.88],[55.69,26.88],[55.69,26.88],[55.68,26.88],[55.68,26.88],[55.68,26.87],[55.68,26.87],[55.68,26.87],[55.68,26.87],[55.68,26.87],[55.67,26.87],[55.67,26.87],[55.67,26.87],[55.67,26.87],[55.67,26.87],[55.67,26.87],[55.67,26.87],[55.66,26.87],[55.66,26.87],[55.66,26.86],[55.66,26.87],[55.66,26.87],[55.66,26.87],[55.66,26.87],[55.66,26.87],[55.66,26.87],[55.66,26.88],[55.66,26.88],[55.66,26.88],[55.66,26.88],[55.66,26.88],[55.66,26.88],[55.66,26.88],[55.66,26.88],[55.66,26.88],[55.66,26.88],[55.66,26.89],[55.66,26.89],[55.66,26.89],[55.66,26.89],[55.66,26.89],[55.66,26.89],[55.66,26.89],[55.66,26.89],[55.67,26.89],[55.67,26.89],[55.67,26.89],[55.67,26.89],[55.67,26.9],[55.67,26.9],[55.67,26.9],[55.67,26.9],[55.67,26.9],[55.67,26.9],[55.67,26.9],[55.67,26.91],[55.68,26.91],[55.68,26.91],[55.68,26.91],[55.68,26.91]]],[[[55.74,26.91],[55.74,26.91],[55.74,26.91],[55.74,26.91],[55.74,26.91],[55.74,26.91],[55.74,26.91],[55.74,26.91],[55.74,26.91],[55.74,26.91],[55.74,26.91],[55.74,26.91]]],[[[55.6,26.92],[55.6,26.92],[55.6,26.92],[55.6,26.91],[55.6,26.91],[55.6,26.91],[55.6,26.91],[55.6,26.91],[55.6,26.91],[55.6,26.91],[55.6,26.91],[55.6,26.91],[55.6,26.91],[55.6,26.91],[55.6,26.92],[55.6,26.92],[55.6,26.92],[55.6,26.92],[55.6,26.92]]],[[[55.73,26.92],[55.73,26.92],[55.73,26.92],[55.73,26.92],[55.73,26.92],[55.73,26.92],[55.73,26.92],[55.73,26.92]]],[[[55.7,26.94],[55.7,26.94],[55.7,26.93],[55.7,26.93],[55.71,26.93],[55.71,26.93],[55.71,26.93],[55.71,26.93],[55.71,26.93],[55.71,26.92],[55.71,26.92],[55.71,26.92],[55.71,26.92],[55.71,26.91],[55.71,26.91],[55.7,26.91],[55.7,26.91],[55.7,26.91],[55.7,26.91],[55.7,26.91],[55.7,26.9],[55.7,26.9],[55.7,26.9],[55.7,26.9],[55.7,26.91],[55.7,26.91],[55.71,26.91],[55.71,26.91],[55.71,26.91],[55.71,26.91],[55.71,26.92],[55.71,26.92],[55.71,26.92],[55.71,26.92],[55.71,26.92],[55.71,26.92],[55.71,26.92],[55.71,26.92],[55.71,26.91],[55.71,26.91],[55.71,26.91],[55.71,26.91],[55.71,26.91],[55.71,26.91],[55.71,26.91],[55.71,26.9],[55.72,26.9],[55.72,26.9],[55.72,26.9],[55.72,26.9],[55.72,26.9],[55.72,26.9],[55.72,26.89],[55.72,26.89],[55.72,26.89],[55.72,26.89],[55.72,26.89],[55.72,26.89],[55.72,26.89],[55.72,26.89],[55.72,26.88],[55.72,26.88],[55.72,26.88],[55.72,26.88],[55.72,26.88],[55.72,26.88],[55.71,26.88],[55.71,26.88],[55.71,26.88],[55.71,26.88],[55.71,26.88],[55.71,26.88],[55.71,26.88],[55.71,26.88],[55.71,26.88],[55.71,26.88],[55.71,26.88],[55.71,26.88],[55.71,26.88],[55.71,26.88],[55.71,26.88],[55.71,26.88],[55.71,26.88],[55.71,26.88],[55.72,26.88],[55.72,26.88],[55.72,26.88],[55.72,26.88],[55.72,26.88],[55.72,26.88],[55.72,26.88],[55.72,26.89],[55.72,26.89],[55.72,26.89],[55.72,26.89],[55.72,26.89],[55.72,26.88],[55.72,26.88],[55.72,26.88],[55.72,26.88],[55.72,26.88],[55.72,26.88],[55.72,26.88],[55.72,26.88],[55.72,26.87],[55.72,26.87],[55.72,26.87],[55.72,26.87],[55.72,26.87],[55.71,26.87],[55.71,26.87],[55.71,26.87],[55.71,26.87],[55.71,26.87],[55.71,26.87],[55.71,26.87],[55.71,26.86],[55.71,26.86],[55.71,26.86],[55.71,26.86],[55.71,26.86],[55.71,26.86],[55.71,26.86],[55.71,26.86],[55.71,26.86],[55.71,26.86],[55.7,26.86],[55.7,26.86],[55.7,26.86],[55.7,26.85],[55.7,26.85],[55.7,26.85],[55.7,26.85],[55.7,26.85],[55.7,26.85],[55.7,26.85],[55.7,26.85],[55.7,26.85],[55.69,26.85],[55.69,26.85],[55.69,26.85],[55.69,26.85],[55.69,26.85],[55.69,26.85],[55.68,26.85],[55.68,26.85],[55.68,26.85],[55.68,26.84],[55.68,26.84],[55.68,26.84],[55.68,26.84],[55.68,26.84],[55.68,26.84],[55.68,26.84],[55.68,26.84],[55.68,26.83],[55.68,26.83],[55.68,26.83],[55.68,26.83],[55.68,26.83],[55.67,26.83],[55.67,26.83],[55.67,26.83],[55.67,26.84],[55.67,26.84],[55.67,26.84],[55.67,26.84],[55.67,26.84],[55.67,26.84],[55.67,26.84],[55.67,26.84],[55.67,26.84],[55.68,26.84],[55.68,26.84],[55.68,26.85],[55.68,26.85],[55.68,26.85],[55.68,26.85],[55.67,26.85],[55.67,26.85],[55.67,26.85],[55.67,26.85],[55.67,26.85],[55.67,26.86],[55.67,26.86],[55.67,26.86],[55.67,26.86],[55.67,26.86],[55.68,26.86],[55.68,26.86],[55.68,26.86],[55.68,26.86],[55.68,26.86],[55.68,26.86],[55.68,26.86],[55.68,26.86],[55.67,26.86],[55.67,26.86],[55.67,26.86],[55.67,26.86],[55.67,26.86],[55.67,26.86],[55.67,26.86],[55.67,26.86],[55.67,26.86],[55.67,26.86],[55.66,26.86],[55.66,26.86],[55.66,26.86],[55.66,26.86],[55.67,26.87],[55.67,26.87],[55.67,26.87],[55.67,26.87],[55.67,26.87],[55.67,26.87],[55.67,26.87],[55.67,26.87],[55.67,26.87],[55.67,26.87],[55.68,26.87],[55.68,26.87],[55.68,26.87],[55.68,26.87],[55.68,26.87],[55.68,26.87],[55.69,26.87],[55.69,26.87],[55.69,26.87],[55.69,26.87],[55.69,26.87],[55.68,26.87],[55.68,26.87],[55.68,26.87],[55.68,26.87],[55.68,26.87],[55.68,26.87],[55.69,26.87],[55.69,26.87],[55.69,26.87],[55.69,26.87],[55.69,26.88],[55.69,26.88],[55.69,26.88],[55.69,26.88],[55.69,26.89],[55.69,26.89],[55.69,26.89],[55.69,26.89],[55.69,26.89],[55.69,26.89],[55.69,26.89],[55.69,26.89],[55.69,26.9],[55.69,26.9],[55.69,26.9],[55.69,26.9],[55.69,26.9],[55.68,26.9],[55.68,26.9],[55.68,26.9],[55.68,26.91],[55.68,26.91],[55.68,26.91],[55.68,26.91],[55.68,26.91],[55.68,26.91],[55.68,26.91],[55.68,26.91],[55.68,26.91],[55.67,26.91],[55.67,26.91],[55.67,26.92],[55.67,26.92],[55.68,26.92],[55.68,26.92],[55.68,26.92],[55.68,26.92],[55.68,26.92],[55.68,26.92],[55.69,26.92],[55.69,26.92],[55.69,26.92],[55.69,26.92],[55.69,26.92],[55.69,26.92],[55.69,26.92],[55.69,26.92],[55.69,26.92],[55.7,26.93],[55.7,26.93],[55.7,26.93],[55.7,26.93],[55.7,26.93],[55.7,26.93],[55.7,26.93],[55.7,26.94],[55.7,26.94]]],[[[55.66,26.98],[55.66,26.98],[55.66,26.98],[55.66,26.98],[55.67,26.98],[55.67,26.98],[55.67,26.98],[55.67,26.98],[55.67,26.98],[55.67,26.98],[55.67,26.98],[55.67,26.98],[55.67,26.98],[55.67,26.98],[55.67,26.98],[55.67,26.97],[55.67,26.97],[55.67,26.97],[55.67,26.97],[55.67,26.97],[55.67,26.97],[55.67,26.97],[55.67,26.97],[55.67,26.97],[55.67,26.97],[55.67,26.97],[55.66,26.97],[55.66,26.97],[55.66,26.97],[55.66,26.97],[55.66,26.97],[55.65,26.97],[55.65,26.97],[55.65,26.97],[55.65,26.97],[55.65,26.97],[55.65,26.97],[55.64,26.97],[55.64,26.97],[55.64,26.97],[55.64,26.97],[55.64,26.97],[55.64,26.97],[55.64,26.97],[55.64,26.97],[55.64,26.97],[55.64,26.97],[55.64,26.97],[55.63,26.97],[55.63,26.97],[55.63,26.97],[55.63,26.97],[55.63,26.97],[55.63,26.97],[55.63,26.97],[55.63,26.97],[55.63,26.98],[55.64,26.98],[55.64,26.98],[55.64,26.98],[55.64,26.98],[55.64,26.98],[55.64,26.98],[55.64,26.98],[55.64,26.98],[55.64,26.98],[55.65,26.98],[55.65,26.98],[55.65,26.98],[55.65,26.98],[55.66,26.98]]],[[[56.16,27.0],[56.16,27.0],[56.16,27.0],[56.16,27.0],[56.16,27.0],[56.16,27.0],[56.16,27.0],[56.16,27.0],[56.16,27.0],[56.16,26.99],[56.16,26.99],[56.17,26.99],[56.17,26.99],[56.17,26.99],[56.17,26.99],[56.18,26.99],[56.18,26.99],[56.18,26.99],[56.18,26.99],[56.19,26.99],[56.19,26.99],[56.19,27.0],[56.18,27.0],[56.18,27.0],[56.18,27.0],[56.19,27.0],[56.19,27.0],[56.19,27.0],[56.19,27.0],[56.19,27.0],[56.19,27.0],[56.19,26.99],[56.19,26.99],[56.19,26.99],[56.19,26.99],[56.19,26.99],[56.2,26.99],[56.2,26.99],[56.2,26.99],[56.21,26.99],[56.21,26.99],[56.21,27.0],[56.21,27.0],[56.21,27.0],[56.21,27.0],[56.21,27.0],[56.22,26.99],[56.22,26.99],[56.22,26.99],[56.22,26.99],[56.22,26.99],[56.22,26.99],[56.22,26.99],[56.22,26.99],[56.22,26.99],[56.22,26.99],[56.22,26.99],[56.22,26.99],[56.22,26.99],[56.22,26.99],[56.23,26.99],[56.23,26.98],[56.23,26.98],[56.23,26.98],[56.23,26.98],[56.23,26.98],[56.23,26.98],[56.23,26.98],[56.23,26.98],[56.23,26.98],[56.23,26.98],[56.24,26.98],[56.24,26.98],[56.24,26.98],[56.24,26.99],[56.24,26.98],[56.24,26.98],[56.24,26.98],[56.24,26.98],[56.24,26.98],[56.24,26.98],[56.24,26.98],[56.24,26.98],[56.24,26.98],[56.24,26.98],[56.24,26.98],[56.24,26.98],[56.24,26.98],[56.24,26.98],[56.24,26.98],[56.24,26.98],[56.24,26.98],[56.24,26.98],[56.24,26.98],[56.24,26.98],[56.24,26.98],[56.25,26.98],[56.25,26.98],[56.25,26.98],[56.24,26.98],[56.25,26.98],[56.25,26.98],[56.25,26.98],[56.25,26.98],[56.25,26.98],[56.25,26.98],[56.25,26.98],[56.25,26.98],[56.25,26.98],[56.25,26.97],[56.25,26.97],[56.26,26.97],[56.26,26.97],[56.26,26.97],[56.26,26.97],[56.26,26.97],[56.26,26.97],[56.26,26.97],[56.26,26.97],[56.26,26.97],[56.26,26.97],[56.27,26.97],[56.27,26.97],[56.27,26.97],[56.27,26.97],[56.27,26.97],[56.27,26.97],[56.27,26.96],[56.27,26.97],[56.27,26.97],[56.27,26.96],[56.28,26.96],[56.28,26.96],[56.28,26.96],[56.28,26.96],[56.28,26.96],[56.28,26.96],[56.28,26.96],[56.28,26.96],[56.28,26.95],[56.28,26.95],[56.28,26.95],[56.28,26.95],[56.28,26.95],[56.29,26.95],[56.28,26.94],[56.28,26.95],[56.29,26.95],[56.29,26.95],[56.29,26.95],[56.29,26.95],[56.29,26.94],[56.29,26.94],[56.29,26.94],[56.28,26.94],[56.28,26.94],[56.28,26.94],[56.28,26.94],[56.28,26.94],[56.28,26.94],[56.28,26.94],[56.28,26.94],[56.28,26.94],[56.28,26.94],[56.28,26.93],[56.28,26.93],[56.27,26.93],[56.27,26.93],[56.27,26.93],[56.27,26.93],[56.27,26.93],[56.27,26.93],[56.27,26.93],[56.27,26.93],[56.26,26.93],[56.26,26.93],[56.26,26.93],[56.25,26.93],[56.25,26.93],[56.25,26.93],[56.24,26.93],[56.24,26.93],[56.23,26.92],[56.23,26.92],[56.22,26.92],[56.22,26.92],[56.22,26.92],[56.22,26.92],[56.22,26.92],[56.21,26.92],[56.21,26.92],[56.21,26.92],[56.2,26.92],[56.2,26.92],[56.2,26.92],[56.2,26.92],[56.2,26.92],[56.2,26.92],[56.19,26.92],[56.19,26.92],[56.19,26.92],[56.19,26.92],[56.19,26.92],[56.19,26.92],[56.18,26.92],[56.18,26.92],[56.18,26.92],[56.18,26.91],[56.18,26.91],[56.18,26.91],[56.18,26.91],[56.18,26.91],[56.18,26.91],[56.17,26.91],[56.17,26.91],[56.17,26.91],[56.17,26.91],[56.17,26.91],[56.17,26.91],[56.17,26.91],[56.17,26.91],[56.17,26.91],[56.17,26.91],[56.17,26.9],[56.17,26.9],[56.17,26.9],[56.17,26.9],[56.17,26.9],[56.16,26.9],[56.16,26.9],[56.16,26.9],[56.16,26.9],[56.16,26.89],[56.16,26.89],[56.16,26.89],[56.16,26.89],[56.16,26.89],[56.16,26.89],[56.16,26.89],[56.16,26.88],[56.16,26.88],[56.16,26.88],[56.16,26.88],[56.16,26.88],[56.16,26.88],[56.16,26.88],[56.16,26.88],[56.16,26.88],[56.16,26.88],[56.16,26.88],[56.15,26.88],[56.16,26.88],[56.16,26.87],[56.15,26.87],[56.16,26.87],[56.16,26.87],[56.15,26.87],[56.15,26.87],[56.15,26.87],[56.15,26.87],[56.15,26.87],[56.15,26.86],[56.15,26.86],[56.15,26.86],[56.15,26.86],[56.15,26.86],[56.15,26.86],[56.15,26.86],[56.15,26.86],[56.15,26.86],[56.15,26.86],[56.15,26.86],[56.15,26.85],[56.14,26.85],[56.14,26.85],[56.14,26.85],[56.14,26.85],[56.14,26.85],[56.14,26.84],[56.14,26.84],[56.14,26.84],[56.14,26.84],[56.14,26.84],[56.14,26.84],[56.14,26.84],[56.14,26.84],[56.14,26.84],[56.14,26.84],[56.13,26.84],[56.13,26.84],[56.13,26.83],[56.13,26.83],[56.13,26.83],[56.13,26.83],[56.13,26.83],[56.13,26.83],[56.13,26.83],[56.13,26.83],[56.13,26.83],[56.12,26.83],[56.12,26.83],[56.12,26.83],[56.12,26.83],[56.12,26.83],[56.12,26.83],[56.12,26.83],[56.12,26.83],[56.12,26.83],[56.12,26.83],[56.12,26.83],[56.12,26.83],[56.11,26.83],[56.11,26.82],[56.11,26.82],[56.11,26.82],[56.11,26.82],[56.11,26.82],[56.11,26.82],[56.11,26.82],[56.11,26.82],[56.11,26.82],[56.11,26.82],[56.11,26.82],[56.11,26.81],[56.11,26.81],[56.1,26.81],[56.1,26.81],[56.1,26.81],[56.1,26.81],[56.1,26.81],[56.1,26.81],[56.1,26.81],[56.1,26.81],[56.1,26.81],[56.1,26.81],[56.1,26.81],[56.09,26.81],[56.09,26.81],[56.09,26.81],[56.09,26.81],[56.09,26.8],[56.09,26.8],[56.09,26.8],[56.09,26.8],[56.09,26.8],[56.09,26.8],[56.09,26.8],[56.08,26.8],[56.08,26.8],[56.08,26.8],[56.08,26.79],[56.08,26.79],[56.08,26.79],[56.09,26.79],[56.09,26.79],[56.09,26.79],[56.09,26.79],[56.09,26.79],[56.09,26.79],[56.09,26.79],[56.09,26.79],[56.08,26.79],[56.08,26.79],[56.08,26.79],[56.08,26.79],[56.08,26.79],[56.08,26.78],[56.08,26.78],[56.08,26.78],[56.08,26.78],[56.08,26.78],[56.08,26.78],[56.08,26.78],[56.08,26.78],[56.08,26.78],[56.07,26.78],[56.07,26.78],[56.07,26.78],[56.07,26.78],[56.07,26.78],[56.07,26.78],[56.07,26.78],[56.07,26.78],[56.07,26.78],[56.07,26.78],[56.07,26.78],[56.06,26.78],[56.06,26.77],[56.06,26.77],[56.06,26.77],[56.06,26.77],[56.06,26.77],[56.06,26.77],[56.06,26.77],[56.06,26.77],[56.06,26.77],[56.05,26.77],[56.05,26.77],[56.05,26.77],[56.05,26.77],[56.05,26.77],[56.05,26.76],[56.05,26.76],[56.05,26.76],[56.05,26.76],[56.05,26.76],[56.04,26.76],[56.04,26.76],[56.04,26.76],[56.04,26.76],[56.04,26.76],[56.04,26.76],[56.03,26.76],[56.03,26.76],[56.03,26.76],[56.03,26.76],[56.03,26.76],[56.03,26.75],[56.03,26.75],[56.03,26.75],[56.03,26.75],[56.03,26.75],[56.03,26.75],[56.03,26.75],[56.03,26.75],[56.03,26.75],[56.02,26.75],[56.02,26.75],[56.02,26.75],[56.02,26.75],[56.01,26.74],[56.01,26.74],[56.01,26.74],[56.01,26.74],[56.01,26.74],[56.01,26.74],[56.01,26.74],[56.01,26.74],[56.01,26.74],[56.01,26.74],[56.01,26.74],[56.01,26.74],[56.01,26.74],[56.0,26.74],[56.0,26.74],[56.0,26.74],[56.0,26.74],[56.0,26.74],[56.0,26.74],[56.0,26.74],[56.0,26.73],[56.0,26.73],[56.0,26.73],[56.0,26.73],[56.0,26.73],[55.99,26.73],[55.99,26.73],[55.99,26.73],[55.99,26.73],[55.99,26.73],[55.99,26.73],[55.99,26.73],[55.98,26.73],[55.98,26.73],[55.98,26.73],[55.98,26.73],[55.98,26.72],[55.98,26.72],[55.98,26.72],[55.98,26.72],[55.98,26.72],[55.98,26.72],[55.98,26.72],[55.98,26.72],[55.98,26.72],[55.98,26.72],[55.98,26.72],[55.98,26.72],[55.98,26.71],[55.98,26.71],[55.98,26.71],[55.98,26.71],[55.98,26.71],[55.98,26.71],[55.97,26.71],[55.97,26.71],[55.97,26.71],[55.97,26.71],[55.97,26.71],[55.97,26.71],[55.97,26.71],[55.97,26.7],[55.97,26.7],[55.97,26.7],[55.97,26.7],[55.97,26.7],[55.96,26.7],[55.96,26.7],[55.96,26.7],[55.96,26.7],[55.96,26.7],[55.96,26.7],[55.96,26.7],[55.96,26.7],[55.96,26.7],[55.96,26.7],[55.95,26.7],[55.95,26.69],[55.95,26.69],[55.95,26.69],[55.95,26.69],[55.95,26.69],[55.95,26.69],[55.95,26.69],[55.95,26.69],[55.94,26.69],[55.94,26.69],[55.94,26.69],[55.94,26.69],[55.94,26.69],[55.93,26.69],[55.93,26.69],[55.93,26.69],[55.93,26.69],[55.93,26.69],[55.93,26.68],[55.92,26.68],[55.92,26.69],[55.92,26.69],[55.92,26.69],[55.92,26.69],[55.92,26.69],[55.92,26.69],[55.92,26.69],[55.92,26.69],[55.92,26.69],[55.92,26.69],[55.91,26.69],[55.91,26.69],[55.91,26.7],[55.91,26.7],[55.91,26.7],[55.91,26.71],[55.91,26.71],[55.91,26.71],[55.91,26.71],[55.91,26.71],[55.91,26.71],[55.91,26.71],[55.91,26.71],[55.91,26.71],[55.91,26.71],[55.91,26.71],[55.91,26.72],[55.91,26.72],[55.9,26.72],[55.9,26.72],[55.9,26.72],[55.9,26.72],[55.9,26.72],[55.9,26.72],[55.9,26.72],[55.9,26.72],[55.9,26.72],[55.9,26.72],[55.9,26.72],[55.9,26.72],[55.89,26.72],[55.89,26.73],[55.89,26.73],[55.89,26.73],[55.89,26.73],[55.89,26.73],[55.89,26.73],[55.89,26.73],[55.89,26.73],[55.89,26.73],[55.89,26.73],[55.88,26.73],[55.88,26.73],[55.88,26.73],[55.88,26.73],[55.88,26.73],[55.88,26.73],[55.88,26.73],[55.87,26.73],[55.87,26.73],[55.87,26.74],[55.87,26.74],[55.87,26.74],[55.87,26.74],[55.87,26.73],[55.86,26.73],[55.86,26.73],[55.86,26.73],[55.85,26.73],[55.85,26.73],[55.85,26.73],[55.85,26.73],[55.85,26.73],[55.85,26.73],[55.84,26.73],[55.85,26.73],[55.84,26.73],[55.84,26.73],[55.84,26.73],[55.84,26.73],[55.84,26.73],[55.84,26.73],[55.84,26.73],[55.83,26.73],[55.83,26.72],[55.83,26.72],[55.83,26.72],[55.83,26.72],[55.83,26.72],[55.83,26.72],[55.83,26.72],[55.82,26.72],[55.82,26.72],[55.82,26.72],[55.82,26.72],[55.82,26.72],[55.82,26.72],[55.82,26.72],[55.82,26.72],[55.82,26.72],[55.82,26.72],[55.82,26.71],[55.82,26.71],[55.82,26.71],[55.82,26.71],[55.81,26.71],[55.81,26.71],[55.81,26.71],[55.81,26.71],[55.81,26.71],[55.81,26.71],[55.81,26.71],[55.81,26.71],[55.81,26.71],[55.81,26.71],[55.8,26.71],[55.8,26.7],[55.8,26.7],[55.8,26.7],[55.8,26.7],[55.8,26.7],[55.8,26.7],[55.8,26.7],[55.8,26.7],[55.8,26.7],[55.79,26.7],[55.79,26.7],[55.79,26.7],[55.79,26.7],[55.79,26.69],[55.79,26.69],[55.79,26.69],[55.79,26.69],[55.78,26.69],[55.78,26.69],[55.78,26.69],[55.78,26.69],[55.78,26.69],[55.78,26.69],[55.78,26.69],[55.78,26.69],[55.77,26.69],[55.77,26.69],[55.77,26.69],[55.77,26.69],[55.77,26.69],[55.77,26.68],[55.77,26.68],[55.77,26.68],[55.77,26.68],[55.76,26.68],[55.76,26.68],[55.76,26.68],[55.75,26.68],[55.75,26.68],[55.75,26.68],[55.75,26.68],[55.74,26.68],[55.74,26.68],[55.74,26.68],[55.74,26.68],[55.73,26.68],[55.73,26.68],[55.73,26.68],[55.73,26.68],[55.73,26.68],[55.72,26.68],[55.72,26.68],[55.72,26.68],[55.72,26.69],[55.72,26.69],[55.72,26.68],[55.72,26.68],[55.72,26.68],[55.72,26.68],[55.72,26.68],[55.72,26.68],[55.71,26.68],[55.71,26.69],[55.71,26.69],[55.7,26.69],[55.7,26.69],[55.7,26.69],[55.7,26.69],[55.69,26.69],[55.69,26.69],[55.69,26.69],[55.69,26.69],[55.69,26.68],[55.68,26.68],[55.68,26.68],[55.68,26.68],[55.68,26.68],[55.68,26.68],[55.68,26.68],[55.68,26.68],[55.68,26.68],[55.68,26.68],[55.68,26.68],[55.67,26.68],[55.67,26.68],[55.67,26.68],[55.67,26.67],[55.67,26.67],[55.67,26.67],[55.67,26.67],[55.67,26.67],[55.67,26.67],[55.66,26.67],[55.66,26.67],[55.66,26.67],[55.66,26.67],[55.66,26.67],[55.66,26.67],[55.66,26.67],[55.66,26.66],[55.66,26.66],[55.66,26.66],[55.65,26.66],[55.65,26.66],[55.65,26.66],[55.65,26.66],[55.65,26.66],[55.65,26.66],[55.65,26.66],[55.65,26.66],[55.65,26.66],[55.65,26.66],[55.65,26.66],[55.65,26.66],[55.65,26.66],[55.65,26.65],[55.64,26.65],[55.64,26.65],[55.64,26.65],[55.64,26.65],[55.64,26.65],[55.64,26.65],[55.64,26.65],[55.64,26.65],[55.64,26.65],[55.63,26.65],[55.63,26.65],[55.63,26.65],[55.63,26.65],[55.63,26.65],[55.63,26.65],[55.63,26.65],[55.63,26.64],[55.63,26.64],[55.63,26.64],[55.62,26.64],[55.62,26.64],[55.62,26.64],[55.62,26.64],[55.62,26.64],[55.62,26.64],[55.62,26.64],[55.62,26.64],[55.62,26.64],[55.62,26.64],[55.62,26.64],[55.61,26.64],[55.61,26.64],[55.61,26.64],[55.61,26.64],[55.61,26.64],[55.61,26.64],[55.6,26.64],[55.6,26.64],[55.6,26.64],[55.6,26.64],[55.6,26.64],[55.6,26.64],[55.6,26.64],[55.59,26.64],[55.59,26.64],[55.59,26.64],[55.59,26.64],[55.59,26.64],[55.59,26.64],[55.59,26.64],[55.59,26.64],[55.59,26.64],[55.59,26.63],[55.58,26.63],[55.58,26.63],[55.58,26.63],[55.58,26.63],[55.58,26.63],[55.58,26.63],[55.58,26.63],[55.58,26.63],[55.58,26.63],[55.58,26.63],[55.57,26.63],[55.57,26.63],[55.57,26.63],[55.57,26.63],[55.57,26.63],[55.56,26.63],[55.56,26.63],[55.56,26.63],[55.56,26.63],[55.56,26.62],[55.56,26.63],[55.56,26.62],[55.55,26.62],[55.55,26.62],[55.55,26.62],[55.55,26.62],[55.54,26.62],[55.54,26.62],[55.54,26.62],[55.54,26.62],[55.54,26.62],[55.54,26.62],[55.53,26.62],[55.53,26.62],[55.53,26.62],[55.53,26.62],[55.53,26.61],[55.53,26.61],[55.53,26.61],[55.53,26.61],[55.53,26.61],[55.53,26.61],[55.53,26.61],[55.53,26.61],[55.52,26.61],[55.52,26.61],[55.52,26.61],[55.52,26.61],[55.52,26.6],[55.52,26.6],[55.52,26.6],[55.52,26.6],[55.52,26.6],[55.52,26.6],[55.52,26.6],[55.52,26.6],[55.52,26.6],[55.52,26.6],[55.52,26.6],[55.51,26.6],[55.51,26.6],[55.51,26.6],[55.51,26.6],[55.51,26.6],[55.51,26.6],[55.51,26.6],[55.51,26.6],[55.51,26.6],[55.5,26.6],[55.5,26.6],[55.5,26.6],[55.5,26.59],[55.5,26.59],[55.5,26.59],[55.49,26.59],[55.49,26.59],[55.49,26.59],[55.49,26.59],[55.49,26.59],[55.49,26.59],[55.49,26.59],[55.49,26.59],[55.48,26.59],[55.48,26.59],[55.48,26.59],[55.48,26.59],[55.48,26.59],[55.48,26.59],[55.48,26.59],[55.47,26.59],[55.47,26.59],[55.47,26.59],[55.47,26.59],[55.47,26.59],[55.46,26.59],[55.46,26.59],[55.46,26.59],[55.46,26.59],[55.46,26.59],[55.46,26.59],[55.45,26.59],[55.45,26.59],[55.45,26.59],[55.45,26.59],[55.45,26.59],[55.45,26.59],[55.45,26.59],[55.44,26.59],[55.44,26.59],[55.44,26.59],[55.44,26.59],[55.44,26.59],[55.44,26.59],[55.44,26.59],[55.44,26.59],[55.43,26.59],[55.43,26.58],[55.43,26.58],[55.43,26.58],[55.43,26.58],[55.43,26.58],[55.43,26.58],[55.43,26.58],[55.43,26.58],[55.42,26.58],[55.42,26.58],[55.42,26.58],[55.42,26.58],[55.42,26.58],[55.42,26.58],[55.42,26.58],[55.41,26.58],[55.41,26.57],[55.41,26.57],[55.41,26.57],[55.41,26.57],[55.41,26.57],[55.4,26.57],[55.4,26.57],[55.4,26.57],[55.4,26.57],[55.4,26.57],[55.39,26.57],[55.39,26.57],[55.39,26.57],[55.39,26.57],[55.38,26.57],[55.38,26.57],[55.38,26.57],[55.38,26.57],[55.38,26.57],[55.38,26.57],[55.37,26.57],[55.37,26.57],[55.37,26.57],[55.37,26.57],[55.36,26.56],[55.36,26.56],[55.36,26.56],[55.36,26.56],[55.36,26.56],[55.36,26.56],[55.36,26.56],[55.36,26.56],[55.36,26.56],[55.36,26.56],[55.36,26.56],[55.36,26.57],[55.35,26.57],[55.35,26.57],[55.35,26.57],[55.35,26.57],[55.35,26.57],[55.35,26.57],[55.35,26.57],[55.35,26.57],[55.35,26.57],[55.35,26.57],[55.35,26.57],[55.34,26.57],[55.34,26.57],[55.34,26.57],[55.33,26.57],[55.33,26.57],[55.33,26.57],[55.33,26.57],[55.33,26.57],[55.33,26.57],[55.33,26.57],[55.33,26.57],[55.33,26.56],[55.32,26.56],[55.32,26.56],[55.32,26.56],[55.32,26.56],[55.32,26.56],[55.32,26.56],[55.32,26.56],[55.32,26.56],[55.32,26.56],[55.32,26.56],[55.32,26.55],[55.32,26.55],[55.32,26.55],[55.32,26.55],[55.32,26.55],[55.32,26.55],[55.32,26.55],[55.32,26.55],[55.32,26.55],[55.32,26.55],[55.32,26.55],[55.32,26.55],[55.32,26.55],[55.32,26.55],[55.32,26.55],[55.32,26.55],[55.32,26.54],[55.32,26.54],[55.32,26.55],[55.31,26.55],[55.31,26.55],[55.31,26.55],[55.31,26.55],[55.31,26.55],[55.31,26.55],[55.31,26.55],[55.31,26.55],[55.31,26.55],[55.3,26.55],[55.3,26.55],[55.3,26.55],[55.3,26.55],[55.29,26.55],[55.29,26.55],[55.29,26.55],[55.29,26.54],[55.29,26.54],[55.29,26.54],[55.29,26.54],[55.29,26.54],[55.29,26.54],[55.3,26.54],[55.3,26.54],[55.29,26.54],[55.29,26.54],[55.29,26.54],[55.29,26.54],[55.29,26.54],[55.29,26.54],[55.28,26.54],[55.28,26.54],[55.28,26.54],[55.28,26.54],[55.28,26.54],[55.28,26.54],[55.28,26.54],[55.28,26.54],[55.28,26.54],[55.28,26.55],[55.28,26.55],[55.28,26.55],[55.28,26.55],[55.28,26.55],[55.27,26.55],[55.27,26.55],[55.27,26.55],[55.27,26.55],[55.27,26.56],[55.27,26.56],[55.27,26.56],[55.27,26.56],[55.27,26.56],[55.27,26.56],[55.27,26.57],[55.27,26.57],[55.27,26.57],[55.27,26.57],[55.27,26.58],[55.27,26.58],[55.27,26.58],[55.27,26.58],[55.27,26.58],[55.27,26.58],[55.27,26.58],[55.27,26.58],[55.27,26.58],[55.27,26.58],[55.27,26.58],[55.27,26.59],[55.27,26.59],[55.27,26.59],[55.27,26.59],[55.27,26.59],[55.28,26.59],[55.28,26.59],[55.28,26.6],[55.27,26.6],[55.27,26.6],[55.28,26.61],[55.28,26.61],[55.27,26.61],[55.27,26.61],[55.27,26.61],[55.27,26.61],[55.27,26.61],[55.27,26.61],[55.27,26.61],[55.27,26.62],[55.27,26.61],[55.27,26.61],[55.27,26.61],[55.27,26.61],[55.27,26.62],[55.27,26.62],[55.27,26.62],[55.27,26.62],[55.26,26.62],[55.26,26.62],[55.26,26.63],[55.26,26.63],[55.27,26.63],[55.27,26.63],[55.27,26.64],[55.27,26.64],[55.27,26.64],[55.27,26.64],[55.27,26.65],[55.27,26.65],[55.26,26.65],[55.26,26.65],[55.26,26.65],[55.26,26.65],[55.26,26.65],[55.26,26.65],[55.26,26.65],[55.26,26.65],[55.26,26.65],[55.26,26.65],[55.26,26.65],[55.26,26.66],[55.26,26.66],[55.26,26.66],[55.26,26.66],[55.26,26.66],[55.27,26.66],[55.27,26.66],[55.27,26.66],[55.27,26.66],[55.27,26.66],[55.27,26.66],[55.27,26.66],[55.27,26.66],[55.27,26.66],[55.27,26.66],[55.28,26.66],[55.28,26.66],[55.28,26.66],[55.28,26.66],[55.28,26.66],[55.28,26.66],[55.28,26.66],[55.28,26.66],[55.29,26.66],[55.29,26.66],[55.29,26.65],[55.29,26.65],[55.29,26.65],[55.29,26.65],[55.29,26.65],[55.29,26.65],[55.29,26.65],[55.29,26.65],[55.29,26.65],[55.3,26.65],[55.3,26.65],[55.3,26.65],[55.3,26.65],[55.3,26.65],[55.3,26.65],[55.3,26.65],[55.31,26.65],[55.31,26.65],[55.31,26.65],[55.31,26.65],[55.31,26.65],[55.31,26.65],[55.32,26.65],[55.32,26.65],[55.32,26.65],[55.32,26.65],[55.33,26.65],[55.33,26.65],[55.33,26.65],[55.33,26.65],[55.33,26.65],[55.33,26.65],[55.33,26.65],[55.33,26.65],[55.33,26.64],[55.34,26.64],[55.34,26.64],[55.34,26.64],[55.35,26.65],[55.35,26.65],[55.35,26.65],[55.35,26.65],[55.35,26.65],[55.35,26.65],[55.36,26.65],[55.36,26.65],[55.36,26.65],[55.37,26.65],[55.37,26.65],[55.37,26.65],[55.37,26.65],[55.37,26.65],[55.37,26.65],[55.37,26.65],[55.37,26.65],[55.37,26.66],[55.37,26.66],[55.37,26.66],[55.38,26.66],[55.38,26.66],[55.38,26.66],[55.38,26.66],[55.38,26.66],[55.38,26.66],[55.38,26.66],[55.38,26.66],[55.39,26.66],[55.39,26.66],[55.39,26.66],[55.39,26.66],[55.39,26.66],[55.4,26.66],[55.4,26.67],[55.4,26.67],[55.4,26.67],[55.4,26.67],[55.4,26.67],[55.4,26.67],[55.4,26.67],[55.4,26.67],[55.4,26.67],[55.4,26.67],[55.41,26.67],[55.41,26.67],[55.41,26.67],[55.41,26.67],[55.41,26.67],[55.41,26.67],[55.42,26.67],[55.42,26.67],[55.42,26.67],[55.42,26.67],[55.42,26.68],[55.42,26.67],[55.42,26.67],[55.43,26.67],[55.43,26.67],[55.43,26.67],[55.43,26.67],[55.43,26.67],[55.43,26.67],[55.43,26.68],[55.43,26.68],[55.43,26.68],[55.43,26.68],[55.44,26.68],[55.44,26.68],[55.44,26.68],[55.44,26.68],[55.44,26.68],[55.45,26.68],[55.45,26.68],[55.45,26.68],[55.45,26.68],[55.45,26.68],[55.45,26.68],[55.45,26.68],[55.45,26.68],[55.45,26.68],[55.46,26.68],[55.46,26.68],[55.46,26.68],[55.46,26.68],[55.46,26.68],[55.46,26.68],[55.47,26.68],[55.47,26.69],[55.47,26.69],[55.47,26.69],[55.47,26.69],[55.47,26.69],[55.47,26.69],[55.47,26.69],[55.47,26.69],[55.47,26.69],[55.47,26.69],[55.48,26.69],[55.48,26.69],[55.48,26.69],[55.48,26.69],[55.48,26.69],[55.48,26.69],[55.48,26.69],[55.48,26.69],[55.48,26.7],[55.49,26.7],[55.49,26.7],[55.49,26.7],[55.49,26.7],[55.49,26.7],[55.49,26.7],[55.49,26.7],[55.5,26.7],[55.5,26.7],[55.5,26.7],[55.5,26.7],[55.51,26.7],[55.51,26.7],[55.51,26.7],[55.51,26.7],[55.51,26.7],[55.52,26.7],[55.52,26.7],[55.52,26.7],[55.52,26.7],[55.52,26.7],[55.52,26.7],[55.53,26.7],[55.53,26.7],[55.53,26.7],[55.53,26.71],[55.53,26.71],[55.53,26.71],[55.53,26.71],[55.53,26.71],[55.53,26.71],[55.53,26.71],[55.53,26.71],[55.53,26.71],[55.53,26.71],[55.54,26.71],[55.54,26.71],[55.54,26.71],[55.54,26.71],[55.54,26.71],[55.54,26.71],[55.55,26.71],[55.55,26.71],[55.55,26.71],[55.55,26.71],[55.55,26.71],[55.55,26.71],[55.55,26.71],[55.56,26.71],[55.56,26.71],[55.56,26.71],[55.56,26.71],[55.56,26.71],[55.56,26.71],[55.57,26.72],[55.57,26.72],[55.57,26.72],[55.57,26.72],[55.57,26.72],[55.57,26.72],[55.57,26.72],[55.57,26.72],[55.57,26.72],[55.57,26.72],[55.57,26.72],[55.58,26.72],[55.58,26.72],[55.58,26.73],[55.58,26.73],[55.58,26.73],[55.59,26.72],[55.59,26.73],[55.59,26.73],[55.59,26.73],[55.59,26.73],[55.59,26.73],[55.59,26.73],[55.59,26.73],[55.59,26.73],[55.59,26.73],[55.59,26.73],[55.6,26.73],[55.6,26.73],[55.6,26.73],[55.6,26.73],[55.6,26.73],[55.6,26.73],[55.6,26.73],[55.6,26.73],[55.6,26.73],[55.61,26.73],[55.61,26.73],[55.61,26.74],[55.61,26.74],[55.61,26.74],[55.61,26.74],[55.61,26.74],[55.61,26.74],[55.61,26.74],[55.62,26.74],[55.62,26.74],[55.62,26.74],[55.62,26.74],[55.62,26.74],[55.62,26.74],[55.62,26.74],[55.62,26.74],[55.62,26.75],[55.62,26.75],[55.62,26.75],[55.62,26.75],[55.62,26.75],[55.62,26.75],[55.63,26.75],[55.63,26.75],[55.63,26.75],[55.63,26.75],[55.63,26.75],[55.63,26.75],[55.63,26.75],[55.63,26.75],[55.63,26.76],[55.63,26.76],[55.63,26.76],[55.63,26.76],[55.63,26.76],[55.63,26.76],[55.63,26.76],[55.64,26.76],[55.64,26.76],[55.64,26.76],[55.64,26.76],[55.64,26.76],[55.64,26.76],[55.64,26.76],[55.64,26.76],[55.64,26.76],[55.64,26.76],[55.64,26.77],[55.65,26.77],[55.65,26.77],[55.65,26.77],[55.65,26.77],[55.64,26.77],[55.64,26.77],[55.64,26.77],[55.64,26.77],[55.64,26.77],[55.64,26.76],[55.64,26.76],[55.64,26.76],[55.63,26.76],[55.63,26.76],[55.63,26.76],[55.63,26.76],[55.64,26.76],[55.64,26.77],[55.64,26.77],[55.64,26.77],[55.64,26.77],[55.64,26.77],[55.64,26.77],[55.64,26.77],[55.64,26.77],[55.65,26.77],[55.65,26.77],[55.65,26.77],[55.65,26.77],[55.66,26.77],[55.66,26.77],[55.66,26.77],[55.66,26.77],[55.66,26.77],[55.66,26.77],[55.67,26.77],[55.67,26.78],[55.67,26.78],[55.67,26.78],[55.67,26.78],[55.67,26.78],[55.67,26.78],[55.68,26.78],[55.68,26.78],[55.68,26.78],[55.68,26.78],[55.68,26.78],[55.68,26.78],[55.68,26.78],[55.68,26.78],[55.68,26.78],[55.69,26.78],[55.69,26.78],[55.69,26.78],[55.69,26.78],[55.69,26.78],[55.68,26.78],[55.68,26.78],[55.68,26.78],[55.68,26.79],[55.68,26.79],[55.68,26.79],[55.68,26.79],[55.69,26.79],[55.69,26.79],[55.69,26.79],[55.69,26.79],[55.69,26.79],[55.69,26.79],[55.69,26.8],[55.69,26.8],[55.69,26.8],[55.69,26.8],[55.69,26.8],[55.69,26.8],[55.69,26.8],[55.69,26.8],[55.69,26.8],[55.7,26.8],[55.7,26.8],[55.7,26.81],[55.7,26.81],[55.7,26.81],[55.7,26.81],[55.7,26.81],[55.7,26.8],[55.7,26.8],[55.7,26.8],[55.7,26.8],[55.7,26.8],[55.7,26.8],[55.7,26.8],[55.7,26.8],[55.71,26.8],[55.71,26.79],[55.71,26.79],[55.71,26.79],[55.71,26.79],[55.71,26.79],[55.71,26.79],[55.71,26.79],[55.71,26.79],[55.71,26.79],[55.71,26.79],[55.71,26.79],[55.72,26.79],[55.72,26.78],[55.72,26.78],[55.72,26.78],[55.72,26.78],[55.72,26.78],[55.72,26.78],[55.72,26.78],[55.73,26.78],[55.73,26.78],[55.73,26.78],[55.73,26.78],[55.73,26.78],[55.73,26.78],[55.73,26.79],[55.73,26.79],[55.73,26.78],[55.73,26.78],[55.74,26.78],[55.74,26.78],[55.74,26.78],[55.74,26.78],[55.74,26.78],[55.74,26.78],[55.74,26.78],[55.73,26.78],[55.73,26.78],[55.73,26.78],[55.73,26.77],[55.73,26.77],[55.73,26.77],[55.73,26.77],[55.74,26.77],[55.74,26.78],[55.74,26.78],[55.74,26.78],[55.74,26.78],[55.74,26.78],[55.74,26.78],[55.74,26.78],[55.74,26.78],[55.74,26.78],[55.74,26.78],[55.75,26.78],[55.75,26.78],[55.75,26.78],[55.75,26.78],[55.75,26.78],[55.74,26.78],[55.74,26.79],[55.75,26.79],[55.75,26.79],[55.75,26.79],[55.75,26.79],[55.75,26.79],[55.75,26.79],[55.75,26.79],[55.75,26.79],[55.75,26.79],[55.75,26.79],[55.75,26.79],[55.76,26.79],[55.76,26.79],[55.76,26.79],[55.76,26.8],[55.76,26.8],[55.76,26.8],[55.76,26.8],[55.76,26.8],[55.76,26.8],[55.76,26.8],[55.76,26.8],[55.77,26.8],[55.77,26.8],[55.77,26.8],[55.77,26.8],[55.77,26.8],[55.77,26.8],[55.77,26.8],[55.77,26.8],[55.77,26.8],[55.77,26.79],[55.77,26.79],[55.77,26.79],[55.77,26.79],[55.78,26.79],[55.77,26.8],[55.77,26.8],[55.77,26.8],[55.77,26.8],[55.77,26.8],[55.77,26.8],[55.77,26.8],[55.77,26.8],[55.77,26.8],[55.77,26.8],[55.77,26.81],[55.77,26.81],[55.77,26.81],[55.77,26.81],[55.77,26.81],[55.77,26.81],[55.77,26.81],[55.77,26.82],[55.77,26.82],[55.77,26.82],[55.77,26.82],[55.77,26.82],[55.77,26.82],[55.77,26.82],[55.77,26.82],[55.77,26.82],[55.77,26.82],[55.77,26.82],[55.77,26.82],[55.76,26.82],[55.76,26.83],[55.76,26.83],[55.76,26.83],[55.77,26.83],[55.77,26.83],[55.77,26.83],[55.77,26.83],[55.77,26.83],[55.77,26.83],[55.77,26.83],[55.78,26.83],[55.78,26.83],[55.78,26.83],[55.78,26.83],[55.78,26.83],[55.78,26.83],[55.78,26.83],[55.79,26.84],[55.78,26.84],[55.78,26.84],[55.78,26.84],[55.78,26.84],[55.78,26.84],[55.78,26.84],[55.78,26.84],[55.78,26.84],[55.78,26.84],[55.78,26.84],[55.78,26.85],[55.78,26.85],[55.78,26.85],[55.78,26.85],[55.78,26.85],[55.77,26.85],[55.77,26.85],[55.77,26.85],[55.77,26.85],[55.77,26.85],[55.77,26.85],[55.77,26.86],[55.77,26.86],[55.77,26.86],[55.77,26.86],[55.77,26.86],[55.77,26.86],[55.77,26.87],[55.77,26.87],[55.77,26.87],[55.77,26.87],[55.77,26.87],[55.77,26.87],[55.77,26.87],[55.77,26.87],[55.77,26.88],[55.77,26.88],[55.77,26.88],[55.77,26.88],[55.77,26.88],[55.77,26.88],[55.77,26.88],[55.77,26.88],[55.77,26.88],[55.77,26.88],[55.77,26.88],[55.77,26.88],[55.77,26.88],[55.77,26.89],[55.77,26.89],[55.77,26.89],[55.77,26.89],[55.77,26.89],[55.76,26.89],[55.76,26.89],[55.76,26.89],[55.76,26.89],[55.76,26.89],[55.76,26.89],[55.76,26.89],[55.76,26.89],[55.76,26.89],[55.76,26.9],[55.76,26.9],[55.76,26.9],[55.75,26.9],[55.75,26.9],[55.75,26.9],[55.75,26.9],[55.75,26.9],[55.75,26.9],[55.75,26.9],[55.75,26.9],[55.75,26.9],[55.75,26.91],[55.75,26.91],[55.75,26.91],[55.75,26.91],[55.74,26.91],[55.74,26.91],[55.74,26.91],[55.74,26.91],[55.74,26.91],[55.74,26.91],[55.74,26.92],[55.74,26.92],[55.74,26.92],[55.74,26.92],[55.74,26.92],[55.74,26.92],[55.74,26.92],[55.73,26.92],[55.73,26.92],[55.73,26.92],[55.73,26.93],[55.73,26.93],[55.73,26.93],[55.73,26.93],[55.73,26.93],[55.73,26.93],[55.73,26.94],[55.73,26.94],[55.73,26.94],[55.73,26.94],[55.73,26.94],[55.73,26.94],[55.73,26.94],[55.73,26.94],[55.73,26.94],[55.73,26.94],[55.73,26.94],[55.73,26.94],[55.73,26.94],[55.73,26.94],[55.73,26.94],[55.73,26.95],[55.73,26.95],[55.74,26.95],[55.74,26.95],[55.74,26.95],[55.74,26.95],[55.74,26.95],[55.74,26.95],[55.74,26.95],[55.75,26.95],[55.75,26.95],[55.75,26.95],[55.75,26.95],[55.75,26.95],[55.75,26.95],[55.75,26.95],[55.75,26.95],[55.76,26.95],[55.76,26.95],[55.76,26.95],[55.77,26.95],[55.77,26.95],[55.77,26.95],[55.77,26.95],[55.77,26.95],[55.77,26.95],[55.78,26.95],[55.78,26.95],[55.78,26.95],[55.78,26.95],[55.79,26.95],[55.79,26.95],[55.79,26.95],[55.79,26.94],[55.79,26.94],[55.79,26.94],[55.79,26.94],[55.8,26.94],[55.8,26.94],[55.8,26.94],[55.8,26.94],[55.8,26.94],[55.8,26.94],[55.8,26.94],[55.8,26.93],[55.8,26.93],[55.8,26.93],[55.8,26.93],[55.8,26.93],[55.8,26.93],[55.81,26.93],[55.81,26.93],[55.81,26.93],[55.81,26.93],[55.81,26.93],[55.81,26.93],[55.81,26.93],[55.81,26.93],[55.82,26.93],[55.82,26.93],[55.82,26.92],[55.82,26.92],[55.82,26.92],[55.82,26.92],[55.82,26.92],[55.82,26.92],[55.83,26.92],[55.83,26.92],[55.83,26.92],[55.83,26.92],[55.83,26.92],[55.83,26.92],[55.83,26.92],[55.83,26.92],[55.83,26.92],[55.84,26.91],[55.84,26.91],[55.84,26.91],[55.84,26.91],[55.84,26.91],[55.84,26.91],[55.84,26.91],[55.84,26.91],[55.84,26.91],[55.84,26.91],[55.85,26.91],[55.85,26.91],[55.85,26.91],[55.85,26.91],[55.85,26.9],[55.85,26.9],[55.85,26.9],[55.85,26.9],[55.85,26.9],[55.85,26.9],[55.86,26.9],[55.86,26.9],[55.86,26.9],[55.86,26.9],[55.86,26.9],[55.86,26.9],[55.86,26.9],[55.87,26.9],[55.87,26.9],[55.87,26.9],[55.87,26.9],[55.88,26.9],[55.88,26.9],[55.88,26.9],[55.88,26.9],[55.88,26.9],[55.88,26.9],[55.89,26.9],[55.89,26.9],[55.89,26.9],[55.9,26.9],[55.9,26.9],[55.9,26.9],[55.9,26.9],[55.9,26.9],[55.9,26.91],[55.9,26.91],[55.9,26.91],[55.91,26.91],[55.91,26.91],[55.91,26.91],[55.92,26.91],[55.92,26.91],[55.92,26.91],[55.92,26.91],[55.92,26.91],[55.92,26.91],[55.92,26.91],[55.92,26.91],[55.93,26.91],[55.93,26.91],[55.93,26.91],[55.93,26.91],[55.93,26.91],[55.93,26.91],[55.94,26.91],[55.94,26.91],[55.94,26.91],[55.94,26.92],[55.94,26.92],[55.94,26.92],[55.94,26.92],[55.94,26.92],[55.94,26.92],[55.94,26.92],[55.94,26.92],[55.94,26.92],[55.94,26.92],[55.94,26.92],[55.95,26.92],[55.95,26.92],[55.95,26.92],[55.95,26.92],[55.95,26.92],[55.95,26.92],[55.96,26.93],[55.96,26.93],[55.96,26.93],[55.96,26.93],[55.96,26.93],[55.96,26.93],[55.96,26.93],[55.96,26.93],[55.96,26.93],[55.96,26.93],[55.96,26.94],[55.96,26.94],[55.96,26.94],[55.96,26.94],[55.96,26.94],[55.97,26.94],[55.97,26.94],[55.97,26.94],[55.97,26.94],[55.97,26.94],[55.98,26.94],[55.98,26.94],[55.98,26.94],[55.98,26.94],[55.98,26.94],[55.98,26.94],[55.98,26.94],[55.98,26.94],[55.98,26.94],[55.98,26.94],[55.98,26.95],[55.98,26.95],[55.98,26.95],[55.98,26.95],[55.98,26.95],[55.98,26.95],[55.99,26.95],[55.99,26.95],[55.99,26.95],[55.99,26.95],[55.99,26.95],[55.99,26.95],[55.99,26.95],[55.99,26.95],[55.99,26.95],[55.99,26.95],[55.99,26.95],[56.0,26.95],[56.0,26.95],[56.0,26.95],[56.0,26.95],[56.0,26.95],[56.01,26.95],[56.01,26.95],[56.01,26.95],[56.01,26.95],[56.02,26.95],[56.02,26.95],[56.02,26.95],[56.03,26.95],[56.03,26.95],[56.03,26.96],[56.03,26.96],[56.03,26.96],[56.03,26.96],[56.03,26.96],[56.03,26.96],[56.03,26.96],[56.03,26.96],[56.04,26.96],[56.04,26.96],[56.04,26.96],[56.04,26.96],[56.04,26.96],[56.04,26.96],[56.05,26.96],[56.05,26.96],[56.05,26.96],[56.05,26.96],[56.05,26.96],[56.05,26.97],[56.05,26.97],[56.05,26.97],[56.05,26.97],[56.05,26.97],[56.05,26.97],[56.06,26.97],[56.06,26.97],[56.06,26.97],[56.06,26.97],[56.06,26.97],[56.07,26.97],[56.07,26.97],[56.07,26.97],[56.07,26.97],[56.07,26.97],[56.07,26.97],[56.07,26.97],[56.07,26.97],[56.07,26.97],[56.07,26.97],[56.07,26.97],[56.08,26.97],[56.08,26.97],[56.08,26.97],[56.08,26.97],[56.08,26.97],[56.08,26.97],[56.08,26.97],[56.09,26.97],[56.09,26.97],[56.09,26.97],[56.09,26.98],[56.09,26.98],[56.09,26.98],[56.09,26.98],[56.09,26.98],[56.09,26.98],[56.09,26.98],[56.09,26.98],[56.09,26.98],[56.09,26.98],[56.1,26.98],[56.1,26.98],[56.1,26.98],[56.11,26.98],[56.11,26.98],[56.12,26.98],[56.13,26.98],[56.13,26.98],[56.13,26.99],[56.13,26.99],[56.13,26.99],[56.13,26.99],[56.14,26.99],[56.14,26.99],[56.14,26.99],[56.14,26.99],[56.14,26.99],[56.14,26.99],[56.15,26.99],[56.15,26.99],[56.15,26.99],[56.15,26.99],[56.15,26.99],[56.15,26.99],[56.15,26.99],[56.15,27.0],[56.15,27.0],[56.15,27.0],[56.16,27.0],[56.16,27.0]]],[[[56.94,27.0],[56.94,27.0],[56.94,27.0],[56.94,27.0],[56.94,27.0],[56.94,27.0],[56.94,27.0],[56.94,27.0],[56.94,27.0],[56.94,27.0]]],[[[56.93,27.0],[56.94,27.0],[56.93,27.0],[56.93,27.0],[56.93,27.0],[56.93,27.0],[56.93,27.0]]],[[[56.95,27.0],[56.95,27.0],[56.95,27.0],[56.94,27.0],[56.95,27.0],[56.95,27.0],[56.95,27.0]]],[[[56.88,27.0],[56.88,27.0],[56.88,27.0],[56.88,27.0],[56.88,27.0],[56.88,27.0],[56.88,27.0],[56.88,27.0],[56.88,27.0]]],[[[56.88,27.0],[56.88,27.0],[56.89,27.0],[56.89,27.0],[56.89,27.0],[56.89,27.0],[56.89,27.0],[56.89,27.0],[56.89,27.0],[56.89,27.0],[56.89,27.0],[56.89,27.0],[56.89,27.0],[56.89,27.0],[56.89,27.0],[56.89,26.99],[56.89,26.99],[56.89,26.99],[56.89,26.99],[56.89,26.99],[56.89,26.99],[56.89,26.99],[56.89,26.99],[56.89,26.99],[56.9,26.99],[56.9,26.99],[56.9,26.99],[56.9,26.99],[56.9,26.99],[56.9,26.99],[56.9,26.99],[56.9,26.98],[56.9,26.98],[56.9,26.98],[56.9,26.98],[56.9,26.99],[56.89,26.99],[56.89,26.99],[56.89,26.99],[56.89,26.99],[56.89,26.99],[56.89,26.99],[56.89,26.99],[56.89,26.99],[56.89,26.99],[56.89,26.99],[56.89,26.99],[56.89,26.99],[56.89,26.99],[56.88,26.99],[56.88,26.99],[56.88,26.99],[56.88,27.0],[56.88,27.0],[56.88,27.0],[56.88,27.0],[56.88,27.0],[56.88,27.0],[56.88,27.0],[56.88,27.0],[56.87,27.0],[56.88,27.0],[56.88,27.0],[56.88,27.0],[56.88,27.0],[56.88,27.0],[56.88,27.0],[56.88,27.0],[56.89,27.0],[56.89,27.0],[56.88,27.0],[56.88,27.0],[56.88,27.0],[56.88,27.0],[56.89,27.0],[56.88,27.0],[56.88,27.0],[56.88,27.0],[56.88,27.0]]],[[[56.9,27.01],[56.9,27.01],[56.9,27.01],[56.9,27.01],[56.9,27.01],[56.9,27.01],[56.9,27.01]]],[[[56.85,27.05],[56.85,27.05],[56.85,27.05],[56.85,27.05],[56.85,27.05],[56.85,27.05]]],[[[56.07,27.09],[56.07,27.09],[56.06,27.09],[56.06,27.09],[56.06,27.09],[56.06,27.09],[56.06,27.09],[56.07,27.09]]],[[[56.07,27.09],[56.07,27.09],[56.07,27.09],[56.08,27.09],[56.08,27.09],[56.07,27.09],[56.07,27.09],[56.07,27.09],[56.07,27.09],[56.07,27.09],[56.07,27.09],[56.07,27.09],[56.07,27.09]]],[[[56.08,27.09],[56.08,27.09],[56.08,27.09],[56.08,27.09],[56.08,27.09],[56.08,27.09],[56.08,27.09],[56.08,27.09],[56.08,27.09]]],[[[56.05,27.1],[56.05,27.1],[56.05,27.09],[56.06,27.09],[56.06,27.1],[56.06,27.09],[56.06,27.09],[56.05,27.09],[56.05,27.09],[56.05,27.09],[56.05,27.1]]],[[[56.08,27.1],[56.08,27.09],[56.08,27.09],[56.08,27.09],[56.08,27.1],[56.08,27.1]]],[[[56.06,27.1],[56.06,27.1],[56.06,27.1],[56.06,27.1],[56.06,27.1],[56.06,27.1]]],[[[56.05,27.1],[56.05,27.1],[56.05,27.1],[56.05,27.1],[56.05,27.1]]],[[[56.08,27.1],[56.08,27.1],[56.08,27.1],[56.08,27.1],[56.08,27.1],[56.08,27.1],[56.08,27.1],[56.08,27.1],[56.08,27.1],[56.08,27.1]]],[[[56.45,27.1],[56.45,27.1],[56.45,27.1],[56.46,27.1],[56.46,27.1],[56.46,27.1],[56.46,27.09],[56.46,27.09],[56.46,27.09],[56.46,27.09],[56.46,27.09],[56.46,27.09],[56.46,27.09],[56.47,27.09],[56.47,27.09],[56.47,27.09],[56.47,27.09],[56.47,27.09],[56.47,27.09],[56.47,27.09],[56.47,27.09],[56.48,27.09],[56.48,27.09],[56.48,27.09],[56.48,27.09],[56.48,27.09],[56.48,27.09],[56.48,27.09],[56.48,27.09],[56.48,27.09],[56.48,27.09],[56.48,27.09],[56.48,27.09],[56.48,27.09],[56.48,27.09],[56.48,27.09],[56.48,27.09],[56.48,27.09],[56.48,27.09],[56.48,27.09],[56.48,27.09],[56.48,27.09],[56.48,27.09],[56.48,27.09],[56.48,27.09],[56.49,27.08],[56.49,27.08],[56.49,27.08],[56.49,27.08],[56.49,27.08],[56.49,27.08],[56.49,27.08],[56.49,27.08],[56.49,27.08],[56.5,27.08],[56.5,27.08],[56.5,27.08],[56.5,27.08],[56.5,27.08],[56.5,27.07],[56.5,27.07],[56.5,27.07],[56.5,27.07],[56.5,27.07],[56.5,27.07],[56.5,27.07],[56.5,27.07],[56.5,27.07],[56.5,27.06],[56.5,27.06],[56.5,27.06],[56.5,27.06],[56.5,27.06],[56.5,27.06],[56.5,27.05],[56.5,27.05],[56.5,27.05],[56.5,27.05],[56.5,27.05],[56.5,27.05],[56.49,27.05],[56.49,27.05],[56.49,27.05],[56.49,27.04],[56.5,27.04],[56.5,27.04],[56.49,27.04],[56.49,27.04],[56.49,27.04],[56.49,27.04],[56.49,27.04],[56.49,27.04],[56.49,27.04],[56.48,27.04],[56.48,27.04],[56.48,27.04],[56.48,27.04],[56.48,27.04],[56.48,27.04],[56.48,27.04],[56.48,27.03],[56.48,27.03],[56.48,27.03],[56.47,27.03],[56.47,27.03],[56.47,27.03],[56.47,27.03],[56.47,27.03],[56.47,27.03],[56.47,27.03],[56.47,27.03],[56.46,27.03],[56.46,27.03],[56.46,27.03],[56.46,27.03],[56.46,27.03],[56.45,27.04],[56.45,27.04],[56.45,27.04],[56.45,27.04],[56.45,27.04],[56.44,27.04],[56.44,27.04],[56.44,27.04],[56.44,27.04],[56.44,27.04],[56.44,27.04],[56.43,27.04],[56.43,27.04],[56.43,27.04],[56.43,27.04],[56.43,27.04],[56.43,27.04],[56.43,27.04],[56.43,27.04],[56.43,27.05],[56.43,27.05],[56.43,27.05],[56.43,27.05],[56.42,27.05],[56.42,27.05],[56.42,27.05],[56.42,27.05],[56.42,27.05],[56.42,27.05],[56.42,27.05],[56.42,27.05],[56.42,27.05],[56.42,27.06],[56.42,27.06],[56.42,27.07],[56.42,27.07],[56.43,27.07],[56.43,27.07],[56.43,27.07],[56.43,27.07],[56.43,27.07],[56.43,27.07],[56.43,27.07],[56.43,27.07],[56.43,27.08],[56.43,27.08],[56.43,27.08],[56.43,27.08],[56.43,27.08],[56.43,27.08],[56.43,27.08],[56.43,27.08],[56.43,27.08],[56.44,27.08],[56.44,27.08],[56.44,27.08],[56.44,27.08],[56.44,27.08],[56.44,27.08],[56.44,27.08],[56.44,27.08],[56.44,27.09],[56.44,27.09],[56.44,27.09],[56.44,27.09],[56.44,27.09],[56.44,27.09],[56.44,27.09],[56.44,27.09],[56.44,27.09],[56.44,27.09],[56.44,27.09],[56.44,27.09],[56.44,27.1],[56.44,27.09],[56.44,27.09],[56.44,27.09],[56.44,27.09],[56.44,27.09],[56.45,27.09],[56.45,27.09],[56.45,27.09],[56.44,27.1],[56.45,27.09],[56.45,27.09],[56.45,27.09],[56.45,27.1],[56.45,27.1],[56.45,27.1],[56.45,27.1],[56.45,27.1],[56.45,27.1],[56.45,27.1],[56.45,27.1]]],[[[56.11,27.13],[56.11,27.13],[56.11,27.13],[56.11,27.13],[56.11,27.13],[56.11,27.12],[56.11,27.12],[56.11,27.12],[56.11,27.12],[56.12,27.12],[56.12,27.12],[56.11,27.12],[56.11,27.12],[56.11,27.12],[56.11,27.12],[56.11,27.12],[56.11,27.12],[56.11,27.12],[56.11,27.12],[56.11,27.13],[56.11,27.13],[56.11,27.13],[56.11,27.13],[56.11,27.13]]],[[[56.11,27.13],[56.11,27.13],[56.11,27.13],[56.11,27.13],[56.11,27.13],[56.11,27.13],[56.11,27.13],[56.11,27.13],[56.11,27.13],[56.11,27.13],[56.11,27.13],[56.11,27.13]]],[[[56.21,27.14],[56.21,27.13],[56.21,27.13],[56.21,27.13],[56.21,27.13],[56.21,27.13],[56.21,27.13],[56.21,27.13],[56.21,27.13],[56.21,27.14]]],[[[56.67,27.15],[56.67,27.15],[56.67,27.15],[56.68,27.15],[56.68,27.15],[56.68,27.15],[56.67,27.15],[56.67,27.15],[56.67,27.15],[56.67,27.15]]],[[[56.67,27.16],[56.67,27.16],[56.67,27.15],[56.67,27.15],[56.67,27.15],[56.67,27.15],[56.67,27.16],[56.67,27.16]]],[[[56.59,27.16],[56.59,27.16],[56.59,27.16],[56.59,27.16],[56.59,27.16],[56.59,27.16],[56.59,27.16],[56.59,27.16],[56.59,27.16],[56.6,27.16],[56.6,27.16],[56.6,27.16],[56.6,27.16],[56.59,27.16],[56.59,27.16],[56.59,27.16],[56.59,27.16],[56.59,27.16],[56.59,27.16],[56.59,27.16],[56.59,27.16],[56.59,27.16],[56.59,27.16],[56.59,27.16]]],[[[56.53,27.17],[56.53,27.17],[56.52,27.17],[56.52,27.17],[56.53,27.17]]],[[[56.06,27.1],[56.06,27.1],[56.06,27.1],[56.06,27.1],[56.06,27.1],[56.06,27.1],[56.06,27.1],[56.06,27.1],[56.06,27.1],[56.06,27.1],[56.06,27.1],[56.06,27.1],[56.06,27.1],[56.06,27.1],[56.06,27.1],[56.06,27.1],[56.06,27.1],[56.05,27.1],[56.05,27.1],[56.05,27.1],[56.05,27.1],[56.05,27.1],[56.06,27.1],[56.06,27.1],[56.06,27.1],[56.06,27.1],[56.05,27.1],[56.05,27.1],[56.05,27.1],[56.05,27.1],[56.05,27.1],[56.05,27.1],[56.05,27.1],[56.05,27.1],[56.05,27.1],[56.05,27.1],[56.05,27.1],[56.05,27.1],[56.05,27.1],[56.05,27.1],[56.05,27.1],[56.05,27.09],[56.05,27.09],[56.05,27.09],[56.05,27.09],[56.05,27.09],[56.05,27.09],[56.05,27.09],[56.05,27.09],[56.05,27.09],[56.06,27.09],[56.05,27.09],[56.05,27.09],[56.05,27.09],[56.05,27.09],[56.05,27.09],[56.05,27.09],[56.05,27.09],[56.05,27.09],[56.05,27.09],[56.05,27.09],[56.05,27.09],[56.05,27.09],[56.04,27.09],[56.04,27.1],[56.04,27.1],[56.04,27.09],[56.04,27.09],[56.04,27.09],[56.04,27.09],[56.04,27.09],[56.04,27.09],[56.04,27.09],[56.03,27.09],[56.03,27.09],[56.03,27.09],[56.03,27.09],[56.03,27.09],[56.03,27.09],[56.03,27.09],[56.02,27.09],[56.02,27.09],[56.02,27.09],[56.02,27.09],[56.02,27.09],[56.02,27.08],[56.01,27.08],[56.01,27.08],[56.01,27.08],[56.01,27.08],[56.01,27.08],[56.01,27.08],[56.01,27.08],[56.01,27.08],[56.0,27.08],[56.0,27.08],[56.0,27.08],[56.0,27.08],[56.0,27.08],[56.0,27.08],[56.0,27.08],[55.99,27.08],[55.99,27.07],[55.99,27.07],[55.99,27.07],[55.99,27.07],[55.99,27.07],[55.99,27.07],[55.99,27.07],[55.99,27.07],[55.98,27.07],[55.98,27.07],[55.98,27.07],[55.98,27.07],[55.98,27.07],[55.98,27.07],[55.98,27.07],[55.98,27.07],[55.98,27.06],[55.98,27.06],[55.98,27.06],[55.98,27.06],[55.98,27.06],[55.98,27.06],[55.98,27.06],[55.98,27.06],[55.98,27.06],[55.99,27.06],[55.99,27.05],[55.99,27.05],[55.98,27.05],[55.98,27.05],[55.98,27.05],[55.98,27.05],[55.98,27.05],[55.98,27.05],[55.98,27.05],[55.98,27.05],[55.98,27.05],[55.98,27.05],[55.98,27.05],[55.97,27.05],[55.97,27.05],[55.97,27.05],[55.97,27.05],[55.97,27.05],[55.97,27.05],[55.97,27.05],[55.97,27.05],[55.97,27.05],[55.97,27.05],[55.97,27.05],[55.97,27.05],[55.97,27.05],[55.97,27.05],[55.97,27.05],[55.97,27.05],[55.96,27.05],[55.96,27.05],[55.96,27.05],[55.96,27.05],[55.96,27.05],[55.96,27.04],[55.96,27.04],[55.96,27.04],[55.96,27.04],[55.96,27.04],[55.96,27.04],[55.97,27.04],[55.97,27.04],[55.97,27.04],[55.97,27.03],[55.97,27.03],[55.97,27.03],[55.97,27.03],[55.97,27.03],[55.97,27.03],[55.97,27.03],[55.97,27.03],[55.97,27.03],[55.97,27.03],[55.97,27.03],[55.96,27.03],[55.96,27.03],[55.96,27.03],[55.96,27.03],[55.96,27.03],[55.96,27.03],[55.96,27.03],[55.96,27.03],[55.96,27.03],[55.96,27.03],[55.95,27.03],[55.95,27.03],[55.95,27.03],[55.95,27.02],[55.95,27.02],[55.95,27.02],[55.95,27.02],[55.95,27.02],[55.95,27.02],[55.95,27.02],[55.94,27.02],[55.94,27.02],[55.94,27.02],[55.94,27.02],[55.94,27.02],[55.94,27.02],[55.93,27.02],[55.93,27.02],[55.93,27.02],[55.93,27.02],[55.93,27.02],[55.92,27.02],[55.92,27.02],[55.92,27.02],[55.92,27.02],[55.92,27.02],[55.92,27.02],[55.91,27.02],[55.91,27.02],[55.91,27.02],[55.91,27.02],[55.91,27.02],[55.9,27.02],[55.9,27.02],[55.9,27.02],[55.9,27.02],[55.9,27.02],[55.9,27.02],[55.9,27.02],[55.9,27.02],[55.9,27.02],[55.9,27.02],[55.89,27.02],[55.89,27.02],[55.89,27.02],[55.89,27.02],[55.89,27.02],[55.89,27.02],[55.89,27.02],[55.89,27.02],[55.89,27.02],[55.88,27.02],[55.88,27.02],[55.88,27.02],[55.88,27.01],[55.88,27.01],[55.88,27.01],[55.88,27.01],[55.88,27.01],[55.88,27.01],[55.88,27.01],[55.88,27.01],[55.87,27.01],[55.87,27.01],[55.87,27.01],[55.87,27.01],[55.87,27.01],[55.87,27.01],[55.87,27.01],[55.87,27.01],[55.87,27.01],[55.86,27.01],[55.86,27.01],[55.86,27.01],[55.86,27.01],[55.86,27.01],[55.86,27.01],[55.86,27.01],[55.86,27.01],[55.86,27.01],[55.85,27.01],[55.85,27.01],[55.85,27.01],[55.85,27.01],[55.85,27.01],[55.85,27.01],[55.85,27.01],[55.85,27.0],[55.84,27.0],[55.84,27.0],[55.84,27.0],[55.84,27.0],[55.84,27.0],[55.83,27.0],[55.83,27.0],[55.83,27.0],[55.82,27.0],[55.82,27.0],[55.82,27.0],[55.82,27.0],[55.81,27.0],[55.81,27.0],[55.81,27.01],[55.81,27.01],[55.81,27.01],[55.81,27.01],[55.81,27.01],[55.81,27.02],[55.81,27.02],[55.81,27.02],[55.81,27.02],[55.81,27.02],[55.81,27.02],[55.81,27.03],[55.81,27.03],[55.81,27.03],[55.81,27.03],[55.81,27.02],[55.81,27.02],[55.81,27.02],[55.81,27.02],[55.81,27.02],[55.81,27.02],[55.81,27.01],[55.81,27.01],[55.81,27.01],[55.81,27.01],[55.81,27.01],[55.81,27.01],[55.81,27.0],[55.81,27.0],[55.81,27.0],[55.81,27.0],[55.81,27.0],[55.81,27.0],[55.81,27.0],[55.81,27.0],[55.81,27.0],[55.81,27.0],[55.81,27.0],[55.81,27.0],[55.8,27.0],[55.8,27.0],[55.8,27.0],[55.8,27.0],[55.79,27.0],[55.79,27.0],[55.79,27.0],[55.79,27.0],[55.78,27.0],[55.78,27.0],[55.78,27.0],[55.78,27.0],[55.78,26.99],[55.78,27.0],[55.78,27.0],[55.78,27.0],[55.78,27.0],[55.77,27.0],[55.77,27.0],[55.77,27.0],[55.77,27.0],[55.77,27.01],[55.77,27.01],[55.77,27.01],[55.77,27.01],[55.77,27.01],[55.77,27.01],[55.77,27.01],[55.77,27.01],[55.77,27.01],[55.77,27.01],[55.76,27.01],[55.76,27.01],[55.76,27.01],[55.76,27.01],[55.77,27.01],[55.77,27.01],[55.77,27.01],[55.77,27.01],[55.77,27.02],[55.76,27.01],[55.76,27.01],[55.76,27.01],[55.76,27.01],[55.76,27.01],[55.76,27.01],[55.76,27.01],[55.76,27.01],[55.76,27.01],[55.77,27.01],[55.77,27.01],[55.77,27.01],[55.77,27.0],[55.77,27.0],[55.77,27.0],[55.77,27.0],[55.77,27.0],[55.77,27.0],[55.77,27.0],[55.77,27.0],[55.77,27.0],[55.77,27.0],[55.77,27.0],[55.77,27.0],[55.77,27.0],[55.77,26.99],[55.77,26.99],[55.77,26.99],[55.77,26.99],[55.77,26.99],[55.77,26.99],[55.77,26.99],[55.77,26.99],[55.77,26.99],[55.77,26.99],[55.77,26.99],[55.77,26.99],[55.77,26.99],[55.76,26.99],[55.76,26.99],[55.76,26.98],[55.76,26.99],[55.76,26.99],[55.76,26.99],[55.76,26.99],[55.76,26.99],[55.76,26.99],[55.76,26.99],[55.76,26.98],[55.76,26.98],[55.76,26.98],[55.76,26.98],[55.76,26.98],[55.75,26.98],[55.75,26.98],[55.75,26.98],[55.75,26.98],[55.75,26.98],[55.75,26.98],[55.75,26.98],[55.75,26.97],[55.75,26.97],[55.75,26.97],[55.75,26.97],[55.74,26.97],[55.74,26.97],[55.74,26.97],[55.74,26.97],[55.74,26.97],[55.74,26.98],[55.74,26.98],[55.74,26.98],[55.74,26.98],[55.74,26.98],[55.74,26.98],[55.73,26.98],[55.73,26.98],[55.73,26.98],[55.73,26.98],[55.73,26.98],[55.73,26.98],[55.73,26.98],[55.72,26.98],[55.72,26.98],[55.72,26.98],[55.71,26.98],[55.71,26.98],[55.71,26.98],[55.71,26.98],[55.71,26.98],[55.7,26.98],[55.7,26.98],[55.7,26.98],[55.7,26.98],[55.7,26.98],[55.7,26.98],[55.7,26.98],[55.69,26.99],[55.69,26.99],[55.69,26.99],[55.68,26.99],[55.68,26.99],[55.68,26.99],[55.67,26.98],[55.67,26.98],[55.67,26.98],[55.67,26.98],[55.66,26.98],[55.66,26.98],[55.66,26.98],[55.65,26.98],[55.65,26.98],[55.65,26.98],[55.64,26.98],[55.64,26.98],[55.64,26.98],[55.64,26.98],[55.64,26.98],[55.64,26.98],[55.64,26.98],[55.64,26.98],[55.64,26.98],[55.64,26.98],[55.63,26.98],[55.63,26.98],[55.63,26.98],[55.63,26.97],[55.63,26.97],[55.63,26.97],[55.63,26.97],[55.63,26.97],[55.63,26.97],[55.63,26.97],[55.63,26.96],[55.63,26.96],[55.63,26.96],[55.63,26.96],[55.63,26.96],[55.63,26.96],[55.63,26.96],[55.63,26.96],[55.62,26.96],[55.62,26.96],[55.62,26.96],[55.62,26.96],[55.62,26.96],[55.62,26.95],[55.62,26.95],[55.62,26.95],[55.62,26.95],[55.61,26.95],[55.61,26.95],[55.61,26.95],[55.61,26.95],[55.61,26.95],[55.61,26.95],[55.6,26.95],[55.6,26.95],[55.6,26.95],[55.6,26.95],[55.6,26.95],[55.6,26.95],[55.6,26.94],[55.6,26.94],[55.6,26.94],[55.6,26.94],[55.6,26.94],[55.6,26.94],[55.59,26.94],[55.59,26.94],[55.59,26.94],[55.59,26.94],[55.59,26.94],[55.59,26.94],[55.59,26.94],[55.59,26.94],[55.59,26.94],[55.59,26.93],[55.59,26.93],[55.58,26.93],[55.58,26.93],[55.58,26.93],[55.58,26.93],[55.58,26.93],[55.58,26.93],[55.58,26.93],[55.58,26.93],[55.58,26.93],[55.58,26.93],[55.58,26.93],[55.58,26.92],[55.58,26.92],[55.57,26.92],[55.57,26.92],[55.57,26.92],[55.57,26.92],[55.57,26.92],[55.57,26.92],[55.57,26.92],[55.57,26.92],[55.57,26.91],[55.57,26.91],[55.57,26.91],[55.57,26.91],[55.57,26.91],[55.57,26.91],[55.57,26.91],[55.57,26.91],[55.57,26.91],[55.57,26.91],[55.57,26.91],[55.58,26.92],[55.58,26.92],[55.58,26.92],[55.58,26.92],[55.58,26.92],[55.58,26.92],[55.58,26.92],[55.58,26.92],[55.58,26.92],[55.58,26.92],[55.58,26.92],[55.58,26.92],[55.58,26.92],[55.58,26.92],[55.58,26.92],[55.59,26.92],[55.59,26.93],[55.59,26.93],[55.59,26.93],[55.59,26.93],[55.59,26.93],[55.59,26.93],[55.59,26.93],[55.6,26.93],[55.6,26.92],[55.6,26.92],[55.6,26.92],[55.6,26.92],[55.6,26.92],[55.59,26.92],[55.59,26.92],[55.59,26.92],[55.59,26.92],[55.59,26.91],[55.59,26.91],[55.59,26.91],[55.59,26.91],[55.59,26.91],[55.59,26.91],[55.59,26.91],[55.59,26.91],[55.59,26.91],[55.58,26.91],[55.58,26.91],[55.58,26.91],[55.58,26.91],[55.58,26.91],[55.59,26.91],[55.59,26.91],[55.59,26.9],[55.58,26.9],[55.58,26.9],[55.58,26.9],[55.58,26.9],[55.58,26.9],[55.58,26.9],[55.58,26.9],[55.57,26.9],[55.57,26.9],[55.57,26.9],[55.57,26.9],[55.57,26.9],[55.57,26.9],[55.57,26.9],[55.57,26.9],[55.57,26.9],[55.58,26.9],[55.58,26.9],[55.58,26.9],[55.58,26.9],[55.58,26.9],[55.58,26.9],[55.58,26.9],[55.58,26.9],[55.58,26.9],[55.59,26.9],[55.59,26.9],[55.59,26.9],[55.59,26.9],[55.59,26.9],[55.59,26.89],[55.59,26.89],[55.59,26.89],[55.59,26.89],[55.59,26.89],[55.59,26.89],[55.59,26.89],[55.59,26.89],[55.58,26.89],[55.58,26.88],[55.58,26.88],[55.58,26.88],[55.58,26.88],[55.58,26.89],[55.58,26.89],[55.58,26.89],[55.57,26.89],[55.57,26.89],[55.57,26.89],[55.57,26.89],[55.57,26.89],[55.57,26.89],[55.57,26.89],[55.58,26.88],[55.58,26.88],[55.57,26.88],[55.57,26.88],[55.57,26.88],[55.58,26.88],[55.58,26.88],[55.58,26.87],[55.58,26.87],[55.57,26.87],[55.56,26.87],[55.56,26.87],[55.56,26.87],[55.56,26.87],[55.56,26.87],[55.56,26.87],[55.55,26.87],[55.56,26.87],[55.56,26.87],[55.56,26.87],[55.56,26.87],[55.56,26.87],[55.56,26.87],[55.56,26.87],[55.56,26.87],[55.57,26.87],[55.57,26.87],[55.57,26.86],[55.57,26.86],[55.57,26.86],[55.57,26.86],[55.57,26.86],[55.57,26.86],[55.57,26.86],[55.57,26.86],[55.57,26.86],[55.57,26.86],[55.57,26.85],[55.57,26.85],[55.57,26.85],[55.57,26.85],[55.57,26.85],[55.57,26.86],[55.57,26.86],[55.57,26.86],[55.56,26.86],[55.56,26.86],[55.56,26.86],[55.56,26.85],[55.56,26.85],[55.56,26.85],[55.56,26.85],[55.56,26.85],[55.56,26.85],[55.55,26.85],[55.56,26.85],[55.56,26.85],[55.56,26.85],[55.56,26.85],[55.56,26.85],[55.56,26.85],[55.56,26.85],[55.56,26.85],[55.56,26.85],[55.56,26.86],[55.57,26.85],[55.57,26.85],[55.57,26.85],[55.57,26.85],[55.57,26.85],[55.57,26.85],[55.57,26.85],[55.57,26.85],[55.57,26.85],[55.57,26.85],[55.57,26.85],[55.57,26.85],[55.57,26.84],[55.57,26.84],[55.57,26.84],[55.57,26.84],[55.57,26.84],[55.57,26.84],[55.57,26.84],[55.56,26.84],[55.56,26.84],[55.56,26.84],[55.56,26.84],[55.56,26.83],[55.56,26.83],[55.56,26.83],[55.56,26.83],[55.56,26.83],[55.56,26.83],[55.56,26.83],[55.56,26.83],[55.56,26.82],[55.56,26.82],[55.56,26.82],[55.56,26.82],[55.56,26.82],[55.56,26.82],[55.56,26.82],[55.56,26.82],[55.56,26.82],[55.56,26.81],[55.56,26.81],[55.56,26.81],[55.56,26.81],[55.56,26.81],[55.56,26.81],[55.56,26.81],[55.56,26.81],[55.56,26.81],[55.56,26.81],[55.56,26.81],[55.56,26.81],[55.56,26.8],[55.56,26.8],[55.56,26.8],[55.55,26.8],[55.55,26.8],[55.55,26.8],[55.55,26.8],[55.55,26.8],[55.55,26.8],[55.55,26.8],[55.55,26.8],[55.55,26.8],[55.54,26.8],[55.54,26.8],[55.54,26.8],[55.54,26.8],[55.54,26.8],[55.54,26.8],[55.54,26.8],[55.54,26.8],[55.54,26.8],[55.53,26.79],[55.53,26.79],[55.53,26.79],[55.53,26.79],[55.53,26.79],[55.53,26.79],[55.53,26.79],[55.53,26.79],[55.53,26.79],[55.53,26.79],[55.53,26.79],[55.53,26.79],[55.53,26.79],[55.53,26.79],[55.52,26.78],[55.52,26.78],[55.52,26.78],[55.52,26.78],[55.52,26.78],[55.52,26.78],[55.52,26.78],[55.52,26.78],[55.51,26.78],[55.51,26.78],[55.51,26.78],[55.51,26.78],[55.51,26.78],[55.51,26.77],[55.51,26.77],[55.51,26.77],[55.51,26.77],[55.51,26.77],[55.51,26.77],[55.5,26.77],[55.5,26.77],[55.5,26.77],[55.5,26.77],[55.5,26.77],[55.5,26.77],[55.5,26.77],[55.5,26.77],[55.5,26.77],[55.49,26.77],[55.49,26.76],[55.49,26.76],[55.49,26.76],[55.49,26.76],[55.49,26.76],[55.49,26.76],[55.48,26.76],[55.48,26.76],[55.48,26.76],[55.48,26.76],[55.48,26.76],[55.48,26.76],[55.48,26.76],[55.48,26.76],[55.48,26.76],[55.47,26.76],[55.47,26.76],[55.47,26.75],[55.47,26.75],[55.47,26.75],[55.47,26.75],[55.47,26.75],[55.47,26.75],[55.47,26.75],[55.47,26.75],[55.46,26.75],[55.46,26.75],[55.46,26.75],[55.45,26.75],[55.45,26.75],[55.44,26.75],[55.44,26.75],[55.44,26.75],[55.44,26.75],[55.44,26.75],[55.44,26.75],[55.44,26.75],[55.44,26.75],[55.44,26.75],[55.43,26.75],[55.43,26.75],[55.43,26.75],[55.43,26.75],[55.43,26.75],[55.43,26.75],[55.43,26.75],[55.43,26.75],[55.42,26.75],[55.42,26.75],[55.42,26.75],[55.42,26.75],[55.41,26.75],[55.41,26.75],[55.41,26.75],[55.41,26.75],[55.41,26.75],[55.4,26.75],[55.4,26.75],[55.4,26.75],[55.4,26.75],[55.4,26.75],[55.39,26.75],[55.39,26.75],[55.39,26.75],[55.38,26.75],[55.38,26.75],[55.38,26.75],[55.38,26.75],[55.38,26.76],[55.37,26.76],[55.37,26.76],[55.37,26.76],[55.37,26.76],[55.37,26.76],[55.37,26.76],[55.37,26.76],[55.37,26.76],[55.37,26.76],[55.37,26.76],[55.37,26.76],[55.37,26.76],[55.36,26.76],[55.36,26.76],[55.36,26.76],[55.36,26.77],[55.36,26.77],[55.36,26.77],[55.36,26.77],[55.36,26.77],[55.36,26.77],[55.36,26.77],[55.36,26.77],[55.35,26.77],[55.35,26.77],[55.35,26.77],[55.35,26.77],[55.35,26.77],[55.35,26.77],[55.35,26.77],[55.35,26.77],[55.35,26.77],[55.35,26.77],[55.35,26.78],[55.35,26.78],[55.35,26.78],[55.35,26.78],[55.35,26.78],[55.34,26.78],[55.34,26.78],[55.34,26.78],[55.34,26.78],[55.34,26.78],[55.34,26.78],[55.34,26.78],[55.34,26.78],[55.34,26.78],[55.34,26.78],[55.34,26.79],[55.34,26.79],[55.33,26.79],[55.33,26.79],[55.33,26.79],[55.33,26.79],[55.33,26.79],[55.32,26.79],[55.32,26.79],[55.32,26.79],[55.32,26.79],[55.32,26.79],[55.32,26.79],[55.32,26.78],[55.32,26.78],[55.31,26.78],[55.31,26.78],[55.31,26.78],[55.31,26.78],[55.31,26.78],[55.31,26.78],[55.31,26.78],[55.31,26.78],[55.3,26.78],[55.3,26.78],[55.3,26.78],[55.29,26.78],[55.29,26.78],[55.29,26.78],[55.28,26.78],[55.28,26.78],[55.28,26.78],[55.28,26.78],[55.28,26.78],[55.28,26.78],[55.27,26.78],[55.27,26.78],[55.27,26.78],[55.27,26.78],[55.26,26.78],[55.26,26.78],[55.26,26.78],[55.26,26.78],[55.25,26.78],[55.25,26.78],[55.25,26.78],[55.25,26.78],[55.25,26.78],[55.25,26.78],[55.25,26.78],[55.25,26.78],[55.25,26.78],[55.24,26.78],[55.24,26.78],[55.24,26.78],[55.24,26.78],[55.24,26.78],[55.24,26.78],[55.24,26.78],[55.24,26.77],[55.23,26.77],[55.23,26.77],[55.23,26.77],[55.23,26.77],[55.23,26.77],[55.23,26.77],[55.23,26.77],[55.23,26.77],[55.23,26.77],[55.23,26.76],[55.23,26.76],[55.23,26.76],[55.23,26.76],[55.23,26.75],[55.23,26.75],[55.23,26.75],[55.22,26.75],[55.22,26.75],[55.22,26.75],[55.22,26.75],[55.22,26.75],[55.22,26.74],[55.22,26.74],[55.22,26.74],[55.22,26.74],[55.22,26.74],[55.22,26.74],[55.22,26.73],[55.22,26.73],[55.22,26.73],[55.22,26.73],[55.22,26.73],[55.21,26.73],[55.21,26.73],[55.21,26.73],[55.21,26.73],[55.21,26.73],[55.21,26.73],[55.21,26.73],[55.21,26.73],[55.2,26.73],[55.2,26.73],[55.2,26.73],[55.2,26.73],[55.2,26.72],[55.2,26.72],[55.2,26.72],[55.2,26.72],[55.2,26.72],[55.19,26.72],[55.19,26.72],[55.19,26.72],[55.19,26.72],[55.18,26.72],[55.18,26.72],[55.18,26.72],[55.18,26.72],[55.18,26.72],[55.17,26.72],[55.17,26.72],[55.17,26.72],[55.16,26.72],[55.16,26.72],[55.16,26.72],[55.16,26.72],[55.16,26.72],[55.15,26.72],[55.15,26.72],[55.15,26.72],[55.15,26.72],[55.15,26.72],[55.15,26.71],[55.15,26.71],[55.15,26.71],[55.15,26.71],[55.15,26.71],[55.15,26.71],[55.15,26.71],[55.15,26.71],[55.15,26.71],[55.14,26.71],[55.14,26.71],[55.14,26.7],[55.14,26.7],[55.14,26.7],[55.14,26.7],[55.14,26.7],[55.14,26.7],[55.14,26.7],[55.14,26.7],[55.13,26.7],[55.13,26.7],[55.13,26.7],[55.13,26.7],[55.13,26.7],[55.12,26.7],[55.12,26.7],[55.11,26.7],[55.11,26.7],[55.11,26.7],[55.11,26.7],[55.11,26.7],[55.1,26.7],[55.1,26.7],[55.1,26.7],[55.1,26.7],[55.1,26.7],[55.1,26.69],[55.1,26.69],[55.1,26.69],[55.1,26.69],[55.1,26.69],[55.09,26.69],[55.09,26.69],[55.09,26.69],[55.09,26.69],[55.09,26.69],[55.09,26.69],[55.09,26.69],[55.09,26.69],[55.09,26.69],[55.09,26.68],[55.09,26.68],[55.09,26.68],[55.09,26.68],[55.09,26.68],[55.09,26.68],[55.08,26.68],[55.08,26.68],[55.08,26.68],[55.08,26.68],[55.08,26.68],[55.08,26.68],[55.08,26.67],[55.08,26.67],[55.08,26.67],[55.08,26.67],[55.08,26.67],[55.08,26.67],[55.07,26.67],[55.07,26.67],[55.07,26.66],[55.07,26.66],[55.07,26.66],[55.07,26.66],[55.07,26.66],[55.07,26.66],[55.07,26.66],[55.07,26.66],[55.07,26.66],[55.07,26.66],[55.07,26.65],[55.07,26.65],[55.07,26.65],[55.07,26.65],[55.07,26.65],[55.07,26.65],[55.06,26.65],[55.06,26.65],[55.06,26.65],[55.06,26.65],[55.06,26.65],[55.06,26.64],[55.06,26.64],[55.06,26.64],[55.06,26.64],[55.06,26.64],[55.06,26.64],[55.06,26.64],[55.05,26.64],[55.04,26.64],[55.04,26.64],[55.04,26.64],[55.03,26.64],[55.03,26.64],[55.03,26.64],[55.03,26.64],[55.03,26.64],[55.03,26.64],[55.03,26.64],[55.02,26.64],[55.02,26.64],[55.02,26.64],[55.02,26.64],[55.02,26.63],[55.02,26.63],[55.02,26.63],[55.02,26.63],[55.02,26.63],[55.01,26.63],[55.01,26.63],[55.01,26.63],[55.01,26.63],[55.01,26.63],[55.01,26.63],[55.01,26.63],[55.01,26.63],[55.01,26.63],[55.0,26.63],[55.0,26.63],[55.0,26.63],[55.0,26.63],[55.0,26.63],[54.99,26.63],[54.99,26.63],[54.99,26.62],[54.99,26.62],[54.99,26.62],[54.99,26.62],[54.99,26.62],[54.99,26.62],[54.98,26.62],[54.98,26.62],[54.98,26.62],[54.98,26.62],[54.98,26.62],[54.98,26.62],[54.97,26.62],[54.97,26.62],[54.97,26.62],[54.97,26.62],[54.97,26.62],[54.97,26.62],[54.97,26.61],[54.97,26.61],[54.97,26.61],[54.96,26.61],[54.96,26.61],[54.96,26.61],[54.96,26.61],[54.96,26.61],[54.96,26.61],[54.96,26.61],[54.96,26.61],[54.96,26.61],[54.96,26.61],[54.96,26.6],[54.95,26.6],[54.95,26.6],[54.95,26.6],[54.95,26.6],[54.95,26.6],[54.95,26.6],[54.95,26.6],[54.95,26.6],[54.95,26.59],[54.95,26.59],[54.95,26.59],[54.95,26.59],[54.95,26.59],[54.95,26.59],[54.94,26.59],[54.94,26.59],[54.94,26.59],[54.94,26.59],[54.94,26.59],[54.94,26.59],[54.94,26.59],[54.94,26.59],[54.94,26.59],[54.93,26.59],[54.93,26.59],[54.93,26.59],[54.93,26.58],[54.93,26.58],[54.93,26.58],[54.93,26.58],[54.93,26.58],[54.93,26.58],[54.93,26.58],[54.93,26.58],[54.92,26.58],[54.92,26.58],[54.92,26.58],[54.92,26.58],[54.92,26.58],[54.92,26.58],[54.92,26.58],[54.91,26.58],[54.91,26.58],[54.91,26.57],[54.91,26.57],[54.91,26.57],[54.91,26.57],[54.91,26.57],[54.91,26.57],[54.91,26.57],[54.91,26.57],[54.9,26.57],[54.9,26.57],[54.9,26.57],[54.9,26.57],[54.9,26.57],[54.9,26.57],[54.9,26.57],[54.9,26.56],[54.9,26.56],[54.9,26.56],[54.89,26.56],[54.89,26.56],[54.89,26.56],[54.89,26.56],[54.89,26.56],[54.89,26.56],[54.89,26.56],[54.89,26.56],[54.89,26.55],[54.89,26.55],[54.89,26.55],[54.89,26.55],[54.89,26.55],[54.89,26.55],[54.89,26.55],[54.88,26.55],[54.88,26.55],[54.88,26.55],[54.88,26.55],[54.88,26.55],[54.88,26.54],[54.88,26.54],[54.88,26.54],[54.87,26.54],[54.87,26.54],[54.87,26.54],[54.87,26.54],[54.87,26.54],[54.87,26.54],[54.87,26.54],[54.87,26.54],[54.86,26.54],[54.86,26.54],[54.86,26.54],[54.86,26.54],[54.86,26.53],[54.86,26.53],[54.86,26.53],[54.86,26.53],[54.86,26.53],[54.86,26.53],[54.86,26.53],[54.85,26.53],[54.85,26.53],[54.85,26.53],[54.85,26.53],[54.85,26.53],[54.85,26.52],[54.85,26.52],[54.85,26.52],[54.85,26.52],[54.85,26.52],[54.85,26.52],[54.85,26.52],[54.85,26.52],[54.85,26.52],[54.85,26.52],[54.84,26.52],[54.84,26.52],[54.84,26.52],[54.84,26.52],[54.84,26.52],[54.84,26.52],[54.84,26.52],[54.84,26.52],[54.83,26.52],[54.83,26.52],[54.83,26.52],[54.83,26.52],[54.83,26.52],[54.83,26.52],[54.82,26.52],[54.82,26.52],[54.82,26.52],[54.82,26.52],[54.82,26.52],[54.81,26.52],[54.81,26.52],[54.81,26.52],[54.81,26.52],[54.81,26.52],[54.81,26.52],[54.81,26.52],[54.81,26.52],[54.81,26.51],[54.81,26.51],[54.81,26.51],[54.8,26.51],[54.8,26.51],[54.8,26.51],[54.8,26.51],[54.8,26.51],[54.8,26.5],[54.8,26.5],[54.8,26.5],[54.8,26.5],[54.8,26.5],[54.8,26.5],[54.8,26.5],[54.8,26.5],[54.8,26.5],[54.8,26.5],[54.79,26.5],[54.79,26.5],[54.79,26.5],[54.79,26.5],[54.79,26.5],[54.79,26.5],[54.79,26.5],[54.79,26.5],[54.79,26.5],[54.78,26.5],[54.78,26.5],[54.78,26.5],[54.78,26.5],[54.78,26.5],[54.78,26.5],[54.78,26.5],[54.78,26.5],[54.77,26.5],[54.77,26.5],[54.77,26.5],[54.77,26.5],[54.77,26.5],[54.77,26.5],[54.77,26.51],[54.77,26.51],[54.76,26.51],[54.76,26.51],[54.76,26.51],[54.76,26.51],[54.76,26.51],[54.76,26.51],[54.76,26.51],[54.75,26.51],[54.75,26.51],[54.75,26.51],[54.75,26.51],[54.75,26.51],[54.75,26.51],[54.75,26.51],[54.75,26.51],[54.75,26.51],[54.74,26.51],[54.74,26.51],[54.74,26.51],[54.74,26.51],[54.74,26.51],[54.73,26.51],[54.73,26.51],[54.73,26.52],[54.73,26.52],[54.73,26.51],[54.73,26.51],[54.72,26.51],[54.72,26.51],[54.72,26.51],[54.72,26.51],[54.72,26.51],[54.72,26.51],[54.71,26.51],[54.71,26.51],[54.71,26.51],[54.71,26.51],[54.71,26.51],[54.7,26.51],[54.7,26.51],[54.69,26.51],[54.69,26.51],[54.69,26.51],[54.68,26.51],[54.68,26.51],[54.67,26.51],[54.67,26.51],[54.67,26.51],[54.67,26.51],[54.67,26.51],[54.66,26.51],[54.66,26.51],[54.66,26.51],[54.66,26.51],[54.66,26.51],[54.66,26.51],[54.66,26.51],[54.66,26.51],[54.66,26.51],[54.66,26.51],[54.66,26.51],[54.66,26.51],[54.66,26.51],[54.65,26.51],[54.65,26.51],[54.65,26.5],[54.65,26.5],[54.64,26.5],[54.64,26.5],[54.64,26.5],[54.64,26.5],[54.64,26.5],[54.64,26.5],[54.63,26.5],[54.63,26.5],[54.63,26.5],[54.63,26.5],[54.62,26.5],[54.62,26.5],[54.62,26.5],[54.62,26.5],[54.62,26.5],[54.62,26.5],[54.62,26.5],[54.61,26.51],[54.61,26.51],[54.61,26.51],[54.61,26.51],[54.61,26.51],[54.61,26.51],[54.61,26.51],[54.61,26.51],[54.61,26.51],[54.61,26.51],[54.61,26.51],[54.61,26.51],[54.61,26.51],[54.61,26.51],[54.61,26.51],[54.6,26.51],[54.6,26.52],[54.6,26.52],[54.6,26.52],[54.6,26.52],[54.6,26.52],[54.6,26.52],[54.6,26.52],[54.6,26.52],[54.6,26.53],[54.6,26.53],[54.6,26.53],[54.6,26.53],[54.6,26.53],[54.6,26.53],[54.6,26.53],[54.6,26.53],[54.6,26.54],[54.6,26.54],[54.6,26.54],[54.59,26.54],[54.59,26.54],[54.59,26.54],[54.59,26.54],[54.59,26.54],[54.59,26.55],[54.59,26.55],[54.59,26.55],[54.59,26.55],[54.59,26.55],[54.59,26.55],[54.59,26.55],[54.59,26.56],[54.59,26.56],[54.59,26.56],[54.59,26.56],[54.59,26.56],[54.59,26.56],[54.58,26.56],[54.58,26.56],[54.58,26.56],[54.58,26.56],[54.58,26.56],[54.58,26.57],[54.58,26.57],[54.58,26.57],[54.58,26.57],[54.58,26.57],[54.58,26.57],[54.58,26.57],[54.58,26.57],[54.58,26.57],[54.58,26.57],[54.58,26.57],[54.58,26.57],[54.57,26.58],[54.57,26.58],[54.57,26.58],[54.57,26.58],[54.57,26.58],[54.57,26.58],[54.57,26.58],[54.57,26.58],[54.57,26.58],[54.57,26.58],[54.57,26.58],[54.57,26.58],[54.57,26.58],[54.57,26.58],[54.57,26.58],[54.57,26.59],[54.57,26.59],[54.56,26.59],[54.56,26.59],[54.56,26.59],[54.56,26.59],[54.56,26.59],[54.56,26.59],[54.56,26.59],[54.56,26.59],[54.56,26.59],[54.56,26.59],[54.55,26.59],[54.55,26.59],[54.55,26.59],[54.54,26.59],[54.54,26.59],[54.54,26.59],[54.54,26.59],[54.54,26.6],[54.54,26.6],[54.53,26.6],[54.53,26.6],[54.53,26.6],[54.53,26.6],[54.53,26.6],[54.52,26.6],[54.52,26.6],[54.52,26.6],[54.51,26.6],[54.51,26.6],[54.51,26.6],[54.5,26.6],[54.5,26.6],[54.49,26.6],[54.49,26.6],[54.49,26.6],[54.49,26.6],[54.49,26.59],[54.48,26.59],[54.48,26.59],[54.48,26.59],[54.48,26.59],[54.48,26.59],[54.48,26.59],[54.48,26.59],[54.48,26.59],[54.47,26.59],[54.47,26.59],[54.47,26.59],[54.47,26.59],[54.47,26.59],[54.47,26.59],[54.46,26.59],[54.46,26.59],[54.46,26.59],[54.46,26.58],[54.46,26.58],[54.46,26.58],[54.45,26.58],[54.45,26.58],[54.45,26.58],[54.45,26.58],[54.45,26.59],[54.45,26.59],[54.44,26.59],[54.44,26.59],[54.44,26.58],[54.44,26.58],[54.44,26.58],[54.44,26.59],[54.44,26.59],[54.44,26.59],[54.44,26.59],[54.43,26.59],[54.43,26.59],[54.43,26.59],[54.43,26.59],[54.43,26.59],[54.43,26.59],[54.42,26.59],[54.42,26.59],[54.42,26.59],[54.42,26.59],[54.42,26.59],[54.42,26.59],[54.42,26.59],[54.42,26.59],[54.42,26.59],[54.42,26.59],[54.41,26.59],[54.41,26.59],[54.41,26.59],[54.41,26.59],[54.41,26.59],[54.41,26.59],[54.41,26.59],[54.4,26.6],[54.4,26.6],[54.4,26.6],[54.4,26.6],[54.4,26.6],[54.4,26.6],[54.4,26.6],[54.4,26.6],[54.4,26.6],[54.4,26.6],[54.4,26.6],[54.4,26.6],[54.4,26.6],[54.39,26.6],[54.39,26.6],[54.39,26.6],[54.39,26.61],[54.39,26.61],[54.39,26.61],[54.39,26.61],[54.39,26.61],[54.39,26.61],[54.39,26.61],[54.39,26.61],[54.38,26.61],[54.38,26.62],[54.38,26.62],[54.38,26.62],[54.38,26.62],[54.38,26.62],[54.38,26.62],[54.38,26.62],[54.38,26.62],[54.38,26.62],[54.38,26.62],[54.38,26.62],[54.38,26.62],[54.38,26.62],[54.37,26.63],[54.37,26.63],[54.37,26.63],[54.37,26.63],[54.37,26.63],[54.37,26.63],[54.37,26.63],[54.37,26.64],[54.37,26.64],[54.37,26.64],[54.37,26.64],[54.37,26.64],[54.37,26.64],[54.37,26.64],[54.37,26.64],[54.37,26.64],[54.37,26.65],[54.36,26.65],[54.36,26.65],[54.36,26.65],[54.36,26.65],[54.36,26.65],[54.36,26.65],[54.36,26.65],[54.36,26.65],[54.36,26.65],[54.36,26.65],[54.36,26.65],[54.36,26.65],[54.36,26.65],[54.36,26.65],[54.36,26.65],[54.36,26.66],[54.36,26.66],[54.36,26.66],[54.36,26.66],[54.36,26.66],[54.35,26.66],[54.35,26.66],[54.35,26.66],[54.35,26.66],[54.35,26.66],[54.35,26.67],[54.35,26.67],[54.35,26.67],[54.35,26.67],[54.35,26.67],[54.35,26.67],[54.35,26.67],[54.35,26.67],[54.35,26.67],[54.35,26.68],[54.35,26.68],[54.35,26.68],[54.34,26.68],[54.34,26.68],[54.34,26.68],[54.34,26.68],[54.34,26.68],[54.34,26.68],[54.34,26.68],[54.34,26.68],[54.34,26.68],[54.34,26.68],[54.34,26.69],[54.34,26.69],[54.34,26.69],[54.34,26.69],[54.34,26.69],[54.34,26.69],[54.34,26.69],[54.33,26.69],[54.33,26.69],[54.33,26.69],[54.33,26.69],[54.33,26.69],[54.33,26.69],[54.33,26.7],[54.33,26.7],[54.33,26.7],[54.33,26.7],[54.33,26.7],[54.33,26.7],[54.33,26.7],[54.32,26.7],[54.32,26.7],[54.32,26.7],[54.32,26.7],[54.32,26.7],[54.32,26.7],[54.32,26.71],[54.32,26.71],[54.32,26.71],[54.32,26.71],[54.32,26.71],[54.32,26.71],[54.32,26.71],[54.32,26.71],[54.32,26.71],[54.32,26.72],[54.31,26.72],[54.31,26.72],[54.31,26.72],[54.31,26.71],[54.31,26.71],[54.31,26.71],[54.31,26.71],[54.31,26.71],[54.31,26.71],[54.31,26.71],[54.31,26.72],[54.31,26.72],[54.3,26.72],[54.3,26.72],[54.3,26.72],[54.3,26.72],[54.3,26.72],[54.3,26.72],[54.3,26.72],[54.3,26.72],[54.3,26.72],[54.29,26.72],[54.29,26.72],[54.29,26.72],[54.29,26.72],[54.29,26.73],[54.29,26.73],[54.29,26.73],[54.29,26.73],[54.29,26.73],[54.29,26.73],[54.29,26.73],[54.29,26.73],[54.29,26.73],[54.29,26.72],[54.29,26.72],[54.29,26.72],[54.29,26.72],[54.29,26.72],[54.29,26.73],[54.29,26.73],[54.28,26.73],[54.28,26.73],[54.28,26.73],[54.28,26.73],[54.28,26.73],[54.28,26.73],[54.28,26.73],[54.28,26.73],[54.28,26.73],[54.27,26.73],[54.27,26.73],[54.27,26.73],[54.26,26.73],[54.26,26.73],[54.26,26.73],[54.26,26.72],[54.26,26.72],[54.26,26.72],[54.25,26.72],[54.25,26.72],[54.25,26.72],[54.25,26.72],[54.25,26.72],[54.25,26.72],[54.25,26.72],[54.25,26.72],[54.25,26.72],[54.25,26.71],[54.24,26.71],[54.24,26.72],[54.24,26.72],[54.24,26.72],[54.23,26.71],[54.23,26.71],[54.23,26.71],[54.23,26.71],[54.23,26.71],[54.22,26.71],[54.21,26.71],[54.21,26.71],[54.21,26.71],[54.21,26.71],[54.21,26.71],[54.21,26.71],[54.21,26.71],[54.21,26.71],[54.2,26.71],[54.2,26.71],[54.2,26.71],[54.2,26.71],[54.2,26.71],[54.2,26.71],[54.19,26.71],[54.19,26.71],[54.19,26.71],[54.19,26.7],[54.19,26.7],[54.19,26.71],[54.19,26.71],[54.19,26.71],[54.19,26.71],[54.19,26.71],[54.19,26.71],[54.18,26.71],[54.18,26.71],[54.18,26.71],[54.18,26.71],[54.18,26.71],[54.18,26.71],[54.18,26.71],[54.17,26.71],[54.17,26.71],[54.17,26.71],[54.17,26.71],[54.17,26.71],[54.16,26.71],[54.16,26.71],[54.16,26.71],[54.16,26.71],[54.16,26.71],[54.15,26.71],[54.15,26.71],[54.15,26.71],[54.15,26.71],[54.15,26.72],[54.15,26.72],[54.14,26.72],[54.14,26.72],[54.14,26.72],[54.14,26.72],[54.14,26.72],[54.14,26.72],[54.14,26.72],[54.14,26.72],[54.13,26.72],[54.13,26.72],[54.13,26.72],[54.13,26.72],[54.13,26.72],[54.13,26.72],[54.13,26.72],[54.12,26.72],[54.12,26.71],[54.12,26.71],[54.12,26.71],[54.12,26.71],[54.12,26.72],[54.12,26.72],[54.12,26.72],[54.12,26.72],[54.12,26.72],[54.11,26.72],[54.11,26.72],[54.11,26.72],[54.11,26.72],[54.11,26.72],[54.11,26.72],[54.11,26.72],[54.1,26.72],[54.1,26.72],[54.1,26.72],[54.1,26.72],[54.1,26.72],[54.1,26.72],[54.1,26.72],[54.1,26.72],[54.1,26.72],[54.09,26.72],[54.09,26.72],[54.09,26.72],[54.09,26.72],[54.09,26.72],[54.09,26.72],[54.09,26.72],[54.09,26.73],[54.09,26.73],[54.09,26.73],[54.08,26.73],[54.08,26.73],[54.08,26.73],[54.08,26.73],[54.08,26.73],[54.08,26.73],[54.08,26.73],[54.08,26.73],[54.08,26.73],[54.07,26.73],[54.07,26.73],[54.07,26.73],[54.07,26.73],[54.07,26.73],[54.07,26.74],[54.07,26.74],[54.06,26.73],[54.06,26.74],[54.06,26.74],[54.06,26.74],[54.06,26.74],[54.06,26.74],[54.06,26.74],[54.06,26.74],[54.06,26.74],[54.05,26.74],[54.05,26.74],[54.05,26.74],[54.05,26.74],[54.05,26.74],[54.05,26.74],[54.05,26.74],[54.05,26.74],[54.05,26.74],[54.05,26.74],[54.05,26.74],[54.05,26.74],[54.04,26.74],[54.04,26.74],[54.04,26.75],[54.04,26.75],[54.04,26.75],[54.04,26.75],[54.04,26.75],[54.04,26.75],[54.04,26.75],[54.04,26.75],[54.04,26.75],[54.04,26.75],[54.03,26.75],[54.03,26.75],[54.03,26.75],[54.03,26.75],[54.03,26.75],[54.03,26.75],[54.03,26.75],[54.03,26.76],[54.03,26.76],[54.02,26.76],[54.02,26.76],[54.02,26.76],[54.02,26.76],[54.02,26.76],[54.02,26.76],[54.01,26.76],[54.01,26.76],[54.01,26.76],[54.01,26.76],[54.0,26.75],[54.0,26.75],[54.0,26.75],[53.99,26.75],[53.99,26.75],[53.99,26.75],[53.99,26.75],[53.98,26.75],[53.98,26.75],[53.98,26.75],[53.98,26.75],[53.98,26.75],[53.98,26.75],[53.98,26.75],[53.98,26.75],[53.98,26.75],[53.98,26.75],[53.98,26.75],[53.98,26.75],[53.97,26.75],[53.97,26.75],[53.97,26.75],[53.97,26.74],[53.97,26.74],[53.97,26.74],[53.97,26.74],[53.96,26.74],[53.96,26.74],[53.96,26.74],[53.96,26.74],[53.96,26.74],[53.96,26.74],[53.96,26.74],[53.96,26.74],[53.96,26.74],[53.96,26.74],[53.96,26.74],[53.95,26.73],[53.95,26.73],[53.95,26.73],[53.95,26.73],[53.95,26.73],[53.95,26.73],[53.95,26.73],[53.95,26.73],[53.95,26.73],[53.95,26.73],[53.95,26.73],[53.95,26.73],[53.95,26.73],[53.95,26.73],[53.94,26.73],[53.94,26.72],[53.94,26.72],[53.94,26.72],[53.94,26.72],[53.94,26.72],[53.93,26.72],[53.93,26.72],[53.93,26.72],[53.93,26.72],[53.93,26.72],[53.92,26.72],[53.92,26.72],[53.92,26.72],[53.92,26.72],[53.92,26.72],[53.92,26.72],[53.92,26.72],[53.92,26.72],[53.91,26.72],[53.91,26.72],[53.91,26.72],[53.91,26.72],[53.91,26.72],[53.91,26.72],[53.91,26.72],[53.91,26.72],[53.9,26.72],[53.9,26.72],[53.9,26.72],[53.9,26.72],[53.9,26.72],[53.9,26.72],[53.9,26.72],[53.89,26.72],[53.89,26.72],[53.89,26.72],[53.89,26.72],[53.89,26.72],[53.88,26.72],[53.88,26.72],[53.88,26.72],[53.88,26.72],[53.88,26.72],[53.88,26.72],[53.87,26.72],[53.87,26.72],[53.87,26.72],[53.87,26.72],[53.87,26.72],[53.87,26.72],[53.87,26.72],[53.86,26.71],[53.86,26.71],[53.86,26.71],[53.86,26.71],[53.86,26.71],[53.86,26.71],[53.86,26.71],[53.86,26.71],[53.85,26.71],[53.85,26.71],[53.84,26.71],[53.84,26.71],[53.84,26.71],[53.84,26.71],[53.83,26.71],[53.83,26.71],[53.83,26.71],[53.83,26.71],[53.83,26.71],[53.82,26.71],[53.82,26.71],[53.82,26.71],[53.82,26.71],[53.82,26.71],[53.81,26.71],[53.81,26.71],[53.81,26.71],[53.81,26.71],[53.81,26.71],[53.8,26.71],[53.8,26.71],[53.8,26.71],[53.8,26.72],[53.8,26.72],[53.79,26.72],[53.79,26.72],[53.79,26.72],[53.79,26.72],[53.79,26.72],[53.78,26.72],[53.78,26.72],[53.78,26.72],[53.78,26.72],[53.78,26.72],[53.78,26.72],[53.78,26.72],[53.78,26.72],[53.77,26.72],[53.77,26.72],[53.77,26.72],[53.77,26.72],[53.76,26.72],[53.76,26.72],[53.76,26.72],[53.76,26.72],[53.75,26.72],[53.75,26.72],[53.75,26.72],[53.75,26.72],[53.75,26.72],[53.75,26.72],[53.75,26.72],[53.74,26.72],[53.74,26.72],[53.74,26.72],[53.74,26.72],[53.74,26.72],[53.74,26.72],[53.74,26.72],[53.74,26.72],[53.74,26.71],[53.74,26.71],[53.74,26.71],[53.73,26.71],[53.73,26.71],[53.73,26.71],[53.73,26.71],[53.73,26.71],[53.73,26.71],[53.73,26.71],[53.73,26.71],[53.73,26.71],[53.73,26.7],[53.73,26.7],[53.73,26.7],[53.73,26.7],[53.73,26.7],[53.72,26.7],[53.72,26.7],[53.72,26.7],[53.72,26.71],[53.72,26.71],[53.72,26.71],[53.72,26.71],[53.72,26.71],[53.72,26.71],[53.72,26.71],[53.72,26.71],[53.72,26.71],[53.72,26.71],[53.72,26.71],[53.72,26.71],[53.72,26.71],[53.71,26.71],[53.71,26.72],[53.71,26.72],[53.71,26.72],[53.71,26.72],[53.71,26.72],[53.71,26.72],[53.71,26.72],[53.71,26.72],[53.71,26.72],[53.71,26.72],[53.71,26.72],[53.71,26.72],[53.71,26.72],[53.71,26.72],[53.7,26.72],[53.7,26.73],[53.7,26.73],[53.7,26.73],[53.7,26.73],[53.7,26.73],[53.7,26.73],[53.7,26.73],[53.7,26.73],[53.7,26.73],[53.7,26.73],[53.7,26.73],[53.7,26.74],[53.7,26.74],[53.69,26.74],[53.69,26.74],[53.69,26.74],[53.69,26.74],[53.69,26.74],[53.69,26.74],[53.68,26.74],[53.68,26.74],[53.68,26.74],[53.68,26.74],[53.68,26.74],[53.68,26.74],[53.68,26.74],[53.68,26.74],[53.68,26.74],[53.67,26.74],[53.67,26.74],[53.67,26.75],[53.67,26.75],[53.67,26.75],[53.67,26.75],[53.67,26.75],[53.67,26.75],[53.66,26.75],[53.66,26.75],[53.66,26.75],[53.66,26.75],[53.66,26.75],[53.66,26.75],[53.66,26.75],[53.66,26.75],[53.65,26.75],[53.65,26.75],[53.65,26.75],[53.65,26.75],[53.65,26.76],[53.65,26.76],[53.65,26.76],[53.65,26.76],[53.65,26.76],[53.64,26.76],[53.64,26.76],[53.64,26.76],[53.64,26.76],[53.64,26.76],[53.64,26.76],[53.64,26.76],[53.63,26.76],[53.63,26.76],[53.63,26.76],[53.63,26.76],[53.62,26.76],[53.62,26.76],[53.62,26.77],[53.62,26.77],[53.62,26.77],[53.62,26.77],[53.62,26.77],[53.62,26.77],[53.61,26.77],[53.61,26.77],[53.61,26.77],[53.61,26.77],[53.61,26.77],[53.61,26.77],[53.61,26.77],[53.61,26.77],[53.61,26.77],[53.61,26.77],[53.61,26.77],[53.6,26.77],[53.6,26.77],[53.6,26.77],[53.6,26.78],[53.6,26.78],[53.6,26.78],[53.6,26.78],[53.6,26.78],[53.6,26.78],[53.59,26.78],[53.59,26.78],[53.59,26.78],[53.59,26.78],[53.59,26.78],[53.59,26.78],[53.59,26.78],[53.59,26.78],[53.59,26.78],[53.59,26.78],[53.59,26.78],[53.59,26.79],[53.59,26.79],[53.59,26.79],[53.59,26.79],[53.58,26.79],[53.58,26.79],[53.58,26.79],[53.58,26.79],[53.58,26.79],[53.58,26.79],[53.58,26.79],[53.58,26.79],[53.58,26.79],[53.58,26.79],[53.57,26.8],[53.57,26.8],[53.57,26.8],[53.57,26.8],[53.57,26.8],[53.57,26.8],[53.57,26.8],[53.57,26.8],[53.57,26.8],[53.57,26.8],[53.56,26.8],[53.56,26.8],[53.56,26.8],[53.56,26.8],[53.56,26.8],[53.56,26.81],[53.56,26.81],[53.56,26.81],[53.56,26.81],[53.56,26.81],[53.56,26.81],[53.56,26.81],[53.55,26.81],[53.55,26.81],[53.55,26.81],[53.55,26.81],[53.55,26.81],[53.55,26.81],[53.55,26.81],[53.55,26.81],[53.55,26.81],[53.55,26.81],[53.55,26.81],[53.55,26.81],[53.55,26.81],[53.55,26.82],[53.54,26.82],[53.54,26.82],[53.54,26.82],[53.54,26.82],[53.54,26.82],[53.54,26.82],[53.54,26.82],[53.54,26.82],[53.54,26.82],[53.54,26.82],[53.53,26.82],[53.53,26.82],[53.53,26.82],[53.53,26.82],[53.53,26.83],[53.53,26.83],[53.52,26.83],[53.52,26.83],[53.52,26.83],[53.52,26.83],[53.52,26.83],[53.52,26.83],[53.52,26.83],[53.52,26.83],[53.52,26.83],[53.52,26.83],[53.51,26.83],[53.51,26.83],[53.51,26.83],[53.51,26.83],[53.51,26.83],[53.51,26.83],[53.51,26.84],[53.51,26.84],[53.51,26.84],[53.51,26.84],[53.5,26.84],[53.5,26.84],[53.5,26.84],[53.5,26.84],[53.5,26.84],[53.5,26.84],[53.5,26.84],[53.5,26.84],[53.5,26.84],[53.5,26.84],[53.5,26.84],[53.5,26.85],[53.5,26.85],[53.5,26.85],[53.49,26.85],[53.49,26.85],[53.49,26.85],[53.49,26.85],[53.49,26.85],[53.49,26.85],[53.49,26.85],[53.49,26.85],[53.49,26.85],[53.49,26.85],[53.49,26.85],[53.49,26.86],[53.49,26.86],[53.49,26.86],[53.49,26.86],[53.49,26.86],[53.48,26.86],[53.48,26.86],[53.48,26.86],[53.48,26.87],[53.48,26.87],[53.48,26.87],[53.48,26.87],[53.48,26.88],[53.48,26.88],[53.48,26.88],[53.48,26.88],[53.48,26.89],[53.48,26.89],[53.49,26.89],[53.49,26.9],[53.49,26.91],[53.49,26.91],[53.49,26.92],[53.49,26.92],[53.49,26.92],[53.49,26.92],[53.49,26.92],[53.49,26.92],[53.49,26.93],[53.49,26.93],[53.48,26.93],[53.49,26.93],[53.48,26.93],[53.48,26.93],[53.48,26.94],[53.48,26.94],[53.48,26.94],[53.48,26.94],[53.48,26.94],[53.48,26.94],[53.48,26.95],[53.48,26.95],[53.48,26.95],[53.48,26.95],[53.48,26.95],[53.48,26.95],[53.48,26.95],[53.48,26.96],[53.48,26.96],[53.48,26.96],[53.48,26.96],[53.48,26.96],[53.48,26.96],[53.48,26.96],[53.48,26.96],[53.48,26.96],[53.48,26.96],[53.48,26.97],[53.48,26.97],[53.47,26.97],[53.47,26.97],[53.47,26.97],[53.47,26.97],[53.47,26.97],[53.47,26.97],[53.47,26.97],[53.47,26.97],[53.47,26.97],[53.47,26.97],[53.47,26.97],[53.47,26.97],[53.46,26.98],[53.46,26.98],[53.46,26.98],[53.46,26.98],[53.46,26.98],[53.46,26.98],[53.46,26.98],[53.46,26.98],[53.46,26.98],[53.46,26.98],[53.45,26.98],[53.45,26.98],[53.45,26.98],[53.45,26.98],[53.44,26.98],[53.44,26.98],[53.44,26.98],[53.44,26.98],[53.44,26.98],[53.44,26.98],[53.44,26.98],[53.44,26.98],[53.44,26.99],[53.44,26.99],[53.44,26.99],[53.44,26.99],[53.43,26.99],[53.43,26.99],[53.43,26.99],[53.43,26.99],[53.43,26.99],[53.43,26.99],[53.43,26.99],[53.43,26.99],[53.43,26.99],[53.42,26.99],[53.42,26.99],[53.42,26.99],[53.42,26.99],[53.41,26.99],[53.41,26.99],[53.41,26.99],[53.41,26.99],[53.41,26.99],[53.41,26.99],[53.4,26.99],[53.4,26.99],[53.4,26.99],[53.4,26.99],[53.39,26.99],[53.39,26.99],[53.39,26.99],[53.39,26.99],[53.39,27.0],[53.38,26.99],[53.38,26.99],[53.38,26.99],[53.38,26.99],[53.37,26.99],[53.37,26.99],[53.37,26.99],[53.37,26.99],[53.37,27.0],[53.37,27.0],[53.37,27.0],[53.37,27.0],[53.36,27.0],[53.36,27.0],[53.36,27.0],[53.36,27.0],[53.36,27.0],[53.36,27.0],[53.35,27.0],[53.35,27.0],[53.35,27.0],[53.35,27.01],[53.35,27.01],[53.35,27.01],[53.34,27.01],[53.34,27.01],[53.34,27.01],[53.34,27.01],[53.34,27.01],[53.34,27.01],[53.33,27.01],[53.33,27.01],[53.33,27.01],[53.33,27.01],[53.33,27.01],[53.33,27.01],[53.33,27.01],[53.33,27.01],[53.32,27.01],[53.32,27.02],[53.32,27.02],[53.32,27.02],[53.32,27.02],[53.31,27.02],[53.31,27.02],[53.31,27.02],[53.31,27.02],[53.31,27.02],[53.31,27.02],[53.3,27.02],[53.3,27.02],[53.3,27.02],[53.3,27.02],[53.3,27.02],[53.3,27.02],[53.3,27.02],[53.3,27.02],[53.29,27.02],[53.29,27.02],[53.29,27.02],[53.29,27.03],[53.29,27.03],[53.29,27.03],[53.29,27.03],[53.28,27.03],[53.28,27.03],[53.28,27.03],[53.28,27.03],[53.28,27.03],[53.28,27.03],[53.28,27.03],[53.28,27.03],[53.28,27.04],[53.27,27.04],[53.27,27.04],[53.27,27.04],[53.27,27.04],[53.27,27.04],[53.26,27.04],[53.26,27.04],[53.26,27.04],[53.26,27.04],[53.26,27.04],[53.26,27.04],[53.26,27.04],[53.25,27.04],[53.25,27.04],[53.25,27.04],[53.25,27.04],[53.25,27.04],[53.25,27.04],[53.25,27.05],[53.25,27.05],[53.24,27.05],[53.24,27.05],[53.24,27.05],[53.24,27.05],[53.24,27.05],[53.24,27.05],[53.24,27.05],[53.23,27.05],[53.23,27.05],[53.23,27.05],[53.23,27.05],[53.23,27.05],[53.23,27.05],[53.23,27.05],[53.22,27.05],[53.22,27.05],[53.22,27.05],[53.22,27.05],[53.22,27.05],[53.22,27.05],[53.22,27.05],[53.22,27.05],[53.22,27.05],[53.22,27.05],[53.21,27.05],[53.21,27.05],[53.21,27.05],[53.21,27.05],[53.21,27.06],[53.21,27.06],[53.21,27.06],[53.21,27.06],[53.2,27.06],[53.2,27.06],[53.2,27.06],[53.2,27.06],[53.2,27.06],[53.2,27.06],[53.2,27.06],[53.2,27.06],[53.19,27.06],[53.19,27.06],[53.19,27.06],[53.19,27.06],[53.19,27.06],[53.19,27.06],[53.19,27.07],[53.18,27.07],[53.18,27.07],[53.18,27.07],[53.18,27.07],[53.17,27.07],[53.17,27.07],[53.17,27.07],[53.17,27.07],[53.17,27.07],[53.17,27.07],[53.17,27.07],[53.17,27.07],[53.17,27.07],[53.17,27.07],[53.17,27.07],[53.16,27.07],[53.16,27.07],[53.16,27.08],[53.16,27.08],[53.16,27.08],[53.16,27.07],[53.16,27.07],[53.16,27.07],[53.15,27.08],[53.15,27.08],[53.15,27.08],[53.15,27.08],[53.15,27.08],[53.15,27.08],[53.14,27.08],[53.14,27.08],[53.14,27.08],[53.14,27.08],[53.14,27.08],[53.14,27.08],[53.14,27.08],[53.14,27.08],[53.14,27.09],[53.14,27.09],[53.14,27.09],[53.13,27.09],[53.13,27.09],[53.13,27.08],[53.13,27.08],[53.13,27.08],[53.13,27.09],[53.13,27.09],[53.13,27.09],[53.13,27.09],[53.13,27.09],[53.13,27.09],[53.12,27.09],[53.12,27.09],[53.12,27.09],[53.12,27.09],[53.12,27.09],[53.12,27.09],[53.12,27.09],[53.11,27.09],[53.11,27.09],[53.11,27.09],[53.11,27.09],[53.1,27.09],[53.1,27.09],[53.1,27.09],[53.1,27.09],[53.1,27.09],[53.1,27.09],[53.09,27.09],[53.09,27.09],[53.09,27.09],[53.09,27.1],[53.09,27.1],[53.09,27.1],[53.08,27.09],[53.08,27.09],[53.08,27.09],[53.08,27.09],[53.08,27.09],[53.07,27.1],[53.07,27.1],[53.07,27.1],[53.07,27.1],[53.07,27.1],[53.07,27.1],[53.07,27.1],[53.07,27.1],[53.06,27.1],[53.06,27.1],[53.06,27.1],[53.06,27.1],[53.06,27.1],[53.06,27.1],[53.06,27.1],[53.05,27.1],[53.05,27.1],[53.05,27.1],[53.05,27.1],[53.05,27.11],[53.05,27.11],[53.05,27.11],[53.05,27.11],[53.05,27.11],[53.05,27.11],[53.04,27.11],[53.04,27.11],[53.04,27.11],[53.04,27.11],[53.04,27.11],[53.04,27.11],[53.04,27.11],[53.04,27.11],[53.04,27.11],[53.04,27.11],[53.03,27.11],[53.03,27.11],[53.03,27.12],[53.03,27.12],[53.03,27.12],[53.03,27.12],[53.03,27.12],[53.03,27.12],[53.03,27.12],[53.03,27.12],[53.02,27.12],[53.02,27.12],[53.02,27.12],[53.02,27.12],[53.02,27.12],[53.02,27.12],[53.02,27.12],[53.01,27.12],[53.01,27.12],[53.01,27.12],[53.01,27.12],[53.01,27.12],[53.01,27.12],[53.01,27.12],[53.01,27.12],[53.01,27.12],[53.0,27.13],[53.0,27.13],[53.0,27.13],[53.0,27.13],[53.0,27.13],[53.0,27.13],[53.0,27.13],[52.99,27.13],[52.99,27.13],[52.99,27.13],[52.99,27.13],[52.98,27.13],[52.98,27.13],[52.98,27.13],[52.98,27.13],[52.98,27.13],[52.98,27.13],[52.98,27.13],[52.98,27.13],[52.97,27.13],[52.97,27.14],[52.97,27.14],[52.97,27.14],[52.97,27.14],[52.97,27.14],[52.97,27.14],[52.97,27.14],[52.97,27.14],[52.97,27.14],[52.97,27.14],[52.97,27.14],[52.96,27.14],[52.96,27.14],[52.96,27.14],[52.96,27.14],[52.96,27.14],[52.96,27.14],[52.96,27.14],[52.96,27.14],[52.95,27.14],[52.95,27.14],[52.95,27.14],[52.95,27.14],[52.95,27.15],[52.95,27.15],[52.95,27.15],[52.95,27.15],[52.95,27.15],[52.95,27.15],[52.95,27.15],[52.95,27.15],[52.94,27.15],[52.94,27.15],[52.94,27.15],[52.94,27.15],[52.94,27.15],[52.94,27.15],[52.94,27.15],[52.94,27.15],[52.94,27.15],[52.94,27.15],[52.94,27.15],[52.94,27.15],[52.94,27.15],[52.94,27.15],[52.94,27.15],[52.94,27.15],[52.94,27.15],[52.94,27.16],[52.93,27.16],[52.93,27.16],[52.93,27.16],[52.93,27.16],[52.93,27.16],[52.93,27.15],[52.93,27.16],[52.93,27.16],[52.93,27.16],[52.93,27.16],[52.93,27.16],[52.92,27.16],[52.92,27.16],[52.92,27.16],[52.92,27.16],[52.92,27.16],[52.92,27.17],[52.92,27.17],[52.92,27.17],[52.92,27.17],[52.92,27.17],[52.92,27.17],[52.91,27.17],[52.91,27.17],[52.91,27.17],[52.91,27.17],[52.91,27.17],[52.91,27.17],[52.91,27.17],[52.91,27.17],[52.91,27.17],[52.91,27.17],[52.91,27.17],[52.91,27.17],[52.9,27.17],[52.9,27.17],[52.9,27.17],[52.9,27.17],[52.9,27.17],[52.9,27.17],[52.9,27.17],[52.9,27.17],[52.9,27.18],[52.89,27.18],[52.89,27.18],[52.89,27.18],[52.89,27.18],[52.89,27.18],[52.89,27.18],[52.89,27.18],[52.89,27.18],[52.88,27.18],[52.88,27.18],[52.88,27.18],[52.88,27.18],[52.88,27.18],[52.88,27.18],[52.88,27.18],[52.88,27.18],[52.88,27.18],[52.87,27.18],[52.87,27.19],[52.87,27.19],[52.87,27.19],[52.87,27.19],[52.87,27.19],[52.87,27.19],[52.87,27.19],[52.86,27.19],[52.86,27.19],[52.86,27.19],[52.86,27.19],[52.86,27.19],[52.86,27.19],[52.86,27.19],[52.86,27.19],[52.86,27.19],[52.86,27.19],[52.85,27.19],[52.85,27.19],[52.85,27.19],[52.85,27.19],[52.85,27.2],[52.85,27.2],[52.85,27.2],[52.84,27.2],[52.84,27.2],[52.84,27.2],[52.84,27.2],[52.84,27.2],[52.84,27.2],[52.84,27.2],[52.84,27.2],[52.83,27.2],[52.83,27.2],[52.83,27.2],[52.83,27.2],[52.83,27.2],[52.83,27.2],[52.83,27.21],[52.83,27.21],[52.83,27.21],[52.83,27.21],[52.83,27.21],[52.83,27.21],[52.82,27.21],[52.82,27.21],[52.82,27.21],[52.82,27.21],[52.82,27.21],[52.82,27.21],[52.82,27.21],[52.82,27.22],[52.82,27.22],[52.82,27.22],[52.82,27.22],[52.81,27.22],[52.81,27.22],[52.81,27.22],[52.81,27.22],[52.81,27.22],[52.81,27.22],[52.81,27.22],[52.81,27.22],[52.81,27.22],[52.81,27.22],[52.81,27.22],[52.81,27.23],[52.81,27.23],[52.81,27.23],[52.81,27.23],[52.8,27.23],[52.8,27.23],[52.8,27.23],[52.8,27.23],[52.8,27.23],[52.8,27.23],[52.8,27.23],[52.8,27.23],[52.8,27.23],[52.8,27.24],[52.8,27.24],[52.8,27.24],[52.8,27.24],[52.8,27.24],[52.8,27.24],[52.8,27.24],[52.79,27.24],[52.79,27.24],[52.79,27.25],[52.79,27.25],[52.79,27.25],[52.79,27.25],[52.79,27.25],[52.79,27.25],[52.79,27.25],[52.79,27.25],[52.79,27.25],[52.79,27.25],[52.79,27.25],[52.79,27.25],[52.78,27.25],[52.78,27.25],[52.78,27.25],[52.78,27.25],[52.78,27.25],[52.78,27.25],[52.78,27.25],[52.78,27.25],[52.78,27.25],[52.77,27.25],[52.77,27.25],[52.77,27.25],[52.77,27.25],[52.77,27.25],[52.77,27.25],[52.77,27.25],[52.77,27.25],[52.77,27.25],[52.77,27.25],[52.77,27.26],[52.77,27.26],[52.77,27.26],[52.76,27.26],[52.76,27.26],[52.76,27.26],[52.76,27.26],[52.76,27.26],[52.76,27.26],[52.76,27.26],[52.76,27.26],[52.76,27.26],[52.76,27.27],[52.76,27.27],[52.76,27.27],[52.76,27.27],[52.76,27.27],[52.75,27.27],[52.75,27.27],[52.75,27.27],[52.75,27.27],[52.75,27.27],[52.75,27.27],[52.75,27.27],[52.75,27.27],[52.75,27.27],[52.74,27.27],[52.74,27.27],[52.74,27.27],[52.74,27.27],[52.74,27.27],[52.74,27.27],[52.74,27.27],[52.73,27.28],[52.73,27.28],[52.73,27.28],[52.73,27.28],[52.73,27.28],[52.73,27.28],[52.73,27.28],[52.73,27.28],[52.72,27.28],[52.72,27.28],[52.72,27.28],[52.72,27.28],[52.72,27.28],[52.72,27.28],[52.72,27.28],[52.71,27.28],[52.71,27.28],[52.71,27.29],[52.71,27.29],[52.71,27.29],[52.71,27.29],[52.71,27.29],[52.71,27.29],[52.7,27.29],[52.7,27.29],[52.7,27.29],[52.7,27.29],[52.7,27.29],[52.7,27.29],[52.7,27.29],[52.7,27.29],[52.7,27.29],[52.7,27.29],[52.69,27.29],[52.69,27.29],[52.69,27.3],[52.69,27.3],[52.69,27.3],[52.69,27.3],[52.69,27.3],[52.69,27.3],[52.69,27.3],[52.69,27.3],[52.69,27.3],[52.69,27.3],[52.69,27.31],[52.69,27.31],[52.69,27.31],[52.69,27.31],[52.68,27.31],[52.68,27.31],[52.68,27.31],[52.68,27.31],[52.68,27.31],[52.68,27.31],[52.68,27.31],[52.68,27.31],[52.68,27.31],[52.67,27.31],[52.67,27.31],[52.69,27.34],[52.71,27.36],[52.78,27.37],[52.86,27.36],[52.91,27.36],[52.97,27.38],[53.0,27.33],[53.04,27.28],[53.06,27.27],[53.17,27.26],[53.3,27.25],[53.34,27.24],[53.4,27.19],[53.43,27.18],[53.47,27.18],[53.56,27.19],[53.74,27.15],[53.85,27.14],[53.88,27.15],[53.93,27.17],[54.0,27.21],[53.97,27.25],[53.99,27.31],[54.0,27.37],[54.03,27.44],[54.15,27.48],[54.26,27.5],[54.38,27.49],[54.45,27.51],[54.49,27.49],[54.53,27.47],[54.56,27.49],[54.66,27.53],[54.72,27.53],[54.75,27.51],[54.82,27.51],[54.86,27.5],[54.93,27.48],[55.01,27.48],[55.06,27.5],[55.12,27.57],[55.14,27.62],[55.19,27.71],[55.23,27.73],[55.3,27.77],[55.33,27.8],[55.37,27.8],[55.48,27.79],[55.52,27.8],[55.55,27.84],[55.56,27.9],[55.55,27.94],[55.46,28.0],[55.42,28.05],[55.42,28.1],[55.46,28.21],[55.49,28.38],[55.46,28.45],[55.35,28.54],[55.19,28.66],[55.11,28.72],[55.14,28.74],[55.18,28.75],[55.18,28.8],[55.14,28.92],[55.17,28.95],[55.23,28.94],[55.33,28.93],[55.38,28.91],[55.47,28.85],[55.57,28.75],[55.62,28.74],[55.7,28.77],[55.84,28.88],[55.97,28.92],[56.02,28.93],[56.06,28.87],[56.07,28.78],[56.07,28.61],[56.06,28.49],[56.02,28.39],[56.05,28.34],[56.17,28.23],[56.24,28.17],[56.31,28.14],[56.39,28.12],[56.48,28.11],[56.59,28.14],[56.66,28.18],[56.74,28.25],[56.78,28.31],[56.85,28.34],[56.9,28.31],[56.97,28.29],[56.99,28.25],[56.98,28.19],[57.0,28.1],[57.02,28.01],[57.04,27.98],[57.13,27.95],[57.18,27.88],[57.23,27.81],[57.3,27.75],[57.3,27.7],[57.25,27.67],[57.23,27.64],[57.28,27.62],[57.33,27.58],[57.37,27.43],[57.37,27.33],[57.38,27.22],[57.39,27.14],[57.39,27.07],[57.42,27.03],[57.46,27.01],[57.52,27.0],[57.57,26.98],[57.64,26.93],[57.7,26.92],[57.75,26.88],[57.77,26.86],[57.8,26.84],[57.84,26.86],[57.89,26.92],[57.91,26.95],[57.96,26.95],[57.99,26.95],[58.04,26.92],[58.13,26.85],[58.19,26.81],[58.22,26.73],[58.21,26.7],[58.17,26.74],[58.13,26.74],[58.13,26.71],[58.16,26.66],[58.14,26.61],[58.12,26.53],[58.11,26.5],[58.1,26.47],[58.1,26.42],[58.09,26.36],[58.09,26.31],[58.1,26.28],[58.08,26.25],[58.06,26.22],[58.08,26.21],[58.12,26.22],[58.16,26.23],[58.19,26.23],[58.25,26.22],[58.29,26.21],[58.32,26.21],[58.38,26.24],[58.41,26.22],[58.44,26.21],[58.52,26.2],[58.52,26.17],[58.51,26.15],[58.53,26.14],[58.53,26.08],[58.55,26.05],[58.6,26.06],[58.64,26.06],[58.7,26.05],[58.71,26.09],[58.74,26.1],[58.76,26.07],[58.8,26.07],[58.83,26.06],[58.83,26.03],[58.86,26.01],[58.83,25.96],[58.83,25.92],[58.87,25.92],[58.91,25.88],[59.02,25.79],[59.1,25.71],[59.11,25.65],[59.18,25.64],[59.18,25.6],[59.21,25.57],[59.25,25.52],[59.26,25.5],[59.28,25.51],[59.28,25.48],[59.28,25.46],[59.25,25.45],[59.25,25.46],[59.24,25.46],[59.24,25.46],[59.24,25.46],[59.24,25.46],[59.24,25.46],[59.24,25.46],[59.24,25.46],[59.24,25.46],[59.24,25.46],[59.24,25.46],[59.24,25.46],[59.24,25.46],[59.23,25.46],[59.23,25.46],[59.23,25.46],[59.23,25.47],[59.23,25.47],[59.23,25.47],[59.23,25.47],[59.22,25.47],[59.22,25.47],[59.22,25.47],[59.21,25.46],[59.21,25.46],[59.21,25.46],[59.21,25.46],[59.21,25.46],[59.21,25.46],[59.21,25.46],[59.21,25.46],[59.21,25.46],[59.21,25.46],[59.21,25.46],[59.21,25.46],[59.21,25.46],[59.2,25.46],[59.2,25.46],[59.2,25.46],[59.2,25.46],[59.2,25.45],[59.2,25.45],[59.19,25.45],[59.19,25.45],[59.19,25.45],[59.19,25.45],[59.19,25.45],[59.19,25.45],[59.19,25.45],[59.19,25.45],[59.19,25.45],[59.19,25.45],[59.19,25.45],[59.18,25.45],[59.18,25.45],[59.18,25.45],[59.18,25.44],[59.18,25.44],[59.18,25.44],[59.17,25.44],[59.17,25.44],[59.17,25.44],[59.17,25.44],[59.17,25.44],[59.17,25.44],[59.16,25.44],[59.16,25.44],[59.16,25.44],[59.16,25.44],[59.16,25.44],[59.16,25.44],[59.16,25.44],[59.16,25.45],[59.15,25.45],[59.15,25.45],[59.15,25.45],[59.16,25.45],[59.16,25.45],[59.16,25.45],[59.16,25.45],[59.16,25.46],[59.16,25.46],[59.16,25.46],[59.16,25.46],[59.16,25.46],[59.16,25.46],[59.16,25.46],[59.16,25.46],[59.16,25.46],[59.16,25.46],[59.16,25.46],[59.16,25.47],[59.16,25.47],[59.16,25.47],[59.17,25.47],[59.17,25.47],[59.17,25.47],[59.17,25.47],[59.17,25.47],[59.17,25.47],[59.17,25.47],[59.17,25.47],[59.17,25.46],[59.18,25.46],[59.18,25.46],[59.18,25.46],[59.18,25.47],[59.18,25.47],[59.18,25.47],[59.18,25.47],[59.18,25.48],[59.18,25.48],[59.18,25.48],[59.18,25.48],[59.18,25.48],[59.18,25.48],[59.18,25.48],[59.18,25.48],[59.18,25.48],[59.18,25.48],[59.18,25.48],[59.18,25.48],[59.18,25.48],[59.18,25.48],[59.18,25.48],[59.18,25.48],[59.18,25.47],[59.18,25.47],[59.18,25.47],[59.18,25.47],[59.17,25.47],[59.17,25.47],[59.17,25.47],[59.17,25.47],[59.17,25.47],[59.17,25.47],[59.17,25.47],[59.17,25.47],[59.17,25.47],[59.16,25.47],[59.16,25.47],[59.16,25.47],[59.16,25.47],[59.16,25.46],[59.16,25.46],[59.16,25.46],[59.16,25.46],[59.16,25.46],[59.16,25.46],[59.16,25.46],[59.16,25.46],[59.16,25.46],[59.15,25.46],[59.15,25.45],[59.15,25.45],[59.15,25.45],[59.15,25.45],[59.15,25.46],[59.15,25.46],[59.15,25.46],[59.15,25.46],[59.15,25.46],[59.15,25.46],[59.15,25.46],[59.15,25.46],[59.15,25.46],[59.15,25.46],[59.15,25.46],[59.15,25.46],[59.15,25.47],[59.15,25.47],[59.15,25.47],[59.15,25.47],[59.15,25.47],[59.14,25.47],[59.14,25.47],[59.14,25.47],[59.14,25.47],[59.14,25.47],[59.14,25.47],[59.14,25.47],[59.14,25.48],[59.14,25.48],[59.14,25.48],[59.14,25.48],[59.14,25.48],[59.14,25.48],[59.14,25.48],[59.14,25.48],[59.14,25.48],[59.14,25.48],[59.14,25.47],[59.14,25.47],[59.14,25.47],[59.14,25.47],[59.14,25.47],[59.15,25.47],[59.15,25.47],[59.15,25.47],[59.15,25.47],[59.15,25.46],[59.15,25.46],[59.15,25.46],[59.15,25.46],[59.15,25.46],[59.14,25.46],[59.14,25.46],[59.14,25.46],[59.14,25.46],[59.14,25.46],[59.15,25.46],[59.15,25.46],[59.15,25.45],[59.15,25.45],[59.15,25.45],[59.15,25.45],[59.15,25.45],[59.15,25.45],[59.15,25.45],[59.15,25.44],[59.15,25.44],[59.15,25.44],[59.15,25.44],[59.15,25.44],[59.15,25.44],[59.15,25.44],[59.15,25.44],[59.15,25.44],[59.15,25.44],[59.15,25.44],[59.15,25.44],[59.15,25.43],[59.15,25.43],[59.15,25.43],[59.14,25.43],[59.14,25.43],[59.14,25.43],[59.14,25.43],[59.14,25.43],[59.14,25.43],[59.14,25.43],[59.14,25.43],[59.14,25.43],[59.14,25.43],[59.14,25.43],[59.14,25.43],[59.14,25.43],[59.13,25.42],[59.13,25.42],[59.13,25.42],[59.14,25.42],[59.14,25.42],[59.14,25.42],[59.14,25.42],[59.14,25.43],[59.14,25.43],[59.14,25.43],[59.14,25.43],[59.14,25.43],[59.14,25.43],[59.14,25.43],[59.14,25.43],[59.15,25.43],[59.15,25.43],[59.15,25.43],[59.15,25.43],[59.15,25.43],[59.15,25.43],[59.15,25.43],[59.15,25.44],[59.15,25.44],[59.15,25.44],[59.16,25.44],[59.16,25.44],[59.16,25.44],[59.16,25.44],[59.17,25.44],[59.17,25.44],[59.17,25.44],[59.18,25.44],[59.18,25.44],[59.18,25.44],[59.18,25.44],[59.18,25.44],[59.19,25.44],[59.19,25.44],[59.19,25.44],[59.19,25.44],[59.19,25.44],[59.19,25.44],[59.2,25.44],[59.2,25.44],[59.2,25.44],[59.2,25.44],[59.2,25.44],[59.21,25.44],[59.21,25.44],[59.21,25.44],[59.21,25.45],[59.21,25.45],[59.21,25.45],[59.21,25.45],[59.21,25.45],[59.21,25.45],[59.21,25.45],[59.21,25.45],[59.21,25.45],[59.21,25.45],[59.22,25.45],[59.22,25.45],[59.22,25.45],[59.22,25.46],[59.22,25.46],[59.22,25.46],[59.22,25.46],[59.22,25.46],[59.22,25.46],[59.22,25.46],[59.22,25.46],[59.22,25.46],[59.22,25.46],[59.22,25.46],[59.22,25.46],[59.23,25.46],[59.23,25.46],[59.23,25.46],[59.23,25.46],[59.23,25.46],[59.23,25.46],[59.23,25.46],[59.23,25.46],[59.23,25.46],[59.23,25.46],[59.23,25.46],[59.23,25.46],[59.23,25.46],[59.24,25.46],[59.24,25.45],[59.24,25.45],[59.24,25.45],[59.24,25.45],[59.24,25.45],[59.24,25.45],[59.24,25.45],[59.24,25.45],[59.24,25.45],[59.24,25.45],[59.24,25.45],[59.24,25.45],[59.24,25.45],[59.24,25.45],[59.25,25.45],[59.25,25.45],[59.25,25.44],[59.25,25.44],[59.25,25.44],[59.25,25.44],[59.25,25.44],[59.25,25.44],[59.25,25.44],[59.25,25.44],[59.25,25.44],[59.25,25.44],[59.25,25.44],[59.25,25.44],[59.25,25.43],[59.25,25.43],[59.25,25.44],[59.24,25.44],[59.24,25.44],[59.24,25.44],[59.24,25.44],[59.24,25.44],[59.24,25.44],[59.24,25.44],[59.24,25.44],[59.23,25.44],[59.23,25.44],[59.23,25.44],[59.22,25.44],[59.22,25.44],[59.22,25.44],[59.22,25.44],[59.21,25.44],[59.21,25.44],[59.21,25.44],[59.21,25.44],[59.21,25.44],[59.21,25.44],[59.2,25.44],[59.2,25.44],[59.2,25.44],[59.2,25.44],[59.19,25.44],[59.19,25.43],[59.19,25.43],[59.19,25.43],[59.19,25.43],[59.18,25.43],[59.18,25.43],[59.18,25.43],[59.18,25.43],[59.18,25.43],[59.18,25.43],[59.17,25.43],[59.17,25.43],[59.17,25.43],[59.17,25.43],[59.17,25.43],[59.17,25.43],[59.17,25.43],[59.17,25.43],[59.16,25.43],[59.16,25.42],[59.16,25.42],[59.16,25.42],[59.16,25.42],[59.16,25.42],[59.16,25.42],[59.15,25.42],[59.15,25.42],[59.15,25.42],[59.15,25.42],[59.15,25.42],[59.15,25.42],[59.15,25.42],[59.14,25.42],[59.14,25.42],[59.14,25.42],[59.14,25.42],[59.14,25.42],[59.14,25.41],[59.14,25.41],[59.14,25.41],[59.14,25.41],[59.13,25.41],[59.13,25.41],[59.13,25.41],[59.13,25.41],[59.13,25.41],[59.13,25.41],[59.13,25.41],[59.12,25.41],[59.12,25.41],[59.12,25.41],[59.12,25.41],[59.12,25.41],[59.12,25.41],[59.12,25.41],[59.11,25.41],[59.11,25.4],[59.11,25.4],[59.11,25.4],[59.11,25.4],[59.11,25.4],[59.11,25.4],[59.11,25.4],[59.11,25.4],[59.11,25.4],[59.1,25.41],[59.1,25.41],[59.1,25.41],[59.1,25.4],[59.1,25.4],[59.09,25.4],[59.09,25.4],[59.09,25.4],[59.09,25.4],[59.09,25.4],[59.09,25.4],[59.09,25.4],[59.09,25.4],[59.09,25.41],[59.09,25.41],[59.08,25.41],[59.08,25.41],[59.08,25.41],[59.08,25.41],[59.08,25.41],[59.08,25.41],[59.08,25.41],[59.07,25.41],[59.07,25.41],[59.06,25.41],[59.06,25.41],[59.06,25.41],[59.05,25.41],[59.05,25.41],[59.04,25.41],[59.04,25.41],[59.04,25.41],[59.03,25.41],[59.03,25.41],[59.03,25.41],[59.03,25.41],[59.02,25.41],[59.02,25.41],[59.02,25.41],[59.02,25.41],[59.02,25.42],[59.02,25.42],[59.02,25.42],[59.01,25.42],[59.01,25.42],[59.01,25.42],[59.01,25.42],[59.01,25.42],[59.01,25.42],[59.01,25.42],[59.01,25.42],[59.01,25.42],[59.01,25.42],[59.0,25.42],[59.0,25.42],[59.0,25.42],[59.0,25.42],[59.0,25.42],[59.0,25.42],[59.0,25.43],[59.0,25.43],[59.0,25.43],[59.0,25.43],[59.0,25.43],[59.0,25.43],[59.0,25.43],[58.99,25.43],[58.99,25.43],[58.99,25.43],[58.99,25.43],[58.99,25.43],[58.99,25.43],[58.99,25.43],[58.99,25.43],[58.99,25.43],[58.99,25.43],[58.99,25.43],[58.99,25.43],[58.99,25.44],[58.99,25.44],[58.99,25.44],[58.99,25.44],[58.99,25.44],[58.99,25.44],[58.98,25.44],[58.98,25.44],[58.98,25.44],[58.98,25.44],[58.98,25.44],[58.98,25.44],[58.98,25.44],[58.98,25.44],[58.98,25.44],[58.98,25.44],[58.98,25.45],[58.98,25.45],[58.98,25.45],[58.98,25.45],[58.98,25.45],[58.98,25.45],[58.98,25.45],[58.98,25.45],[58.97,25.45],[58.97,25.45],[58.97,25.45],[58.97,25.45],[58.97,25.45],[58.97,25.45],[58.97,25.45],[58.97,25.45],[58.97,25.46],[58.97,25.46],[58.97,25.46],[58.97,25.46],[58.97,25.46],[58.97,25.46],[58.97,25.46],[58.97,25.46],[58.97,25.46],[58.97,25.46],[58.96,25.46],[58.96,25.46],[58.96,25.46],[58.96,25.46],[58.96,25.46],[58.96,25.46],[58.96,25.46],[58.96,25.47],[58.96,25.47],[58.96,25.47],[58.96,25.47],[58.96,25.47],[58.96,25.47],[58.96,25.47],[58.96,25.47],[58.96,25.47],[58.96,25.47],[58.96,25.47],[58.95,25.47],[58.95,25.47],[58.95,25.47],[58.95,25.48],[58.95,25.48],[58.95,25.48],[58.95,25.48],[58.95,25.48],[58.95,25.48],[58.95,25.48],[58.95,25.48],[58.95,25.48],[58.95,25.48],[58.95,25.48],[58.95,25.48],[58.95,25.48],[58.95,25.48],[58.95,25.48],[58.94,25.48],[58.94,25.49],[58.94,25.49],[58.94,25.49],[58.94,25.49],[58.94,25.49],[58.94,25.49],[58.94,25.49],[58.94,25.49],[58.94,25.49],[58.94,25.49],[58.94,25.49],[58.94,25.49],[58.94,25.49],[58.94,25.49],[58.94,25.49],[58.94,25.49],[58.94,25.5],[58.93,25.5],[58.93,25.5],[58.93,25.5],[58.93,25.5],[58.93,25.5],[58.93,25.5],[58.93,25.5],[58.93,25.5],[58.93,25.5],[58.93,25.5],[58.93,25.5],[58.93,25.5],[58.93,25.5],[58.93,25.5],[58.93,25.5],[58.93,25.5],[58.92,25.51],[58.92,25.51],[58.92,25.51],[58.92,25.51],[58.92,25.51],[58.92,25.51],[58.92,25.51],[58.92,25.51],[58.92,25.51],[58.92,25.51],[58.92,25.51],[58.92,25.51],[58.92,25.51],[58.92,25.51],[58.92,25.51],[58.92,25.51],[58.92,25.51],[58.92,25.51],[58.91,25.51],[58.91,25.51],[58.91,25.52],[58.91,25.52],[58.91,25.52],[58.91,25.52],[58.91,25.52],[58.91,25.52],[58.91,25.52],[58.91,25.52],[58.91,25.52],[58.91,25.52],[58.91,25.52],[58.9,25.52],[58.9,25.52],[58.9,25.52],[58.9,25.52],[58.9,25.52],[58.9,25.52],[58.9,25.52],[58.9,25.53],[58.9,25.53],[58.9,25.53],[58.89,25.53],[58.89,25.53],[58.89,25.53],[58.89,25.53],[58.89,25.53],[58.89,25.53],[58.89,25.53],[58.89,25.53],[58.89,25.53],[58.88,25.53],[58.88,25.53],[58.88,25.53],[58.88,25.53],[58.88,25.53],[58.87,25.53],[58.87,25.53],[58.87,25.53],[58.86,25.53],[58.86,25.54],[58.85,25.54],[58.85,25.54],[58.85,25.54],[58.84,25.54],[58.84,25.54],[58.83,25.54],[58.83,25.54],[58.84,25.54],[58.84,25.54],[58.84,25.54],[58.84,25.54],[58.84,25.55],[58.84,25.55],[58.84,25.55],[58.84,25.55],[58.83,25.55],[58.83,25.55],[58.83,25.55],[58.83,25.55],[58.83,25.55],[58.83,25.55],[58.83,25.55],[58.83,25.55],[58.83,25.55],[58.83,25.55],[58.83,25.55],[58.83,25.56],[58.82,25.56],[58.82,25.56],[58.82,25.56],[58.82,25.56],[58.82,25.56],[58.82,25.56],[58.81,25.56],[58.81,25.56],[58.81,25.56],[58.81,25.56],[58.81,25.56],[58.81,25.56],[58.81,25.56],[58.81,25.56],[58.81,25.57],[58.81,25.57],[58.81,25.57],[58.8,25.57],[58.8,25.57],[58.8,25.57],[58.8,25.57],[58.8,25.57],[58.8,25.57],[58.8,25.57],[58.8,25.57],[58.79,25.57],[58.79,25.57],[58.78,25.58],[58.77,25.57],[58.76,25.57],[58.75,25.57],[58.74,25.57],[58.74,25.57],[58.73,25.57],[58.73,25.57],[58.73,25.57],[58.72,25.57],[58.72,25.57],[58.72,25.57],[58.71,25.57],[58.71,25.57],[58.71,25.57],[58.7,25.57],[58.7,25.57],[58.69,25.57],[58.69,25.57],[58.69,25.57],[58.69,25.57],[58.68,25.57],[58.68,25.57],[58.68,25.57],[58.68,25.57],[58.68,25.57],[58.67,25.57],[58.67,25.57],[58.67,25.57],[58.67,25.57],[58.67,25.57],[58.66,25.57],[58.66,25.57],[58.66,25.57],[58.66,25.57],[58.66,25.58],[58.66,25.58],[58.65,25.58],[58.65,25.58],[58.65,25.58],[58.65,25.58],[58.65,25.58],[58.64,25.58],[58.64,25.58],[58.64,25.58],[58.64,25.58],[58.64,25.58],[58.63,25.58],[58.63,25.58],[58.63,25.58],[58.63,25.58],[58.63,25.58],[58.62,25.58],[58.62,25.59],[58.62,25.59],[58.62,25.59],[58.61,25.59],[58.61,25.59],[58.61,25.59],[58.61,25.59],[58.6,25.59],[58.6,25.59],[58.6,25.59],[58.59,25.59],[58.58,25.59],[58.58,25.59],[58.57,25.59],[58.57,25.59],[58.57,25.59],[58.57,25.59],[58.57,25.59],[58.57,25.59],[58.56,25.59],[58.56,25.59],[58.56,25.59],[58.56,25.59],[58.56,25.59],[58.55,25.59],[58.55,25.59],[58.54,25.59],[58.54,25.59],[58.54,25.59],[58.53,25.59],[58.53,25.59],[58.53,25.59],[58.52,25.59],[58.52,25.59],[58.52,25.59],[58.51,25.59],[58.51,25.59],[58.5,25.59],[58.5,25.59],[58.5,25.59],[58.49,25.59],[58.49,25.59],[58.49,25.59],[58.49,25.59],[58.48,25.59],[58.48,25.59],[58.48,25.59],[58.48,25.59],[58.47,25.59],[58.47,25.59],[58.47,25.59],[58.47,25.59],[58.47,25.59],[58.47,25.59],[58.47,25.59],[58.46,25.58],[58.46,25.58],[58.46,25.58],[58.46,25.58],[58.46,25.58],[58.45,25.58],[58.45,25.58],[58.45,25.58],[58.44,25.58],[58.44,25.58],[58.44,25.58],[58.44,25.58],[58.44,25.58],[58.44,25.58],[58.44,25.59],[58.44,25.59],[58.44,25.59],[58.44,25.59],[58.44,25.59],[58.44,25.59],[58.44,25.59],[58.43,25.59],[58.43,25.59],[58.43,25.59],[58.43,25.59],[58.43,25.59],[58.43,25.59],[58.41,25.59],[58.4,25.59],[58.39,25.59],[58.38,25.59],[58.38,25.59],[58.38,25.59],[58.38,25.59],[58.38,25.59],[58.37,25.59],[58.37,25.59],[58.37,25.59],[58.37,25.59],[58.37,25.59],[58.37,25.59],[58.36,25.59],[58.36,25.59],[58.36,25.59],[58.36,25.59],[58.36,25.59],[58.35,25.59],[58.35,25.59],[58.35,25.59],[58.35,25.59],[58.35,25.59],[58.34,25.59],[58.34,25.59],[58.34,25.59],[58.34,25.59],[58.34,25.59],[58.34,25.59],[58.34,25.59],[58.33,25.59],[58.33,25.59],[58.33,25.59],[58.33,25.59],[58.32,25.59],[58.32,25.58],[58.32,25.58],[58.32,25.58],[58.32,25.58],[58.31,25.58],[58.31,25.58],[58.31,25.58],[58.31,25.58],[58.31,25.58],[58.31,25.58],[58.31,25.58],[58.3,25.58],[58.3,25.58],[58.3,25.58],[58.29,25.58],[58.29,25.58],[58.28,25.58],[58.28,25.58],[58.28,25.57],[58.27,25.57],[58.27,25.57],[58.27,25.57],[58.27,25.57],[58.27,25.57],[58.27,25.57],[58.26,25.57],[58.26,25.57],[58.26,25.57],[58.26,25.57],[58.26,25.57],[58.26,25.57],[58.26,25.57],[58.25,25.57],[58.25,25.57],[58.25,25.57],[58.25,25.57],[58.25,25.57],[58.24,25.57],[58.24,25.57],[58.24,25.57],[58.24,25.57],[58.24,25.58],[58.24,25.57],[58.24,25.57],[58.24,25.57],[58.24,25.57],[58.24,25.57],[58.24,25.57],[58.24,25.57],[58.24,25.56],[58.24,25.56],[58.25,25.56],[58.25,25.56],[58.24,25.56],[58.24,25.56],[58.24,25.56],[58.24,25.56],[58.24,25.56],[58.23,25.56],[58.22,25.56],[58.22,25.56],[58.22,25.57],[58.22,25.57],[58.21,25.57],[58.21,25.57],[58.21,25.57],[58.21,25.57],[58.21,25.56],[58.21,25.57],[58.21,25.57],[58.21,25.57],[58.21,25.57],[58.21,25.57],[58.21,25.56],[58.2,25.56],[58.2,25.56],[58.19,25.56],[58.19,25.56],[58.18,25.56],[58.18,25.56],[58.18,25.56],[58.18,25.56],[58.17,25.56],[58.16,25.56],[58.16,25.56],[58.16,25.56],[58.15,25.56],[58.15,25.56],[58.14,25.56],[58.14,25.56],[58.13,25.56],[58.13,25.56],[58.12,25.56],[58.12,25.56],[58.11,25.56],[58.11,25.56],[58.11,25.56],[58.11,25.56],[58.1,25.56],[58.1,25.56],[58.1,25.56],[58.1,25.56],[58.1,25.56],[58.1,25.56],[58.09,25.56],[58.09,25.56],[58.09,25.57],[58.09,25.57],[58.09,25.57],[58.09,25.57],[58.09,25.57],[58.09,25.57],[58.09,25.57],[58.08,25.57],[58.08,25.57],[58.08,25.57],[58.08,25.57],[58.08,25.57],[58.08,25.57],[58.08,25.57],[58.08,25.57],[58.08,25.57],[58.08,25.57],[58.08,25.57],[58.08,25.57],[58.07,25.57],[58.07,25.57],[58.07,25.58],[58.07,25.58],[58.07,25.58],[58.07,25.58],[58.07,25.58],[58.07,25.58],[58.07,25.58],[58.07,25.58],[58.07,25.58],[58.06,25.58],[58.06,25.58],[58.06,25.58],[58.06,25.58],[58.06,25.58],[58.06,25.58],[58.06,25.58],[58.06,25.58],[58.06,25.58],[58.06,25.59],[58.06,25.59],[58.05,25.59],[58.05,25.59],[58.05,25.59],[58.05,25.59],[58.05,25.59],[58.05,25.59],[58.05,25.59],[58.05,25.59],[58.05,25.59],[58.04,25.59],[58.04,25.59],[58.04,25.59],[58.04,25.59],[58.04,25.59],[58.04,25.59],[58.04,25.59],[58.04,25.59],[58.04,25.6],[58.04,25.6],[58.04,25.6],[58.04,25.6],[58.03,25.6],[58.03,25.6],[58.03,25.6],[58.03,25.6],[58.03,25.6],[58.03,25.6],[58.03,25.6],[58.03,25.6],[58.03,25.6],[58.03,25.6],[58.03,25.6],[58.03,25.6],[58.03,25.6],[58.03,25.61],[58.03,25.61],[58.03,25.61],[58.03,25.61],[58.02,25.61],[58.02,25.61],[58.02,25.61],[58.02,25.61],[58.02,25.61],[58.02,25.61],[58.02,25.61],[58.02,25.61],[58.02,25.61],[58.02,25.61],[58.02,25.62],[58.02,25.62],[58.02,25.62],[58.02,25.62],[58.02,25.62],[58.02,25.62],[58.02,25.62],[58.01,25.62],[58.01,25.62],[58.01,25.62],[58.01,25.62],[58.01,25.62],[58.01,25.62],[58.01,25.62],[58.01,25.63],[58.01,25.63],[58.01,25.63],[58.01,25.63],[58.01,25.63],[58.01,25.63],[58.01,25.63],[58.01,25.63],[58.01,25.63],[58.01,25.63],[58.01,25.63],[58.01,25.64],[58.01,25.64],[58.01,25.64],[58.01,25.64],[58.01,25.64],[58.01,25.64],[58.01,25.64],[58.01,25.64],[58.01,25.64],[58.01,25.64],[58.01,25.65],[58.01,25.65],[58.01,25.65],[58.0,25.65],[58.0,25.65],[58.0,25.65],[58.0,25.65],[58.0,25.65],[58.0,25.66],[58.0,25.66],[58.0,25.66],[58.0,25.66],[58.0,25.66],[58.0,25.66],[58.0,25.66],[58.0,25.66],[58.0,25.66],[58.0,25.66],[58.0,25.67],[58.0,25.67],[58.0,25.67],[58.0,25.67],[58.0,25.67],[57.99,25.67],[57.99,25.67],[57.99,25.67],[57.99,25.67],[57.99,25.67],[57.99,25.67],[57.99,25.67],[57.99,25.67],[57.99,25.67],[57.99,25.67],[57.99,25.67],[57.99,25.67],[57.98,25.67],[57.98,25.67],[57.98,25.67],[57.98,25.67],[57.98,25.67],[57.98,25.68],[57.98,25.68],[57.98,25.68],[57.98,25.68],[57.98,25.68],[57.98,25.68],[57.98,25.68],[57.98,25.68],[57.98,25.68],[57.98,25.68],[57.98,25.68],[57.98,25.68],[57.97,25.69],[57.97,25.69],[57.97,25.69],[57.97,25.69],[57.97,25.69],[57.97,25.69],[57.97,25.69],[57.97,25.69],[57.97,25.69],[57.97,25.69],[57.97,25.69],[57.97,25.69],[57.96,25.69],[57.96,25.69],[57.96,25.69],[57.96,25.69],[57.96,25.69],[57.96,25.69],[57.96,25.69],[57.96,25.7],[57.96,25.7],[57.96,25.7],[57.95,25.7],[57.95,25.7],[57.95,25.7],[57.95,25.7],[57.95,25.7],[57.95,25.7],[57.95,25.7],[57.95,25.7],[57.94,25.7],[57.94,25.7],[57.94,25.7],[57.92,25.7],[57.92,25.7],[57.91,25.7],[57.91,25.7],[57.91,25.7],[57.9,25.7],[57.9,25.7],[57.9,25.7],[57.9,25.7],[57.9,25.7],[57.89,25.7],[57.89,25.7],[57.89,25.69],[57.89,25.69],[57.89,25.69],[57.88,25.69],[57.88,25.69],[57.88,25.69],[57.88,25.69],[57.88,25.69],[57.88,25.69],[57.87,25.69],[57.87,25.69],[57.87,25.69],[57.87,25.69],[57.87,25.69],[57.87,25.69],[57.87,25.69],[57.86,25.69],[57.86,25.69],[57.86,25.69],[57.86,25.69],[57.86,25.69],[57.86,25.68],[57.86,25.68],[57.86,25.68],[57.86,25.68],[57.86,25.68],[57.86,25.68],[57.85,25.68],[57.85,25.68],[57.85,25.68],[57.85,25.68],[57.85,25.68],[57.85,25.68],[57.85,25.67],[57.85,25.67],[57.85,25.67],[57.85,25.67],[57.85,25.67],[57.85,25.67],[57.85,25.68],[57.85,25.68],[57.85,25.68],[57.85,25.68],[57.85,25.68],[57.85,25.68],[57.85,25.68],[57.85,25.68],[57.85,25.68],[57.85,25.68],[57.85,25.68],[57.85,25.68],[57.85,25.68],[57.85,25.68],[57.85,25.68],[57.85,25.68],[57.85,25.68],[57.84,25.68],[57.84,25.68],[57.84,25.67],[57.84,25.67],[57.84,25.67],[57.84,25.67],[57.84,25.67],[57.84,25.67],[57.84,25.67],[57.84,25.67],[57.83,25.67],[57.83,25.67],[57.83,25.67],[57.83,25.67],[57.83,25.67],[57.83,25.67],[57.83,25.67],[57.83,25.67],[57.83,25.67],[57.83,25.67],[57.83,25.66],[57.82,25.66],[57.82,25.66],[57.82,25.66],[57.82,25.66],[57.82,25.66],[57.82,25.66],[57.82,25.66],[57.82,25.66],[57.82,25.66],[57.82,25.66],[57.82,25.66],[57.81,25.66],[57.81,25.66],[57.81,25.66],[57.81,25.66],[57.81,25.66],[57.81,25.66],[57.81,25.65],[57.81,25.65],[57.8,25.65],[57.8,25.65],[57.8,25.65],[57.8,25.65],[57.8,25.65],[57.8,25.65],[57.8,25.65],[57.8,25.65],[57.8,25.65],[57.79,25.65],[57.79,25.65],[57.79,25.65],[57.79,25.65],[57.79,25.65],[57.79,25.65],[57.79,25.65],[57.78,25.64],[57.78,25.64],[57.78,25.64],[57.78,25.64],[57.78,25.64],[57.78,25.64],[57.78,25.64],[57.78,25.64],[57.78,25.64],[57.78,25.64],[57.77,25.64],[57.77,25.64],[57.77,25.64],[57.77,25.64],[57.77,25.64],[57.77,25.64],[57.77,25.64],[57.76,25.64],[57.76,25.64],[57.76,25.64],[57.76,25.64],[57.77,25.64],[57.77,25.65],[57.77,25.65],[57.77,25.65],[57.77,25.64],[57.77,25.65],[57.77,25.65],[57.77,25.65],[57.78,25.65],[57.78,25.65],[57.78,25.65],[57.78,25.65],[57.78,25.65],[57.78,25.65],[57.78,25.66],[57.78,25.66],[57.78,25.67],[57.78,25.67],[57.78,25.68],[57.78,25.68],[57.78,25.68],[57.78,25.68],[57.78,25.68],[57.78,25.68],[57.78,25.68],[57.78,25.68],[57.78,25.68],[57.78,25.68],[57.78,25.69],[57.78,25.69],[57.78,25.69],[57.79,25.69],[57.79,25.69],[57.79,25.69],[57.79,25.68],[57.79,25.68],[57.79,25.68],[57.79,25.68],[57.79,25.68],[57.79,25.68],[57.79,25.68],[57.79,25.69],[57.79,25.69],[57.79,25.69],[57.79,25.69],[57.79,25.69],[57.79,25.69],[57.79,25.69],[57.79,25.69],[57.79,25.69],[57.79,25.7],[57.79,25.7],[57.79,25.7],[57.79,25.7],[57.79,25.7],[57.79,25.7],[57.79,25.7],[57.79,25.7],[57.78,25.7],[57.78,25.7],[57.78,25.71],[57.78,25.71],[57.78,25.71],[57.78,25.71],[57.78,25.71],[57.78,25.71],[57.78,25.71],[57.78,25.71],[57.78,25.71],[57.78,25.71],[57.78,25.72],[57.78,25.72],[57.78,25.72],[57.78,25.72],[57.78,25.72],[57.77,25.72],[57.77,25.72],[57.77,25.72],[57.77,25.72],[57.77,25.72],[57.77,25.72],[57.77,25.72],[57.77,25.72],[57.77,25.73],[57.77,25.73],[57.77,25.73],[57.77,25.73],[57.77,25.73],[57.77,25.73],[57.77,25.73],[57.77,25.73],[57.76,25.73],[57.76,25.73],[57.76,25.73],[57.76,25.73],[57.76,25.73],[57.76,25.73],[57.76,25.73],[57.76,25.73],[57.76,25.73],[57.76,25.73],[57.76,25.74],[57.76,25.74],[57.75,25.74],[57.75,25.74],[57.75,25.74],[57.75,25.74],[57.75,25.74],[57.75,25.74],[57.75,25.74],[57.75,25.74],[57.75,25.74],[57.75,25.74],[57.75,25.74],[57.75,25.74],[57.75,25.74],[57.75,25.74],[57.74,25.74],[57.74,25.74],[57.74,25.74],[57.74,25.74],[57.74,25.74],[57.74,25.74],[57.74,25.74],[57.74,25.74],[57.73,25.75],[57.74,25.75],[57.73,25.75],[57.73,25.75],[57.73,25.75],[57.73,25.75],[57.73,25.75],[57.73,25.75],[57.73,25.75],[57.73,25.75],[57.73,25.75],[57.72,25.75],[57.72,25.75],[57.72,25.75],[57.72,25.75],[57.71,25.75],[57.71,25.75],[57.71,25.75],[57.71,25.75],[57.7,25.75],[57.71,25.75],[57.71,25.75],[57.71,25.75],[57.71,25.75],[57.71,25.76],[57.71,25.76],[57.71,25.76],[57.7,25.76],[57.7,25.76],[57.7,25.76],[57.7,25.76],[57.7,25.76],[57.7,25.76],[57.7,25.76],[57.7,25.76],[57.7,25.76],[57.7,25.76],[57.7,25.76],[57.7,25.76],[57.69,25.76],[57.69,25.76],[57.69,25.76],[57.69,25.76],[57.69,25.76],[57.69,25.75],[57.69,25.75],[57.69,25.75],[57.69,25.75],[57.68,25.75],[57.68,25.75],[57.69,25.75],[57.69,25.75],[57.69,25.75],[57.69,25.75],[57.69,25.75],[57.69,25.75],[57.69,25.75],[57.69,25.75],[57.7,25.75],[57.7,25.75],[57.7,25.75],[57.7,25.76],[57.7,25.76],[57.7,25.76],[57.7,25.76],[57.7,25.76],[57.7,25.75],[57.7,25.75],[57.7,25.75],[57.7,25.75],[57.7,25.75],[57.7,25.75],[57.7,25.75],[57.69,25.75],[57.68,25.75],[57.68,25.75],[57.68,25.75],[57.68,25.75],[57.68,25.74],[57.67,25.74],[57.67,25.74],[57.67,25.74],[57.67,25.74],[57.67,25.74],[57.66,25.74],[57.66,25.74],[57.66,25.74],[57.66,25.74],[57.66,25.74],[57.65,25.74],[57.65,25.74],[57.65,25.74],[57.65,25.74],[57.65,25.74],[57.65,25.74],[57.65,25.74],[57.65,25.74],[57.66,25.74],[57.66,25.74],[57.65,25.74],[57.65,25.73],[57.65,25.73],[57.65,25.73],[57.65,25.73],[57.64,25.73],[57.64,25.73],[57.64,25.73],[57.63,25.74],[57.63,25.74],[57.63,25.73],[57.63,25.73],[57.63,25.73],[57.62,25.74],[57.62,25.74],[57.62,25.74],[57.62,25.74],[57.62,25.74],[57.61,25.74],[57.61,25.74],[57.61,25.74],[57.61,25.74],[57.6,25.74],[57.6,25.74],[57.6,25.74],[57.59,25.74],[57.59,25.74],[57.58,25.74],[57.57,25.74],[57.57,25.74],[57.57,25.74],[57.57,25.75],[57.57,25.75],[57.55,25.75],[57.55,25.75],[57.53,25.74],[57.52,25.74],[57.52,25.74],[57.51,25.74],[57.51,25.74],[57.5,25.74],[57.5,25.74],[57.5,25.74],[57.5,25.75],[57.5,25.75],[57.5,25.75],[57.5,25.75],[57.5,25.75],[57.5,25.75],[57.5,25.75],[57.49,25.75],[57.49,25.75],[57.49,25.75],[57.48,25.75],[57.47,25.75],[57.47,25.75],[57.46,25.75],[57.46,25.75],[57.45,25.75],[57.45,25.75],[57.44,25.75],[57.44,25.76],[57.44,25.76],[57.44,25.76],[57.43,25.76],[57.43,25.76],[57.43,25.76],[57.42,25.76],[57.42,25.76],[57.42,25.76],[57.42,25.76],[57.42,25.76],[57.41,25.76],[57.41,25.76],[57.41,25.76],[57.41,25.76],[57.4,25.76],[57.4,25.76],[57.4,25.76],[57.4,25.76],[57.4,25.77],[57.4,25.77],[57.39,25.77],[57.39,25.77],[57.39,25.77],[57.39,25.77],[57.39,25.77],[57.39,25.77],[57.39,25.76],[57.39,25.76],[57.39,25.76],[57.39,25.76],[57.39,25.76],[57.39,25.76],[57.39,25.77],[57.39,25.77],[57.39,25.77],[57.39,25.77],[57.39,25.77],[57.39,25.77],[57.39,25.77],[57.39,25.77],[57.39,25.77],[57.38,25.77],[57.38,25.77],[57.38,25.77],[57.38,25.78],[57.38,25.78],[57.38,25.78],[57.38,25.78],[57.38,25.78],[57.38,25.78],[57.38,25.78],[57.38,25.78],[57.37,25.78],[57.37,25.78],[57.36,25.78],[57.35,25.78],[57.34,25.78],[57.34,25.78],[57.34,25.78],[57.34,25.78],[57.33,25.78],[57.33,25.78],[57.33,25.78],[57.32,25.78],[57.32,25.78],[57.32,25.78],[57.31,25.78],[57.31,25.78],[57.31,25.79],[57.31,25.79],[57.31,25.79],[57.31,25.79],[57.31,25.79],[57.3,25.79],[57.3,25.79],[57.3,25.79],[57.3,25.79],[57.3,25.79],[57.3,25.79],[57.3,25.79],[57.3,25.79],[57.3,25.79],[57.3,25.79],[57.3,25.79],[57.3,25.79],[57.3,25.8],[57.3,25.8],[57.3,25.8],[57.3,25.8],[57.3,25.8],[57.3,25.8],[57.3,25.8],[57.3,25.8],[57.3,25.79],[57.3,25.79],[57.3,25.79],[57.3,25.79],[57.3,25.79],[57.3,25.79],[57.3,25.79],[57.3,25.79],[57.3,25.79],[57.31,25.79],[57.31,25.79],[57.31,25.79],[57.31,25.79],[57.31,25.79],[57.31,25.79],[57.31,25.79],[57.32,25.79],[57.32,25.79],[57.32,25.78],[57.32,25.78],[57.32,25.78],[57.33,25.78],[57.33,25.78],[57.33,25.78],[57.34,25.78],[57.34,25.78],[57.34,25.78],[57.34,25.79],[57.34,25.79],[57.34,25.79],[57.34,25.79],[57.34,25.79],[57.34,25.79],[57.34,25.79],[57.34,25.79],[57.34,25.79],[57.33,25.79],[57.33,25.79],[57.33,25.79],[57.33,25.79],[57.33,25.79],[57.33,25.8],[57.33,25.8],[57.33,25.8],[57.33,25.8],[57.33,25.8],[57.33,25.8],[57.33,25.8],[57.32,25.8],[57.32,25.8],[57.32,25.8],[57.32,25.8],[57.32,25.8],[57.32,25.8],[57.32,25.81],[57.32,25.81],[57.32,25.81],[57.32,25.81],[57.32,25.81],[57.32,25.81],[57.32,25.81],[57.31,25.81],[57.31,25.81],[57.31,25.81],[57.31,25.81],[57.31,25.81],[57.31,25.81],[57.31,25.81],[57.3,25.81],[57.3,25.81],[57.3,25.81],[57.3,25.81],[57.3,25.81],[57.3,25.82],[57.3,25.82],[57.3,25.82],[57.3,25.83],[57.3,25.83],[57.3,25.83],[57.3,25.84],[57.3,25.84],[57.3,25.84],[57.3,25.84],[57.3,25.85],[57.29,25.85],[57.29,25.85],[57.29,25.85],[57.29,25.85],[57.29,25.86],[57.29,25.86],[57.29,25.86],[57.29,25.86],[57.29,25.86],[57.29,25.86],[57.29,25.87],[57.29,25.87],[57.29,25.87],[57.29,25.87],[57.29,25.88],[57.29,25.88],[57.29,25.88],[57.29,25.88],[57.29,25.88],[57.29,25.89],[57.29,25.89],[57.29,25.89],[57.28,25.89],[57.28,25.89],[57.28,25.9],[57.28,25.9],[57.28,25.9],[57.29,25.9],[57.28,25.9],[57.28,25.9],[57.28,25.91],[57.28,25.91],[57.28,25.91],[57.28,25.91],[57.28,25.92],[57.28,25.92],[57.28,25.92],[57.28,25.92],[57.28,25.92],[57.28,25.93],[57.28,25.93],[57.28,25.93],[57.28,25.93],[57.28,25.93],[57.28,25.93],[57.28,25.93],[57.28,25.93],[57.27,25.94],[57.27,25.94],[57.27,25.94],[57.27,25.94],[57.27,25.94],[57.27,25.94],[57.27,25.94],[57.27,25.94],[57.27,25.94],[57.27,25.94],[57.27,25.94],[57.27,25.94],[57.27,25.95],[57.27,25.95],[57.27,25.95],[57.27,25.95],[57.27,25.95],[57.26,25.95],[57.26,25.95],[57.26,25.95],[57.26,25.95],[57.26,25.95],[57.26,25.95],[57.26,25.96],[57.26,25.96],[57.26,25.96],[57.26,25.96],[57.26,25.96],[57.26,25.96],[57.26,25.96],[57.26,25.96],[57.26,25.96],[57.26,25.96],[57.25,25.96],[57.25,25.97],[57.25,25.97],[57.25,25.97],[57.25,25.97],[57.25,25.97],[57.26,25.97],[57.26,25.97],[57.25,25.97],[57.25,25.97],[57.25,25.98],[57.25,25.98],[57.25,25.98],[57.25,25.98],[57.25,25.98],[57.25,25.98],[57.25,25.98],[57.25,25.98],[57.25,25.98],[57.25,25.98],[57.25,25.98],[57.25,25.98],[57.25,25.99],[57.25,25.99],[57.24,25.99],[57.24,25.99],[57.24,25.99],[57.24,25.99],[57.24,25.99],[57.24,25.99],[57.24,25.99],[57.24,25.99],[57.24,25.99],[57.24,25.99],[57.24,26.0],[57.24,26.0],[57.23,26.0],[57.23,26.0],[57.23,26.0],[57.23,26.0],[57.23,26.0],[57.23,26.0],[57.23,26.0],[57.23,26.0],[57.22,26.0],[57.22,26.0],[57.22,26.0],[57.22,26.0],[57.22,26.0],[57.22,26.0],[57.22,26.0],[57.21,26.0],[57.21,26.0],[57.21,26.0],[57.21,26.01],[57.21,26.01],[57.21,26.01],[57.21,26.01],[57.21,26.01],[57.2,26.01],[57.2,26.01],[57.2,26.01],[57.2,26.01],[57.2,26.01],[57.2,26.01],[57.2,26.01],[57.2,26.01],[57.2,26.01],[57.2,26.01],[57.2,26.01],[57.2,26.02],[57.2,26.02],[57.2,26.02],[57.2,26.02],[57.2,26.02],[57.2,26.02],[57.2,26.02],[57.2,26.02],[57.2,26.02],[57.2,26.02],[57.2,26.02],[57.2,26.02],[57.2,26.02],[57.2,26.02],[57.2,26.03],[57.2,26.03],[57.2,26.03],[57.2,26.03],[57.19,26.03],[57.19,26.03],[57.19,26.03],[57.19,26.03],[57.19,26.03],[57.19,26.03],[57.19,26.03],[57.19,26.03],[57.19,26.03],[57.19,26.04],[57.19,26.04],[57.19,26.04],[57.19,26.05],[57.19,26.05],[57.19,26.05],[57.19,26.05],[57.19,26.05],[57.19,26.06],[57.19,26.06],[57.19,26.06],[57.19,26.06],[57.19,26.07],[57.19,26.07],[57.19,26.07],[57.19,26.07],[57.19,26.07],[57.19,26.08],[57.19,26.08],[57.19,26.08],[57.19,26.08],[57.19,26.08],[57.19,26.09],[57.19,26.09],[57.18,26.09],[57.18,26.09],[57.18,26.09],[57.18,26.1],[57.18,26.1],[57.19,26.1],[57.19,26.1],[57.19,26.1],[57.19,26.1],[57.19,26.1],[57.19,26.1],[57.19,26.1],[57.19,26.1],[57.19,26.1],[57.19,26.11],[57.19,26.11],[57.19,26.11],[57.19,26.11],[57.19,26.11],[57.19,26.11],[57.19,26.11],[57.2,26.11],[57.2,26.11],[57.2,26.11],[57.2,26.11],[57.2,26.11],[57.2,26.12],[57.2,26.12],[57.2,26.12],[57.2,26.12],[57.2,26.12],[57.2,26.12],[57.2,26.12],[57.2,26.12],[57.2,26.12],[57.21,26.12],[57.21,26.13],[57.21,26.13],[57.21,26.13],[57.21,26.13],[57.21,26.13],[57.21,26.13],[57.21,26.13],[57.21,26.13],[57.21,26.13],[57.21,26.13],[57.21,26.13],[57.21,26.13],[57.21,26.13],[57.21,26.13],[57.21,26.13],[57.21,26.14],[57.21,26.14],[57.22,26.14],[57.22,26.14],[57.22,26.14],[57.22,26.14],[57.22,26.14],[57.22,26.14],[57.22,26.14],[57.22,26.14],[57.22,26.14],[57.22,26.14],[57.22,26.14],[57.22,26.15],[57.22,26.15],[57.22,26.15],[57.22,26.15],[57.22,26.15],[57.22,26.15],[57.22,26.16],[57.23,26.16],[57.22,26.16],[57.22,26.16],[57.22,26.17],[57.22,26.17],[57.22,26.17],[57.22,26.17],[57.22,26.17],[57.22,26.17],[57.22,26.17],[57.22,26.17],[57.22,26.17],[57.22,26.17],[57.21,26.18],[57.21,26.18],[57.21,26.18],[57.21,26.18],[57.21,26.18],[57.21,26.18],[57.21,26.18],[57.21,26.18],[57.2,26.18],[57.2,26.18],[57.2,26.18],[57.2,26.18],[57.2,26.18],[57.2,26.18],[57.2,26.18],[57.2,26.18],[57.2,26.18],[57.2,26.18],[57.2,26.19],[57.2,26.19],[57.2,26.19],[57.19,26.19],[57.19,26.19],[57.19,26.2],[57.19,26.2],[57.19,26.2],[57.19,26.2],[57.19,26.2],[57.19,26.2],[57.19,26.21],[57.19,26.21],[57.19,26.21],[57.19,26.21],[57.19,26.21],[57.19,26.21],[57.19,26.21],[57.19,26.21],[57.19,26.21],[57.18,26.21],[57.18,26.21],[57.18,26.21],[57.18,26.21],[57.18,26.21],[57.18,26.21],[57.18,26.21],[57.17,26.21],[57.17,26.21],[57.17,26.22],[57.17,26.22],[57.17,26.22],[57.17,26.22],[57.17,26.22],[57.17,26.22],[57.17,26.22],[57.17,26.22],[57.16,26.22],[57.16,26.22],[57.16,26.22],[57.16,26.22],[57.16,26.22],[57.16,26.22],[57.16,26.22],[57.16,26.22],[57.16,26.22],[57.16,26.22],[57.16,26.22],[57.16,26.23],[57.15,26.23],[57.15,26.23],[57.15,26.23],[57.15,26.23],[57.15,26.23],[57.14,26.23],[57.14,26.23],[57.14,26.23],[57.14,26.23],[57.14,26.23],[57.14,26.23],[57.14,26.23],[57.14,26.24],[57.14,26.24],[57.14,26.24],[57.14,26.25],[57.14,26.25],[57.14,26.25],[57.13,26.25],[57.13,26.25],[57.13,26.25],[57.13,26.25],[57.13,26.25],[57.13,26.25],[57.13,26.25],[57.13,26.25],[57.13,26.25],[57.13,26.25],[57.13,26.26],[57.13,26.26],[57.13,26.26],[57.13,26.27],[57.12,26.27],[57.12,26.27],[57.12,26.27],[57.12,26.27],[57.12,26.27],[57.12,26.27],[57.12,26.27],[57.12,26.27],[57.12,26.27],[57.12,26.27],[57.12,26.27],[57.12,26.27],[57.12,26.27],[57.12,26.28],[57.12,26.28],[57.12,26.28],[57.12,26.28],[57.12,26.28],[57.12,26.29],[57.12,26.29],[57.12,26.29],[57.12,26.29],[57.12,26.29],[57.12,26.3],[57.12,26.3],[57.12,26.3],[57.11,26.3],[57.11,26.3],[57.11,26.3],[57.11,26.3],[57.11,26.3],[57.11,26.3],[57.11,26.3],[57.11,26.3],[57.11,26.3],[57.11,26.3],[57.11,26.3],[57.11,26.3],[57.11,26.3],[57.11,26.31],[57.11,26.31],[57.1,26.31],[57.1,26.31],[57.1,26.31],[57.1,26.31],[57.1,26.31],[57.1,26.31],[57.1,26.31],[57.1,26.31],[57.1,26.31],[57.09,26.31],[57.09,26.32],[57.09,26.32],[57.09,26.32],[57.09,26.32],[57.09,26.32],[57.09,26.32],[57.09,26.32],[57.1,26.32],[57.1,26.32],[57.09,26.32],[57.09,26.32],[57.09,26.32],[57.09,26.32],[57.09,26.32],[57.09,26.32],[57.09,26.32],[57.09,26.32],[57.09,26.32],[57.09,26.32],[57.09,26.32],[57.09,26.32],[57.09,26.32],[57.09,26.32],[57.09,26.32],[57.08,26.32],[57.08,26.32],[57.08,26.33],[57.08,26.33],[57.08,26.33],[57.08,26.33],[57.08,26.33],[57.08,26.33],[57.08,26.33],[57.08,26.33],[57.08,26.34],[57.08,26.34],[57.08,26.34],[57.08,26.34],[57.08,26.34],[57.08,26.34],[57.08,26.34],[57.07,26.34],[57.07,26.34],[57.07,26.34],[57.07,26.35],[57.07,26.35],[57.07,26.35],[57.07,26.35],[57.07,26.35],[57.07,26.35],[57.07,26.35],[57.07,26.35],[57.07,26.35],[57.07,26.36],[57.07,26.36],[57.07,26.36],[57.07,26.36],[57.07,26.36],[57.07,26.37],[57.07,26.37],[57.07,26.37],[57.07,26.37],[57.07,26.37],[57.06,26.37],[57.06,26.37],[57.06,26.37],[57.06,26.37],[57.06,26.38],[57.06,26.38],[57.06,26.39],[57.06,26.39],[57.06,26.39],[57.06,26.39],[57.06,26.4],[57.06,26.4],[57.06,26.4],[57.06,26.4],[57.06,26.4],[57.06,26.4],[57.06,26.41],[57.06,26.41],[57.06,26.42],[57.06,26.42],[57.06,26.42],[57.06,26.42],[57.06,26.42],[57.06,26.42],[57.07,26.42],[57.07,26.42],[57.07,26.42],[57.06,26.42],[57.06,26.43],[57.07,26.43],[57.07,26.43],[57.07,26.43],[57.07,26.43],[57.07,26.43],[57.07,26.43],[57.07,26.43],[57.07,26.43],[57.07,26.44],[57.06,26.44],[57.06,26.44],[57.06,26.44],[57.06,26.44],[57.06,26.44],[57.07,26.45],[57.07,26.45],[57.07,26.45],[57.07,26.45],[57.07,26.45],[57.07,26.45],[57.07,26.45],[57.07,26.45],[57.07,26.45],[57.07,26.45],[57.07,26.45],[57.07,26.46],[57.07,26.46],[57.07,26.46],[57.07,26.46],[57.07,26.46],[57.07,26.46],[57.07,26.46],[57.07,26.46],[57.07,26.46],[57.08,26.46],[57.08,26.46],[57.08,26.47],[57.08,26.47],[57.08,26.47],[57.08,26.47],[57.08,26.47],[57.08,26.47],[57.08,26.47],[57.08,26.47],[57.08,26.48],[57.08,26.48],[57.08,26.48],[57.08,26.48],[57.08,26.48],[57.08,26.48],[57.08,26.48],[57.08,26.48],[57.08,26.48],[57.08,26.48],[57.08,26.49],[57.08,26.49],[57.08,26.49],[57.08,26.49],[57.08,26.5],[57.08,26.5],[57.08,26.5],[57.08,26.5],[57.08,26.5],[57.08,26.5],[57.08,26.5],[57.08,26.5],[57.08,26.5],[57.08,26.5],[57.08,26.5],[57.08,26.5],[57.08,26.5],[57.08,26.51],[57.08,26.51],[57.08,26.51],[57.08,26.51],[57.08,26.51],[57.08,26.51],[57.08,26.51],[57.08,26.52],[57.08,26.52],[57.08,26.52],[57.08,26.52],[57.08,26.53],[57.08,26.53],[57.08,26.53],[57.08,26.54],[57.08,26.54],[57.08,26.56],[57.08,26.57],[57.08,26.57],[57.08,26.58],[57.08,26.58],[57.08,26.59],[57.08,26.59],[57.08,26.59],[57.08,26.59],[57.08,26.6],[57.08,26.61],[57.08,26.61],[57.08,26.62],[57.08,26.62],[57.08,26.63],[57.08,26.63],[57.08,26.63],[57.08,26.63],[57.08,26.64],[57.08,26.64],[57.07,26.65],[57.07,26.65],[57.07,26.65],[57.07,26.65],[57.07,26.66],[57.07,26.66],[57.07,26.66],[57.07,26.66],[57.07,26.66],[57.07,26.66],[57.07,26.67],[57.07,26.67],[57.07,26.67],[57.07,26.68],[57.07,26.68],[57.07,26.68],[57.07,26.68],[57.07,26.68],[57.07,26.68],[57.07,26.69],[57.07,26.69],[57.06,26.69],[57.06,26.69],[57.06,26.69],[57.06,26.7],[57.06,26.7],[57.06,26.7],[57.06,26.7],[57.06,26.7],[57.06,26.71],[57.06,26.71],[57.06,26.71],[57.06,26.71],[57.06,26.71],[57.06,26.71],[57.06,26.72],[57.06,26.72],[57.06,26.72],[57.05,26.72],[57.05,26.72],[57.05,26.72],[57.05,26.72],[57.05,26.72],[57.05,26.73],[57.05,26.73],[57.05,26.73],[57.05,26.73],[57.05,26.73],[57.05,26.73],[57.05,26.73],[57.05,26.74],[57.05,26.74],[57.05,26.74],[57.05,26.74],[57.05,26.74],[57.05,26.74],[57.04,26.74],[57.04,26.75],[57.04,26.75],[57.04,26.75],[57.04,26.75],[57.04,26.75],[57.04,26.75],[57.04,26.75],[57.04,26.75],[57.04,26.76],[57.04,26.76],[57.04,26.76],[57.04,26.76],[57.04,26.76],[57.04,26.76],[57.04,26.76],[57.04,26.76],[57.04,26.77],[57.03,26.77],[57.03,26.77],[57.03,26.77],[57.03,26.77],[57.03,26.77],[57.03,26.77],[57.03,26.77],[57.03,26.77],[57.03,26.78],[57.03,26.78],[57.03,26.78],[57.03,26.78],[57.03,26.79],[57.03,26.79],[57.03,26.79],[57.03,26.79],[57.03,26.79],[57.03,26.8],[57.03,26.8],[57.02,26.8],[57.02,26.8],[57.02,26.8],[57.02,26.8],[57.02,26.8],[57.02,26.81],[57.02,26.81],[57.02,26.81],[57.02,26.81],[57.02,26.81],[57.02,26.81],[57.02,26.81],[57.02,26.82],[57.02,26.82],[57.02,26.82],[57.02,26.82],[57.02,26.82],[57.02,26.82],[57.01,26.82],[57.01,26.82],[57.01,26.83],[57.01,26.83],[57.01,26.83],[57.01,26.83],[57.01,26.83],[57.01,26.83],[57.01,26.83],[57.01,26.83],[57.01,26.84],[57.01,26.84],[57.01,26.84],[57.01,26.84],[57.01,26.84],[57.01,26.84],[57.01,26.84],[57.0,26.84],[57.0,26.84],[57.0,26.84],[57.0,26.84],[57.0,26.84],[57.0,26.84],[57.0,26.85],[57.0,26.85],[57.0,26.85],[57.0,26.85],[57.0,26.85],[57.0,26.85],[57.0,26.85],[57.0,26.85],[57.0,26.85],[57.0,26.85],[57.0,26.85],[56.99,26.85],[56.99,26.85],[56.99,26.85],[56.99,26.86],[56.99,26.86],[56.99,26.86],[56.99,26.86],[56.99,26.86],[56.99,26.86],[56.99,26.86],[56.99,26.86],[56.99,26.86],[56.99,26.86],[56.99,26.86],[56.99,26.86],[56.99,26.86],[56.99,26.86],[56.98,26.86],[56.98,26.87],[56.98,26.87],[56.98,26.87],[56.98,26.87],[56.98,26.87],[56.98,26.87],[56.98,26.87],[56.98,26.87],[56.98,26.87],[56.98,26.87],[56.98,26.87],[56.98,26.87],[56.98,26.87],[56.97,26.87],[56.97,26.87],[56.97,26.88],[56.97,26.88],[56.97,26.88],[56.97,26.88],[56.97,26.88],[56.97,26.88],[56.97,26.88],[56.97,26.88],[56.97,26.88],[56.97,26.88],[56.97,26.88],[56.97,26.88],[56.97,26.88],[56.97,26.88],[56.96,26.88],[56.96,26.88],[56.96,26.88],[56.96,26.89],[56.96,26.89],[56.96,26.89],[56.96,26.89],[56.96,26.89],[56.96,26.89],[56.96,26.89],[56.96,26.89],[56.96,26.89],[56.95,26.89],[56.95,26.89],[56.95,26.89],[56.95,26.89],[56.95,26.89],[56.94,26.89],[56.94,26.89],[56.94,26.89],[56.94,26.89],[56.94,26.9],[56.94,26.9],[56.94,26.9],[56.94,26.9],[56.94,26.9],[56.94,26.9],[56.94,26.9],[56.94,26.9],[56.94,26.9],[56.94,26.9],[56.94,26.9],[56.94,26.9],[56.94,26.9],[56.95,26.9],[56.95,26.9],[56.95,26.9],[56.95,26.9],[56.95,26.9],[56.95,26.9],[56.95,26.9],[56.95,26.9],[56.95,26.9],[56.95,26.9],[56.95,26.91],[56.96,26.91],[56.95,26.91],[56.95,26.91],[56.95,26.91],[56.95,26.91],[56.95,26.91],[56.95,26.91],[56.95,26.91],[56.94,26.91],[56.94,26.91],[56.94,26.91],[56.94,26.91],[56.94,26.91],[56.94,26.91],[56.94,26.91],[56.94,26.91],[56.93,26.91],[56.93,26.91],[56.93,26.91],[56.93,26.91],[56.93,26.91],[56.93,26.91],[56.93,26.91],[56.93,26.91],[56.93,26.91],[56.93,26.92],[56.93,26.92],[56.93,26.92],[56.93,26.92],[56.93,26.92],[56.93,26.92],[56.93,26.92],[56.93,26.93],[56.93,26.93],[56.93,26.93],[56.93,26.93],[56.93,26.93],[56.93,26.93],[56.93,26.93],[56.93,26.94],[56.92,26.94],[56.92,26.94],[56.92,26.94],[56.92,26.94],[56.92,26.94],[56.92,26.94],[56.92,26.94],[56.92,26.95],[56.92,26.95],[56.92,26.95],[56.92,26.95],[56.92,26.95],[56.92,26.95],[56.92,26.95],[56.92,26.95],[56.92,26.95],[56.92,26.95],[56.92,26.95],[56.92,26.95],[56.91,26.96],[56.91,26.96],[56.91,26.96],[56.91,26.96],[56.92,26.96],[56.91,26.96],[56.91,26.96],[56.91,26.96],[56.91,26.96],[56.91,26.97],[56.91,26.97],[56.91,26.97],[56.92,26.97],[56.92,26.97],[56.92,26.97],[56.92,26.97],[56.92,26.97],[56.92,26.97],[56.92,26.97],[56.92,26.97],[56.92,26.97],[56.92,26.97],[56.92,26.97],[56.92,26.96],[56.92,26.96],[56.92,26.96],[56.92,26.96],[56.93,26.96],[56.93,26.96],[56.93,26.95],[56.93,26.95],[56.93,26.95],[56.93,26.95],[56.93,26.95],[56.93,26.95],[56.93,26.95],[56.93,26.95],[56.94,26.95],[56.94,26.95],[56.94,26.94],[56.94,26.94],[56.94,26.94],[56.94,26.94],[56.94,26.94],[56.94,26.94],[56.94,26.94],[56.94,26.94],[56.94,26.94],[56.94,26.94],[56.94,26.94],[56.94,26.94],[56.94,26.95],[56.95,26.95],[56.95,26.95],[56.95,26.95],[56.95,26.94],[56.95,26.94],[56.95,26.95],[56.95,26.95],[56.95,26.95],[56.95,26.94],[56.95,26.94],[56.95,26.94],[56.95,26.94],[56.95,26.94],[56.95,26.94],[56.96,26.94],[56.96,26.94],[56.95,26.94],[56.95,26.94],[56.95,26.95],[56.95,26.95],[56.95,26.95],[56.95,26.95],[56.95,26.95],[56.95,26.95],[56.95,26.95],[56.95,26.95],[56.95,26.95],[56.95,26.95],[56.95,26.96],[56.95,26.96],[56.94,26.96],[56.94,26.96],[56.94,26.96],[56.94,26.96],[56.94,26.96],[56.94,26.96],[56.94,26.96],[56.94,26.96],[56.94,26.96],[56.94,26.96],[56.94,26.96],[56.94,26.96],[56.94,26.96],[56.94,26.96],[56.94,26.96],[56.94,26.97],[56.94,26.97],[56.94,26.97],[56.94,26.97],[56.94,26.97],[56.94,26.97],[56.94,26.97],[56.94,26.98],[56.94,26.98],[56.94,26.97],[56.94,26.97],[56.94,26.97],[56.95,26.97],[56.95,26.97],[56.95,26.97],[56.95,26.97],[56.95,26.97],[56.95,26.97],[56.95,26.97],[56.95,26.97],[56.95,26.97],[56.95,26.97],[56.95,26.97],[56.96,26.97],[56.96,26.97],[56.96,26.97],[56.96,26.97],[56.96,26.97],[56.96,26.97],[56.97,26.97],[56.97,26.97],[56.97,26.97],[56.97,26.97],[56.97,26.97],[56.97,26.97],[56.97,26.97],[56.97,26.97],[56.97,26.97],[56.97,26.97],[56.96,26.97],[56.96,26.97],[56.96,26.97],[56.96,26.97],[56.96,26.97],[56.96,26.97],[56.95,26.97],[56.95,26.97],[56.95,26.98],[56.95,26.98],[56.95,26.98],[56.95,26.98],[56.95,26.98],[56.95,26.98],[56.95,26.98],[56.95,26.98],[56.95,26.98],[56.95,26.98],[56.95,26.98],[56.95,26.98],[56.95,26.98],[56.95,26.98],[56.95,26.98],[56.96,26.98],[56.96,26.98],[56.96,26.98],[56.96,26.98],[56.96,26.98],[56.96,26.99],[56.96,26.99],[56.96,26.99],[56.96,26.98],[56.96,26.98],[56.96,26.99],[56.96,26.99],[56.96,26.99],[56.96,26.99],[56.96,26.99],[56.96,26.99],[56.96,26.99],[56.96,26.99],[56.96,26.99],[56.96,26.99],[56.96,26.99],[56.96,26.99],[56.96,27.0],[56.96,26.99],[56.96,26.99],[56.96,26.99],[56.96,26.99],[56.96,26.99],[56.96,26.99],[56.96,27.0],[56.95,27.0],[56.95,27.0],[56.95,27.0],[56.95,27.0],[56.96,27.0],[56.96,27.0],[56.96,27.0],[56.96,27.0],[56.96,27.0],[56.96,27.0],[56.96,27.0],[56.96,27.0],[56.96,27.01],[56.96,27.01],[56.96,27.01],[56.96,27.01],[56.96,27.01],[56.96,27.01],[56.96,27.01],[56.96,27.01],[56.97,27.01],[56.97,27.01],[56.97,27.01],[56.97,27.01],[56.97,27.01],[56.97,27.01],[56.97,27.01],[56.97,27.01],[56.98,27.01],[56.97,27.01],[56.97,27.01],[56.97,27.01],[56.97,27.01],[56.97,27.01],[56.97,27.02],[56.97,27.02],[56.97,27.02],[56.97,27.02],[56.97,27.02],[56.97,27.02],[56.97,27.02],[56.97,27.02],[56.97,27.02],[56.97,27.02],[56.97,27.02],[56.97,27.02],[56.97,27.02],[56.97,27.02],[56.96,27.02],[56.96,27.01],[56.96,27.01],[56.96,27.01],[56.96,27.01],[56.96,27.01],[56.96,27.01],[56.96,27.01],[56.96,27.01],[56.96,27.01],[56.96,27.01],[56.96,27.01],[56.96,27.01],[56.96,27.01],[56.96,27.01],[56.95,27.0],[56.95,27.01],[56.95,27.0],[56.95,27.0],[56.95,27.0],[56.95,27.0],[56.95,27.01],[56.95,27.01],[56.95,27.01],[56.95,27.01],[56.95,27.01],[56.95,27.01],[56.96,27.01],[56.96,27.01],[56.96,27.01],[56.96,27.02],[56.96,27.02],[56.96,27.02],[56.96,27.02],[56.96,27.02],[56.96,27.02],[56.96,27.02],[56.96,27.02],[56.96,27.02],[56.96,27.02],[56.96,27.02],[56.96,27.03],[56.96,27.03],[56.96,27.03],[56.96,27.03],[56.96,27.03],[56.96,27.03],[56.96,27.03],[56.96,27.02],[56.96,27.02],[56.96,27.02],[56.96,27.02],[56.96,27.02],[56.96,27.02],[56.96,27.02],[56.96,27.03],[56.95,27.03],[56.95,27.02],[56.95,27.02],[56.95,27.02],[56.95,27.02],[56.95,27.02],[56.95,27.02],[56.95,27.02],[56.95,27.02],[56.95,27.02],[56.95,27.01],[56.95,27.01],[56.95,27.02],[56.95,27.02],[56.95,27.02],[56.95,27.02],[56.95,27.02],[56.95,27.02],[56.95,27.02],[56.95,27.02],[56.95,27.02],[56.95,27.02],[56.95,27.02],[56.95,27.01],[56.95,27.02],[56.95,27.02],[56.94,27.02],[56.94,27.02],[56.94,27.02],[56.94,27.02],[56.94,27.01],[56.94,27.01],[56.94,27.01],[56.94,27.01],[56.95,27.01],[56.94,27.01],[56.94,27.01],[56.94,27.01],[56.94,27.01],[56.94,27.01],[56.94,27.01],[56.94,27.02],[56.94,27.02],[56.94,27.02],[56.94,27.02],[56.94,27.02],[56.94,27.02],[56.93,27.02],[56.93,27.02],[56.93,27.02],[56.93,27.02],[56.93,27.02],[56.93,27.02],[56.93,27.02],[56.93,27.02],[56.93,27.02],[56.93,27.02],[56.93,27.02],[56.93,27.02],[56.93,27.02],[56.93,27.02],[56.93,27.01],[56.94,27.01],[56.94,27.01],[56.94,27.01],[56.94,27.01],[56.94,27.01],[56.93,27.01],[56.93,27.01],[56.93,27.01],[56.93,27.01],[56.93,27.01],[56.93,27.01],[56.93,27.01],[56.93,27.01],[56.93,27.01],[56.93,27.01],[56.93,27.01],[56.93,27.01],[56.93,27.01],[56.93,27.01],[56.93,27.01],[56.93,27.01],[56.93,27.01],[56.93,27.01],[56.93,27.01],[56.93,27.01],[56.93,27.01],[56.93,27.01],[56.93,27.01],[56.93,27.01],[56.93,27.01],[56.92,27.01],[56.93,27.0],[56.93,27.0],[56.93,27.0],[56.93,27.0],[56.93,27.0],[56.93,27.0],[56.93,27.0],[56.93,27.0],[56.93,27.0],[56.93,27.0],[56.93,27.0],[56.93,27.0],[56.93,27.0],[56.93,27.0],[56.93,27.0],[56.93,26.99],[56.93,26.99],[56.93,27.0],[56.92,26.99],[56.92,26.99],[56.92,27.0],[56.92,26.99],[56.92,27.0],[56.92,27.0],[56.92,27.0],[56.92,27.0],[56.92,27.0],[56.92,27.0],[56.92,27.0],[56.92,27.0],[56.92,27.0],[56.92,27.0],[56.91,27.0],[56.91,27.0],[56.91,27.0],[56.91,27.0],[56.91,27.0],[56.91,27.0],[56.91,27.0],[56.91,27.0],[56.91,27.0],[56.91,27.0],[56.91,27.01],[56.9,27.01],[56.9,27.01],[56.9,27.01],[56.91,27.01],[56.91,27.01],[56.91,27.01],[56.91,27.01],[56.91,27.01],[56.9,27.01],[56.9,27.02],[56.9,27.02],[56.9,27.02],[56.9,27.02],[56.91,27.02],[56.91,27.02],[56.91,27.03],[56.91,27.03],[56.91,27.03],[56.91,27.03],[56.91,27.04],[56.91,27.03],[56.9,27.03],[56.9,27.03],[56.9,27.02],[56.9,27.02],[56.9,27.02],[56.9,27.02],[56.9,27.02],[56.9,27.02],[56.9,27.02],[56.9,27.02],[56.9,27.02],[56.89,27.02],[56.89,27.02],[56.89,27.02],[56.89,27.02],[56.89,27.02],[56.89,27.02],[56.89,27.02],[56.89,27.02],[56.89,27.02],[56.89,27.02],[56.89,27.02],[56.89,27.02],[56.89,27.02],[56.89,27.02],[56.88,27.02],[56.88,27.01],[56.88,27.01],[56.88,27.01],[56.88,27.01],[56.88,27.01],[56.88,27.01],[56.88,27.01],[56.88,27.01],[56.88,27.01],[56.88,27.01],[56.88,27.01],[56.87,27.01],[56.87,27.01],[56.87,27.01],[56.87,27.01],[56.87,27.01],[56.87,27.01],[56.87,27.01],[56.87,27.01],[56.87,27.01],[56.87,27.01],[56.87,27.01],[56.87,27.02],[56.87,27.02],[56.87,27.02],[56.87,27.02],[56.87,27.02],[56.87,27.02],[56.87,27.02],[56.88,27.02],[56.88,27.02],[56.88,27.02],[56.88,27.02],[56.88,27.02],[56.88,27.02],[56.88,27.02],[56.88,27.02],[56.88,27.02],[56.87,27.02],[56.87,27.02],[56.87,27.02],[56.87,27.02],[56.87,27.02],[56.87,27.02],[56.87,27.02],[56.87,27.02],[56.87,27.02],[56.87,27.02],[56.87,27.02],[56.86,27.02],[56.86,27.02],[56.86,27.02],[56.86,27.02],[56.86,27.02],[56.86,27.02],[56.86,27.02],[56.85,27.02],[56.85,27.03],[56.85,27.03],[56.85,27.03],[56.85,27.03],[56.85,27.03],[56.85,27.03],[56.85,27.03],[56.85,27.03],[56.85,27.03],[56.85,27.03],[56.85,27.03],[56.85,27.03],[56.85,27.03],[56.85,27.03],[56.85,27.04],[56.84,27.04],[56.84,27.04],[56.84,27.04],[56.84,27.04],[56.84,27.04],[56.84,27.04],[56.84,27.04],[56.84,27.04],[56.84,27.04],[56.84,27.04],[56.84,27.04],[56.84,27.04],[56.84,27.05],[56.84,27.05],[56.84,27.05],[56.84,27.05],[56.84,27.05],[56.85,27.05],[56.85,27.05],[56.85,27.05],[56.85,27.05],[56.85,27.05],[56.85,27.05],[56.86,27.05],[56.86,27.04],[56.86,27.04],[56.86,27.05],[56.86,27.05],[56.87,27.05],[56.87,27.05],[56.87,27.05],[56.87,27.05],[56.87,27.05],[56.87,27.05],[56.86,27.05],[56.86,27.05],[56.86,27.05],[56.86,27.05],[56.86,27.05],[56.86,27.05],[56.86,27.05],[56.86,27.05],[56.86,27.05],[56.86,27.05],[56.86,27.05],[56.86,27.05],[56.86,27.05],[56.86,27.05],[56.86,27.05],[56.86,27.05],[56.86,27.06],[56.86,27.06],[56.86,27.06],[56.86,27.06],[56.86,27.06],[56.86,27.06],[56.87,27.06],[56.87,27.06],[56.87,27.06],[56.87,27.06],[56.87,27.06],[56.87,27.06],[56.87,27.06],[56.87,27.06],[56.87,27.06],[56.87,27.06],[56.87,27.06],[56.87,27.06],[56.87,27.06],[56.86,27.06],[56.86,27.06],[56.86,27.06],[56.86,27.06],[56.86,27.06],[56.86,27.06],[56.86,27.06],[56.86,27.06],[56.86,27.06],[56.85,27.06],[56.85,27.05],[56.85,27.05],[56.85,27.06],[56.85,27.06],[56.85,27.06],[56.85,27.06],[56.85,27.06],[56.85,27.06],[56.85,27.06],[56.85,27.06],[56.85,27.07],[56.85,27.07],[56.85,27.07],[56.85,27.07],[56.85,27.07],[56.85,27.07],[56.85,27.07],[56.85,27.07],[56.85,27.07],[56.85,27.07],[56.85,27.07],[56.85,27.07],[56.85,27.08],[56.85,27.08],[56.85,27.08],[56.85,27.08],[56.85,27.08],[56.85,27.08],[56.85,27.08],[56.85,27.08],[56.85,27.08],[56.85,27.08],[56.84,27.08],[56.84,27.08],[56.84,27.08],[56.84,27.08],[56.84,27.08],[56.84,27.08],[56.84,27.07],[56.84,27.08],[56.84,27.07],[56.84,27.07],[56.84,27.07],[56.84,27.08],[56.84,27.07],[56.84,27.07],[56.84,27.07],[56.83,27.08],[56.84,27.08],[56.84,27.08],[56.84,27.08],[56.83,27.08],[56.83,27.08],[56.83,27.08],[56.83,27.08],[56.83,27.08],[56.83,27.08],[56.83,27.08],[56.83,27.08],[56.83,27.08],[56.83,27.09],[56.84,27.09],[56.84,27.09],[56.83,27.09],[56.83,27.09],[56.83,27.09],[56.83,27.09],[56.83,27.09],[56.83,27.09],[56.83,27.09],[56.83,27.09],[56.84,27.09],[56.84,27.1],[56.84,27.1],[56.83,27.1],[56.83,27.1],[56.83,27.1],[56.83,27.1],[56.83,27.1],[56.83,27.1],[56.83,27.1],[56.83,27.1],[56.83,27.09],[56.83,27.09],[56.83,27.09],[56.83,27.09],[56.83,27.09],[56.83,27.09],[56.83,27.09],[56.83,27.09],[56.83,27.09],[56.83,27.09],[56.83,27.09],[56.83,27.09],[56.83,27.09],[56.82,27.09],[56.82,27.09],[56.82,27.09],[56.82,27.08],[56.82,27.09],[56.82,27.09],[56.82,27.09],[56.81,27.09],[56.81,27.09],[56.81,27.09],[56.81,27.09],[56.81,27.09],[56.81,27.09],[56.81,27.09],[56.81,27.09],[56.81,27.09],[56.81,27.1],[56.81,27.1],[56.81,27.1],[56.81,27.1],[56.81,27.1],[56.81,27.1],[56.81,27.1],[56.8,27.1],[56.8,27.1],[56.8,27.1],[56.8,27.1],[56.8,27.1],[56.8,27.1],[56.8,27.11],[56.8,27.11],[56.8,27.11],[56.8,27.11],[56.8,27.11],[56.8,27.11],[56.79,27.11],[56.79,27.11],[56.79,27.11],[56.79,27.11],[56.79,27.11],[56.79,27.11],[56.79,27.11],[56.79,27.11],[56.79,27.11],[56.79,27.11],[56.79,27.11],[56.79,27.12],[56.79,27.12],[56.79,27.12],[56.8,27.12],[56.8,27.12],[56.8,27.12],[56.8,27.12],[56.8,27.12],[56.8,27.12],[56.8,27.12],[56.8,27.12],[56.8,27.12],[56.81,27.12],[56.81,27.12],[56.81,27.11],[56.81,27.12],[56.81,27.12],[56.81,27.12],[56.81,27.12],[56.81,27.12],[56.8,27.12],[56.8,27.12],[56.81,27.12],[56.81,27.13],[56.81,27.13],[56.81,27.13],[56.81,27.13],[56.81,27.13],[56.81,27.13],[56.81,27.13],[56.81,27.14],[56.81,27.14],[56.81,27.14],[56.81,27.13],[56.81,27.13],[56.81,27.13],[56.81,27.13],[56.81,27.13],[56.8,27.13],[56.8,27.13],[56.8,27.12],[56.8,27.12],[56.8,27.12],[56.8,27.12],[56.8,27.12],[56.8,27.12],[56.8,27.12],[56.79,27.12],[56.79,27.12],[56.79,27.12],[56.79,27.12],[56.79,27.12],[56.79,27.12],[56.79,27.12],[56.79,27.12],[56.79,27.12],[56.79,27.12],[56.79,27.12],[56.78,27.12],[56.78,27.12],[56.78,27.12],[56.78,27.12],[56.78,27.13],[56.78,27.13],[56.78,27.13],[56.78,27.13],[56.78,27.13],[56.78,27.13],[56.78,27.13],[56.78,27.13],[56.78,27.13],[56.77,27.13],[56.77,27.13],[56.77,27.13],[56.77,27.13],[56.77,27.13],[56.77,27.14],[56.77,27.14],[56.77,27.14],[56.77,27.14],[56.77,27.13],[56.77,27.13],[56.76,27.13],[56.76,27.14],[56.76,27.14],[56.76,27.14],[56.76,27.13],[56.76,27.13],[56.76,27.13],[56.76,27.13],[56.76,27.13],[56.76,27.13],[56.76,27.13],[56.76,27.13],[56.76,27.13],[56.75,27.13],[56.75,27.13],[56.75,27.13],[56.76,27.13],[56.76,27.13],[56.76,27.14],[56.76,27.14],[56.76,27.14],[56.75,27.14],[56.75,27.14],[56.75,27.14],[56.75,27.14],[56.75,27.14],[56.74,27.14],[56.74,27.14],[56.74,27.13],[56.75,27.13],[56.75,27.13],[56.75,27.13],[56.75,27.13],[56.75,27.13],[56.75,27.13],[56.75,27.13],[56.75,27.13],[56.75,27.13],[56.74,27.13],[56.74,27.13],[56.74,27.13],[56.74,27.13],[56.74,27.13],[56.74,27.13],[56.74,27.13],[56.74,27.13],[56.74,27.13],[56.74,27.13],[56.74,27.14],[56.74,27.14],[56.74,27.14],[56.74,27.14],[56.74,27.14],[56.74,27.14],[56.74,27.14],[56.73,27.14],[56.73,27.14],[56.73,27.14],[56.73,27.14],[56.73,27.14],[56.73,27.14],[56.73,27.14],[56.73,27.15],[56.73,27.15],[56.73,27.15],[56.73,27.15],[56.73,27.15],[56.73,27.15],[56.72,27.15],[56.72,27.15],[56.72,27.15],[56.72,27.15],[56.72,27.15],[56.72,27.15],[56.72,27.15],[56.72,27.15],[56.72,27.15],[56.72,27.15],[56.72,27.15],[56.72,27.15],[56.72,27.15],[56.72,27.15],[56.72,27.15],[56.72,27.15],[56.71,27.15],[56.71,27.15],[56.71,27.15],[56.71,27.15],[56.71,27.15],[56.71,27.15],[56.71,27.15],[56.71,27.15],[56.71,27.15],[56.71,27.15],[56.71,27.15],[56.71,27.15],[56.71,27.15],[56.71,27.15],[56.71,27.15],[56.7,27.15],[56.7,27.15],[56.7,27.15],[56.7,27.15],[56.7,27.15],[56.7,27.15],[56.7,27.15],[56.7,27.15],[56.7,27.15],[56.7,27.15],[56.7,27.15],[56.7,27.15],[56.7,27.15],[56.7,27.15],[56.7,27.15],[56.7,27.15],[56.7,27.15],[56.7,27.14],[56.69,27.14],[56.69,27.14],[56.69,27.15],[56.69,27.15],[56.69,27.15],[56.69,27.15],[56.69,27.14],[56.69,27.14],[56.69,27.14],[56.69,27.14],[56.69,27.15],[56.69,27.15],[56.69,27.15],[56.69,27.15],[56.68,27.15],[56.68,27.15],[56.68,27.15],[56.68,27.15],[56.68,27.15],[56.68,27.15],[56.68,27.15],[56.68,27.15],[56.68,27.15],[56.68,27.15],[56.68,27.15],[56.68,27.15],[56.68,27.15],[56.68,27.15],[56.68,27.15],[56.68,27.15],[56.67,27.15],[56.67,27.15],[56.67,27.15],[56.67,27.15],[56.67,27.15],[56.67,27.15],[56.67,27.15],[56.68,27.15],[56.68,27.16],[56.68,27.16],[56.67,27.16],[56.67,27.16],[56.67,27.16],[56.67,27.16],[56.67,27.16],[56.67,27.16],[56.67,27.16],[56.67,27.16],[56.67,27.16],[56.66,27.16],[56.66,27.16],[56.66,27.15],[56.66,27.15],[56.66,27.15],[56.66,27.15],[56.66,27.15],[56.66,27.15],[56.66,27.15],[56.65,27.15],[56.65,27.15],[56.66,27.15],[56.65,27.15],[56.65,27.15],[56.65,27.15],[56.65,27.15],[56.65,27.15],[56.65,27.15],[56.65,27.15],[56.65,27.16],[56.65,27.16],[56.65,27.16],[56.65,27.16],[56.65,27.16],[56.65,27.16],[56.65,27.16],[56.65,27.16],[56.65,27.16],[56.65,27.16],[56.65,27.16],[56.65,27.16],[56.65,27.16],[56.65,27.16],[56.65,27.16],[56.65,27.16],[56.65,27.16],[56.65,27.16],[56.66,27.16],[56.66,27.16],[56.66,27.16],[56.66,27.16],[56.66,27.17],[56.66,27.17],[56.66,27.17],[56.66,27.17],[56.66,27.17],[56.66,27.17],[56.66,27.17],[56.66,27.18],[56.66,27.18],[56.66,27.18],[56.66,27.18],[56.66,27.18],[56.66,27.18],[56.66,27.18],[56.66,27.18],[56.66,27.18],[56.66,27.18],[56.66,27.18],[56.66,27.18],[56.66,27.17],[56.66,27.17],[56.66,27.17],[56.66,27.17],[56.66,27.17],[56.66,27.17],[56.66,27.17],[56.66,27.17],[56.66,27.17],[56.66,27.17],[56.65,27.17],[56.65,27.17],[56.65,27.17],[56.65,27.17],[56.65,27.16],[56.65,27.16],[56.65,27.16],[56.65,27.16],[56.65,27.16],[56.65,27.16],[56.64,27.16],[56.64,27.16],[56.64,27.16],[56.64,27.16],[56.64,27.15],[56.64,27.15],[56.64,27.15],[56.64,27.15],[56.64,27.15],[56.64,27.15],[56.64,27.15],[56.64,27.15],[56.64,27.15],[56.63,27.15],[56.63,27.15],[56.63,27.15],[56.63,27.15],[56.63,27.15],[56.63,27.15],[56.63,27.15],[56.63,27.16],[56.63,27.16],[56.63,27.16],[56.62,27.16],[56.62,27.16],[56.62,27.16],[56.62,27.16],[56.62,27.16],[56.62,27.16],[56.62,27.16],[56.62,27.16],[56.62,27.16],[56.61,27.16],[56.61,27.16],[56.61,27.16],[56.61,27.16],[56.61,27.16],[56.61,27.16],[56.61,27.16],[56.61,27.16],[56.61,27.16],[56.61,27.16],[56.61,27.16],[56.61,27.16],[56.61,27.16],[56.61,27.16],[56.61,27.17],[56.61,27.17],[56.61,27.17],[56.61,27.17],[56.61,27.17],[56.61,27.17],[56.61,27.17],[56.61,27.17],[56.6,27.17],[56.6,27.17],[56.6,27.16],[56.6,27.16],[56.6,27.16],[56.6,27.16],[56.6,27.16],[56.59,27.16],[56.59,27.16],[56.59,27.16],[56.59,27.17],[56.59,27.17],[56.59,27.17],[56.59,27.17],[56.59,27.17],[56.59,27.17],[56.59,27.17],[56.59,27.17],[56.59,27.17],[56.59,27.17],[56.59,27.17],[56.59,27.17],[56.59,27.17],[56.59,27.18],[56.59,27.18],[56.59,27.18],[56.59,27.18],[56.6,27.18],[56.6,27.18],[56.6,27.18],[56.6,27.18],[56.59,27.18],[56.59,27.18],[56.59,27.18],[56.59,27.18],[56.59,27.17],[56.59,27.17],[56.59,27.17],[56.59,27.17],[56.59,27.17],[56.59,27.17],[56.59,27.17],[56.58,27.17],[56.58,27.17],[56.58,27.17],[56.58,27.17],[56.58,27.17],[56.58,27.17],[56.58,27.17],[56.58,27.16],[56.58,27.16],[56.58,27.16],[56.58,27.16],[56.57,27.16],[56.57,27.16],[56.57,27.16],[56.57,27.16],[56.57,27.16],[56.57,27.16],[56.57,27.16],[56.57,27.16],[56.57,27.16],[56.57,27.16],[56.56,27.16],[56.56,27.16],[56.56,27.16],[56.56,27.16],[56.56,27.16],[56.56,27.16],[56.56,27.16],[56.56,27.16],[56.56,27.16],[56.56,27.16],[56.56,27.16],[56.55,27.16],[56.55,27.16],[56.55,27.16],[56.55,27.16],[56.55,27.16],[56.55,27.16],[56.54,27.16],[56.54,27.16],[56.54,27.16],[56.54,27.16],[56.54,27.16],[56.54,27.16],[56.54,27.16],[56.54,27.16],[56.54,27.17],[56.54,27.17],[56.54,27.17],[56.54,27.17],[56.53,27.16],[56.53,27.17],[56.53,27.17],[56.53,27.17],[56.53,27.17],[56.53,27.17],[56.53,27.17],[56.53,27.17],[56.53,27.17],[56.53,27.17],[56.53,27.17],[56.53,27.17],[56.53,27.17],[56.53,27.17],[56.53,27.17],[56.53,27.17],[56.53,27.17],[56.52,27.17],[56.52,27.17],[56.52,27.17],[56.52,27.17],[56.52,27.17],[56.52,27.17],[56.52,27.17],[56.52,27.17],[56.52,27.17],[56.52,27.17],[56.52,27.17],[56.52,27.16],[56.52,27.16],[56.52,27.16],[56.52,27.16],[56.52,27.17],[56.52,27.17],[56.51,27.17],[56.51,27.17],[56.51,27.17],[56.51,27.17],[56.51,27.17],[56.51,27.17],[56.51,27.17],[56.5,27.17],[56.5,27.17],[56.5,27.17],[56.5,27.17],[56.5,27.17],[56.49,27.17],[56.49,27.17],[56.49,27.17],[56.49,27.17],[56.49,27.17],[56.49,27.17],[56.48,27.17],[56.48,27.17],[56.48,27.17],[56.48,27.17],[56.48,27.16],[56.48,27.16],[56.47,27.16],[56.47,27.16],[56.47,27.16],[56.47,27.16],[56.47,27.16],[56.47,27.16],[56.46,27.16],[56.46,27.16],[56.46,27.17],[56.46,27.17],[56.45,27.17],[56.45,27.17],[56.45,27.17],[56.45,27.17],[56.45,27.17],[56.45,27.17],[56.45,27.17],[56.45,27.17],[56.44,27.17],[56.44,27.17],[56.44,27.17],[56.44,27.17],[56.44,27.17],[56.44,27.17],[56.44,27.17],[56.44,27.17],[56.44,27.17],[56.43,27.17],[56.43,27.17],[56.43,27.17],[56.43,27.17],[56.43,27.17],[56.43,27.17],[56.43,27.17],[56.43,27.17],[56.42,27.17],[56.42,27.17],[56.42,27.17],[56.42,27.17],[56.42,27.17],[56.41,27.17],[56.41,27.17],[56.41,27.17],[56.41,27.17],[56.41,27.17],[56.41,27.17],[56.41,27.17],[56.41,27.18],[56.41,27.18],[56.41,27.18],[56.4,27.18],[56.4,27.18],[56.4,27.17],[56.4,27.17],[56.4,27.17],[56.4,27.17],[56.4,27.17],[56.4,27.17],[56.4,27.17],[56.4,27.17],[56.4,27.17],[56.4,27.17],[56.4,27.17],[56.39,27.18],[56.39,27.18],[56.39,27.18],[56.39,27.18],[56.4,27.18],[56.4,27.18],[56.4,27.18],[56.4,27.18],[56.4,27.18],[56.4,27.18],[56.4,27.19],[56.4,27.19],[56.4,27.19],[56.4,27.19],[56.4,27.19],[56.4,27.19],[56.4,27.18],[56.4,27.18],[56.4,27.18],[56.4,27.18],[56.4,27.18],[56.39,27.18],[56.39,27.18],[56.39,27.18],[56.39,27.18],[56.39,27.18],[56.39,27.18],[56.39,27.18],[56.39,27.18],[56.39,27.18],[56.38,27.18],[56.38,27.18],[56.38,27.18],[56.38,27.18],[56.38,27.18],[56.37,27.19],[56.37,27.19],[56.37,27.19],[56.37,27.19],[56.37,27.19],[56.37,27.19],[56.37,27.19],[56.37,27.19],[56.37,27.19],[56.37,27.19],[56.36,27.19],[56.36,27.19],[56.36,27.19],[56.36,27.19],[56.36,27.19],[56.35,27.19],[56.35,27.19],[56.35,27.19],[56.35,27.19],[56.35,27.19],[56.35,27.19],[56.35,27.19],[56.34,27.19],[56.34,27.19],[56.34,27.19],[56.34,27.19],[56.34,27.19],[56.34,27.19],[56.33,27.19],[56.33,27.19],[56.33,27.19],[56.33,27.19],[56.33,27.18],[56.33,27.18],[56.33,27.18],[56.33,27.18],[56.32,27.18],[56.32,27.18],[56.32,27.18],[56.32,27.18],[56.32,27.18],[56.31,27.18],[56.31,27.18],[56.31,27.18],[56.3,27.18],[56.3,27.18],[56.3,27.18],[56.3,27.18],[56.3,27.18],[56.3,27.18],[56.29,27.18],[56.29,27.18],[56.29,27.18],[56.29,27.18],[56.29,27.18],[56.29,27.18],[56.29,27.18],[56.28,27.18],[56.28,27.18],[56.28,27.18],[56.28,27.18],[56.28,27.18],[56.28,27.18],[56.28,27.18],[56.28,27.18],[56.27,27.18],[56.27,27.18],[56.27,27.17],[56.27,27.17],[56.27,27.17],[56.26,27.17],[56.26,27.17],[56.26,27.17],[56.26,27.17],[56.26,27.17],[56.26,27.17],[56.26,27.17],[56.25,27.17],[56.25,27.17],[56.25,27.17],[56.25,27.17],[56.25,27.17],[56.25,27.17],[56.25,27.17],[56.25,27.16],[56.25,27.16],[56.25,27.16],[56.24,27.16],[56.24,27.16],[56.24,27.16],[56.24,27.16],[56.24,27.16],[56.24,27.16],[56.24,27.16],[56.24,27.16],[56.24,27.16],[56.24,27.16],[56.24,27.16],[56.23,27.16],[56.23,27.16],[56.24,27.15],[56.23,27.16],[56.23,27.16],[56.23,27.16],[56.23,27.15],[56.23,27.15],[56.23,27.15],[56.23,27.15],[56.23,27.15],[56.23,27.15],[56.22,27.15],[56.22,27.15],[56.22,27.15],[56.22,27.15],[56.22,27.16],[56.22,27.16],[56.22,27.16],[56.22,27.16],[56.22,27.16],[56.22,27.16],[56.22,27.16],[56.22,27.16],[56.22,27.16],[56.22,27.16],[56.22,27.16],[56.22,27.15],[56.22,27.15],[56.22,27.15],[56.22,27.15],[56.22,27.15],[56.22,27.14],[56.22,27.14],[56.22,27.14],[56.22,27.14],[56.22,27.14],[56.22,27.14],[56.22,27.14],[56.21,27.14],[56.21,27.14],[56.21,27.14],[56.21,27.14],[56.21,27.14],[56.21,27.14],[56.21,27.14],[56.21,27.14],[56.21,27.14],[56.2,27.14],[56.21,27.14],[56.21,27.14],[56.21,27.14],[56.21,27.14],[56.21,27.14],[56.21,27.14],[56.21,27.14],[56.21,27.14],[56.21,27.14],[56.21,27.14],[56.21,27.15],[56.21,27.14],[56.21,27.14],[56.21,27.14],[56.21,27.14],[56.21,27.14],[56.21,27.14],[56.2,27.14],[56.21,27.15],[56.2,27.15],[56.2,27.15],[56.21,27.15],[56.2,27.15],[56.2,27.15],[56.2,27.15],[56.2,27.15],[56.2,27.14],[56.2,27.14],[56.2,27.14],[56.2,27.14],[56.2,27.14],[56.2,27.14],[56.2,27.14],[56.2,27.14],[56.2,27.14],[56.2,27.13],[56.2,27.13],[56.2,27.13],[56.2,27.13],[56.2,27.13],[56.2,27.13],[56.2,27.13],[56.2,27.13],[56.2,27.13],[56.2,27.14],[56.2,27.14],[56.19,27.14],[56.19,27.14],[56.19,27.14],[56.19,27.14],[56.19,27.14],[56.19,27.14],[56.19,27.14],[56.19,27.14],[56.19,27.14],[56.19,27.14],[56.19,27.14],[56.19,27.14],[56.19,27.14],[56.19,27.15],[56.19,27.15],[56.19,27.15],[56.19,27.15],[56.19,27.15],[56.19,27.15],[56.19,27.15],[56.19,27.15],[56.18,27.15],[56.18,27.15],[56.17,27.15],[56.17,27.15],[56.17,27.15],[56.16,27.15],[56.16,27.15],[56.15,27.15],[56.15,27.15],[56.15,27.15],[56.15,27.15],[56.15,27.15],[56.14,27.15],[56.14,27.15],[56.14,27.15],[56.13,27.15],[56.13,27.15],[56.13,27.15],[56.13,27.15],[56.13,27.15],[56.13,27.15],[56.12,27.15],[56.12,27.15],[56.12,27.15],[56.12,27.15],[56.12,27.15],[56.12,27.15],[56.12,27.15],[56.12,27.14],[56.12,27.14],[56.12,27.14],[56.12,27.14],[56.12,27.14],[56.11,27.14],[56.11,27.14],[56.11,27.14],[56.11,27.14],[56.11,27.14],[56.11,27.14],[56.11,27.14],[56.11,27.14],[56.11,27.14],[56.11,27.13],[56.11,27.13],[56.11,27.13],[56.11,27.13],[56.11,27.13],[56.1,27.13],[56.1,27.13],[56.1,27.13],[56.1,27.13],[56.1,27.13],[56.1,27.13],[56.1,27.13],[56.1,27.13],[56.1,27.13],[56.1,27.13],[56.1,27.12],[56.1,27.12],[56.09,27.12],[56.09,27.12],[56.09,27.12],[56.09,27.12],[56.09,27.12],[56.09,27.12],[56.09,27.12],[56.09,27.12],[56.09,27.12],[56.09,27.11],[56.09,27.11],[56.09,27.11],[56.09,27.11],[56.09,27.11],[56.09,27.11],[56.09,27.11],[56.09,27.11],[56.09,27.11],[56.09,27.11],[56.09,27.11],[56.09,27.11],[56.09,27.11],[56.08,27.11],[56.08,27.11],[56.08,27.11],[56.08,27.1],[56.08,27.1],[56.08,27.1],[56.08,27.1],[56.08,27.1],[56.08,27.1],[56.08,27.1],[56.07,27.1],[56.07,27.1],[56.07,27.1],[56.07,27.1],[56.07,27.1],[56.07,27.1],[56.07,27.11],[56.07,27.11],[56.07,27.11],[56.07,27.11],[56.07,27.11],[56.07,27.11],[56.07,27.11],[56.07,27.11],[56.07,27.1],[56.07,27.1],[56.07,27.1],[56.07,27.1],[56.07,27.1],[56.07,27.1],[56.07,27.1],[56.07,27.1],[56.07,27.1],[56.07,27.1],[56.07,27.1],[56.07,27.1],[56.06,27.1],[56.06,27.1],[56.06,27.1],[56.06,27.1]]]]}},{"type":"Feature","id":"Kerman","properties":{"name":"Kerman","name_fa":"کرمان"},"geometry":{"type":"MultiPolygon","coordinates":[[[[56.86,32.0],[56.98,31.96],[57.17,31.89],[57.36,31.81],[57.44,31.78],[57.61,31.71],[57.77,31.66],[57.87,31.64],[57.98,31.59],[58.11,31.53],[58.25,31.48],[58.41,31.41],[58.69,31.3],[58.86,31.24],[59.07,31.16],[59.16,31.06],[59.25,30.94],[59.31,30.87],[59.38,30.75],[59.49,30.63],[59.48,30.51],[59.45,30.39],[59.42,30.26],[59.4,30.09],[59.34,29.89],[59.31,29.82],[59.3,29.71],[59.34,29.67],[59.41,29.62],[59.41,29.55],[59.44,29.39],[59.46,29.28],[59.45,29.24],[59.4,29.16],[59.36,29.11],[59.31,29.03],[59.33,28.93],[59.33,28.88],[59.33,28.82],[59.35,28.78],[59.38,28.73],[59.31,28.66],[59.24,28.61],[59.12,28.56],[59.0,28.52],[58.9,28.49],[58.87,28.45],[58.9,28.41],[58.98,28.39],[59.04,28.34],[59.04,28.26],[59.0,28.19],[58.91,28.12],[58.89,28.06],[58.9,27.98],[58.9,27.87],[58.9,27.71],[58.88,27.59],[58.85,27.53],[58.81,27.42],[58.78,27.25],[58.77,27.16],[58.79,27.1],[58.8,27.04],[58.8,26.97],[58.8,26.91],[58.83,26.86],[58.92,26.81],[58.95,26.76],[58.95,26.67],[58.91,26.61],[58.89,26.58],[58.96,26.53],[58.97,26.49],[58.89,26.45],[58.88,26.39],[58.92,26.35],[58.95,26.3],[58.95,26.27],[58.91,26.23],[58.91,26.19],[58.89,26.15],[58.9,26.1],[58.86,26.03],[58.86,26.01],[58.83,26.03],[58.83,26.06],[58.8,26.07],[58.76,26.07],[58.74,26.1],[58.71,26.09],[58.7,26.05],[58.64,26.06],[58.6,26.06],[58.55,26.05],[58.53,26.08],[58.53,26.14],[58.51,26.15],[58.52,26.17],[58.52,26.2],[58.44,26.21],[58.41,26.22],[58.38,26.24],[58.32,26.21],[58.29,26.21],[58.25,26.22],[58.19,26.23],[58.16,26.23],[58.12,26.22],[58.08,26.21],[58.06,26.22],[58.08,26.25],[58.1,26.28],[58.09,26.31],[58.09,26.36],[58.1,26.42],[58.1,26.47],[58.11,26.5],[58.12,26.53],[58.14,26.61],[58.16,26.66],[58.13,26.71],[58.13,26.74],[58.17,26.74],[58.21,26.7],[58.22,26.73],[58.19,26.81],[58.13,26.85],[58.04,26.92],[57.99,26.95],[57.96,26.95],[57.91,26.95],[57.89,26.92],[57.84,26.86],[57.8,26.84],[57.77,26.86],[57.75,26.88],[57.7,26.92],[57.64,26.93],[57.57,26.98],[57.52,27.0],[57.46,27.01],[57.42,27.03],[57.39,27.07],[57.39,27.14],[57.38,27.22],[57.37,27.33],[57.37,27.43],[57.33,27.58],[57.28,27.62],[57.23,27.64],[57.25,27.67],[57.3,27.7],[57.3,27.75],[57.23,27.81],[57.18,27.88],[57.13,27.95],[57.04,27.98],[57.02,28.01],[57.0,28.1],[56.98,28.19],[56.99,28.25],[56.97,28.29],[56.9,28.31],[56.85,28.34],[56.78,28.31],[56.74,28.25],[56.66,28.18],[56.59,28.14],[56.48,28.11],[56.39,28.12],[56.31,28.14],[56.24,28.17],[56.17,28.23],[56.05,28.34],[56.02,28.39],[56.06,28.49],[56.07,28.61],[56.07,28.78],[56.06,28.87],[56.02,28.93],[55.97,28.92],[55.84,28.88],[55.7,28.77],[55.62,28.74],[55.57,28.75],[55.47,28.85],[55.38,28.91],[55.33,28.93],[55.23,28.94],[55.17,28.95],[55.11,28.98],[55.06,29.06],[55.02,29.18],[54.97,29.34],[54.93,29.4],[54.87,29.42],[54.75,29.42],[54.66,29.42],[54.58,29.47],[54.54,29.56],[54.47,29.65],[54.44,29.72],[54.43,29.77],[54.48,29.81],[54.54,29.82],[54.62,29.84],[54.6,29.9],[54.59,29.97],[54.59,30.09],[54.62,30.21],[54.63,30.28],[54.57,30.32],[54.53,30.37],[54.52,30.49],[54.49,30.54],[54.4,30.65],[54.39,30.7],[54.41,30.78],[54.44,30.83],[54.48,30.89],[54.54,30.95],[54.61,30.99],[54.69,30.98],[54.78,30.99],[55.0,31.03],[55.15,31.05],[55.35,31.02],[55.45,31.02],[55.63,31.06],[55.67,31.09],[55.7,31.18],[55.71,31.31],[55.72,31.43],[55.71,31.54],[55.74,31.59],[55.83,31.63],[56.04,31.7],[56.22,31.78],[56.33,31.86],[56.44,31.93],[56.51,31.96],[56.59,31.99],[56.62,32.05],[56.74,32.03],[56.81,32.02],[56.86,32.0]]]]}},{"type":"Feature","id":"Khuzestan","properties":{"name":"Khuzestan","name_fa":"خوزستان"},"geometry":{"type":"MultiPolygon","coordinates":[[[[48.89,30.02],[48.89,30.02],[48.89,30.02],[48.89,30.02],[48.89,30.02],[48.89,30.02],[48.89,30.02],[48.89,30.02],[48.89,30.02]]],[[[49.08,30.1],[49.09,30.1],[49.09,30.1],[49.09,30.1],[49.09,30.1],[49.09,30.1],[49.09,30.1],[49.09,30.1],[49.09,30.1],[49.09,30.1],[49.09,30.1],[49.09,30.1],[49.09,30.1],[49.09,30.1],[49.08,30.1],[49.08,30.1],[49.08,30.1],[49.08,30.1],[49.08,30.1],[49.08,30.1],[49.08,30.1],[49.08,30.1]]],[[[49.12,30.12],[49.12,30.12],[49.12,30.12],[49.12,30.12],[49.12,30.12],[49.12,30.11],[49.12,30.11],[49.12,30.1],[49.12,30.1],[49.12,30.1],[49.12,30.1],[49.12,30.1],[49.12,30.1],[49.12,30.1],[49.12,30.09],[49.12,30.09],[49.12,30.09],[49.12,30.09],[49.12,30.09],[49.12,30.09],[49.12,30.09],[49.12,30.09],[49.12,30.09],[49.12,30.09],[49.12,30.09],[49.12,30.09],[49.12,30.09],[49.12,30.09],[49.12,30.09],[49.12,30.09],[49.11,30.09],[49.11,30.09],[49.11,30.09],[49.11,30.09],[49.11,30.09],[49.11,30.09],[49.11,30.09],[49.11,30.09],[49.1,30.09],[49.1,30.09],[49.1,30.09],[49.1,30.09],[49.1,30.09],[49.1,30.09],[49.1,30.09],[49.1,30.09],[49.1,30.09],[49.1,30.09],[49.1,30.09],[49.09,30.09],[49.09,30.1],[49.09,30.1],[49.09,30.1],[49.09,30.1],[49.09,30.1],[49.09,30.1],[49.1,30.1],[49.1,30.1],[49.1,30.1],[49.1,30.1],[49.1,30.1],[49.1,30.1],[49.1,30.1],[49.1,30.1],[49.1,30.1],[49.1,30.1],[49.1,30.1],[49.1,30.11],[49.1,30.11],[49.1,30.11],[49.1,30.11],[49.1,30.11],[49.1,30.11],[49.1,30.11],[49.1,30.11],[49.11,30.11],[49.11,30.11],[49.11,30.11],[49.11,30.11],[49.11,30.11],[49.11,30.11],[49.11,30.11],[49.11,30.11],[49.11,30.11],[49.11,30.11],[49.11,30.11],[49.12,30.11],[49.12,30.12],[49.12,30.12],[49.12,30.12],[49.12,30.12],[49.12,30.12],[49.12,30.12],[49.12,30.12],[49.12,30.12],[49.12,30.12],[49.12,30.12]]],[[[49.01,30.14],[49.01,30.14],[49.01,30.14],[49.01,30.14],[49.01,30.13],[49.01,30.13],[49.01,30.13],[49.01,30.13],[49.01,30.13],[49.01,30.13],[49.01,30.13],[49.02,30.13],[49.02,30.13],[49.02,30.13],[49.02,30.13],[49.02,30.13],[49.02,30.13],[49.02,30.13],[49.02,30.13],[49.02,30.13],[49.02,30.13],[49.02,30.13],[49.02,30.13],[49.02,30.13],[49.02,30.13],[49.02,30.13],[49.01,30.13],[49.01,30.13],[49.01,30.13],[49.01,30.13],[49.01,30.13],[49.01,30.13],[49.01,30.13],[49.01,30.13],[49.01,30.13],[49.01,30.13],[49.01,30.13],[49.01,30.13],[49.01,30.13],[49.01,30.13],[49.01,30.13],[49.01,30.13],[49.01,30.13],[49.01,30.14],[49.01,30.14],[49.01,30.14],[49.01,30.14],[49.01,30.14]]],[[[49.13,30.15],[49.13,30.15],[49.13,30.15],[49.13,30.15],[49.13,30.15],[49.13,30.15],[49.13,30.15],[49.13,30.15],[49.13,30.15],[49.13,30.15]]],[[[49.12,30.16],[49.12,30.16],[49.12,30.16],[49.12,30.16],[49.12,30.16]]],[[[49.23,30.16],[49.23,30.16],[49.23,30.16],[49.23,30.16],[49.23,30.16],[49.23,30.16],[49.23,30.16],[49.23,30.16],[49.23,30.16],[49.23,30.16],[49.23,30.15],[49.23,30.15],[49.23,30.15],[49.23,30.15],[49.23,30.15],[49.22,30.15],[49.22,30.15],[49.22,30.15],[49.22,30.15],[49.22,30.15],[49.22,30.15],[49.22,30.16],[49.22,30.16],[49.22,30.16],[49.22,30.16],[49.22,30.16],[49.22,30.16],[49.22,30.16],[49.22,30.16],[49.22,30.16],[49.23,30.16],[49.23,30.16],[49.23,30.16],[49.23,30.16],[49.23,30.16],[49.23,30.16],[49.23,30.16],[49.23,30.16],[49.23,30.16],[49.23,30.16]]],[[[49.24,30.16],[49.24,30.16],[49.24,30.16],[49.24,30.16],[49.24,30.16],[49.24,30.16],[49.23,30.16],[49.23,30.16],[49.23,30.16],[49.23,30.16],[49.23,30.16],[49.23,30.16],[49.23,30.16],[49.24,30.16],[49.24,30.16],[49.24,30.16]]],[[[49.23,30.18],[49.23,30.18],[49.23,30.18],[49.24,30.17],[49.24,30.17],[49.24,30.17],[49.24,30.17],[49.23,30.17],[49.23,30.17],[49.23,30.17],[49.23,30.17],[49.23,30.17],[49.23,30.17],[49.23,30.17],[49.23,30.17],[49.23,30.17],[49.23,30.17],[49.22,30.17],[49.22,30.17],[49.22,30.17],[49.23,30.17],[49.23,30.17],[49.23,30.17],[49.23,30.17],[49.23,30.17],[49.23,30.17],[49.23,30.17],[49.23,30.17],[49.23,30.17],[49.23,30.17],[49.23,30.17],[49.23,30.17],[49.23,30.18],[49.23,30.18],[49.23,30.18],[49.23,30.18],[49.23,30.18]]],[[[49.16,30.18],[49.16,30.18],[49.16,30.18],[49.16,30.18],[49.16,30.18],[49.16,30.17],[49.16,30.17],[49.17,30.17],[49.17,30.17],[49.17,30.17],[49.17,30.17],[49.17,30.17],[49.17,30.17],[49.18,30.17],[49.18,30.17],[49.18,30.17],[49.18,30.17],[49.18,30.17],[49.19,30.17],[49.19,30.17],[49.19,30.17],[49.19,30.17],[49.19,30.17],[49.19,30.17],[49.2,30.17],[49.2,30.17],[49.2,30.17],[49.2,30.17],[49.2,30.17],[49.2,30.17],[49.2,30.16],[49.2,30.16],[49.2,30.16],[49.2,30.16],[49.2,30.16],[49.2,30.16],[49.21,30.16],[49.21,30.16],[49.21,30.16],[49.21,30.16],[49.21,30.16],[49.21,30.16],[49.21,30.16],[49.21,30.16],[49.21,30.16],[49.21,30.16],[49.21,30.16],[49.21,30.16],[49.21,30.15],[49.21,30.15],[49.21,30.15],[49.21,30.15],[49.21,30.15],[49.21,30.15],[49.21,30.16],[49.21,30.16],[49.21,30.15],[49.21,30.15],[49.21,30.15],[49.22,30.15],[49.22,30.15],[49.22,30.15],[49.22,30.15],[49.22,30.15],[49.21,30.15],[49.21,30.15],[49.21,30.15],[49.21,30.15],[49.21,30.14],[49.21,30.14],[49.21,30.14],[49.21,30.14],[49.2,30.14],[49.2,30.14],[49.2,30.14],[49.2,30.14],[49.2,30.14],[49.2,30.14],[49.19,30.14],[49.19,30.14],[49.19,30.14],[49.19,30.14],[49.18,30.14],[49.18,30.14],[49.18,30.14],[49.18,30.14],[49.18,30.14],[49.18,30.14],[49.17,30.14],[49.17,30.14],[49.17,30.14],[49.17,30.14],[49.17,30.14],[49.17,30.14],[49.17,30.14],[49.16,30.14],[49.16,30.14],[49.16,30.14],[49.16,30.14],[49.16,30.14],[49.16,30.14],[49.16,30.13],[49.16,30.13],[49.16,30.13],[49.16,30.13],[49.16,30.13],[49.16,30.13],[49.16,30.13],[49.16,30.13],[49.16,30.13],[49.15,30.13],[49.15,30.13],[49.15,30.13],[49.15,30.13],[49.15,30.13],[49.15,30.13],[49.15,30.13],[49.15,30.13],[49.15,30.13],[49.15,30.14],[49.15,30.14],[49.15,30.14],[49.15,30.14],[49.15,30.14],[49.15,30.14],[49.15,30.14],[49.15,30.14],[49.15,30.14],[49.15,30.14],[49.15,30.15],[49.15,30.15],[49.15,30.15],[49.15,30.15],[49.15,30.15],[49.16,30.15],[49.16,30.15],[49.16,30.16],[49.16,30.16],[49.16,30.16],[49.16,30.16],[49.16,30.16],[49.16,30.16],[49.16,30.17],[49.16,30.17],[49.15,30.17],[49.15,30.17],[49.15,30.17],[49.15,30.17],[49.15,30.17],[49.16,30.17],[49.16,30.17],[49.16,30.17],[49.15,30.18],[49.16,30.18],[49.16,30.18],[49.16,30.18],[49.16,30.18],[49.16,30.18]]],[[[49.15,30.19],[49.15,30.19],[49.15,30.19],[49.15,30.19],[49.15,30.19],[49.15,30.19],[49.15,30.19],[49.15,30.19],[49.15,30.19],[49.15,30.19],[49.15,30.19],[49.15,30.19],[49.15,30.19]]],[[[49.16,30.19],[49.16,30.19],[49.16,30.19],[49.16,30.19],[49.16,30.19],[49.16,30.19],[49.16,30.19],[49.16,30.19],[49.16,30.19],[49.16,30.19],[49.16,30.19],[49.16,30.19],[49.16,30.19],[49.16,30.19],[49.16,30.19],[49.16,30.19],[49.16,30.19],[49.16,30.19],[49.16,30.19]]],[[[49.02,30.2],[49.02,30.2],[49.02,30.2],[49.02,30.2],[49.02,30.2],[49.02,30.2],[49.02,30.2],[49.02,30.2],[49.02,30.2],[49.02,30.2],[49.02,30.2]]],[[[49.03,30.21],[49.03,30.2],[49.03,30.2],[49.03,30.2],[49.03,30.2],[49.03,30.2],[49.03,30.2],[49.03,30.2],[49.03,30.2],[49.03,30.2],[49.03,30.2],[49.03,30.2],[49.03,30.21]]],[[[49.01,30.21],[49.01,30.2],[49.01,30.2],[49.01,30.2],[49.01,30.2],[49.01,30.2],[49.01,30.2],[49.01,30.2],[49.01,30.21],[49.01,30.21],[49.01,30.21]]],[[[49.22,30.21],[49.22,30.21],[49.22,30.21],[49.22,30.21],[49.22,30.21],[49.22,30.21],[49.22,30.21],[49.23,30.21],[49.23,30.21],[49.23,30.21],[49.23,30.21],[49.23,30.21],[49.23,30.21],[49.23,30.21],[49.23,30.21],[49.23,30.21],[49.23,30.21],[49.23,30.2],[49.23,30.2],[49.23,30.2],[49.23,30.2],[49.23,30.2],[49.23,30.2],[49.23,30.2],[49.23,30.2],[49.23,30.2],[49.23,30.2],[49.24,30.2],[49.24,30.2],[49.24,30.2],[49.24,30.19],[49.24,30.19],[49.24,30.19],[49.24,30.19],[49.23,30.19],[49.23,30.19],[49.23,30.18],[49.23,30.18],[49.23,30.18],[49.23,30.18],[49.23,30.18],[49.23,30.18],[49.23,30.18],[49.23,30.18],[49.23,30.18],[49.23,30.18],[49.23,30.18],[49.23,30.18],[49.23,30.18],[49.23,30.18],[49.23,30.18],[49.23,30.17],[49.22,30.17],[49.22,30.18],[49.22,30.18],[49.22,30.18],[49.22,30.18],[49.22,30.18],[49.22,30.18],[49.22,30.18],[49.22,30.18],[49.22,30.17],[49.22,30.18],[49.22,30.18],[49.22,30.18],[49.22,30.18],[49.22,30.18],[49.22,30.17],[49.22,30.17],[49.22,30.17],[49.22,30.17],[49.21,30.17],[49.21,30.18],[49.21,30.18],[49.21,30.18],[49.21,30.18],[49.21,30.18],[49.21,30.18],[49.21,30.18],[49.21,30.18],[49.21,30.18],[49.21,30.18],[49.21,30.18],[49.21,30.18],[49.21,30.18],[49.21,30.18],[49.21,30.17],[49.21,30.17],[49.21,30.17],[49.21,30.17],[49.21,30.17],[49.21,30.17],[49.21,30.17],[49.21,30.17],[49.21,30.17],[49.21,30.17],[49.21,30.17],[49.21,30.17],[49.21,30.17],[49.21,30.17],[49.21,30.16],[49.21,30.16],[49.22,30.16],[49.22,30.16],[49.22,30.16],[49.22,30.16],[49.21,30.16],[49.21,30.16],[49.21,30.16],[49.21,30.16],[49.21,30.16],[49.21,30.16],[49.21,30.16],[49.21,30.16],[49.21,30.16],[49.21,30.16],[49.21,30.16],[49.21,30.17],[49.21,30.17],[49.21,30.17],[49.21,30.17],[49.21,30.17],[49.21,30.17],[49.21,30.17],[49.21,30.17],[49.21,30.17],[49.2,30.17],[49.2,30.17],[49.2,30.17],[49.2,30.17],[49.2,30.17],[49.2,30.18],[49.2,30.18],[49.2,30.18],[49.2,30.18],[49.2,30.18],[49.2,30.18],[49.2,30.18],[49.2,30.18],[49.2,30.18],[49.2,30.18],[49.2,30.19],[49.2,30.19],[49.2,30.19],[49.2,30.2],[49.2,30.2],[49.2,30.2],[49.2,30.2],[49.2,30.2],[49.2,30.2],[49.2,30.2],[49.2,30.2],[49.2,30.2],[49.2,30.2],[49.2,30.2],[49.21,30.2],[49.21,30.21],[49.21,30.21],[49.21,30.21],[49.21,30.21],[49.21,30.21],[49.21,30.21],[49.21,30.21],[49.22,30.21],[49.22,30.21],[49.22,30.21],[49.22,30.21],[49.22,30.21],[49.22,30.21],[49.22,30.21],[49.22,30.21],[49.22,30.21],[49.22,30.21]]],[[[49.08,30.22],[49.08,30.22],[49.08,30.21],[49.08,30.21],[49.08,30.21],[49.08,30.2],[49.07,30.2],[49.07,30.2],[49.07,30.2],[49.07,30.2],[49.07,30.2],[49.07,30.2],[49.07,30.2],[49.07,30.2],[49.07,30.21],[49.07,30.21],[49.07,30.21],[49.07,30.21],[49.07,30.21],[49.07,30.21],[49.07,30.21],[49.07,30.21],[49.07,30.21],[49.07,30.21],[49.07,30.21],[49.07,30.21],[49.07,30.21],[49.08,30.21],[49.08,30.22],[49.08,30.22],[49.08,30.22],[49.08,30.22]]],[[[49.23,30.24],[49.23,30.24],[49.23,30.23],[49.23,30.23],[49.23,30.23],[49.23,30.23],[49.23,30.23],[49.23,30.23],[49.23,30.23],[49.23,30.23],[49.23,30.23],[49.22,30.23],[49.22,30.23],[49.22,30.23],[49.22,30.23],[49.22,30.23],[49.22,30.22],[49.22,30.22],[49.22,30.22],[49.22,30.22],[49.22,30.22],[49.22,30.22],[49.22,30.22],[49.22,30.22],[49.22,30.22],[49.22,30.22],[49.22,30.22],[49.22,30.21],[49.22,30.21],[49.22,30.21],[49.22,30.21],[49.22,30.21],[49.22,30.21],[49.22,30.21],[49.21,30.21],[49.21,30.21],[49.21,30.21],[49.21,30.21],[49.21,30.21],[49.21,30.21],[49.21,30.21],[49.21,30.21],[49.2,30.21],[49.2,30.21],[49.2,30.21],[49.2,30.2],[49.2,30.2],[49.2,30.2],[49.2,30.2],[49.2,30.21],[49.2,30.21],[49.2,30.21],[49.2,30.21],[49.2,30.21],[49.2,30.21],[49.2,30.21],[49.2,30.21],[49.2,30.22],[49.2,30.22],[49.2,30.22],[49.2,30.22],[49.2,30.22],[49.2,30.22],[49.2,30.22],[49.2,30.22],[49.2,30.22],[49.21,30.22],[49.21,30.22],[49.21,30.22],[49.21,30.22],[49.21,30.22],[49.21,30.22],[49.21,30.22],[49.21,30.22],[49.21,30.22],[49.21,30.22],[49.21,30.23],[49.22,30.23],[49.22,30.23],[49.22,30.23],[49.22,30.23],[49.22,30.23],[49.22,30.23],[49.22,30.23],[49.22,30.23],[49.22,30.23],[49.22,30.23],[49.22,30.24],[49.23,30.24]]],[[[49.0,30.26],[49.0,30.26],[49.0,30.26],[49.0,30.26],[49.01,30.26],[49.01,30.26],[49.01,30.26],[49.01,30.26],[49.02,30.26],[49.02,30.26],[49.02,30.26],[49.03,30.26],[49.03,30.26],[49.03,30.26],[49.03,30.26],[49.04,30.26],[49.04,30.26],[49.04,30.25],[49.04,30.25],[49.04,30.25],[49.04,30.25],[49.04,30.25],[49.04,30.25],[49.04,30.25],[49.04,30.25],[49.04,30.25],[49.04,30.25],[49.05,30.25],[49.05,30.25],[49.05,30.25],[49.05,30.25],[49.05,30.25],[49.05,30.25],[49.05,30.25],[49.05,30.25],[49.05,30.25],[49.05,30.25],[49.05,30.24],[49.05,30.24],[49.05,30.24],[49.06,30.24],[49.06,30.24],[49.06,30.24],[49.06,30.24],[49.06,30.24],[49.06,30.24],[49.06,30.24],[49.06,30.24],[49.06,30.24],[49.06,30.24],[49.06,30.24],[49.06,30.24],[49.06,30.24],[49.06,30.24],[49.06,30.24],[49.06,30.24],[49.07,30.24],[49.07,30.23],[49.07,30.23],[49.07,30.23],[49.07,30.23],[49.07,30.23],[49.07,30.23],[49.07,30.23],[49.07,30.23],[49.07,30.23],[49.07,30.23],[49.07,30.23],[49.07,30.23],[49.07,30.23],[49.07,30.23],[49.07,30.23],[49.08,30.23],[49.08,30.22],[49.08,30.22],[49.08,30.22],[49.08,30.22],[49.08,30.22],[49.08,30.22],[49.07,30.22],[49.07,30.22],[49.07,30.22],[49.06,30.22],[49.06,30.22],[49.06,30.22],[49.06,30.22],[49.06,30.21],[49.06,30.21],[49.06,30.21],[49.06,30.21],[49.06,30.21],[49.06,30.21],[49.06,30.21],[49.05,30.21],[49.05,30.21],[49.05,30.21],[49.05,30.21],[49.05,30.21],[49.05,30.21],[49.05,30.21],[49.05,30.21],[49.05,30.21],[49.05,30.21],[49.05,30.21],[49.05,30.21],[49.05,30.21],[49.05,30.21],[49.04,30.21],[49.04,30.21],[49.04,30.21],[49.04,30.21],[49.04,30.21],[49.04,30.21],[49.04,30.21],[49.04,30.21],[49.04,30.21],[49.03,30.21],[49.03,30.21],[49.03,30.21],[49.03,30.21],[49.03,30.21],[49.03,30.21],[49.03,30.21],[49.03,30.21],[49.03,30.22],[49.03,30.22],[49.03,30.22],[49.03,30.22],[49.03,30.22],[49.03,30.22],[49.03,30.22],[49.03,30.22],[49.03,30.22],[49.03,30.22],[49.03,30.22],[49.03,30.22],[49.02,30.22],[49.02,30.22],[49.02,30.22],[49.02,30.22],[49.02,30.22],[49.02,30.22],[49.02,30.23],[49.02,30.23],[49.02,30.23],[49.02,30.23],[49.01,30.23],[49.01,30.23],[49.01,30.23],[49.01,30.23],[49.01,30.23],[49.01,30.23],[49.01,30.23],[49.01,30.23],[49.0,30.23],[49.0,30.23],[49.0,30.23],[49.0,30.23],[49.0,30.23],[49.0,30.23],[49.0,30.23],[49.0,30.24],[49.0,30.24],[49.0,30.24],[49.0,30.24],[49.0,30.24],[49.0,30.24],[49.0,30.24],[49.0,30.24],[49.0,30.25],[49.0,30.25],[49.0,30.25],[49.0,30.26],[49.0,30.26],[49.0,30.26]]],[[[48.9,30.27],[48.9,30.27],[48.9,30.27],[48.9,30.27],[48.91,30.27],[48.91,30.26],[48.91,30.26],[48.91,30.26],[48.91,30.26],[48.91,30.26],[48.91,30.26],[48.91,30.26],[48.9,30.26],[48.9,30.26],[48.9,30.26],[48.9,30.26],[48.9,30.26],[48.9,30.26],[48.9,30.27],[48.9,30.27],[48.9,30.27],[48.9,30.27]]],[[[48.98,30.27],[48.98,30.27],[48.98,30.27],[48.98,30.26],[48.98,30.26],[48.98,30.26],[48.98,30.26],[48.99,30.26],[48.99,30.26],[48.99,30.26],[48.99,30.25],[48.99,30.25],[48.99,30.25],[48.98,30.25],[48.98,30.26],[48.98,30.26],[48.98,30.26],[48.98,30.26],[48.98,30.25],[48.98,30.25],[48.98,30.25],[48.98,30.26],[48.98,30.26],[48.98,30.26],[48.98,30.26],[48.98,30.26],[48.98,30.26],[48.98,30.26],[48.98,30.26],[48.98,30.26],[48.98,30.26],[48.98,30.26],[48.98,30.26],[48.98,30.27],[48.98,30.27],[48.98,30.27],[48.98,30.27],[48.98,30.27]]],[[[48.97,30.27],[48.97,30.27],[48.97,30.27],[48.97,30.27],[48.97,30.27],[48.97,30.26],[48.97,30.26],[48.97,30.26],[48.96,30.26],[48.96,30.26],[48.96,30.26],[48.96,30.27],[48.96,30.27],[48.97,30.27],[48.97,30.27],[48.97,30.27],[48.97,30.27]]],[[[48.98,30.27],[48.98,30.27],[48.98,30.27],[48.98,30.27],[48.98,30.27],[48.98,30.27],[48.98,30.26],[48.98,30.26],[48.98,30.26],[48.98,30.26],[48.98,30.26],[48.97,30.26],[48.97,30.27],[48.97,30.27],[48.97,30.27],[48.97,30.27],[48.97,30.27],[48.97,30.27],[48.97,30.27],[48.97,30.27],[48.97,30.27],[48.98,30.27],[48.98,30.27],[48.98,30.27],[48.98,30.27],[48.98,30.27],[48.98,30.27]]],[[[48.98,30.27],[48.98,30.27],[48.98,30.27],[48.98,30.27],[48.98,30.27],[48.98,30.27],[48.98,30.27],[48.98,30.27]]],[[[48.89,30.27],[48.89,30.27],[48.89,30.27],[48.89,30.27],[48.89,30.27],[48.89,30.27],[48.89,30.27],[48.89,30.27],[48.89,30.27],[48.89,30.27],[48.89,30.27],[48.89,30.27],[48.89,30.27],[48.89,30.27],[48.89,30.27]]],[[[48.97,30.28],[48.97,30.28],[48.97,30.28],[48.97,30.28],[48.97,30.28],[48.97,30.28],[48.97,30.28],[48.97,30.28],[48.97,30.28],[48.97,30.28],[48.97,30.28],[48.97,30.28],[48.96,30.28],[48.96,30.28],[48.96,30.28],[48.96,30.28],[48.96,30.28],[48.96,30.28],[48.96,30.28],[48.96,30.28],[48.97,30.28],[48.97,30.28],[48.97,30.28]]],[[[48.87,30.3],[48.88,30.3],[48.88,30.29],[48.88,30.29],[48.88,30.29],[48.88,30.29],[48.87,30.29],[48.87,30.29],[48.87,30.3],[48.87,30.3]]],[[[48.99,30.3],[48.99,30.3],[48.99,30.3],[48.99,30.3],[48.99,30.3],[48.99,30.3],[48.99,30.3],[48.99,30.3],[49.0,30.3],[49.0,30.3],[49.0,30.3],[49.0,30.29],[49.0,30.29],[49.0,30.29],[49.0,30.29],[49.0,30.29],[48.99,30.29],[48.99,30.29],[48.99,30.29],[48.99,30.29],[48.99,30.29],[48.99,30.29],[48.99,30.29],[48.99,30.29],[48.99,30.29],[48.99,30.29],[48.99,30.3],[48.99,30.3],[48.99,30.3],[48.99,30.3],[48.99,30.3],[48.99,30.3],[48.99,30.3],[48.99,30.3],[48.99,30.3],[48.99,30.3],[48.99,30.3],[48.99,30.3]]],[[[48.98,30.31],[48.98,30.31],[48.98,30.31],[48.98,30.31],[48.98,30.31],[48.98,30.31],[48.98,30.31],[48.98,30.31],[48.98,30.31],[48.98,30.31]]],[[[48.94,30.32],[48.95,30.32],[48.95,30.32],[48.95,30.32],[48.95,30.32],[48.95,30.32],[48.95,30.32],[48.95,30.32],[48.95,30.32],[48.95,30.32],[48.95,30.32],[48.95,30.32],[48.96,30.32],[48.96,30.32],[48.96,30.32],[48.96,30.31],[48.96,30.31],[48.96,30.31],[48.96,30.31],[48.96,30.31],[48.96,30.31],[48.96,30.31],[48.96,30.31],[48.96,30.31],[48.96,30.31],[48.96,30.31],[48.96,30.31],[48.97,30.31],[48.97,30.31],[48.97,30.31],[48.97,30.31],[48.97,30.31],[48.97,30.3],[48.97,30.3],[48.97,30.3],[48.97,30.3],[48.97,30.3],[48.97,30.3],[48.97,30.3],[48.97,30.3],[48.97,30.3],[48.97,30.3],[48.97,30.3],[48.97,30.29],[48.97,30.29],[48.98,30.29],[48.98,30.29],[48.98,30.29],[48.98,30.29],[48.98,30.29],[48.98,30.29],[48.98,30.29],[48.98,30.29],[48.98,30.29],[48.98,30.29],[48.98,30.29],[48.98,30.29],[48.98,30.29],[48.98,30.28],[48.98,30.28],[48.98,30.28],[48.98,30.28],[48.98,30.28],[48.98,30.28],[48.98,30.28],[48.98,30.28],[48.98,30.28],[48.98,30.27],[48.98,30.27],[48.98,30.27],[48.98,30.27],[48.98,30.27],[48.98,30.27],[48.98,30.27],[48.98,30.27],[48.98,30.28],[48.98,30.28],[48.98,30.28],[48.98,30.28],[48.97,30.28],[48.97,30.28],[48.97,30.28],[48.97,30.27],[48.97,30.27],[48.97,30.28],[48.97,30.27],[48.97,30.27],[48.97,30.27],[48.97,30.27],[48.97,30.27],[48.97,30.27],[48.97,30.27],[48.96,30.27],[48.96,30.27],[48.96,30.27],[48.96,30.27],[48.96,30.27],[48.96,30.27],[48.96,30.28],[48.96,30.28],[48.96,30.28],[48.96,30.28],[48.96,30.28],[48.96,30.28],[48.96,30.28],[48.97,30.28],[48.97,30.28],[48.97,30.28],[48.97,30.28],[48.97,30.28],[48.97,30.28],[48.97,30.28],[48.97,30.28],[48.97,30.28],[48.97,30.28],[48.97,30.28],[48.97,30.28],[48.98,30.28],[48.97,30.28],[48.97,30.28],[48.97,30.29],[48.97,30.29],[48.97,30.29],[48.97,30.29],[48.97,30.29],[48.97,30.29],[48.97,30.29],[48.97,30.29],[48.97,30.29],[48.97,30.29],[48.97,30.29],[48.97,30.29],[48.96,30.29],[48.96,30.29],[48.96,30.29],[48.96,30.29],[48.96,30.29],[48.96,30.29],[48.96,30.29],[48.96,30.29],[48.96,30.29],[48.96,30.29],[48.96,30.3],[48.96,30.3],[48.96,30.3],[48.96,30.3],[48.96,30.3],[48.96,30.3],[48.96,30.3],[48.96,30.3],[48.96,30.3],[48.96,30.3],[48.96,30.31],[48.96,30.31],[48.95,30.31],[48.95,30.31],[48.95,30.31],[48.95,30.31],[48.95,30.31],[48.95,30.31],[48.95,30.31],[48.95,30.31],[48.95,30.31],[48.95,30.31],[48.95,30.31],[48.96,30.31],[48.95,30.31],[48.95,30.31],[48.95,30.31],[48.95,30.31],[48.95,30.31],[48.95,30.32],[48.95,30.32],[48.95,30.31],[48.95,30.31],[48.95,30.32],[48.95,30.32],[48.95,30.32],[48.95,30.32],[48.95,30.31],[48.95,30.31],[48.94,30.31],[48.94,30.31],[48.94,30.31],[48.94,30.31],[48.94,30.31],[48.94,30.31],[48.94,30.31],[48.94,30.31],[48.94,30.3],[48.94,30.3],[48.94,30.3],[48.94,30.3],[48.95,30.3],[48.95,30.3],[48.95,30.3],[48.95,30.3],[48.95,30.3],[48.95,30.3],[48.95,30.3],[48.95,30.3],[48.95,30.3],[48.95,30.3],[48.95,30.3],[48.95,30.3],[48.95,30.3],[48.95,30.29],[48.95,30.29],[48.95,30.29],[48.95,30.29],[48.95,30.29],[48.96,30.29],[48.96,30.3],[48.96,30.29],[48.96,30.29],[48.96,30.29],[48.96,30.29],[48.96,30.29],[48.96,30.29],[48.96,30.29],[48.96,30.29],[48.96,30.29],[48.96,30.29],[48.96,30.29],[48.96,30.29],[48.96,30.29],[48.96,30.29],[48.96,30.29],[48.96,30.29],[48.96,30.29],[48.96,30.29],[48.96,30.29],[48.96,30.29],[48.96,30.29],[48.95,30.29],[48.95,30.29],[48.95,30.29],[48.95,30.29],[48.95,30.29],[48.95,30.29],[48.95,30.29],[48.95,30.29],[48.95,30.29],[48.95,30.29],[48.95,30.29],[48.95,30.3],[48.95,30.3],[48.94,30.3],[48.94,30.3],[48.95,30.3],[48.95,30.3],[48.95,30.3],[48.94,30.3],[48.94,30.3],[48.94,30.3],[48.94,30.3],[48.94,30.3],[48.94,30.3],[48.94,30.3],[48.94,30.3],[48.94,30.3],[48.94,30.3],[48.94,30.3],[48.94,30.31],[48.94,30.31],[48.94,30.31],[48.94,30.31],[48.94,30.31],[48.94,30.31],[48.94,30.32],[48.94,30.32],[48.94,30.32],[48.94,30.32],[48.94,30.32],[48.94,30.32]]],[[[48.95,30.34],[48.95,30.33],[48.95,30.33],[48.95,30.33],[48.95,30.33],[48.95,30.33],[48.95,30.33],[48.95,30.33],[48.95,30.33],[48.95,30.33],[48.95,30.33],[48.95,30.33],[48.95,30.33],[48.95,30.33],[48.94,30.33],[48.94,30.33],[48.94,30.33],[48.94,30.33],[48.94,30.33],[48.94,30.33],[48.94,30.33],[48.94,30.33],[48.94,30.33],[48.94,30.33],[48.94,30.33],[48.95,30.33],[48.95,30.33],[48.95,30.33],[48.95,30.34],[48.95,30.34]]],[[[48.96,30.34],[48.96,30.34],[48.96,30.33],[48.96,30.33],[48.96,30.33],[48.96,30.33],[48.96,30.33],[48.96,30.33],[48.96,30.33],[48.96,30.33],[48.96,30.33],[48.96,30.33],[48.96,30.33],[48.96,30.33],[48.96,30.33],[48.96,30.33],[48.96,30.33],[48.96,30.33],[48.96,30.33],[48.96,30.33],[48.96,30.33],[48.96,30.32],[48.97,30.32],[48.97,30.32],[48.96,30.32],[48.96,30.32],[48.96,30.32],[48.96,30.32],[48.96,30.32],[48.96,30.32],[48.96,30.32],[48.96,30.32],[48.96,30.32],[48.96,30.32],[48.96,30.32],[48.96,30.32],[48.96,30.32],[48.96,30.33],[48.96,30.33],[48.96,30.33],[48.96,30.33],[48.96,30.34],[48.96,30.34]]],[[[48.98,30.34],[48.98,30.34],[48.98,30.34],[48.99,30.34],[48.99,30.34],[48.99,30.34],[48.99,30.34],[48.99,30.34],[48.99,30.34],[48.99,30.34],[48.99,30.34],[48.99,30.34],[48.99,30.34],[48.99,30.34],[48.99,30.34],[48.99,30.34],[49.0,30.34],[49.0,30.34],[49.0,30.34],[49.0,30.33],[49.0,30.33],[49.0,30.33],[49.0,30.33],[49.0,30.33],[49.0,30.33],[49.0,30.33],[49.0,30.33],[49.0,30.33],[49.0,30.33],[49.01,30.33],[49.01,30.33],[49.01,30.33],[49.01,30.32],[49.01,30.32],[49.01,30.32],[49.01,30.32],[49.01,30.31],[49.0,30.31],[49.0,30.31],[49.0,30.31],[49.0,30.31],[49.0,30.31],[49.0,30.31],[49.0,30.31],[49.0,30.31],[49.0,30.31],[49.0,30.31],[49.0,30.31],[49.0,30.31],[49.0,30.31],[49.0,30.31],[49.0,30.31],[49.0,30.31],[49.0,30.32],[49.0,30.32],[49.0,30.33],[49.0,30.33],[49.0,30.33],[49.0,30.33],[49.0,30.33],[49.0,30.33],[49.0,30.33],[49.0,30.33],[49.0,30.33],[48.99,30.33],[48.99,30.33],[48.99,30.32],[48.99,30.32],[48.99,30.32],[48.99,30.32],[48.99,30.33],[48.99,30.33],[48.99,30.33],[48.99,30.33],[48.99,30.33],[48.99,30.33],[48.99,30.33],[48.99,30.33],[48.99,30.33],[48.99,30.33],[48.99,30.34],[48.99,30.34],[48.99,30.34],[48.99,30.34],[48.99,30.34],[48.99,30.34],[48.99,30.34],[48.98,30.34],[48.98,30.34],[48.98,30.34],[48.98,30.34],[48.98,30.34],[48.98,30.34],[48.98,30.34],[48.98,30.34]]],[[[49.22,30.35],[49.22,30.35],[49.22,30.35],[49.22,30.35],[49.22,30.35],[49.21,30.35],[49.22,30.35],[49.22,30.35],[49.22,30.35],[49.22,30.35],[49.22,30.35]]],[[[48.96,30.35],[48.96,30.35],[48.97,30.35],[48.97,30.35],[48.97,30.35],[48.97,30.35],[48.97,30.35],[48.97,30.35],[48.97,30.35],[48.97,30.35],[48.97,30.34],[48.97,30.34],[48.97,30.34],[48.97,30.34],[48.97,30.34],[48.97,30.34],[48.97,30.34],[48.97,30.34],[48.97,30.34],[48.97,30.34],[48.97,30.34],[48.97,30.34],[48.96,30.34],[48.96,30.34],[48.97,30.34],[48.97,30.34],[48.96,30.34],[48.96,30.34],[48.96,30.34],[48.96,30.34],[48.96,30.34],[48.96,30.34],[48.96,30.35],[48.96,30.35],[48.96,30.35],[48.96,30.35],[48.96,30.35],[48.96,30.35],[48.96,30.35],[48.96,30.35]]],[[[48.96,30.35],[48.96,30.35],[48.96,30.35],[48.96,30.35],[48.96,30.35],[48.96,30.35],[48.96,30.35],[48.96,30.35],[48.96,30.35],[48.96,30.35],[48.96,30.35],[48.96,30.35],[48.96,30.35],[48.96,30.35],[48.96,30.35],[48.95,30.35],[48.95,30.35],[48.96,30.35],[48.96,30.35],[48.96,30.35],[48.96,30.35]]],[[[48.93,30.36],[48.93,30.36],[48.94,30.36],[48.94,30.35],[48.94,30.35],[48.94,30.35],[48.94,30.35],[48.94,30.35],[48.94,30.35],[48.94,30.35],[48.93,30.35],[48.93,30.35],[48.93,30.35],[48.93,30.35],[48.93,30.34],[48.93,30.34],[48.93,30.34],[48.93,30.34],[48.93,30.33],[48.93,30.33],[48.93,30.33],[48.93,30.33],[48.93,30.33],[48.93,30.33],[48.93,30.33],[48.94,30.32],[48.93,30.32],[48.93,30.32],[48.93,30.32],[48.93,30.31],[48.93,30.31],[48.93,30.31],[48.93,30.31],[48.93,30.31],[48.93,30.31],[48.93,30.31],[48.93,30.31],[48.93,30.31],[48.93,30.31],[48.93,30.31],[48.93,30.31],[48.93,30.31],[48.93,30.3],[48.93,30.3],[48.93,30.3],[48.92,30.3],[48.92,30.3],[48.92,30.31],[48.92,30.31],[48.92,30.31],[48.92,30.31],[48.92,30.31],[48.92,30.31],[48.92,30.31],[48.92,30.31],[48.92,30.31],[48.92,30.31],[48.92,30.31],[48.91,30.3],[48.91,30.3],[48.91,30.3],[48.91,30.3],[48.91,30.3],[48.91,30.3],[48.91,30.3],[48.91,30.31],[48.91,30.31],[48.9,30.31],[48.9,30.31],[48.9,30.31],[48.9,30.31],[48.9,30.31],[48.9,30.31],[48.9,30.31],[48.9,30.31],[48.9,30.31],[48.9,30.31],[48.9,30.31],[48.9,30.31],[48.9,30.31],[48.9,30.31],[48.9,30.31],[48.9,30.31],[48.91,30.31],[48.91,30.31],[48.91,30.31],[48.91,30.31],[48.91,30.31],[48.91,30.32],[48.91,30.32],[48.91,30.32],[48.91,30.32],[48.91,30.32],[48.91,30.32],[48.91,30.32],[48.91,30.32],[48.91,30.32],[48.91,30.32],[48.91,30.32],[48.91,30.33],[48.91,30.33],[48.91,30.33],[48.91,30.33],[48.91,30.33],[48.91,30.33],[48.91,30.33],[48.91,30.33],[48.91,30.33],[48.91,30.33],[48.91,30.33],[48.91,30.33],[48.91,30.33],[48.91,30.33],[48.91,30.33],[48.91,30.33],[48.91,30.33],[48.91,30.33],[48.91,30.34],[48.91,30.34],[48.91,30.34],[48.91,30.34],[48.91,30.33],[48.91,30.33],[48.91,30.33],[48.91,30.34],[48.91,30.34],[48.91,30.33],[48.91,30.33],[48.9,30.33],[48.9,30.33],[48.9,30.33],[48.9,30.33],[48.9,30.34],[48.9,30.34],[48.9,30.34],[48.9,30.34],[48.9,30.34],[48.9,30.34],[48.9,30.34],[48.9,30.34],[48.9,30.34],[48.9,30.35],[48.9,30.34],[48.9,30.34],[48.9,30.34],[48.9,30.34],[48.9,30.34],[48.9,30.34],[48.89,30.35],[48.89,30.35],[48.9,30.35],[48.9,30.35],[48.9,30.35],[48.9,30.35],[48.9,30.35],[48.9,30.35],[48.9,30.35],[48.91,30.35],[48.91,30.35],[48.91,30.35],[48.91,30.35],[48.91,30.35],[48.91,30.35],[48.91,30.35],[48.91,30.35],[48.91,30.35],[48.91,30.35],[48.91,30.35],[48.91,30.35],[48.91,30.35],[48.91,30.35],[48.91,30.35],[48.92,30.35],[48.92,30.36],[48.92,30.36],[48.92,30.36],[48.92,30.36],[48.92,30.36],[48.92,30.36],[48.93,30.36]]],[[[49.18,30.36],[49.18,30.36],[49.19,30.36],[49.19,30.36],[49.19,30.36],[49.19,30.36],[49.19,30.36],[49.19,30.36],[49.19,30.35],[49.19,30.36],[49.19,30.36],[49.18,30.36],[49.18,30.36],[49.18,30.36],[49.18,30.36],[49.18,30.36],[49.18,30.36]]],[[[49.22,30.37],[49.22,30.37],[49.22,30.37],[49.22,30.36],[49.22,30.36],[49.22,30.36],[49.22,30.36],[49.22,30.36],[49.22,30.35],[49.22,30.35],[49.22,30.35],[49.22,30.35],[49.22,30.35],[49.22,30.35],[49.22,30.35],[49.21,30.35],[49.21,30.35],[49.21,30.35],[49.21,30.35],[49.21,30.36],[49.21,30.36],[49.21,30.36],[49.21,30.36],[49.22,30.36],[49.22,30.36],[49.22,30.36],[49.22,30.36],[49.22,30.36],[49.22,30.37],[49.22,30.37],[49.22,30.37]]],[[[49.07,30.38],[49.07,30.38],[49.07,30.38],[49.07,30.38],[49.07,30.38],[49.07,30.38],[49.07,30.38],[49.08,30.38],[49.08,30.37],[49.08,30.37],[49.08,30.37],[49.08,30.37],[49.08,30.37],[49.08,30.37],[49.08,30.37],[49.08,30.37],[49.08,30.37],[49.08,30.37],[49.08,30.37],[49.08,30.37],[49.08,30.37],[49.08,30.37],[49.08,30.37],[49.08,30.37],[49.08,30.36],[49.08,30.36],[49.08,30.36],[49.08,30.36],[49.08,30.36],[49.08,30.36],[49.08,30.36],[49.08,30.36],[49.08,30.36],[49.08,30.36],[49.08,30.36],[49.08,30.36],[49.08,30.36],[49.07,30.36],[49.07,30.36],[49.07,30.37],[49.07,30.37],[49.07,30.37],[49.07,30.37],[49.07,30.37],[49.07,30.37],[49.07,30.37],[49.07,30.37],[49.07,30.37],[49.07,30.37],[49.06,30.37],[49.06,30.37],[49.06,30.37],[49.06,30.37],[49.06,30.37],[49.06,30.37],[49.06,30.38],[49.06,30.38],[49.07,30.38],[49.07,30.38],[49.07,30.38],[49.07,30.38],[49.07,30.38],[49.07,30.38],[49.07,30.38]]],[[[49.19,30.38],[49.2,30.38],[49.2,30.38],[49.2,30.38],[49.2,30.38],[49.2,30.38],[49.2,30.38],[49.19,30.38],[49.19,30.38],[49.19,30.38],[49.19,30.38],[49.19,30.38],[49.19,30.38]]],[[[49.19,30.38],[49.19,30.38],[49.19,30.38],[49.19,30.38],[49.19,30.38],[49.19,30.38],[49.19,30.38],[49.18,30.38],[49.18,30.38],[49.18,30.38],[49.19,30.38],[49.19,30.38],[49.19,30.38]]],[[[48.96,30.4],[48.96,30.4],[48.96,30.4],[48.96,30.4],[48.96,30.4],[48.97,30.4],[48.97,30.4],[48.97,30.4],[48.97,30.4],[48.97,30.4],[48.97,30.4],[48.97,30.4],[48.97,30.4],[48.97,30.39],[48.97,30.39],[48.97,30.39],[48.98,30.39],[48.98,30.39],[48.98,30.39],[48.98,30.39],[48.98,30.39],[48.98,30.39],[48.98,30.39],[48.98,30.39],[48.98,30.39],[48.98,30.39],[48.99,30.39],[48.99,30.39],[48.99,30.39],[48.99,30.39],[48.99,30.39],[48.99,30.39],[48.99,30.39],[48.99,30.39],[48.99,30.38],[48.99,30.38],[48.99,30.38],[48.99,30.38],[49.0,30.38],[49.0,30.38],[49.0,30.38],[49.0,30.38],[49.0,30.38],[49.0,30.38],[49.0,30.38],[49.0,30.38],[49.01,30.38],[49.01,30.38],[49.01,30.38],[49.01,30.38],[49.01,30.38],[49.01,30.38],[49.01,30.38],[49.02,30.38],[49.02,30.38],[49.02,30.38],[49.02,30.38],[49.02,30.38],[49.02,30.38],[49.02,30.38],[49.03,30.38],[49.03,30.38],[49.03,30.38],[49.03,30.38],[49.03,30.39],[49.03,30.39],[49.03,30.39],[49.03,30.39],[49.03,30.39],[49.03,30.39],[49.03,30.39],[49.03,30.39],[49.03,30.39],[49.03,30.39],[49.03,30.39],[49.03,30.39],[49.04,30.39],[49.04,30.39],[49.04,30.39],[49.04,30.39],[49.04,30.39],[49.04,30.39],[49.04,30.39],[49.04,30.39],[49.04,30.39],[49.04,30.39],[49.04,30.39],[49.05,30.39],[49.05,30.39],[49.05,30.39],[49.05,30.39],[49.05,30.39],[49.05,30.38],[49.05,30.38],[49.05,30.38],[49.05,30.38],[49.05,30.38],[49.05,30.38],[49.05,30.38],[49.05,30.38],[49.05,30.38],[49.05,30.38],[49.05,30.38],[49.05,30.38],[49.05,30.38],[49.06,30.37],[49.06,30.37],[49.06,30.37],[49.06,30.37],[49.06,30.37],[49.06,30.37],[49.06,30.37],[49.06,30.37],[49.06,30.37],[49.06,30.37],[49.06,30.37],[49.06,30.37],[49.06,30.37],[49.06,30.37],[49.06,30.36],[49.06,30.36],[49.06,30.36],[49.06,30.36],[49.06,30.37],[49.06,30.37],[49.06,30.37],[49.06,30.37],[49.06,30.37],[49.06,30.37],[49.06,30.37],[49.06,30.37],[49.06,30.37],[49.06,30.37],[49.06,30.37],[49.07,30.37],[49.07,30.36],[49.07,30.36],[49.07,30.36],[49.07,30.36],[49.07,30.36],[49.07,30.36],[49.07,30.36],[49.07,30.35],[49.07,30.35],[49.07,30.35],[49.07,30.35],[49.07,30.35],[49.07,30.35],[49.07,30.35],[49.07,30.35],[49.07,30.35],[49.07,30.35],[49.07,30.34],[49.07,30.34],[49.07,30.34],[49.07,30.35],[49.07,30.35],[49.07,30.35],[49.07,30.35],[49.07,30.35],[49.07,30.35],[49.07,30.35],[49.07,30.35],[49.07,30.34],[49.07,30.34],[49.07,30.34],[49.07,30.34],[49.07,30.35],[49.07,30.35],[49.07,30.35],[49.07,30.35],[49.07,30.35],[49.07,30.35],[49.07,30.35],[49.07,30.35],[49.07,30.35],[49.07,30.35],[49.07,30.35],[49.07,30.36],[49.07,30.36],[49.07,30.36],[49.07,30.36],[49.07,30.36],[49.07,30.36],[49.07,30.36],[49.07,30.36],[49.07,30.36],[49.07,30.36],[49.07,30.36],[49.07,30.36],[49.07,30.36],[49.07,30.36],[49.07,30.36],[49.07,30.36],[49.07,30.36],[49.07,30.35],[49.07,30.36],[49.07,30.36],[49.07,30.36],[49.07,30.36],[49.07,30.36],[49.07,30.36],[49.07,30.36],[49.07,30.36],[49.07,30.36],[49.07,30.36],[49.07,30.36],[49.07,30.36],[49.07,30.37],[49.07,30.37],[49.07,30.37],[49.07,30.36],[49.07,30.36],[49.07,30.36],[49.07,30.36],[49.08,30.36],[49.08,30.36],[49.08,30.36],[49.08,30.36],[49.08,30.36],[49.08,30.36],[49.08,30.36],[49.08,30.36],[49.08,30.36],[49.08,30.36],[49.08,30.36],[49.08,30.36],[49.08,30.36],[49.08,30.35],[49.08,30.35],[49.08,30.35],[49.08,30.35],[49.08,30.35],[49.08,30.35],[49.09,30.35],[49.09,30.35],[49.09,30.35],[49.09,30.35],[49.09,30.35],[49.09,30.35],[49.09,30.34],[49.09,30.34],[49.09,30.34],[49.09,30.34],[49.09,30.34],[49.09,30.34],[49.09,30.34],[49.09,30.34],[49.09,30.34],[49.09,30.34],[49.09,30.34],[49.1,30.34],[49.1,30.34],[49.1,30.34],[49.1,30.34],[49.1,30.34],[49.09,30.34],[49.09,30.34],[49.09,30.34],[49.09,30.34],[49.09,30.34],[49.09,30.34],[49.09,30.34],[49.09,30.34],[49.09,30.35],[49.09,30.35],[49.1,30.35],[49.1,30.35],[49.1,30.35],[49.1,30.35],[49.1,30.35],[49.1,30.35],[49.1,30.35],[49.1,30.35],[49.1,30.35],[49.1,30.35],[49.1,30.35],[49.1,30.35],[49.11,30.35],[49.11,30.35],[49.11,30.35],[49.11,30.35],[49.11,30.35],[49.11,30.35],[49.11,30.35],[49.12,30.35],[49.12,30.35],[49.12,30.35],[49.12,30.35],[49.12,30.35],[49.12,30.35],[49.12,30.35],[49.12,30.35],[49.13,30.35],[49.13,30.35],[49.13,30.35],[49.13,30.35],[49.14,30.35],[49.14,30.35],[49.14,30.35],[49.14,30.35],[49.14,30.35],[49.14,30.35],[49.14,30.35],[49.14,30.35],[49.14,30.35],[49.14,30.35],[49.14,30.36],[49.14,30.36],[49.14,30.36],[49.14,30.36],[49.14,30.36],[49.14,30.36],[49.14,30.36],[49.14,30.36],[49.14,30.36],[49.14,30.36],[49.14,30.36],[49.14,30.36],[49.14,30.36],[49.14,30.36],[49.14,30.36],[49.14,30.36],[49.14,30.37],[49.14,30.37],[49.14,30.37],[49.14,30.37],[49.14,30.37],[49.14,30.37],[49.14,30.37],[49.15,30.37],[49.15,30.37],[49.15,30.37],[49.15,30.37],[49.15,30.37],[49.15,30.37],[49.14,30.37],[49.14,30.37],[49.14,30.37],[49.14,30.37],[49.14,30.37],[49.14,30.37],[49.14,30.37],[49.14,30.37],[49.13,30.37],[49.13,30.37],[49.13,30.37],[49.13,30.37],[49.13,30.37],[49.13,30.37],[49.13,30.38],[49.13,30.38],[49.13,30.38],[49.13,30.38],[49.13,30.38],[49.13,30.38],[49.13,30.38],[49.13,30.38],[49.13,30.38],[49.13,30.38],[49.13,30.38],[49.13,30.39],[49.13,30.39],[49.13,30.39],[49.13,30.39],[49.13,30.39],[49.13,30.38],[49.13,30.38],[49.14,30.38],[49.14,30.38],[49.14,30.38],[49.14,30.38],[49.14,30.38],[49.14,30.38],[49.14,30.38],[49.14,30.38],[49.15,30.38],[49.15,30.38],[49.15,30.38],[49.15,30.38],[49.15,30.38],[49.15,30.38],[49.15,30.38],[49.15,30.38],[49.15,30.38],[49.15,30.38],[49.15,30.39],[49.15,30.39],[49.15,30.39],[49.15,30.39],[49.15,30.39],[49.15,30.39],[49.15,30.39],[49.15,30.39],[49.15,30.39],[49.15,30.39],[49.15,30.39],[49.15,30.38],[49.15,30.38],[49.15,30.38],[49.15,30.38],[49.15,30.38],[49.15,30.39],[49.15,30.39],[49.15,30.39],[49.15,30.39],[49.15,30.39],[49.15,30.39],[49.15,30.39],[49.15,30.39],[49.15,30.39],[49.15,30.39],[49.15,30.39],[49.15,30.39],[49.15,30.39],[49.16,30.39],[49.16,30.39],[49.16,30.38],[49.16,30.38],[49.16,30.38],[49.16,30.38],[49.16,30.38],[49.16,30.38],[49.16,30.38],[49.16,30.38],[49.16,30.38],[49.16,30.38],[49.16,30.38],[49.16,30.37],[49.16,30.37],[49.16,30.37],[49.16,30.37],[49.16,30.37],[49.16,30.37],[49.16,30.37],[49.16,30.37],[49.16,30.37],[49.16,30.37],[49.16,30.38],[49.16,30.38],[49.16,30.38],[49.16,30.38],[49.16,30.38],[49.17,30.38],[49.17,30.38],[49.17,30.38],[49.17,30.38],[49.17,30.38],[49.17,30.37],[49.17,30.37],[49.17,30.37],[49.17,30.37],[49.17,30.37],[49.17,30.37],[49.17,30.37],[49.17,30.37],[49.17,30.36],[49.17,30.36],[49.17,30.36],[49.17,30.36],[49.17,30.36],[49.17,30.36],[49.17,30.36],[49.17,30.36],[49.17,30.36],[49.17,30.36],[49.17,30.36],[49.17,30.36],[49.16,30.36],[49.16,30.36],[49.16,30.35],[49.16,30.35],[49.16,30.35],[49.16,30.35],[49.16,30.35],[49.16,30.35],[49.16,30.35],[49.16,30.35],[49.16,30.35],[49.16,30.36],[49.17,30.36],[49.17,30.36],[49.17,30.36],[49.17,30.36],[49.17,30.36],[49.17,30.36],[49.17,30.36],[49.17,30.36],[49.17,30.36],[49.17,30.36],[49.17,30.36],[49.17,30.36],[49.17,30.36],[49.17,30.36],[49.17,30.36],[49.18,30.36],[49.18,30.36],[49.18,30.36],[49.18,30.36],[49.18,30.36],[49.18,30.36],[49.18,30.36],[49.18,30.36],[49.18,30.36],[49.18,30.36],[49.18,30.36],[49.18,30.36],[49.18,30.36],[49.18,30.36],[49.18,30.35],[49.18,30.35],[49.19,30.35],[49.19,30.35],[49.19,30.35],[49.19,30.35],[49.19,30.35],[49.19,30.35],[49.19,30.35],[49.19,30.35],[49.19,30.35],[49.19,30.35],[49.19,30.35],[49.19,30.35],[49.19,30.35],[49.19,30.35],[49.19,30.35],[49.19,30.35],[49.19,30.35],[49.19,30.35],[49.19,30.35],[49.19,30.35],[49.19,30.35],[49.19,30.35],[49.19,30.35],[49.19,30.35],[49.19,30.35],[49.19,30.35],[49.19,30.35],[49.19,30.35],[49.19,30.35],[49.19,30.35],[49.19,30.34],[49.19,30.34],[49.19,30.34],[49.19,30.34],[49.19,30.35],[49.19,30.35],[49.19,30.35],[49.19,30.35],[49.19,30.35],[49.19,30.35],[49.19,30.35],[49.19,30.35],[49.19,30.35],[49.19,30.35],[49.19,30.35],[49.19,30.35],[49.19,30.36],[49.19,30.36],[49.19,30.36],[49.19,30.36],[49.19,30.36],[49.19,30.36],[49.19,30.36],[49.19,30.36],[49.18,30.36],[49.18,30.36],[49.18,30.36],[49.18,30.36],[49.18,30.36],[49.18,30.36],[49.19,30.36],[49.19,30.36],[49.19,30.36],[49.2,30.36],[49.2,30.36],[49.2,30.36],[49.2,30.36],[49.2,30.36],[49.2,30.36],[49.2,30.36],[49.2,30.36],[49.19,30.36],[49.19,30.36],[49.19,30.36],[49.19,30.36],[49.19,30.36],[49.19,30.36],[49.19,30.36],[49.19,30.36],[49.19,30.36],[49.19,30.36],[49.18,30.36],[49.18,30.36],[49.18,30.36],[49.18,30.36],[49.18,30.37],[49.18,30.37],[49.18,30.37],[49.18,30.37],[49.18,30.37],[49.18,30.37],[49.18,30.37],[49.17,30.37],[49.17,30.37],[49.17,30.37],[49.17,30.37],[49.17,30.38],[49.17,30.38],[49.17,30.38],[49.17,30.38],[49.17,30.38],[49.18,30.38],[49.18,30.38],[49.18,30.38],[49.18,30.38],[49.18,30.38],[49.18,30.38],[49.18,30.38],[49.19,30.38],[49.19,30.38],[49.19,30.38],[49.19,30.38],[49.19,30.38],[49.2,30.38],[49.2,30.37],[49.2,30.37],[49.2,30.37],[49.2,30.37],[49.2,30.37],[49.2,30.37],[49.2,30.37],[49.2,30.37],[49.2,30.37],[49.2,30.37],[49.2,30.37],[49.2,30.36],[49.2,30.37],[49.2,30.37],[49.2,30.37],[49.2,30.37],[49.2,30.37],[49.21,30.37],[49.21,30.37],[49.21,30.37],[49.21,30.37],[49.21,30.37],[49.21,30.37],[49.21,30.37],[49.21,30.36],[49.21,30.36],[49.21,30.36],[49.21,30.36],[49.21,30.36],[49.21,30.36],[49.21,30.36],[49.21,30.36],[49.21,30.36],[49.21,30.36],[49.21,30.36],[49.21,30.36],[49.21,30.36],[49.21,30.36],[49.21,30.36],[49.21,30.36],[49.21,30.36],[49.21,30.36],[49.21,30.36],[49.21,30.36],[49.21,30.36],[49.21,30.37],[49.21,30.37],[49.21,30.37],[49.22,30.37],[49.21,30.36],[49.21,30.36],[49.21,30.36],[49.21,30.36],[49.21,30.36],[49.21,30.36],[49.21,30.36],[49.21,30.36],[49.21,30.36],[49.21,30.36],[49.21,30.36],[49.21,30.36],[49.21,30.36],[49.21,30.36],[49.21,30.35],[49.21,30.35],[49.21,30.35],[49.21,30.35],[49.21,30.35],[49.21,30.35],[49.21,30.35],[49.21,30.35],[49.21,30.35],[49.21,30.35],[49.21,30.35],[49.21,30.35],[49.21,30.35],[49.21,30.35],[49.21,30.35],[49.21,30.35],[49.21,30.35],[49.21,30.34],[49.21,30.34],[49.21,30.34],[49.21,30.34],[49.21,30.34],[49.21,30.34],[49.21,30.34],[49.21,30.34],[49.21,30.34],[49.21,30.34],[49.21,30.34],[49.21,30.34],[49.21,30.34],[49.21,30.34],[49.21,30.34],[49.21,30.34],[49.21,30.34],[49.21,30.34],[49.21,30.33],[49.21,30.33],[49.21,30.33],[49.21,30.33],[49.22,30.33],[49.22,30.33],[49.22,30.33],[49.22,30.33],[49.22,30.33],[49.22,30.33],[49.22,30.33],[49.22,30.33],[49.22,30.32],[49.22,30.32],[49.22,30.32],[49.22,30.32],[49.22,30.32],[49.22,30.32],[49.22,30.32],[49.22,30.32],[49.22,30.32],[49.22,30.32],[49.22,30.32],[49.22,30.32],[49.22,30.32],[49.22,30.32],[49.22,30.32],[49.22,30.32],[49.22,30.32],[49.23,30.31],[49.23,30.31],[49.23,30.31],[49.23,30.31],[49.23,30.31],[49.23,30.31],[49.23,30.31],[49.23,30.31],[49.23,30.31],[49.23,30.31],[49.23,30.31],[49.23,30.3],[49.23,30.3],[49.23,30.3],[49.23,30.3],[49.23,30.3],[49.23,30.3],[49.23,30.3],[49.24,30.3],[49.24,30.29],[49.24,30.29],[49.24,30.29],[49.24,30.29],[49.24,30.29],[49.24,30.29],[49.24,30.29],[49.24,30.29],[49.24,30.29],[49.24,30.29],[49.24,30.29],[49.24,30.29],[49.24,30.29],[49.24,30.28],[49.24,30.28],[49.24,30.28],[49.24,30.28],[49.24,30.28],[49.24,30.27],[49.25,30.27],[49.25,30.27],[49.25,30.27],[49.25,30.27],[49.25,30.27],[49.25,30.27],[49.25,30.27],[49.25,30.27],[49.25,30.27],[49.25,30.27],[49.25,30.26],[49.25,30.26],[49.25,30.26],[49.25,30.26],[49.25,30.26],[49.24,30.26],[49.24,30.26],[49.24,30.26],[49.24,30.26],[49.24,30.26],[49.23,30.26],[49.23,30.26],[49.23,30.26],[49.23,30.25],[49.23,30.25],[49.23,30.25],[49.23,30.25],[49.23,30.25],[49.23,30.25],[49.23,30.25],[49.23,30.24],[49.23,30.24],[49.23,30.24],[49.23,30.24],[49.23,30.24],[49.22,30.24],[49.22,30.24],[49.22,30.24],[49.22,30.24],[49.22,30.24],[49.22,30.24],[49.22,30.24],[49.22,30.23],[49.22,30.23],[49.22,30.23],[49.21,30.23],[49.21,30.23],[49.21,30.23],[49.21,30.23],[49.21,30.23],[49.21,30.23],[49.21,30.23],[49.21,30.22],[49.21,30.22],[49.21,30.22],[49.21,30.22],[49.21,30.22],[49.21,30.22],[49.21,30.22],[49.2,30.22],[49.2,30.22],[49.2,30.22],[49.2,30.22],[49.2,30.22],[49.2,30.22],[49.2,30.22],[49.2,30.22],[49.2,30.22],[49.2,30.22],[49.2,30.22],[49.2,30.22],[49.2,30.22],[49.2,30.22],[49.19,30.22],[49.19,30.21],[49.19,30.21],[49.2,30.21],[49.2,30.2],[49.2,30.2],[49.2,30.2],[49.2,30.2],[49.2,30.2],[49.2,30.2],[49.2,30.2],[49.2,30.2],[49.2,30.19],[49.2,30.19],[49.2,30.19],[49.2,30.19],[49.2,30.19],[49.2,30.19],[49.2,30.19],[49.2,30.19],[49.2,30.18],[49.2,30.18],[49.2,30.19],[49.19,30.19],[49.19,30.19],[49.19,30.19],[49.19,30.19],[49.19,30.19],[49.19,30.19],[49.19,30.19],[49.19,30.19],[49.19,30.19],[49.19,30.19],[49.19,30.19],[49.19,30.19],[49.19,30.19],[49.19,30.19],[49.19,30.19],[49.18,30.19],[49.18,30.19],[49.18,30.19],[49.18,30.19],[49.18,30.19],[49.18,30.19],[49.18,30.19],[49.18,30.19],[49.18,30.19],[49.19,30.19],[49.19,30.19],[49.19,30.19],[49.19,30.19],[49.19,30.19],[49.19,30.19],[49.19,30.19],[49.19,30.19],[49.19,30.19],[49.19,30.19],[49.19,30.19],[49.19,30.19],[49.19,30.19],[49.19,30.19],[49.19,30.19],[49.19,30.18],[49.19,30.18],[49.19,30.18],[49.19,30.18],[49.19,30.18],[49.19,30.18],[49.19,30.18],[49.19,30.18],[49.19,30.18],[49.18,30.18],[49.18,30.18],[49.18,30.18],[49.18,30.18],[49.18,30.18],[49.18,30.18],[49.17,30.18],[49.17,30.18],[49.17,30.18],[49.17,30.18],[49.17,30.18],[49.17,30.18],[49.17,30.18],[49.17,30.18],[49.17,30.18],[49.17,30.18],[49.17,30.18],[49.17,30.19],[49.17,30.19],[49.17,30.19],[49.17,30.19],[49.17,30.19],[49.17,30.19],[49.17,30.19],[49.16,30.19],[49.16,30.19],[49.15,30.19],[49.15,30.19],[49.15,30.19],[49.15,30.19],[49.15,30.2],[49.15,30.2],[49.15,30.2],[49.15,30.2],[49.15,30.2],[49.15,30.2],[49.15,30.2],[49.15,30.2],[49.15,30.21],[49.14,30.21],[49.14,30.21],[49.14,30.21],[49.14,30.21],[49.14,30.21],[49.14,30.22],[49.14,30.22],[49.14,30.22],[49.14,30.22],[49.14,30.22],[49.14,30.22],[49.14,30.22],[49.14,30.22],[49.14,30.22],[49.14,30.22],[49.13,30.22],[49.13,30.22],[49.13,30.22],[49.13,30.22],[49.13,30.22],[49.13,30.22],[49.13,30.22],[49.13,30.22],[49.13,30.23],[49.13,30.23],[49.13,30.23],[49.13,30.23],[49.13,30.23],[49.13,30.23],[49.13,30.23],[49.13,30.23],[49.13,30.23],[49.13,30.23],[49.13,30.23],[49.13,30.23],[49.13,30.23],[49.13,30.23],[49.13,30.23],[49.13,30.23],[49.13,30.23],[49.13,30.23],[49.12,30.23],[49.12,30.23],[49.12,30.23],[49.12,30.23],[49.12,30.23],[49.12,30.23],[49.12,30.23],[49.12,30.23],[49.12,30.23],[49.11,30.23],[49.11,30.23],[49.11,30.23],[49.11,30.23],[49.11,30.23],[49.11,30.23],[49.11,30.23],[49.11,30.23],[49.11,30.23],[49.11,30.23],[49.11,30.23],[49.11,30.24],[49.11,30.24],[49.11,30.24],[49.1,30.24],[49.1,30.24],[49.1,30.24],[49.1,30.24],[49.1,30.24],[49.1,30.24],[49.1,30.24],[49.1,30.24],[49.1,30.24],[49.1,30.24],[49.1,30.24],[49.09,30.24],[49.09,30.24],[49.09,30.24],[49.09,30.24],[49.09,30.24],[49.09,30.25],[49.09,30.25],[49.09,30.25],[49.09,30.25],[49.09,30.25],[49.08,30.25],[49.08,30.24],[49.08,30.24],[49.08,30.24],[49.08,30.24],[49.08,30.24],[49.08,30.24],[49.08,30.24],[49.08,30.24],[49.08,30.24],[49.08,30.24],[49.08,30.24],[49.08,30.24],[49.08,30.24],[49.08,30.24],[49.08,30.24],[49.07,30.24],[49.07,30.24],[49.07,30.24],[49.07,30.24],[49.07,30.24],[49.07,30.25],[49.07,30.25],[49.07,30.25],[49.07,30.25],[49.07,30.25],[49.07,30.25],[49.07,30.25],[49.07,30.25],[49.07,30.25],[49.07,30.25],[49.06,30.25],[49.06,30.25],[49.06,30.25],[49.06,30.25],[49.06,30.25],[49.06,30.25],[49.06,30.25],[49.06,30.26],[49.06,30.26],[49.06,30.26],[49.05,30.26],[49.05,30.26],[49.05,30.26],[49.05,30.26],[49.05,30.26],[49.05,30.26],[49.05,30.26],[49.05,30.26],[49.04,30.26],[49.04,30.26],[49.04,30.26],[49.04,30.26],[49.04,30.26],[49.04,30.26],[49.04,30.26],[49.04,30.26],[49.04,30.26],[49.04,30.27],[49.03,30.27],[49.03,30.27],[49.03,30.27],[49.03,30.27],[49.03,30.27],[49.03,30.27],[49.03,30.27],[49.03,30.27],[49.03,30.27],[49.03,30.27],[49.03,30.27],[49.02,30.27],[49.02,30.27],[49.02,30.27],[49.02,30.27],[49.02,30.27],[49.02,30.27],[49.02,30.27],[49.02,30.27],[49.02,30.27],[49.02,30.27],[49.02,30.27],[49.01,30.28],[49.01,30.28],[49.01,30.28],[49.01,30.28],[49.01,30.28],[49.01,30.28],[49.01,30.28],[49.01,30.28],[49.01,30.28],[49.01,30.28],[49.01,30.28],[49.01,30.28],[49.0,30.28],[49.0,30.28],[49.0,30.28],[49.0,30.28],[49.0,30.28],[49.0,30.28],[49.0,30.28],[49.0,30.28],[49.0,30.28],[49.0,30.29],[49.0,30.29],[49.0,30.29],[49.0,30.29],[49.0,30.29],[49.0,30.29],[49.0,30.29],[49.0,30.29],[49.0,30.29],[49.0,30.29],[49.01,30.29],[49.01,30.29],[49.01,30.29],[49.01,30.29],[49.01,30.3],[49.01,30.3],[49.01,30.3],[49.01,30.31],[49.01,30.31],[49.01,30.31],[49.01,30.31],[49.01,30.31],[49.01,30.31],[49.01,30.31],[49.01,30.31],[49.01,30.32],[49.01,30.32],[49.01,30.32],[49.01,30.32],[49.01,30.33],[49.01,30.33],[49.01,30.33],[49.01,30.33],[49.01,30.33],[49.01,30.33],[49.01,30.33],[49.01,30.33],[49.01,30.33],[49.01,30.33],[49.01,30.34],[49.0,30.34],[49.0,30.34],[49.0,30.34],[49.0,30.34],[49.0,30.34],[49.0,30.34],[49.0,30.34],[49.0,30.34],[49.0,30.34],[49.0,30.34],[49.0,30.34],[49.0,30.34],[49.0,30.34],[49.0,30.34],[49.0,30.34],[49.0,30.34],[48.99,30.34],[48.99,30.34],[48.99,30.34],[48.99,30.35],[48.99,30.35],[48.99,30.35],[48.99,30.35],[48.99,30.35],[48.99,30.35],[48.99,30.35],[48.99,30.35],[48.99,30.35],[48.98,30.35],[48.98,30.35],[48.98,30.35],[48.98,30.35],[48.98,30.35],[48.98,30.35],[48.98,30.35],[48.97,30.35],[48.97,30.35],[48.97,30.35],[48.97,30.35],[48.97,30.36],[48.97,30.36],[48.96,30.36],[48.96,30.36],[48.96,30.36],[48.96,30.36],[48.96,30.36],[48.96,30.36],[48.95,30.36],[48.95,30.36],[48.95,30.36],[48.95,30.36],[48.95,30.36],[48.94,30.36],[48.94,30.36],[48.94,30.36],[48.95,30.36],[48.95,30.36],[48.95,30.37],[48.95,30.37],[48.94,30.37],[48.94,30.37],[48.94,30.37],[48.94,30.37],[48.94,30.37],[48.94,30.37],[48.94,30.37],[48.94,30.37],[48.94,30.37],[48.94,30.37],[48.94,30.37],[48.94,30.37],[48.94,30.37],[48.94,30.37],[48.94,30.37],[48.93,30.37],[48.93,30.37],[48.93,30.37],[48.93,30.37],[48.93,30.37],[48.93,30.37],[48.93,30.38],[48.93,30.38],[48.93,30.38],[48.93,30.38],[48.93,30.38],[48.93,30.38],[48.93,30.38],[48.93,30.38],[48.93,30.38],[48.93,30.38],[48.93,30.38],[48.93,30.38],[48.93,30.38],[48.92,30.39],[48.92,30.39],[48.92,30.39],[48.92,30.39],[48.92,30.39],[48.92,30.4],[48.92,30.4],[48.93,30.4],[48.93,30.4],[48.93,30.4],[48.93,30.4],[48.93,30.4],[48.93,30.4],[48.94,30.4],[48.94,30.4],[48.95,30.4],[48.95,30.4],[48.95,30.4],[48.95,30.4],[48.96,30.4],[48.96,30.4],[48.96,30.4],[48.96,30.4],[48.96,30.4],[48.96,30.4]]],[[[48.95,30.4],[48.95,30.4],[48.95,30.4],[48.95,30.4],[48.95,30.4],[48.95,30.4],[48.95,30.4],[48.95,30.4],[48.93,30.4],[48.93,30.4],[48.93,30.4],[48.93,30.4],[48.93,30.4],[48.93,30.4],[48.95,30.4]]],[[[48.99,30.4],[49.0,30.4],[49.0,30.4],[49.0,30.4],[49.0,30.4],[49.0,30.4],[49.0,30.4],[49.0,30.4],[48.99,30.4],[48.99,30.4],[48.99,30.4],[48.99,30.4]]],[[[49.23,30.41],[49.23,30.4],[49.23,30.4],[49.23,30.4],[49.23,30.4],[49.23,30.4],[49.23,30.4],[49.23,30.4],[49.23,30.4],[49.23,30.4],[49.23,30.41]]],[[[49.06,30.41],[49.06,30.41],[49.06,30.41],[49.06,30.41],[49.06,30.41],[49.06,30.41],[49.07,30.4],[49.07,30.4],[49.07,30.4],[49.07,30.4],[49.07,30.4],[49.07,30.4],[49.07,30.4],[49.07,30.4],[49.07,30.4],[49.07,30.4],[49.07,30.4],[49.08,30.4],[49.08,30.4],[49.08,30.4],[49.08,30.4],[49.08,30.4],[49.08,30.4],[49.08,30.4],[49.08,30.4],[49.08,30.4],[49.08,30.4],[49.09,30.4],[49.09,30.39],[49.09,30.39],[49.09,30.39],[49.09,30.39],[49.09,30.39],[49.09,30.39],[49.1,30.39],[49.1,30.39],[49.1,30.39],[49.1,30.39],[49.1,30.39],[49.1,30.39],[49.11,30.39],[49.11,30.39],[49.11,30.39],[49.11,30.39],[49.11,30.39],[49.11,30.39],[49.12,30.39],[49.12,30.39],[49.12,30.39],[49.12,30.39],[49.12,30.39],[49.12,30.39],[49.12,30.39],[49.12,30.39],[49.13,30.39],[49.13,30.39],[49.13,30.39],[49.13,30.39],[49.13,30.39],[49.13,30.39],[49.13,30.39],[49.13,30.38],[49.13,30.38],[49.13,30.38],[49.13,30.38],[49.13,30.38],[49.13,30.38],[49.12,30.38],[49.12,30.37],[49.12,30.37],[49.13,30.37],[49.13,30.37],[49.13,30.37],[49.13,30.37],[49.13,30.37],[49.13,30.37],[49.13,30.37],[49.14,30.37],[49.14,30.37],[49.14,30.37],[49.14,30.37],[49.14,30.37],[49.14,30.36],[49.14,30.36],[49.14,30.36],[49.14,30.36],[49.14,30.36],[49.14,30.36],[49.14,30.36],[49.14,30.36],[49.14,30.36],[49.14,30.36],[49.14,30.36],[49.14,30.36],[49.14,30.36],[49.14,30.36],[49.13,30.36],[49.13,30.35],[49.13,30.35],[49.13,30.35],[49.13,30.35],[49.13,30.36],[49.13,30.36],[49.13,30.36],[49.13,30.36],[49.13,30.36],[49.13,30.36],[49.13,30.35],[49.12,30.35],[49.12,30.35],[49.12,30.35],[49.12,30.36],[49.12,30.36],[49.11,30.36],[49.11,30.35],[49.11,30.35],[49.11,30.35],[49.11,30.35],[49.11,30.35],[49.11,30.35],[49.1,30.35],[49.1,30.35],[49.1,30.35],[49.1,30.35],[49.1,30.35],[49.1,30.35],[49.1,30.35],[49.1,30.35],[49.1,30.35],[49.1,30.35],[49.1,30.35],[49.1,30.35],[49.1,30.35],[49.1,30.35],[49.09,30.35],[49.09,30.35],[49.09,30.35],[49.09,30.35],[49.09,30.35],[49.09,30.35],[49.09,30.35],[49.09,30.35],[49.09,30.35],[49.09,30.35],[49.09,30.35],[49.09,30.36],[49.09,30.36],[49.09,30.36],[49.09,30.36],[49.09,30.36],[49.09,30.36],[49.09,30.36],[49.09,30.36],[49.09,30.37],[49.09,30.37],[49.09,30.37],[49.09,30.37],[49.09,30.37],[49.09,30.37],[49.09,30.37],[49.09,30.37],[49.09,30.37],[49.08,30.37],[49.08,30.37],[49.08,30.37],[49.08,30.37],[49.08,30.37],[49.08,30.37],[49.08,30.37],[49.08,30.37],[49.08,30.37],[49.08,30.37],[49.08,30.38],[49.08,30.38],[49.09,30.38],[49.09,30.38],[49.09,30.38],[49.09,30.38],[49.09,30.38],[49.09,30.37],[49.09,30.37],[49.09,30.37],[49.09,30.37],[49.09,30.37],[49.09,30.37],[49.1,30.37],[49.1,30.37],[49.1,30.37],[49.1,30.37],[49.1,30.37],[49.1,30.37],[49.11,30.37],[49.11,30.37],[49.11,30.37],[49.11,30.37],[49.11,30.37],[49.11,30.37],[49.11,30.37],[49.11,30.37],[49.11,30.37],[49.11,30.38],[49.11,30.38],[49.11,30.38],[49.11,30.37],[49.11,30.37],[49.11,30.37],[49.11,30.37],[49.11,30.37],[49.11,30.37],[49.11,30.37],[49.11,30.37],[49.1,30.37],[49.1,30.37],[49.1,30.37],[49.09,30.37],[49.09,30.37],[49.09,30.37],[49.09,30.37],[49.09,30.38],[49.09,30.38],[49.09,30.38],[49.09,30.38],[49.09,30.38],[49.09,30.38],[49.08,30.38],[49.08,30.38],[49.08,30.38],[49.08,30.38],[49.08,30.38],[49.07,30.38],[49.07,30.38],[49.07,30.38],[49.07,30.38],[49.07,30.38],[49.07,30.38],[49.07,30.38],[49.07,30.38],[49.07,30.38],[49.07,30.38],[49.06,30.38],[49.06,30.38],[49.06,30.38],[49.06,30.38],[49.06,30.38],[49.06,30.38],[49.06,30.38],[49.06,30.38],[49.06,30.38],[49.06,30.38],[49.06,30.38],[49.06,30.38],[49.05,30.38],[49.05,30.38],[49.05,30.38],[49.05,30.38],[49.05,30.38],[49.05,30.38],[49.05,30.39],[49.05,30.39],[49.05,30.39],[49.05,30.39],[49.05,30.39],[49.05,30.39],[49.05,30.39],[49.05,30.39],[49.05,30.39],[49.05,30.39],[49.05,30.39],[49.05,30.39],[49.05,30.39],[49.05,30.39],[49.05,30.4],[49.05,30.4],[49.05,30.4],[49.04,30.4],[49.04,30.4],[49.04,30.4],[49.04,30.4],[49.04,30.4],[49.04,30.4],[49.05,30.4],[49.05,30.4],[49.05,30.4],[49.05,30.4],[49.05,30.4],[49.05,30.4],[49.05,30.4],[49.05,30.4],[49.05,30.4],[49.05,30.4],[49.05,30.4],[49.05,30.41],[49.05,30.41],[49.05,30.41],[49.06,30.41],[49.06,30.41],[49.06,30.41]]],[[[49.25,30.41],[49.25,30.41],[49.25,30.41],[49.25,30.41],[49.25,30.41],[49.25,30.41],[49.25,30.41],[49.25,30.41],[49.25,30.41],[49.25,30.41]]],[[[49.1,30.42],[49.1,30.42],[49.1,30.42],[49.1,30.41],[49.1,30.41],[49.1,30.41],[49.1,30.41],[49.1,30.41],[49.1,30.42],[49.1,30.42],[49.1,30.42]]],[[[49.09,30.42],[49.1,30.42],[49.1,30.42],[49.1,30.41],[49.1,30.41],[49.1,30.41],[49.1,30.41],[49.1,30.41],[49.1,30.41],[49.1,30.41],[49.1,30.41],[49.1,30.41],[49.1,30.41],[49.1,30.41],[49.1,30.41],[49.11,30.41],[49.11,30.41],[49.11,30.41],[49.11,30.41],[49.11,30.41],[49.11,30.41],[49.11,30.41],[49.11,30.4],[49.11,30.4],[49.11,30.4],[49.11,30.4],[49.11,30.4],[49.11,30.4],[49.11,30.4],[49.11,30.4],[49.11,30.4],[49.1,30.4],[49.1,30.4],[49.1,30.4],[49.1,30.4],[49.1,30.4],[49.1,30.4],[49.09,30.4],[49.09,30.4],[49.09,30.4],[49.09,30.4],[49.09,30.4],[49.09,30.4],[49.09,30.41],[49.09,30.41],[49.09,30.41],[49.09,30.41],[49.09,30.41],[49.09,30.41],[49.08,30.41],[49.08,30.41],[49.08,30.41],[49.08,30.41],[49.08,30.41],[49.08,30.41],[49.08,30.41],[49.08,30.41],[49.08,30.41],[49.08,30.41],[49.08,30.41],[49.08,30.41],[49.09,30.41],[49.09,30.41],[49.09,30.41],[49.09,30.41],[49.09,30.42],[49.09,30.42],[49.09,30.42],[49.09,30.42],[49.09,30.42]]],[[[49.25,30.42],[49.25,30.42],[49.25,30.42],[49.25,30.42],[49.25,30.42],[49.25,30.41],[49.25,30.41],[49.25,30.41],[49.25,30.41],[49.25,30.42],[49.25,30.42],[49.25,30.42],[49.25,30.42],[49.25,30.42],[49.25,30.42],[49.24,30.42],[49.24,30.42],[49.24,30.41],[49.24,30.41],[49.24,30.41],[49.24,30.41],[49.23,30.41],[49.23,30.42],[49.23,30.42],[49.23,30.42],[49.23,30.42],[49.23,30.42],[49.23,30.42],[49.24,30.42],[49.24,30.42],[49.25,30.42],[49.25,30.42],[49.25,30.42],[49.25,30.42],[49.25,30.42]]],[[[49.16,30.43],[49.16,30.43],[49.16,30.43],[49.16,30.43],[49.16,30.43],[49.16,30.43],[49.16,30.42],[49.16,30.42],[49.16,30.42],[49.16,30.42],[49.16,30.42],[49.17,30.42],[49.17,30.42],[49.17,30.42],[49.17,30.42],[49.17,30.42],[49.17,30.42],[49.17,30.42],[49.16,30.42],[49.16,30.42],[49.16,30.42],[49.16,30.42],[49.16,30.41],[49.16,30.41],[49.16,30.41],[49.15,30.41],[49.15,30.41],[49.15,30.41],[49.15,30.41],[49.15,30.41],[49.15,30.42],[49.15,30.42],[49.15,30.42],[49.15,30.42],[49.15,30.42],[49.15,30.42],[49.15,30.42],[49.15,30.42],[49.15,30.42],[49.15,30.42],[49.15,30.42],[49.15,30.42],[49.15,30.42],[49.15,30.42],[49.15,30.42],[49.15,30.42],[49.15,30.43],[49.15,30.43],[49.15,30.43],[49.16,30.43],[49.16,30.43],[49.16,30.43],[49.16,30.43],[49.16,30.43],[49.16,30.43]]],[[[49.22,30.44],[49.22,30.44],[49.23,30.44],[49.23,30.44],[49.23,30.44],[49.23,30.44],[49.23,30.44],[49.23,30.44],[49.23,30.44],[49.23,30.44],[49.23,30.44],[49.23,30.44],[49.23,30.43],[49.23,30.43],[49.23,30.43],[49.23,30.43],[49.23,30.43],[49.23,30.43],[49.23,30.43],[49.24,30.43],[49.24,30.43],[49.24,30.43],[49.24,30.43],[49.24,30.43],[49.24,30.43],[49.24,30.43],[49.24,30.43],[49.25,30.43],[49.25,30.43],[49.25,30.43],[49.25,30.42],[49.25,30.42],[49.25,30.42],[49.25,30.42],[49.25,30.42],[49.25,30.42],[49.25,30.42],[49.25,30.42],[49.25,30.42],[49.25,30.42],[49.24,30.42],[49.24,30.42],[49.24,30.42],[49.24,30.42],[49.23,30.42],[49.23,30.42],[49.23,30.42],[49.23,30.42],[49.23,30.42],[49.23,30.42],[49.23,30.42],[49.23,30.42],[49.24,30.43],[49.24,30.43],[49.23,30.43],[49.23,30.43],[49.23,30.42],[49.23,30.42],[49.23,30.42],[49.23,30.42],[49.23,30.42],[49.23,30.42],[49.23,30.42],[49.23,30.42],[49.23,30.42],[49.23,30.42],[49.23,30.42],[49.23,30.42],[49.23,30.42],[49.22,30.41],[49.22,30.42],[49.22,30.42],[49.22,30.42],[49.22,30.41],[49.22,30.41],[49.22,30.41],[49.22,30.41],[49.22,30.41],[49.21,30.41],[49.21,30.41],[49.21,30.41],[49.21,30.41],[49.21,30.41],[49.21,30.41],[49.2,30.41],[49.2,30.41],[49.2,30.41],[49.2,30.41],[49.2,30.41],[49.2,30.41],[49.2,30.41],[49.2,30.42],[49.2,30.42],[49.2,30.42],[49.2,30.41],[49.2,30.42],[49.2,30.42],[49.21,30.42],[49.21,30.42],[49.21,30.42],[49.21,30.42],[49.21,30.42],[49.21,30.42],[49.21,30.42],[49.21,30.42],[49.21,30.42],[49.21,30.42],[49.21,30.42],[49.21,30.42],[49.21,30.42],[49.21,30.42],[49.21,30.42],[49.21,30.42],[49.21,30.42],[49.21,30.43],[49.21,30.43],[49.21,30.43],[49.21,30.43],[49.21,30.43],[49.22,30.43],[49.22,30.43],[49.22,30.43],[49.22,30.43],[49.22,30.43],[49.22,30.43],[49.22,30.43],[49.22,30.43],[49.22,30.43],[49.22,30.43],[49.22,30.44],[49.22,30.44],[49.22,30.44],[49.22,30.44],[49.22,30.44]]],[[[49.19,30.46],[49.19,30.46],[49.19,30.46],[49.19,30.46],[49.19,30.46],[49.2,30.46],[49.2,30.46],[49.2,30.46],[49.2,30.46],[49.2,30.46],[49.2,30.46],[49.2,30.46],[49.2,30.46],[49.2,30.46],[49.2,30.46],[49.21,30.46],[49.21,30.46],[49.21,30.46],[49.21,30.46],[49.21,30.46],[49.21,30.46],[49.21,30.46],[49.21,30.46],[49.22,30.46],[49.22,30.46],[49.22,30.45],[49.22,30.45],[49.22,30.45],[49.22,30.45],[49.22,30.45],[49.22,30.45],[49.22,30.44],[49.22,30.44],[49.22,30.44],[49.22,30.44],[49.22,30.44],[49.22,30.44],[49.22,30.44],[49.22,30.44],[49.22,30.44],[49.22,30.43],[49.22,30.43],[49.22,30.43],[49.22,30.43],[49.22,30.43],[49.22,30.43],[49.22,30.43],[49.22,30.43],[49.22,30.43],[49.22,30.43],[49.22,30.43],[49.21,30.43],[49.21,30.43],[49.21,30.43],[49.21,30.43],[49.21,30.43],[49.21,30.43],[49.21,30.43],[49.21,30.43],[49.21,30.43],[49.21,30.43],[49.21,30.43],[49.21,30.43],[49.21,30.43],[49.21,30.43],[49.2,30.43],[49.2,30.43],[49.2,30.42],[49.2,30.42],[49.2,30.42],[49.2,30.42],[49.2,30.42],[49.2,30.42],[49.2,30.42],[49.2,30.42],[49.2,30.42],[49.2,30.43],[49.2,30.43],[49.2,30.43],[49.2,30.43],[49.2,30.43],[49.2,30.43],[49.2,30.43],[49.2,30.43],[49.2,30.43],[49.2,30.43],[49.2,30.43],[49.2,30.43],[49.2,30.43],[49.2,30.43],[49.2,30.43],[49.2,30.43],[49.19,30.43],[49.19,30.43],[49.19,30.43],[49.19,30.43],[49.19,30.43],[49.19,30.43],[49.19,30.42],[49.19,30.42],[49.19,30.42],[49.19,30.42],[49.19,30.43],[49.19,30.43],[49.19,30.43],[49.19,30.43],[49.19,30.43],[49.19,30.43],[49.19,30.43],[49.19,30.43],[49.19,30.43],[49.19,30.43],[49.19,30.43],[49.19,30.43],[49.19,30.43],[49.19,30.43],[49.19,30.43],[49.19,30.43],[49.18,30.43],[49.18,30.43],[49.18,30.43],[49.18,30.44],[49.18,30.44],[49.18,30.44],[49.18,30.44],[49.18,30.44],[49.18,30.44],[49.18,30.44],[49.18,30.44],[49.18,30.44],[49.18,30.44],[49.18,30.44],[49.18,30.44],[49.18,30.44],[49.18,30.44],[49.18,30.44],[49.18,30.44],[49.18,30.44],[49.18,30.44],[49.18,30.44],[49.17,30.44],[49.17,30.44],[49.17,30.44],[49.18,30.44],[49.18,30.44],[49.18,30.44],[49.18,30.44],[49.18,30.44],[49.18,30.45],[49.18,30.45],[49.18,30.45],[49.17,30.45],[49.18,30.45],[49.18,30.45],[49.18,30.45],[49.18,30.45],[49.18,30.45],[49.18,30.45],[49.18,30.45],[49.18,30.45],[49.18,30.45],[49.18,30.45],[49.18,30.45],[49.18,30.45],[49.18,30.45],[49.18,30.45],[49.18,30.45],[49.18,30.45],[49.18,30.45],[49.18,30.45],[49.18,30.45],[49.18,30.45],[49.17,30.45],[49.17,30.45],[49.17,30.45],[49.17,30.45],[49.17,30.46],[49.18,30.46],[49.18,30.46],[49.18,30.46],[49.18,30.46],[49.18,30.46],[49.18,30.46],[49.18,30.46],[49.18,30.46],[49.18,30.46],[49.18,30.46],[49.18,30.46],[49.18,30.46],[49.18,30.46],[49.18,30.46],[49.18,30.46],[49.18,30.46],[49.18,30.46],[49.19,30.46],[49.19,30.46],[49.19,30.46],[49.19,30.46],[49.19,30.46],[49.19,30.46]]],[[[49.16,30.5],[49.16,30.5],[49.16,30.49],[49.16,30.49],[49.16,30.49],[49.16,30.49],[49.16,30.5],[49.16,30.5]]],[[[49.12,30.5],[49.12,30.5],[49.12,30.5],[49.12,30.49],[49.12,30.49],[49.12,30.49],[49.12,30.49],[49.13,30.49],[49.13,30.49],[49.13,30.49],[49.13,30.49],[49.13,30.49],[49.13,30.49],[49.14,30.49],[49.14,30.49],[49.14,30.49],[49.14,30.49],[49.14,30.49],[49.14,30.49],[49.14,30.49],[49.14,30.48],[49.14,30.48],[49.14,30.48],[49.14,30.48],[49.14,30.48],[49.14,30.48],[49.14,30.48],[49.14,30.48],[49.14,30.48],[49.14,30.48],[49.14,30.48],[49.14,30.48],[49.14,30.47],[49.14,30.47],[49.14,30.47],[49.13,30.47],[49.14,30.47],[49.14,30.47],[49.14,30.46],[49.13,30.46],[49.14,30.46],[49.14,30.46],[49.14,30.46],[49.14,30.46],[49.14,30.45],[49.14,30.45],[49.14,30.45],[49.14,30.45],[49.14,30.45],[49.14,30.45],[49.14,30.45],[49.14,30.45],[49.14,30.45],[49.14,30.45],[49.14,30.45],[49.13,30.45],[49.13,30.45],[49.13,30.45],[49.13,30.45],[49.13,30.45],[49.13,30.45],[49.13,30.45],[49.13,30.45],[49.13,30.46],[49.13,30.46],[49.13,30.46],[49.13,30.46],[49.12,30.46],[49.12,30.45],[49.12,30.45],[49.12,30.45],[49.12,30.45],[49.12,30.45],[49.12,30.45],[49.12,30.45],[49.12,30.45],[49.12,30.45],[49.12,30.45],[49.11,30.45],[49.11,30.45],[49.11,30.45],[49.11,30.45],[49.11,30.46],[49.11,30.46],[49.11,30.46],[49.11,30.46],[49.11,30.46],[49.11,30.46],[49.11,30.46],[49.11,30.46],[49.11,30.46],[49.11,30.46],[49.11,30.46],[49.11,30.46],[49.11,30.46],[49.11,30.46],[49.11,30.47],[49.11,30.47],[49.11,30.47],[49.11,30.47],[49.11,30.48],[49.11,30.48],[49.11,30.48],[49.11,30.48],[49.11,30.48],[49.11,30.48],[49.11,30.48],[49.11,30.48],[49.11,30.48],[49.11,30.48],[49.11,30.48],[49.1,30.48],[49.1,30.48],[49.1,30.48],[49.1,30.48],[49.1,30.49],[49.11,30.49],[49.11,30.49],[49.11,30.49],[49.11,30.49],[49.11,30.49],[49.11,30.49],[49.11,30.49],[49.11,30.49],[49.11,30.49],[49.11,30.49],[49.11,30.49],[49.11,30.49],[49.11,30.49],[49.11,30.49],[49.11,30.49],[49.11,30.49],[49.11,30.49],[49.12,30.49],[49.12,30.49],[49.12,30.49],[49.12,30.49],[49.12,30.5],[49.12,30.5],[49.12,30.5],[49.12,30.5],[49.12,30.5],[49.12,30.5]]],[[[49.09,30.5],[49.09,30.5],[49.1,30.5],[49.1,30.5],[49.1,30.5],[49.1,30.5],[49.1,30.5],[49.1,30.5],[49.1,30.5],[49.1,30.5],[49.1,30.5],[49.11,30.49],[49.11,30.49],[49.11,30.49],[49.11,30.49],[49.11,30.49],[49.11,30.49],[49.11,30.49],[49.11,30.49],[49.11,30.49],[49.11,30.49],[49.11,30.49],[49.11,30.49],[49.11,30.49],[49.11,30.49],[49.11,30.49],[49.1,30.49],[49.1,30.49],[49.1,30.49],[49.1,30.49],[49.1,30.48],[49.1,30.48],[49.1,30.48],[49.1,30.48],[49.1,30.48],[49.1,30.48],[49.11,30.48],[49.11,30.48],[49.11,30.48],[49.1,30.48],[49.1,30.47],[49.1,30.47],[49.1,30.47],[49.1,30.47],[49.1,30.47],[49.1,30.47],[49.1,30.47],[49.1,30.47],[49.1,30.47],[49.1,30.47],[49.1,30.47],[49.1,30.47],[49.1,30.47],[49.1,30.47],[49.1,30.47],[49.1,30.47],[49.1,30.48],[49.1,30.48],[49.09,30.48],[49.09,30.48],[49.09,30.48],[49.09,30.48],[49.09,30.48],[49.09,30.48],[49.09,30.48],[49.09,30.48],[49.09,30.48],[49.09,30.48],[49.09,30.48],[49.09,30.48],[49.08,30.48],[49.08,30.48],[49.08,30.48],[49.08,30.48],[49.08,30.48],[49.08,30.48],[49.08,30.49],[49.08,30.49],[49.08,30.49],[49.08,30.49],[49.08,30.49],[49.08,30.49],[49.08,30.49],[49.08,30.49],[49.08,30.49],[49.08,30.49],[49.08,30.49],[49.08,30.49],[49.08,30.49],[49.09,30.49],[49.09,30.49],[49.09,30.49],[49.09,30.49],[49.09,30.5],[49.09,30.5],[49.08,30.5],[49.08,30.5],[49.08,30.5],[49.09,30.5],[49.09,30.5],[49.09,30.5],[49.09,30.5],[49.09,30.5],[49.09,30.5],[49.09,30.5],[49.09,30.5],[49.09,30.5],[49.09,30.5],[49.09,30.5]]],[[[48.52,33.05],[48.63,33.05],[48.68,33.01],[48.73,32.96],[48.81,32.97],[48.88,32.95],[48.96,32.95],[49.01,32.94],[49.09,32.89],[49.22,32.8],[49.32,32.78],[49.44,32.82],[49.47,32.78],[49.51,32.69],[49.55,32.68],[49.72,32.68],[49.78,32.65],[49.78,32.61],[49.73,32.54],[49.74,32.49],[49.77,32.38],[49.83,32.3],[49.92,32.19],[49.96,32.12],[50.0,32.09],[50.07,32.07],[50.09,32.01],[50.12,31.92],[50.15,31.87],[50.2,31.83],[50.25,31.76],[50.31,31.72],[50.34,31.68],[50.36,31.63],[50.34,31.59],[50.29,31.55],[50.27,31.51],[50.23,31.44],[50.16,31.35],[50.05,31.32],[49.94,31.25],[49.92,31.22],[49.92,31.12],[49.96,31.04],[49.97,30.97],[49.94,30.89],[49.97,30.85],[50.04,30.86],[50.12,30.9],[50.15,30.87],[50.21,30.78],[50.29,30.75],[50.38,30.71],[50.42,30.67],[50.41,30.62],[50.38,30.57],[50.34,30.52],[50.35,30.48],[50.41,30.42],[50.42,30.31],[50.37,30.22],[50.31,30.22],[50.25,30.23],[50.17,30.27],[50.12,30.27],[50.09,30.24],[50.07,30.23],[50.06,30.22],[50.04,30.21],[50.04,30.2],[50.04,30.21],[50.04,30.21],[50.04,30.21],[50.04,30.21],[50.04,30.21],[50.04,30.21],[50.04,30.21],[50.04,30.21],[50.03,30.21],[50.03,30.21],[50.03,30.21],[50.03,30.21],[50.03,30.21],[50.03,30.21],[50.03,30.21],[50.03,30.21],[50.02,30.21],[50.02,30.21],[50.02,30.21],[50.02,30.21],[50.02,30.21],[50.02,30.21],[50.02,30.21],[50.02,30.21],[50.01,30.21],[50.01,30.21],[50.01,30.21],[50.01,30.21],[50.01,30.21],[50.01,30.21],[50.01,30.21],[50.0,30.21],[50.0,30.21],[50.0,30.21],[50.0,30.21],[49.99,30.21],[49.99,30.21],[49.99,30.21],[49.99,30.21],[49.99,30.21],[49.99,30.21],[49.99,30.21],[49.99,30.21],[49.98,30.21],[49.98,30.21],[49.98,30.21],[49.97,30.21],[49.97,30.21],[49.97,30.21],[49.97,30.21],[49.97,30.21],[49.96,30.21],[49.96,30.21],[49.96,30.21],[49.96,30.21],[49.96,30.21],[49.96,30.21],[49.95,30.21],[49.95,30.21],[49.95,30.21],[49.95,30.21],[49.95,30.21],[49.95,30.21],[49.95,30.21],[49.95,30.21],[49.94,30.21],[49.94,30.21],[49.94,30.21],[49.94,30.21],[49.94,30.21],[49.94,30.21],[49.94,30.2],[49.94,30.2],[49.93,30.2],[49.93,30.2],[49.93,30.2],[49.93,30.2],[49.93,30.2],[49.93,30.2],[49.93,30.2],[49.93,30.2],[49.93,30.2],[49.93,30.2],[49.92,30.2],[49.92,30.2],[49.92,30.2],[49.92,30.2],[49.92,30.2],[49.92,30.2],[49.92,30.2],[49.92,30.2],[49.92,30.2],[49.91,30.2],[49.91,30.2],[49.91,30.2],[49.91,30.2],[49.91,30.2],[49.91,30.2],[49.91,30.2],[49.91,30.19],[49.91,30.19],[49.91,30.19],[49.91,30.19],[49.9,30.19],[49.9,30.19],[49.9,30.19],[49.9,30.19],[49.9,30.19],[49.9,30.19],[49.9,30.19],[49.9,30.19],[49.9,30.19],[49.9,30.19],[49.89,30.19],[49.89,30.19],[49.89,30.19],[49.89,30.19],[49.89,30.19],[49.89,30.19],[49.89,30.19],[49.89,30.19],[49.89,30.18],[49.89,30.18],[49.89,30.18],[49.88,30.18],[49.88,30.18],[49.88,30.18],[49.88,30.18],[49.88,30.18],[49.88,30.18],[49.88,30.18],[49.88,30.18],[49.88,30.18],[49.88,30.18],[49.88,30.18],[49.88,30.18],[49.88,30.18],[49.88,30.18],[49.87,30.18],[49.87,30.18],[49.87,30.18],[49.87,30.18],[49.87,30.18],[49.87,30.18],[49.87,30.17],[49.87,30.17],[49.87,30.17],[49.87,30.17],[49.87,30.17],[49.87,30.17],[49.87,30.17],[49.86,30.17],[49.86,30.17],[49.86,30.17],[49.86,30.17],[49.86,30.17],[49.86,30.17],[49.86,30.17],[49.86,30.17],[49.86,30.17],[49.86,30.17],[49.86,30.17],[49.86,30.17],[49.86,30.17],[49.85,30.17],[49.85,30.16],[49.85,30.16],[49.85,30.16],[49.85,30.16],[49.85,30.16],[49.85,30.16],[49.85,30.16],[49.85,30.16],[49.85,30.16],[49.85,30.16],[49.85,30.16],[49.85,30.16],[49.85,30.16],[49.85,30.16],[49.85,30.16],[49.85,30.16],[49.84,30.16],[49.84,30.16],[49.84,30.16],[49.84,30.16],[49.84,30.16],[49.84,30.15],[49.84,30.15],[49.84,30.15],[49.84,30.15],[49.84,30.15],[49.84,30.15],[49.84,30.15],[49.84,30.15],[49.84,30.15],[49.83,30.15],[49.83,30.15],[49.83,30.15],[49.83,30.15],[49.83,30.15],[49.83,30.15],[49.83,30.15],[49.83,30.15],[49.83,30.15],[49.83,30.15],[49.83,30.15],[49.83,30.15],[49.83,30.15],[49.83,30.15],[49.82,30.14],[49.82,30.14],[49.82,30.14],[49.82,30.14],[49.82,30.14],[49.82,30.14],[49.82,30.14],[49.82,30.14],[49.82,30.14],[49.82,30.14],[49.82,30.14],[49.82,30.14],[49.82,30.14],[49.82,30.14],[49.82,30.14],[49.81,30.14],[49.81,30.14],[49.81,30.14],[49.81,30.14],[49.81,30.14],[49.81,30.14],[49.81,30.13],[49.81,30.13],[49.81,30.13],[49.81,30.13],[49.81,30.13],[49.8,30.13],[49.8,30.13],[49.8,30.13],[49.8,30.13],[49.8,30.13],[49.8,30.13],[49.8,30.13],[49.8,30.13],[49.8,30.13],[49.8,30.13],[49.8,30.13],[49.8,30.13],[49.79,30.13],[49.79,30.12],[49.79,30.12],[49.79,30.12],[49.79,30.12],[49.79,30.12],[49.79,30.12],[49.79,30.12],[49.79,30.12],[49.79,30.12],[49.79,30.12],[49.79,30.12],[49.78,30.12],[49.78,30.12],[49.78,30.12],[49.78,30.12],[49.78,30.12],[49.78,30.12],[49.78,30.12],[49.78,30.12],[49.78,30.12],[49.78,30.11],[49.77,30.11],[49.77,30.11],[49.77,30.11],[49.77,30.11],[49.77,30.11],[49.77,30.11],[49.77,30.11],[49.77,30.11],[49.77,30.11],[49.77,30.11],[49.77,30.11],[49.76,30.11],[49.76,30.11],[49.76,30.11],[49.76,30.11],[49.76,30.11],[49.76,30.11],[49.76,30.11],[49.76,30.1],[49.76,30.1],[49.76,30.1],[49.76,30.1],[49.76,30.1],[49.76,30.1],[49.75,30.1],[49.75,30.1],[49.75,30.1],[49.75,30.1],[49.75,30.1],[49.75,30.1],[49.75,30.1],[49.75,30.1],[49.75,30.1],[49.75,30.1],[49.75,30.1],[49.75,30.1],[49.75,30.1],[49.75,30.1],[49.75,30.1],[49.74,30.1],[49.74,30.1],[49.74,30.09],[49.74,30.09],[49.74,30.09],[49.74,30.09],[49.74,30.09],[49.74,30.09],[49.74,30.09],[49.74,30.09],[49.74,30.09],[49.74,30.09],[49.73,30.09],[49.73,30.09],[49.73,30.09],[49.73,30.09],[49.73,30.09],[49.73,30.09],[49.73,30.09],[49.73,30.09],[49.73,30.09],[49.73,30.09],[49.73,30.09],[49.73,30.09],[49.73,30.08],[49.72,30.08],[49.72,30.08],[49.72,30.08],[49.72,30.08],[49.72,30.08],[49.72,30.08],[49.72,30.08],[49.72,30.08],[49.72,30.08],[49.72,30.08],[49.72,30.08],[49.72,30.08],[49.71,30.08],[49.71,30.08],[49.71,30.08],[49.71,30.08],[49.71,30.08],[49.71,30.08],[49.71,30.07],[49.71,30.07],[49.71,30.07],[49.71,30.07],[49.71,30.07],[49.7,30.07],[49.7,30.07],[49.7,30.07],[49.7,30.07],[49.7,30.07],[49.7,30.07],[49.7,30.07],[49.7,30.07],[49.7,30.07],[49.7,30.07],[49.7,30.07],[49.7,30.07],[49.69,30.07],[49.69,30.07],[49.69,30.07],[49.69,30.06],[49.69,30.06],[49.69,30.06],[49.69,30.06],[49.69,30.06],[49.69,30.06],[49.69,30.06],[49.69,30.06],[49.68,30.06],[49.68,30.06],[49.68,30.06],[49.68,30.06],[49.68,30.06],[49.68,30.06],[49.68,30.06],[49.68,30.06],[49.68,30.06],[49.68,30.06],[49.68,30.06],[49.68,30.06],[49.68,30.05],[49.68,30.05],[49.67,30.05],[49.67,30.05],[49.67,30.05],[49.67,30.05],[49.67,30.05],[49.67,30.05],[49.67,30.05],[49.67,30.05],[49.67,30.05],[49.67,30.05],[49.67,30.05],[49.66,30.05],[49.66,30.05],[49.66,30.05],[49.66,30.05],[49.66,30.05],[49.66,30.05],[49.66,30.05],[49.66,30.05],[49.66,30.05],[49.66,30.04],[49.66,30.04],[49.66,30.04],[49.66,30.04],[49.65,30.04],[49.65,30.04],[49.65,30.04],[49.65,30.04],[49.65,30.04],[49.65,30.04],[49.65,30.04],[49.65,30.04],[49.65,30.04],[49.65,30.04],[49.65,30.04],[49.64,30.04],[49.64,30.04],[49.64,30.04],[49.64,30.04],[49.64,30.04],[49.64,30.04],[49.64,30.04],[49.64,30.03],[49.64,30.03],[49.64,30.03],[49.64,30.03],[49.64,30.03],[49.64,30.03],[49.64,30.03],[49.63,30.03],[49.63,30.03],[49.63,30.03],[49.63,30.03],[49.63,30.03],[49.63,30.03],[49.63,30.03],[49.63,30.03],[49.63,30.03],[49.63,30.03],[49.63,30.03],[49.62,30.03],[49.62,30.03],[49.62,30.03],[49.62,30.03],[49.62,30.02],[49.62,30.02],[49.62,30.02],[49.62,30.02],[49.62,30.02],[49.62,30.02],[49.62,30.02],[49.62,30.02],[49.61,30.02],[49.61,30.02],[49.61,30.02],[49.61,30.02],[49.61,30.02],[49.61,30.02],[49.61,30.02],[49.61,30.02],[49.61,30.02],[49.61,30.02],[49.61,30.02],[49.61,30.02],[49.6,30.02],[49.6,30.02],[49.6,30.02],[49.6,30.01],[49.6,30.01],[49.6,30.01],[49.6,30.01],[49.6,30.01],[49.6,30.01],[49.6,30.01],[49.6,30.01],[49.59,30.01],[49.59,30.01],[49.59,30.01],[49.59,30.01],[49.59,30.01],[49.59,30.01],[49.59,30.01],[49.59,30.01],[49.59,30.01],[49.59,30.01],[49.59,30.01],[49.59,30.01],[49.58,30.01],[49.58,30.01],[49.58,30.01],[49.58,30.0],[49.58,30.0],[49.58,30.0],[49.58,30.0],[49.58,30.0],[49.58,30.0],[49.58,30.0],[49.58,30.0],[49.58,30.0],[49.57,30.0],[49.57,30.0],[49.57,30.0],[49.57,30.0],[49.57,30.0],[49.57,30.0],[49.57,30.0],[49.56,30.0],[49.56,30.0],[49.56,30.0],[49.56,30.0],[49.56,30.0],[49.55,30.0],[49.55,30.0],[49.55,30.0],[49.55,30.0],[49.55,30.0],[49.55,30.0],[49.55,30.0],[49.55,30.0],[49.55,30.0],[49.55,30.01],[49.55,30.01],[49.55,30.01],[49.55,30.01],[49.55,30.01],[49.55,30.01],[49.54,30.01],[49.54,30.01],[49.54,30.01],[49.54,30.01],[49.54,30.01],[49.54,30.01],[49.54,30.01],[49.54,30.01],[49.54,30.01],[49.54,30.01],[49.54,30.01],[49.54,30.01],[49.54,30.01],[49.54,30.01],[49.54,30.02],[49.54,30.02],[49.54,30.02],[49.53,30.02],[49.53,30.02],[49.53,30.02],[49.53,30.02],[49.53,30.02],[49.53,30.02],[49.53,30.02],[49.53,30.02],[49.53,30.02],[49.53,30.02],[49.53,30.02],[49.53,30.02],[49.53,30.02],[49.53,30.02],[49.53,30.02],[49.53,30.02],[49.53,30.02],[49.53,30.02],[49.53,30.02],[49.53,30.03],[49.53,30.03],[49.53,30.03],[49.52,30.03],[49.52,30.03],[49.52,30.03],[49.52,30.03],[49.52,30.03],[49.52,30.03],[49.52,30.03],[49.52,30.03],[49.52,30.03],[49.52,30.03],[49.52,30.03],[49.52,30.03],[49.52,30.03],[49.52,30.03],[49.52,30.03],[49.52,30.04],[49.52,30.04],[49.52,30.04],[49.51,30.04],[49.51,30.04],[49.51,30.04],[49.51,30.04],[49.51,30.04],[49.51,30.04],[49.51,30.04],[49.51,30.04],[49.51,30.04],[49.51,30.04],[49.51,30.04],[49.51,30.04],[49.51,30.04],[49.51,30.04],[49.51,30.04],[49.51,30.05],[49.51,30.05],[49.51,30.05],[49.51,30.05],[49.51,30.05],[49.5,30.06],[49.5,30.06],[49.5,30.07],[49.5,30.07],[49.51,30.07],[49.51,30.07],[49.51,30.07],[49.5,30.07],[49.5,30.09],[49.5,30.1],[49.5,30.1],[49.5,30.11],[49.5,30.11],[49.5,30.12],[49.5,30.12],[49.5,30.12],[49.5,30.12],[49.5,30.12],[49.5,30.12],[49.5,30.12],[49.5,30.12],[49.5,30.13],[49.5,30.13],[49.5,30.13],[49.5,30.13],[49.5,30.13],[49.5,30.13],[49.5,30.13],[49.5,30.13],[49.5,30.13],[49.49,30.13],[49.49,30.13],[49.49,30.13],[49.49,30.13],[49.49,30.13],[49.49,30.14],[49.49,30.14],[49.49,30.14],[49.49,30.14],[49.49,30.14],[49.49,30.14],[49.49,30.14],[49.49,30.14],[49.49,30.14],[49.49,30.14],[49.48,30.14],[49.48,30.14],[49.48,30.14],[49.48,30.14],[49.48,30.14],[49.48,30.14],[49.48,30.14],[49.48,30.14],[49.48,30.14],[49.48,30.14],[49.48,30.14],[49.48,30.15],[49.48,30.15],[49.48,30.15],[49.48,30.15],[49.48,30.15],[49.48,30.15],[49.48,30.15],[49.47,30.15],[49.47,30.15],[49.47,30.15],[49.47,30.15],[49.47,30.15],[49.47,30.15],[49.47,30.15],[49.47,30.15],[49.47,30.15],[49.47,30.15],[49.47,30.15],[49.47,30.15],[49.47,30.15],[49.47,30.15],[49.47,30.15],[49.47,30.15],[49.47,30.15],[49.47,30.16],[49.46,30.16],[49.46,30.16],[49.46,30.16],[49.46,30.16],[49.46,30.16],[49.46,30.16],[49.46,30.16],[49.46,30.16],[49.45,30.16],[49.45,30.16],[49.44,30.16],[49.44,30.16],[49.43,30.16],[49.43,30.16],[49.43,30.16],[49.43,30.16],[49.43,30.16],[49.42,30.16],[49.42,30.16],[49.42,30.16],[49.42,30.16],[49.42,30.16],[49.42,30.16],[49.42,30.16],[49.41,30.15],[49.41,30.15],[49.41,30.15],[49.41,30.15],[49.41,30.15],[49.4,30.15],[49.4,30.15],[49.4,30.15],[49.4,30.15],[49.4,30.15],[49.4,30.15],[49.39,30.15],[49.39,30.15],[49.39,30.15],[49.39,30.15],[49.39,30.15],[49.39,30.15],[49.39,30.15],[49.39,30.15],[49.38,30.15],[49.38,30.15],[49.38,30.15],[49.38,30.15],[49.38,30.15],[49.38,30.15],[49.38,30.15],[49.38,30.14],[49.38,30.14],[49.38,30.14],[49.38,30.14],[49.38,30.14],[49.38,30.14],[49.38,30.14],[49.38,30.14],[49.38,30.14],[49.38,30.14],[49.38,30.14],[49.39,30.14],[49.39,30.14],[49.39,30.14],[49.39,30.14],[49.39,30.14],[49.39,30.15],[49.39,30.15],[49.39,30.15],[49.39,30.15],[49.39,30.15],[49.39,30.15],[49.4,30.15],[49.4,30.15],[49.4,30.15],[49.41,30.15],[49.41,30.15],[49.41,30.15],[49.41,30.15],[49.41,30.15],[49.41,30.15],[49.41,30.15],[49.41,30.14],[49.41,30.14],[49.41,30.14],[49.41,30.14],[49.4,30.14],[49.4,30.14],[49.4,30.14],[49.4,30.14],[49.4,30.14],[49.39,30.14],[49.39,30.14],[49.39,30.14],[49.39,30.14],[49.39,30.14],[49.39,30.14],[49.39,30.14],[49.39,30.14],[49.38,30.14],[49.38,30.14],[49.38,30.14],[49.38,30.14],[49.38,30.14],[49.38,30.14],[49.38,30.14],[49.38,30.14],[49.38,30.14],[49.38,30.14],[49.38,30.14],[49.38,30.14],[49.37,30.14],[49.37,30.14],[49.37,30.14],[49.37,30.14],[49.37,30.14],[49.37,30.14],[49.37,30.14],[49.37,30.14],[49.37,30.14],[49.37,30.14],[49.37,30.15],[49.37,30.15],[49.36,30.15],[49.36,30.15],[49.35,30.15],[49.35,30.15],[49.35,30.15],[49.35,30.15],[49.34,30.15],[49.34,30.15],[49.34,30.15],[49.34,30.14],[49.34,30.14],[49.34,30.14],[49.34,30.14],[49.34,30.14],[49.34,30.14],[49.34,30.14],[49.34,30.14],[49.33,30.14],[49.33,30.14],[49.33,30.14],[49.33,30.14],[49.33,30.14],[49.33,30.14],[49.33,30.14],[49.33,30.14],[49.33,30.14],[49.33,30.14],[49.33,30.14],[49.32,30.14],[49.32,30.14],[49.32,30.14],[49.32,30.14],[49.32,30.14],[49.32,30.15],[49.32,30.15],[49.31,30.15],[49.31,30.15],[49.31,30.14],[49.31,30.14],[49.31,30.14],[49.31,30.14],[49.31,30.14],[49.31,30.14],[49.31,30.14],[49.31,30.14],[49.31,30.14],[49.31,30.14],[49.31,30.14],[49.31,30.14],[49.31,30.14],[49.3,30.14],[49.3,30.14],[49.3,30.14],[49.3,30.14],[49.3,30.14],[49.3,30.14],[49.3,30.14],[49.3,30.14],[49.3,30.14],[49.3,30.14],[49.29,30.14],[49.29,30.14],[49.29,30.14],[49.28,30.14],[49.28,30.14],[49.28,30.14],[49.27,30.14],[49.27,30.14],[49.27,30.13],[49.27,30.13],[49.27,30.13],[49.26,30.13],[49.26,30.13],[49.26,30.13],[49.25,30.13],[49.24,30.13],[49.24,30.13],[49.24,30.13],[49.24,30.13],[49.24,30.13],[49.24,30.13],[49.24,30.13],[49.24,30.14],[49.24,30.14],[49.24,30.14],[49.24,30.14],[49.23,30.14],[49.23,30.14],[49.23,30.14],[49.23,30.14],[49.23,30.14],[49.23,30.14],[49.23,30.14],[49.23,30.14],[49.23,30.15],[49.23,30.15],[49.23,30.15],[49.23,30.15],[49.23,30.15],[49.23,30.15],[49.23,30.15],[49.23,30.15],[49.23,30.15],[49.23,30.15],[49.23,30.15],[49.23,30.15],[49.23,30.15],[49.23,30.15],[49.23,30.15],[49.23,30.15],[49.24,30.15],[49.24,30.15],[49.24,30.15],[49.24,30.15],[49.24,30.15],[49.24,30.15],[49.24,30.15],[49.24,30.15],[49.24,30.15],[49.24,30.16],[49.24,30.16],[49.24,30.16],[49.24,30.16],[49.24,30.16],[49.24,30.16],[49.24,30.16],[49.25,30.16],[49.25,30.16],[49.25,30.16],[49.25,30.16],[49.25,30.16],[49.25,30.16],[49.25,30.16],[49.25,30.16],[49.25,30.16],[49.25,30.16],[49.25,30.16],[49.25,30.16],[49.25,30.16],[49.25,30.17],[49.25,30.17],[49.25,30.17],[49.25,30.17],[49.25,30.17],[49.25,30.17],[49.25,30.18],[49.25,30.18],[49.25,30.18],[49.25,30.18],[49.25,30.18],[49.25,30.18],[49.25,30.19],[49.25,30.19],[49.25,30.19],[49.25,30.19],[49.25,30.19],[49.25,30.2],[49.25,30.2],[49.25,30.2],[49.25,30.2],[49.25,30.2],[49.25,30.2],[49.25,30.2],[49.24,30.2],[49.24,30.2],[49.24,30.2],[49.24,30.2],[49.24,30.2],[49.24,30.2],[49.24,30.2],[49.24,30.2],[49.24,30.2],[49.24,30.2],[49.24,30.2],[49.24,30.2],[49.24,30.21],[49.24,30.21],[49.24,30.21],[49.24,30.21],[49.24,30.21],[49.24,30.21],[49.23,30.21],[49.23,30.21],[49.23,30.21],[49.23,30.21],[49.23,30.21],[49.23,30.21],[49.23,30.21],[49.23,30.21],[49.23,30.21],[49.23,30.21],[49.23,30.21],[49.23,30.21],[49.23,30.21],[49.23,30.22],[49.23,30.22],[49.23,30.22],[49.23,30.22],[49.23,30.22],[49.23,30.22],[49.23,30.22],[49.23,30.22],[49.23,30.22],[49.23,30.22],[49.23,30.22],[49.23,30.22],[49.23,30.22],[49.23,30.22],[49.23,30.23],[49.23,30.23],[49.23,30.23],[49.23,30.23],[49.23,30.23],[49.23,30.23],[49.24,30.23],[49.24,30.23],[49.24,30.23],[49.24,30.23],[49.24,30.23],[49.24,30.23],[49.24,30.23],[49.24,30.24],[49.24,30.24],[49.24,30.24],[49.24,30.24],[49.24,30.24],[49.24,30.25],[49.24,30.25],[49.24,30.25],[49.24,30.25],[49.23,30.25],[49.23,30.25],[49.23,30.25],[49.23,30.25],[49.23,30.25],[49.23,30.26],[49.24,30.26],[49.24,30.26],[49.24,30.26],[49.24,30.26],[49.25,30.26],[49.25,30.26],[49.25,30.26],[49.25,30.26],[49.25,30.26],[49.25,30.26],[49.25,30.26],[49.25,30.26],[49.25,30.27],[49.25,30.27],[49.25,30.27],[49.25,30.27],[49.25,30.27],[49.25,30.27],[49.25,30.27],[49.25,30.27],[49.25,30.27],[49.25,30.27],[49.25,30.27],[49.25,30.27],[49.25,30.28],[49.25,30.28],[49.25,30.28],[49.25,30.28],[49.25,30.28],[49.25,30.28],[49.25,30.29],[49.25,30.29],[49.25,30.29],[49.25,30.29],[49.25,30.29],[49.24,30.29],[49.24,30.29],[49.24,30.29],[49.24,30.29],[49.24,30.29],[49.24,30.29],[49.24,30.29],[49.24,30.29],[49.24,30.29],[49.24,30.3],[49.24,30.3],[49.24,30.3],[49.24,30.3],[49.24,30.3],[49.23,30.3],[49.23,30.3],[49.23,30.3],[49.23,30.31],[49.23,30.31],[49.23,30.31],[49.23,30.31],[49.23,30.31],[49.23,30.31],[49.23,30.31],[49.23,30.31],[49.23,30.31],[49.23,30.31],[49.23,30.31],[49.23,30.31],[49.23,30.31],[49.23,30.31],[49.23,30.31],[49.23,30.32],[49.23,30.32],[49.23,30.32],[49.23,30.32],[49.23,30.32],[49.22,30.32],[49.22,30.32],[49.22,30.32],[49.22,30.32],[49.22,30.32],[49.22,30.32],[49.22,30.33],[49.22,30.33],[49.22,30.33],[49.22,30.33],[49.22,30.33],[49.22,30.33],[49.22,30.33],[49.22,30.33],[49.22,30.33],[49.22,30.33],[49.22,30.33],[49.22,30.34],[49.21,30.34],[49.21,30.34],[49.21,30.34],[49.21,30.34],[49.21,30.34],[49.21,30.34],[49.22,30.34],[49.22,30.34],[49.22,30.34],[49.22,30.34],[49.22,30.34],[49.22,30.34],[49.22,30.35],[49.22,30.35],[49.22,30.35],[49.22,30.35],[49.22,30.35],[49.22,30.35],[49.22,30.35],[49.22,30.35],[49.22,30.35],[49.22,30.35],[49.22,30.35],[49.22,30.34],[49.22,30.34],[49.22,30.34],[49.22,30.34],[49.22,30.34],[49.22,30.34],[49.23,30.34],[49.23,30.34],[49.23,30.34],[49.23,30.34],[49.23,30.34],[49.23,30.34],[49.24,30.34],[49.24,30.34],[49.24,30.34],[49.24,30.34],[49.24,30.34],[49.24,30.33],[49.24,30.33],[49.24,30.33],[49.24,30.33],[49.24,30.33],[49.24,30.34],[49.24,30.34],[49.24,30.34],[49.24,30.34],[49.24,30.34],[49.24,30.34],[49.24,30.34],[49.23,30.34],[49.23,30.34],[49.23,30.34],[49.23,30.34],[49.23,30.34],[49.23,30.34],[49.23,30.34],[49.22,30.34],[49.22,30.34],[49.22,30.34],[49.22,30.34],[49.22,30.35],[49.22,30.35],[49.22,30.35],[49.22,30.35],[49.22,30.35],[49.22,30.35],[49.22,30.35],[49.22,30.36],[49.22,30.36],[49.22,30.36],[49.22,30.36],[49.23,30.36],[49.23,30.36],[49.23,30.36],[49.23,30.36],[49.23,30.36],[49.23,30.36],[49.23,30.36],[49.23,30.36],[49.23,30.36],[49.23,30.36],[49.24,30.36],[49.24,30.36],[49.24,30.36],[49.24,30.36],[49.24,30.35],[49.24,30.35],[49.24,30.35],[49.24,30.35],[49.24,30.35],[49.24,30.36],[49.24,30.36],[49.24,30.36],[49.24,30.36],[49.24,30.36],[49.24,30.36],[49.24,30.36],[49.24,30.36],[49.23,30.36],[49.23,30.36],[49.23,30.36],[49.23,30.36],[49.23,30.36],[49.23,30.36],[49.22,30.36],[49.22,30.36],[49.23,30.36],[49.23,30.37],[49.23,30.37],[49.23,30.37],[49.22,30.37],[49.22,30.37],[49.22,30.37],[49.22,30.37],[49.22,30.37],[49.23,30.37],[49.23,30.37],[49.22,30.37],[49.22,30.37],[49.22,30.37],[49.22,30.37],[49.22,30.37],[49.22,30.37],[49.22,30.37],[49.22,30.37],[49.22,30.37],[49.22,30.37],[49.22,30.37],[49.22,30.37],[49.22,30.37],[49.22,30.37],[49.22,30.37],[49.22,30.37],[49.22,30.38],[49.21,30.38],[49.21,30.38],[49.21,30.38],[49.21,30.38],[49.21,30.38],[49.21,30.38],[49.21,30.38],[49.21,30.38],[49.21,30.38],[49.21,30.38],[49.21,30.38],[49.21,30.38],[49.21,30.38],[49.21,30.38],[49.21,30.38],[49.21,30.39],[49.21,30.39],[49.21,30.39],[49.21,30.39],[49.21,30.39],[49.21,30.39],[49.21,30.39],[49.21,30.39],[49.21,30.39],[49.21,30.39],[49.22,30.39],[49.22,30.39],[49.22,30.39],[49.22,30.39],[49.22,30.39],[49.22,30.38],[49.22,30.38],[49.22,30.38],[49.22,30.38],[49.22,30.38],[49.22,30.38],[49.22,30.39],[49.22,30.39],[49.22,30.39],[49.22,30.39],[49.22,30.39],[49.21,30.39],[49.21,30.39],[49.21,30.39],[49.21,30.39],[49.21,30.39],[49.21,30.39],[49.21,30.39],[49.21,30.39],[49.21,30.39],[49.21,30.4],[49.21,30.4],[49.21,30.4],[49.21,30.4],[49.21,30.4],[49.21,30.4],[49.21,30.4],[49.21,30.4],[49.21,30.39],[49.21,30.39],[49.21,30.39],[49.21,30.39],[49.21,30.39],[49.22,30.39],[49.22,30.39],[49.22,30.39],[49.22,30.39],[49.23,30.39],[49.23,30.39],[49.23,30.39],[49.23,30.39],[49.23,30.39],[49.23,30.39],[49.23,30.39],[49.23,30.39],[49.23,30.39],[49.23,30.39],[49.23,30.38],[49.23,30.38],[49.24,30.38],[49.24,30.38],[49.24,30.38],[49.24,30.38],[49.24,30.38],[49.24,30.38],[49.24,30.38],[49.24,30.38],[49.24,30.38],[49.24,30.38],[49.24,30.38],[49.24,30.38],[49.24,30.38],[49.24,30.38],[49.24,30.38],[49.24,30.38],[49.24,30.38],[49.24,30.38],[49.24,30.38],[49.24,30.38],[49.24,30.39],[49.24,30.39],[49.24,30.39],[49.24,30.39],[49.24,30.39],[49.23,30.39],[49.23,30.39],[49.23,30.39],[49.23,30.39],[49.23,30.39],[49.23,30.39],[49.23,30.39],[49.23,30.39],[49.23,30.39],[49.23,30.39],[49.22,30.39],[49.22,30.39],[49.22,30.4],[49.22,30.4],[49.22,30.4],[49.22,30.4],[49.22,30.4],[49.22,30.4],[49.22,30.4],[49.22,30.4],[49.22,30.4],[49.22,30.4],[49.22,30.4],[49.22,30.4],[49.22,30.4],[49.23,30.4],[49.23,30.4],[49.23,30.4],[49.23,30.4],[49.23,30.4],[49.23,30.4],[49.23,30.4],[49.23,30.4],[49.23,30.4],[49.24,30.4],[49.24,30.4],[49.24,30.4],[49.24,30.4],[49.24,30.4],[49.24,30.4],[49.24,30.4],[49.24,30.4],[49.24,30.4],[49.24,30.4],[49.24,30.4],[49.24,30.4],[49.24,30.4],[49.24,30.4],[49.24,30.4],[49.24,30.4],[49.24,30.4],[49.24,30.4],[49.24,30.4],[49.24,30.4],[49.24,30.4],[49.24,30.4],[49.24,30.4],[49.24,30.41],[49.24,30.41],[49.24,30.41],[49.24,30.41],[49.24,30.41],[49.24,30.41],[49.23,30.41],[49.23,30.41],[49.23,30.41],[49.23,30.41],[49.23,30.41],[49.23,30.41],[49.23,30.41],[49.24,30.41],[49.24,30.41],[49.24,30.41],[49.24,30.41],[49.24,30.41],[49.24,30.41],[49.24,30.41],[49.24,30.41],[49.24,30.41],[49.25,30.41],[49.25,30.41],[49.25,30.41],[49.25,30.41],[49.25,30.41],[49.25,30.41],[49.25,30.41],[49.25,30.41],[49.25,30.4],[49.25,30.4],[49.25,30.4],[49.25,30.4],[49.25,30.41],[49.25,30.41],[49.25,30.41],[49.25,30.41],[49.25,30.41],[49.25,30.41],[49.25,30.41],[49.25,30.41],[49.25,30.41],[49.25,30.41],[49.25,30.41],[49.25,30.41],[49.25,30.41],[49.25,30.41],[49.25,30.41],[49.25,30.41],[49.25,30.41],[49.26,30.41],[49.26,30.41],[49.26,30.41],[49.26,30.41],[49.26,30.41],[49.26,30.41],[49.26,30.41],[49.26,30.41],[49.26,30.41],[49.27,30.41],[49.27,30.41],[49.26,30.41],[49.26,30.41],[49.26,30.41],[49.26,30.41],[49.26,30.41],[49.26,30.41],[49.26,30.41],[49.26,30.41],[49.26,30.41],[49.26,30.42],[49.26,30.42],[49.26,30.42],[49.26,30.42],[49.26,30.42],[49.26,30.42],[49.26,30.42],[49.26,30.42],[49.26,30.42],[49.26,30.42],[49.26,30.42],[49.26,30.42],[49.26,30.42],[49.26,30.42],[49.26,30.42],[49.26,30.42],[49.26,30.42],[49.26,30.42],[49.26,30.42],[49.26,30.42],[49.26,30.42],[49.25,30.42],[49.25,30.42],[49.25,30.42],[49.25,30.42],[49.25,30.42],[49.25,30.42],[49.25,30.43],[49.25,30.43],[49.25,30.43],[49.25,30.43],[49.25,30.43],[49.25,30.43],[49.25,30.43],[49.25,30.43],[49.25,30.43],[49.26,30.43],[49.26,30.43],[49.26,30.43],[49.26,30.43],[49.26,30.43],[49.26,30.43],[49.26,30.43],[49.26,30.43],[49.26,30.43],[49.26,30.43],[49.27,30.43],[49.27,30.43],[49.27,30.43],[49.27,30.43],[49.27,30.44],[49.27,30.44],[49.27,30.44],[49.27,30.44],[49.27,30.44],[49.27,30.44],[49.27,30.44],[49.28,30.44],[49.28,30.44],[49.28,30.44],[49.28,30.44],[49.28,30.44],[49.28,30.44],[49.28,30.44],[49.28,30.44],[49.28,30.44],[49.28,30.44],[49.28,30.45],[49.28,30.45],[49.28,30.45],[49.28,30.45],[49.28,30.45],[49.29,30.45],[49.29,30.45],[49.29,30.45],[49.29,30.45],[49.29,30.45],[49.29,30.45],[49.29,30.44],[49.29,30.44],[49.29,30.44],[49.29,30.44],[49.29,30.44],[49.29,30.44],[49.29,30.45],[49.29,30.45],[49.29,30.45],[49.29,30.45],[49.29,30.45],[49.29,30.45],[49.28,30.45],[49.28,30.45],[49.28,30.45],[49.29,30.45],[49.29,30.45],[49.29,30.45],[49.29,30.45],[49.29,30.45],[49.28,30.45],[49.28,30.45],[49.28,30.45],[49.28,30.45],[49.28,30.45],[49.28,30.45],[49.28,30.45],[49.28,30.45],[49.28,30.45],[49.28,30.45],[49.28,30.45],[49.28,30.45],[49.28,30.45],[49.28,30.45],[49.28,30.45],[49.28,30.45],[49.28,30.45],[49.28,30.46],[49.28,30.46],[49.28,30.46],[49.28,30.46],[49.28,30.46],[49.28,30.46],[49.28,30.46],[49.28,30.46],[49.28,30.46],[49.28,30.46],[49.28,30.46],[49.28,30.46],[49.28,30.46],[49.28,30.45],[49.28,30.45],[49.28,30.45],[49.28,30.45],[49.28,30.45],[49.28,30.45],[49.28,30.45],[49.28,30.45],[49.28,30.45],[49.28,30.45],[49.28,30.44],[49.27,30.44],[49.27,30.44],[49.27,30.44],[49.27,30.44],[49.27,30.44],[49.27,30.44],[49.27,30.44],[49.27,30.44],[49.27,30.44],[49.27,30.44],[49.27,30.44],[49.27,30.44],[49.27,30.44],[49.27,30.44],[49.27,30.44],[49.27,30.44],[49.27,30.44],[49.27,30.44],[49.27,30.44],[49.27,30.44],[49.27,30.45],[49.27,30.45],[49.27,30.45],[49.27,30.45],[49.27,30.45],[49.27,30.45],[49.27,30.45],[49.27,30.45],[49.27,30.44],[49.27,30.44],[49.27,30.44],[49.27,30.44],[49.27,30.44],[49.27,30.44],[49.27,30.44],[49.27,30.44],[49.26,30.44],[49.26,30.44],[49.26,30.44],[49.26,30.44],[49.26,30.44],[49.26,30.44],[49.26,30.44],[49.26,30.44],[49.26,30.44],[49.26,30.44],[49.26,30.44],[49.26,30.44],[49.26,30.44],[49.26,30.44],[49.26,30.44],[49.26,30.44],[49.26,30.44],[49.26,30.44],[49.26,30.44],[49.26,30.43],[49.26,30.43],[49.26,30.43],[49.26,30.43],[49.25,30.43],[49.25,30.43],[49.25,30.43],[49.25,30.43],[49.25,30.43],[49.25,30.43],[49.24,30.43],[49.24,30.43],[49.24,30.43],[49.24,30.43],[49.24,30.43],[49.24,30.43],[49.24,30.43],[49.24,30.43],[49.24,30.43],[49.24,30.44],[49.24,30.44],[49.24,30.44],[49.24,30.44],[49.24,30.44],[49.24,30.44],[49.24,30.44],[49.24,30.44],[49.24,30.44],[49.24,30.44],[49.23,30.44],[49.23,30.44],[49.23,30.44],[49.23,30.44],[49.23,30.44],[49.23,30.44],[49.23,30.44],[49.23,30.44],[49.23,30.44],[49.23,30.45],[49.22,30.44],[49.22,30.44],[49.22,30.44],[49.22,30.45],[49.22,30.45],[49.22,30.45],[49.22,30.45],[49.23,30.45],[49.23,30.45],[49.23,30.45],[49.23,30.45],[49.23,30.45],[49.23,30.45],[49.23,30.45],[49.23,30.45],[49.23,30.45],[49.23,30.45],[49.23,30.45],[49.23,30.45],[49.23,30.45],[49.23,30.45],[49.23,30.45],[49.24,30.45],[49.24,30.45],[49.24,30.45],[49.24,30.45],[49.24,30.45],[49.24,30.45],[49.23,30.45],[49.23,30.45],[49.23,30.45],[49.23,30.45],[49.23,30.45],[49.23,30.45],[49.23,30.45],[49.23,30.45],[49.22,30.45],[49.22,30.45],[49.22,30.45],[49.22,30.45],[49.22,30.46],[49.22,30.46],[49.22,30.46],[49.22,30.46],[49.22,30.46],[49.23,30.46],[49.23,30.46],[49.23,30.46],[49.23,30.46],[49.23,30.46],[49.23,30.45],[49.23,30.45],[49.23,30.45],[49.23,30.45],[49.23,30.46],[49.23,30.46],[49.23,30.46],[49.23,30.46],[49.23,30.46],[49.23,30.46],[49.23,30.46],[49.23,30.46],[49.23,30.46],[49.23,30.46],[49.23,30.46],[49.23,30.46],[49.23,30.46],[49.23,30.46],[49.24,30.46],[49.24,30.46],[49.24,30.46],[49.24,30.46],[49.24,30.46],[49.24,30.46],[49.24,30.46],[49.24,30.46],[49.24,30.46],[49.24,30.46],[49.24,30.46],[49.25,30.46],[49.25,30.46],[49.24,30.46],[49.24,30.46],[49.24,30.46],[49.24,30.46],[49.24,30.46],[49.24,30.46],[49.24,30.46],[49.24,30.46],[49.24,30.46],[49.23,30.46],[49.23,30.46],[49.23,30.46],[49.23,30.46],[49.23,30.46],[49.23,30.46],[49.23,30.46],[49.23,30.46],[49.23,30.46],[49.23,30.46],[49.23,30.46],[49.23,30.46],[49.23,30.46],[49.23,30.46],[49.22,30.46],[49.22,30.46],[49.22,30.46],[49.22,30.46],[49.22,30.46],[49.22,30.46],[49.22,30.46],[49.22,30.47],[49.22,30.47],[49.22,30.47],[49.22,30.47],[49.22,30.47],[49.22,30.47],[49.23,30.47],[49.23,30.47],[49.23,30.47],[49.23,30.47],[49.23,30.47],[49.23,30.47],[49.23,30.47],[49.23,30.47],[49.23,30.47],[49.23,30.47],[49.23,30.47],[49.23,30.47],[49.23,30.47],[49.22,30.47],[49.22,30.47],[49.22,30.47],[49.22,30.47],[49.22,30.47],[49.22,30.47],[49.22,30.47],[49.22,30.47],[49.22,30.46],[49.22,30.46],[49.22,30.46],[49.22,30.46],[49.22,30.46],[49.22,30.46],[49.22,30.46],[49.22,30.46],[49.22,30.46],[49.22,30.46],[49.21,30.46],[49.21,30.46],[49.21,30.46],[49.21,30.46],[49.21,30.46],[49.21,30.46],[49.21,30.46],[49.21,30.46],[49.21,30.46],[49.21,30.46],[49.21,30.47],[49.2,30.47],[49.2,30.47],[49.2,30.47],[49.2,30.47],[49.2,30.47],[49.2,30.47],[49.2,30.47],[49.2,30.47],[49.2,30.47],[49.2,30.47],[49.2,30.47],[49.2,30.47],[49.2,30.47],[49.2,30.47],[49.2,30.47],[49.2,30.47],[49.2,30.47],[49.2,30.47],[49.2,30.47],[49.2,30.47],[49.2,30.47],[49.2,30.47],[49.2,30.47],[49.19,30.47],[49.19,30.47],[49.19,30.47],[49.2,30.47],[49.2,30.47],[49.2,30.47],[49.2,30.47],[49.2,30.47],[49.2,30.47],[49.2,30.47],[49.2,30.48],[49.2,30.48],[49.2,30.48],[49.2,30.48],[49.21,30.48],[49.21,30.48],[49.21,30.48],[49.21,30.48],[49.21,30.48],[49.21,30.47],[49.21,30.47],[49.21,30.47],[49.21,30.47],[49.22,30.47],[49.22,30.47],[49.22,30.47],[49.22,30.47],[49.22,30.48],[49.22,30.48],[49.22,30.48],[49.21,30.48],[49.22,30.48],[49.22,30.48],[49.21,30.48],[49.21,30.48],[49.21,30.48],[49.21,30.48],[49.21,30.48],[49.21,30.48],[49.21,30.48],[49.21,30.48],[49.2,30.48],[49.2,30.48],[49.2,30.48],[49.2,30.48],[49.2,30.48],[49.2,30.48],[49.2,30.48],[49.2,30.48],[49.2,30.48],[49.2,30.48],[49.2,30.48],[49.2,30.48],[49.2,30.48],[49.2,30.48],[49.2,30.48],[49.2,30.48],[49.2,30.49],[49.2,30.49],[49.2,30.49],[49.21,30.49],[49.21,30.49],[49.21,30.48],[49.21,30.49],[49.21,30.49],[49.21,30.49],[49.21,30.49],[49.21,30.49],[49.21,30.49],[49.2,30.49],[49.2,30.49],[49.2,30.49],[49.2,30.49],[49.21,30.49],[49.21,30.49],[49.21,30.49],[49.21,30.49],[49.21,30.49],[49.21,30.49],[49.21,30.49],[49.21,30.49],[49.21,30.49],[49.21,30.49],[49.21,30.49],[49.21,30.5],[49.21,30.5],[49.21,30.5],[49.21,30.5],[49.21,30.5],[49.21,30.5],[49.21,30.5],[49.21,30.5],[49.21,30.5],[49.21,30.5],[49.21,30.5],[49.21,30.5],[49.21,30.5],[49.21,30.5],[49.21,30.5],[49.21,30.5],[49.21,30.5],[49.21,30.5],[49.21,30.51],[49.21,30.51],[49.21,30.51],[49.21,30.51],[49.21,30.51],[49.21,30.51],[49.21,30.5],[49.2,30.5],[49.21,30.5],[49.21,30.5],[49.21,30.5],[49.21,30.5],[49.21,30.5],[49.21,30.5],[49.21,30.5],[49.21,30.5],[49.21,30.5],[49.21,30.5],[49.21,30.5],[49.21,30.49],[49.21,30.49],[49.21,30.49],[49.21,30.49],[49.21,30.49],[49.2,30.49],[49.2,30.49],[49.2,30.49],[49.2,30.49],[49.2,30.49],[49.2,30.49],[49.2,30.49],[49.2,30.49],[49.2,30.49],[49.2,30.49],[49.2,30.49],[49.2,30.49],[49.2,30.48],[49.2,30.48],[49.2,30.48],[49.2,30.48],[49.2,30.48],[49.2,30.48],[49.19,30.48],[49.19,30.48],[49.19,30.48],[49.19,30.48],[49.19,30.48],[49.19,30.47],[49.19,30.47],[49.19,30.47],[49.19,30.47],[49.19,30.48],[49.19,30.48],[49.19,30.48],[49.19,30.48],[49.19,30.48],[49.19,30.48],[49.19,30.48],[49.19,30.48],[49.19,30.48],[49.18,30.48],[49.18,30.48],[49.19,30.48],[49.19,30.48],[49.19,30.48],[49.19,30.48],[49.19,30.48],[49.19,30.48],[49.19,30.47],[49.19,30.47],[49.19,30.47],[49.19,30.47],[49.19,30.47],[49.19,30.47],[49.19,30.47],[49.19,30.47],[49.19,30.47],[49.19,30.47],[49.19,30.47],[49.19,30.47],[49.19,30.47],[49.19,30.47],[49.18,30.47],[49.18,30.47],[49.18,30.47],[49.18,30.47],[49.18,30.46],[49.18,30.46],[49.18,30.46],[49.18,30.46],[49.18,30.46],[49.18,30.46],[49.18,30.46],[49.18,30.46],[49.18,30.46],[49.17,30.46],[49.17,30.46],[49.17,30.46],[49.17,30.46],[49.17,30.46],[49.17,30.46],[49.17,30.46],[49.17,30.46],[49.17,30.46],[49.17,30.45],[49.17,30.45],[49.17,30.45],[49.17,30.45],[49.17,30.45],[49.17,30.45],[49.17,30.45],[49.16,30.45],[49.16,30.46],[49.16,30.46],[49.16,30.45],[49.16,30.45],[49.16,30.45],[49.16,30.45],[49.16,30.45],[49.16,30.45],[49.16,30.45],[49.16,30.45],[49.16,30.45],[49.16,30.45],[49.16,30.45],[49.16,30.46],[49.16,30.46],[49.15,30.46],[49.15,30.46],[49.15,30.46],[49.15,30.46],[49.15,30.46],[49.15,30.46],[49.15,30.46],[49.15,30.46],[49.15,30.46],[49.15,30.46],[49.15,30.46],[49.15,30.47],[49.15,30.47],[49.15,30.47],[49.15,30.47],[49.15,30.47],[49.15,30.47],[49.15,30.47],[49.15,30.47],[49.15,30.47],[49.15,30.47],[49.16,30.47],[49.16,30.48],[49.16,30.48],[49.16,30.48],[49.16,30.48],[49.16,30.48],[49.16,30.48],[49.16,30.48],[49.16,30.48],[49.16,30.48],[49.17,30.48],[49.17,30.48],[49.17,30.48],[49.17,30.48],[49.17,30.48],[49.16,30.48],[49.16,30.48],[49.16,30.48],[49.16,30.48],[49.16,30.48],[49.16,30.48],[49.16,30.48],[49.16,30.48],[49.16,30.49],[49.16,30.49],[49.16,30.49],[49.16,30.49],[49.16,30.49],[49.16,30.49],[49.17,30.49],[49.17,30.49],[49.17,30.49],[49.17,30.49],[49.17,30.49],[49.17,30.49],[49.17,30.49],[49.17,30.49],[49.17,30.49],[49.17,30.49],[49.17,30.49],[49.16,30.49],[49.16,30.49],[49.16,30.49],[49.16,30.49],[49.16,30.49],[49.16,30.49],[49.16,30.49],[49.16,30.49],[49.16,30.49],[49.16,30.49],[49.16,30.48],[49.16,30.48],[49.16,30.48],[49.16,30.48],[49.16,30.48],[49.16,30.48],[49.16,30.49],[49.16,30.49],[49.16,30.49],[49.16,30.49],[49.16,30.49],[49.16,30.49],[49.16,30.49],[49.16,30.49],[49.16,30.49],[49.16,30.49],[49.16,30.49],[49.16,30.5],[49.16,30.5],[49.16,30.5],[49.16,30.5],[49.16,30.5],[49.16,30.5],[49.16,30.5],[49.16,30.5],[49.16,30.5],[49.16,30.5],[49.16,30.5],[49.16,30.5],[49.16,30.5],[49.16,30.5],[49.16,30.5],[49.16,30.5],[49.16,30.5],[49.16,30.5],[49.16,30.5],[49.16,30.5],[49.16,30.5],[49.16,30.49],[49.16,30.49],[49.16,30.49],[49.16,30.49],[49.16,30.49],[49.16,30.49],[49.16,30.49],[49.16,30.49],[49.16,30.49],[49.16,30.48],[49.15,30.48],[49.15,30.48],[49.15,30.48],[49.15,30.48],[49.15,30.48],[49.15,30.48],[49.15,30.47],[49.15,30.47],[49.15,30.47],[49.15,30.47],[49.15,30.47],[49.15,30.47],[49.15,30.47],[49.15,30.47],[49.15,30.47],[49.15,30.46],[49.15,30.46],[49.15,30.46],[49.15,30.46],[49.15,30.46],[49.15,30.45],[49.15,30.45],[49.15,30.45],[49.15,30.45],[49.15,30.45],[49.15,30.45],[49.15,30.45],[49.15,30.45],[49.15,30.45],[49.14,30.45],[49.14,30.45],[49.14,30.45],[49.14,30.45],[49.14,30.45],[49.14,30.46],[49.14,30.46],[49.14,30.46],[49.14,30.46],[49.14,30.46],[49.14,30.46],[49.14,30.46],[49.14,30.46],[49.14,30.47],[49.14,30.47],[49.14,30.47],[49.14,30.47],[49.14,30.47],[49.14,30.48],[49.14,30.48],[49.14,30.48],[49.14,30.48],[49.14,30.48],[49.14,30.48],[49.14,30.48],[49.14,30.48],[49.14,30.49],[49.14,30.49],[49.14,30.49],[49.14,30.49],[49.14,30.49],[49.14,30.49],[49.14,30.49],[49.14,30.49],[49.14,30.49],[49.13,30.49],[49.13,30.49],[49.13,30.49],[49.13,30.5],[49.13,30.5],[49.13,30.5],[49.13,30.5],[49.13,30.5],[49.13,30.5],[49.13,30.5],[49.13,30.5],[49.13,30.5],[49.13,30.5],[49.13,30.5],[49.13,30.49],[49.13,30.49],[49.13,30.49],[49.13,30.49],[49.13,30.49],[49.13,30.49],[49.13,30.49],[49.13,30.49],[49.13,30.49],[49.13,30.5],[49.12,30.5],[49.12,30.5],[49.12,30.5],[49.12,30.5],[49.12,30.5],[49.12,30.5],[49.12,30.5],[49.12,30.5],[49.12,30.5],[49.12,30.5],[49.12,30.5],[49.12,30.5],[49.12,30.51],[49.12,30.51],[49.12,30.51],[49.12,30.51],[49.11,30.51],[49.11,30.51],[49.11,30.51],[49.11,30.51],[49.11,30.51],[49.11,30.51],[49.11,30.51],[49.11,30.51],[49.11,30.51],[49.11,30.51],[49.11,30.51],[49.11,30.51],[49.11,30.51],[49.11,30.51],[49.11,30.51],[49.11,30.51],[49.11,30.51],[49.12,30.51],[49.12,30.51],[49.12,30.51],[49.11,30.51],[49.11,30.5],[49.11,30.5],[49.11,30.5],[49.12,30.5],[49.12,30.5],[49.12,30.5],[49.12,30.5],[49.12,30.5],[49.12,30.5],[49.12,30.5],[49.12,30.5],[49.12,30.5],[49.12,30.5],[49.12,30.5],[49.12,30.5],[49.11,30.49],[49.11,30.49],[49.11,30.49],[49.11,30.49],[49.11,30.49],[49.11,30.49],[49.11,30.49],[49.11,30.5],[49.11,30.5],[49.11,30.5],[49.1,30.5],[49.1,30.5],[49.1,30.5],[49.1,30.5],[49.1,30.5],[49.1,30.5],[49.1,30.5],[49.1,30.5],[49.1,30.5],[49.09,30.5],[49.09,30.5],[49.09,30.5],[49.09,30.5],[49.09,30.5],[49.09,30.5],[49.09,30.5],[49.08,30.5],[49.08,30.5],[49.08,30.5],[49.08,30.5],[49.08,30.5],[49.08,30.5],[49.08,30.51],[49.08,30.51],[49.08,30.5],[49.08,30.5],[49.08,30.5],[49.08,30.5],[49.08,30.5],[49.08,30.5],[49.08,30.5],[49.08,30.5],[49.08,30.5],[49.08,30.5],[49.08,30.5],[49.08,30.5],[49.08,30.5],[49.08,30.49],[49.08,30.49],[49.08,30.49],[49.08,30.49],[49.08,30.49],[49.08,30.48],[49.08,30.48],[49.08,30.48],[49.08,30.48],[49.08,30.48],[49.08,30.48],[49.08,30.48],[49.08,30.48],[49.08,30.48],[49.09,30.48],[49.09,30.48],[49.09,30.48],[49.09,30.48],[49.09,30.48],[49.09,30.48],[49.09,30.47],[49.09,30.47],[49.09,30.47],[49.09,30.47],[49.09,30.47],[49.1,30.47],[49.1,30.47],[49.1,30.47],[49.1,30.47],[49.1,30.47],[49.1,30.47],[49.1,30.47],[49.1,30.47],[49.1,30.47],[49.1,30.47],[49.1,30.47],[49.1,30.47],[49.1,30.47],[49.1,30.46],[49.1,30.46],[49.1,30.46],[49.1,30.46],[49.11,30.46],[49.11,30.46],[49.11,30.46],[49.11,30.46],[49.11,30.46],[49.11,30.46],[49.11,30.46],[49.11,30.46],[49.11,30.45],[49.11,30.45],[49.11,30.45],[49.11,30.45],[49.11,30.45],[49.11,30.45],[49.11,30.45],[49.11,30.45],[49.1,30.46],[49.1,30.46],[49.1,30.46],[49.1,30.46],[49.1,30.46],[49.1,30.46],[49.1,30.46],[49.1,30.46],[49.1,30.46],[49.1,30.46],[49.09,30.46],[49.09,30.46],[49.09,30.46],[49.09,30.46],[49.09,30.46],[49.09,30.46],[49.09,30.46],[49.09,30.46],[49.09,30.46],[49.09,30.46],[49.08,30.46],[49.08,30.46],[49.08,30.46],[49.08,30.46],[49.08,30.46],[49.08,30.46],[49.08,30.46],[49.08,30.46],[49.08,30.46],[49.08,30.46],[49.08,30.46],[49.09,30.46],[49.09,30.46],[49.09,30.45],[49.09,30.45],[49.09,30.45],[49.1,30.45],[49.1,30.45],[49.1,30.45],[49.1,30.45],[49.1,30.45],[49.09,30.45],[49.09,30.45],[49.1,30.45],[49.1,30.45],[49.1,30.45],[49.1,30.45],[49.1,30.45],[49.1,30.45],[49.1,30.45],[49.1,30.45],[49.1,30.45],[49.1,30.45],[49.11,30.45],[49.11,30.45],[49.11,30.45],[49.11,30.45],[49.11,30.45],[49.11,30.45],[49.11,30.45],[49.11,30.45],[49.11,30.45],[49.11,30.44],[49.11,30.44],[49.11,30.44],[49.11,30.44],[49.12,30.44],[49.12,30.44],[49.12,30.44],[49.12,30.44],[49.12,30.44],[49.12,30.44],[49.12,30.44],[49.12,30.43],[49.12,30.43],[49.12,30.43],[49.11,30.43],[49.11,30.43],[49.11,30.43],[49.11,30.43],[49.11,30.43],[49.11,30.43],[49.11,30.43],[49.11,30.43],[49.11,30.43],[49.11,30.43],[49.11,30.43],[49.11,30.43],[49.1,30.43],[49.1,30.43],[49.1,30.43],[49.1,30.43],[49.1,30.43],[49.1,30.43],[49.1,30.42],[49.1,30.42],[49.1,30.42],[49.09,30.42],[49.09,30.42],[49.09,30.42],[49.09,30.42],[49.09,30.42],[49.09,30.42],[49.09,30.42],[49.09,30.42],[49.09,30.42],[49.09,30.42],[49.09,30.42],[49.09,30.42],[49.09,30.42],[49.08,30.42],[49.08,30.42],[49.08,30.42],[49.08,30.42],[49.08,30.42],[49.08,30.42],[49.08,30.42],[49.07,30.42],[49.07,30.42],[49.07,30.42],[49.07,30.42],[49.07,30.42],[49.07,30.42],[49.07,30.42],[49.07,30.42],[49.06,30.42],[49.06,30.42],[49.06,30.43],[49.06,30.43],[49.06,30.43],[49.06,30.43],[49.06,30.43],[49.06,30.43],[49.06,30.43],[49.06,30.43],[49.06,30.43],[49.06,30.43],[49.06,30.43],[49.06,30.43],[49.06,30.44],[49.05,30.44],[49.05,30.44],[49.05,30.44],[49.05,30.44],[49.05,30.44],[49.05,30.44],[49.05,30.44],[49.05,30.44],[49.05,30.44],[49.05,30.44],[49.05,30.44],[49.05,30.44],[49.05,30.44],[49.04,30.44],[49.04,30.44],[49.04,30.44],[49.04,30.44],[49.04,30.44],[49.04,30.44],[49.04,30.45],[49.04,30.45],[49.04,30.45],[49.04,30.45],[49.04,30.45],[49.04,30.45],[49.04,30.45],[49.04,30.45],[49.04,30.45],[49.03,30.45],[49.03,30.45],[49.03,30.45],[49.03,30.45],[49.03,30.45],[49.03,30.45],[49.03,30.45],[49.03,30.46],[49.03,30.46],[49.03,30.46],[49.03,30.46],[49.03,30.46],[49.03,30.46],[49.03,30.46],[49.04,30.46],[49.04,30.46],[49.04,30.46],[49.04,30.46],[49.04,30.46],[49.04,30.46],[49.04,30.46],[49.05,30.46],[49.05,30.46],[49.05,30.46],[49.05,30.46],[49.05,30.46],[49.05,30.46],[49.05,30.46],[49.05,30.46],[49.05,30.46],[49.05,30.46],[49.06,30.46],[49.06,30.46],[49.06,30.46],[49.06,30.46],[49.06,30.46],[49.07,30.46],[49.07,30.46],[49.07,30.46],[49.07,30.46],[49.07,30.46],[49.07,30.46],[49.07,30.46],[49.07,30.46],[49.07,30.46],[49.08,30.46],[49.08,30.46],[49.08,30.46],[49.08,30.46],[49.08,30.46],[49.08,30.46],[49.08,30.46],[49.08,30.46],[49.08,30.46],[49.08,30.46],[49.08,30.46],[49.07,30.46],[49.07,30.46],[49.07,30.46],[49.07,30.47],[49.07,30.47],[49.07,30.47],[49.07,30.47],[49.07,30.47],[49.07,30.47],[49.07,30.47],[49.07,30.47],[49.07,30.47],[49.07,30.48],[49.07,30.48],[49.07,30.48],[49.07,30.48],[49.07,30.48],[49.07,30.48],[49.07,30.48],[49.07,30.48],[49.07,30.48],[49.07,30.49],[49.07,30.49],[49.07,30.49],[49.07,30.49],[49.07,30.5],[49.07,30.5],[49.07,30.5],[49.07,30.5],[49.07,30.5],[49.07,30.5],[49.07,30.5],[49.06,30.5],[49.06,30.5],[49.06,30.5],[49.06,30.51],[49.06,30.51],[49.06,30.51],[49.06,30.51],[49.06,30.51],[49.06,30.51],[49.06,30.51],[49.06,30.51],[49.06,30.51],[49.06,30.51],[49.06,30.51],[49.06,30.51],[49.06,30.51],[49.06,30.51],[49.06,30.51],[49.06,30.51],[49.06,30.51],[49.06,30.51],[49.06,30.51],[49.06,30.51],[49.06,30.51],[49.06,30.51],[49.05,30.51],[49.05,30.51],[49.05,30.51],[49.05,30.51],[49.04,30.51],[49.04,30.51],[49.04,30.51],[49.04,30.51],[49.04,30.51],[49.04,30.5],[49.04,30.5],[49.04,30.5],[49.05,30.5],[49.05,30.5],[49.05,30.5],[49.06,30.5],[49.06,30.5],[49.06,30.5],[49.06,30.5],[49.06,30.5],[49.06,30.5],[49.06,30.5],[49.06,30.5],[49.06,30.5],[49.06,30.49],[49.06,30.49],[49.06,30.49],[49.06,30.49],[49.06,30.49],[49.06,30.48],[49.06,30.48],[49.06,30.48],[49.06,30.48],[49.06,30.48],[49.06,30.48],[49.06,30.47],[49.06,30.47],[49.06,30.47],[49.06,30.47],[49.06,30.47],[49.06,30.47],[49.06,30.47],[49.06,30.46],[49.06,30.46],[49.06,30.46],[49.06,30.46],[49.06,30.46],[49.06,30.46],[49.06,30.46],[49.06,30.46],[49.06,30.46],[49.06,30.46],[49.06,30.46],[49.05,30.46],[49.05,30.46],[49.05,30.46],[49.05,30.47],[49.04,30.47],[49.04,30.47],[49.04,30.47],[49.04,30.47],[49.04,30.46],[49.04,30.46],[49.04,30.46],[49.04,30.46],[49.03,30.46],[49.03,30.46],[49.03,30.46],[49.03,30.46],[49.03,30.46],[49.03,30.46],[49.03,30.46],[49.03,30.46],[49.03,30.46],[49.03,30.46],[49.03,30.46],[49.03,30.46],[49.03,30.46],[49.03,30.46],[49.03,30.46],[49.03,30.46],[49.03,30.46],[49.02,30.46],[49.02,30.46],[49.02,30.46],[49.02,30.46],[49.02,30.46],[49.02,30.46],[49.02,30.46],[49.01,30.46],[49.01,30.46],[49.01,30.46],[49.01,30.46],[49.01,30.46],[49.01,30.46],[49.01,30.46],[49.01,30.47],[49.01,30.47],[49.01,30.47],[49.01,30.47],[49.01,30.47],[49.01,30.48],[49.01,30.48],[49.01,30.48],[49.01,30.48],[49.01,30.48],[49.01,30.49],[49.01,30.49],[49.01,30.49],[49.01,30.49],[49.01,30.49],[49.01,30.49],[49.01,30.5],[49.01,30.5],[49.01,30.5],[49.01,30.5],[49.01,30.5],[49.01,30.5],[49.01,30.5],[49.01,30.5],[49.01,30.5],[49.01,30.5],[49.02,30.5],[49.02,30.5],[49.02,30.5],[49.02,30.5],[49.02,30.5],[49.02,30.5],[49.03,30.5],[49.03,30.5],[49.03,30.5],[49.03,30.51],[49.02,30.5],[49.02,30.5],[49.02,30.5],[49.02,30.5],[49.01,30.5],[49.01,30.5],[49.01,30.5],[49.01,30.5],[49.01,30.51],[49.01,30.51],[49.0,30.51],[49.0,30.51],[49.0,30.51],[48.99,30.51],[48.99,30.51],[48.99,30.5],[48.99,30.5],[48.99,30.5],[48.99,30.5],[48.99,30.5],[48.99,30.5],[48.99,30.5],[48.99,30.5],[48.99,30.5],[48.98,30.5],[48.98,30.5],[48.98,30.5],[48.98,30.5],[48.98,30.5],[48.98,30.5],[48.97,30.5],[48.97,30.5],[48.98,30.5],[48.98,30.5],[48.98,30.5],[48.98,30.5],[48.98,30.5],[48.98,30.5],[48.98,30.5],[48.98,30.5],[48.98,30.5],[48.98,30.5],[48.98,30.5],[48.98,30.5],[48.98,30.5],[48.98,30.5],[48.98,30.5],[48.98,30.5],[48.98,30.5],[48.98,30.5],[48.98,30.5],[48.98,30.5],[48.99,30.5],[48.99,30.5],[48.99,30.5],[48.99,30.5],[48.99,30.5],[48.99,30.5],[48.99,30.5],[48.99,30.5],[48.99,30.5],[49.0,30.5],[49.0,30.5],[49.0,30.5],[49.0,30.5],[49.01,30.5],[49.01,30.5],[49.01,30.5],[49.01,30.5],[49.01,30.5],[49.01,30.5],[49.01,30.5],[49.01,30.5],[49.01,30.5],[49.01,30.5],[49.01,30.5],[49.01,30.5],[49.01,30.49],[49.01,30.49],[49.01,30.49],[49.01,30.49],[49.0,30.49],[49.0,30.49],[49.0,30.48],[49.0,30.48],[49.0,30.48],[49.0,30.48],[49.0,30.48],[49.0,30.47],[49.0,30.47],[49.0,30.47],[49.0,30.47],[49.0,30.47],[49.0,30.47],[49.0,30.47],[49.0,30.47],[49.0,30.47],[49.0,30.47],[49.0,30.47],[49.0,30.46],[49.0,30.46],[49.0,30.46],[48.99,30.46],[48.99,30.46],[48.99,30.46],[48.99,30.46],[48.99,30.46],[48.99,30.46],[48.99,30.46],[48.99,30.46],[48.99,30.46],[48.99,30.46],[48.99,30.46],[48.98,30.47],[48.98,30.47],[48.98,30.47],[48.98,30.47],[48.98,30.47],[48.98,30.47],[48.98,30.47],[48.98,30.47],[48.98,30.47],[48.98,30.47],[48.98,30.47],[48.98,30.47],[48.98,30.47],[48.98,30.47],[48.98,30.47],[48.98,30.47],[48.98,30.47],[48.98,30.46],[48.99,30.46],[48.99,30.46],[48.98,30.46],[48.96,30.46],[48.96,30.46],[48.96,30.46],[48.96,30.46],[48.96,30.46],[48.96,30.46],[48.96,30.47],[48.96,30.47],[48.96,30.47],[48.96,30.47],[48.96,30.47],[48.96,30.47],[48.96,30.47],[48.96,30.47],[48.96,30.47],[48.95,30.47],[48.95,30.47],[48.95,30.48],[48.95,30.48],[48.95,30.48],[48.95,30.48],[48.95,30.48],[48.95,30.48],[48.95,30.48],[48.95,30.49],[48.96,30.49],[48.96,30.49],[48.96,30.49],[48.96,30.49],[48.96,30.49],[48.96,30.49],[48.96,30.49],[48.96,30.49],[48.96,30.49],[48.96,30.49],[48.96,30.49],[48.96,30.49],[48.96,30.49],[48.96,30.49],[48.96,30.49],[48.96,30.49],[48.96,30.49],[48.96,30.49],[48.96,30.49],[48.96,30.49],[48.96,30.49],[48.96,30.49],[48.95,30.49],[48.95,30.49],[48.95,30.49],[48.95,30.48],[48.95,30.48],[48.95,30.48],[48.95,30.48],[48.95,30.48],[48.95,30.49],[48.95,30.49],[48.95,30.49],[48.95,30.49],[48.94,30.49],[48.94,30.49],[48.94,30.49],[48.94,30.49],[48.93,30.49],[48.93,30.49],[48.93,30.49],[48.92,30.49],[48.92,30.49],[48.92,30.49],[48.92,30.49],[48.92,30.49],[48.92,30.49],[48.92,30.49],[48.91,30.49],[48.91,30.49],[48.91,30.49],[48.91,30.49],[48.91,30.49],[48.91,30.49],[48.91,30.49],[48.9,30.49],[48.9,30.49],[48.9,30.49],[48.9,30.49],[48.9,30.49],[48.9,30.49],[48.9,30.5],[48.9,30.5],[48.9,30.5],[48.9,30.5],[48.9,30.51],[48.9,30.51],[48.9,30.51],[48.9,30.51],[48.9,30.51],[48.89,30.51],[48.89,30.51],[48.89,30.51],[48.89,30.51],[48.88,30.51],[48.88,30.51],[48.88,30.51],[48.88,30.5],[48.88,30.5],[48.88,30.5],[48.88,30.5],[48.88,30.5],[48.88,30.5],[48.88,30.5],[48.88,30.5],[48.88,30.5],[48.88,30.5],[48.88,30.5],[48.88,30.5],[48.88,30.5],[48.88,30.5],[48.88,30.5],[48.88,30.5],[48.88,30.5],[48.88,30.5],[48.88,30.5],[48.88,30.51],[48.88,30.51],[48.89,30.51],[48.89,30.51],[48.89,30.51],[48.89,30.51],[48.89,30.51],[48.9,30.51],[48.9,30.51],[48.9,30.51],[48.9,30.5],[48.9,30.5],[48.9,30.5],[48.9,30.5],[48.9,30.5],[48.9,30.49],[48.9,30.49],[48.9,30.49],[48.9,30.49],[48.9,30.49],[48.9,30.49],[48.9,30.49],[48.9,30.48],[48.9,30.48],[48.9,30.48],[48.9,30.48],[48.9,30.48],[48.9,30.48],[48.9,30.48],[48.91,30.48],[48.91,30.48],[48.91,30.48],[48.91,30.48],[48.92,30.48],[48.92,30.48],[48.93,30.48],[48.94,30.48],[48.94,30.48],[48.94,30.48],[48.94,30.48],[48.94,30.48],[48.95,30.48],[48.95,30.48],[48.95,30.48],[48.95,30.48],[48.95,30.48],[48.95,30.47],[48.95,30.47],[48.95,30.47],[48.95,30.47],[48.95,30.47],[48.95,30.46],[48.95,30.46],[48.95,30.46],[48.95,30.46],[48.95,30.46],[48.96,30.46],[48.96,30.46],[48.96,30.46],[48.96,30.46],[48.97,30.46],[48.97,30.46],[48.98,30.46],[48.99,30.46],[48.99,30.46],[48.99,30.46],[48.99,30.46],[49.0,30.46],[49.0,30.46],[49.0,30.46],[49.0,30.46],[49.0,30.46],[49.01,30.46],[49.01,30.46],[49.01,30.46],[49.01,30.46],[49.01,30.46],[49.01,30.46],[49.01,30.46],[49.01,30.46],[49.02,30.46],[49.02,30.46],[49.02,30.46],[49.02,30.46],[49.02,30.46],[49.02,30.46],[49.02,30.46],[49.02,30.46],[49.03,30.45],[49.03,30.45],[49.03,30.45],[49.03,30.45],[49.03,30.45],[49.03,30.45],[49.03,30.45],[49.03,30.45],[49.03,30.44],[49.03,30.44],[49.03,30.44],[49.03,30.44],[49.04,30.44],[49.04,30.44],[49.04,30.44],[49.04,30.44],[49.04,30.44],[49.04,30.44],[49.04,30.44],[49.04,30.44],[49.04,30.44],[49.04,30.44],[49.04,30.44],[49.04,30.43],[49.05,30.43],[49.05,30.43],[49.05,30.43],[49.05,30.43],[49.05,30.43],[49.05,30.43],[49.05,30.43],[49.05,30.43],[49.05,30.43],[49.05,30.43],[49.05,30.43],[49.05,30.43],[49.05,30.43],[49.05,30.43],[49.06,30.43],[49.06,30.43],[49.05,30.42],[49.05,30.42],[49.05,30.42],[49.05,30.42],[49.05,30.42],[49.05,30.42],[49.05,30.42],[49.05,30.42],[49.04,30.42],[49.04,30.42],[49.04,30.42],[49.04,30.42],[49.04,30.42],[49.04,30.42],[49.04,30.42],[49.04,30.42],[49.04,30.42],[49.04,30.42],[49.04,30.42],[49.04,30.42],[49.04,30.43],[49.04,30.43],[49.04,30.43],[49.03,30.43],[49.03,30.43],[49.03,30.43],[49.03,30.43],[49.03,30.43],[49.03,30.43],[49.03,30.43],[49.03,30.43],[49.03,30.43],[49.03,30.43],[49.02,30.43],[49.02,30.43],[49.02,30.44],[49.02,30.44],[49.02,30.44],[49.02,30.44],[49.02,30.44],[49.02,30.44],[49.02,30.44],[49.02,30.44],[49.01,30.44],[49.01,30.44],[49.01,30.44],[49.01,30.44],[49.01,30.44],[49.0,30.44],[49.0,30.44],[49.0,30.44],[48.99,30.44],[48.99,30.44],[48.99,30.44],[48.99,30.44],[48.99,30.44],[48.99,30.43],[48.99,30.43],[48.99,30.43],[48.99,30.43],[48.99,30.43],[48.99,30.43],[48.99,30.43],[48.99,30.43],[48.99,30.43],[48.99,30.44],[48.99,30.44],[48.99,30.44],[49.0,30.44],[49.0,30.44],[49.0,30.44],[49.0,30.44],[49.0,30.44],[49.0,30.44],[49.01,30.44],[49.01,30.44],[49.01,30.44],[49.01,30.44],[49.02,30.44],[49.02,30.44],[49.02,30.44],[49.02,30.44],[49.02,30.44],[49.02,30.44],[49.02,30.43],[49.02,30.43],[49.02,30.43],[49.02,30.43],[49.02,30.43],[49.02,30.43],[49.02,30.43],[49.03,30.43],[49.03,30.43],[49.03,30.43],[49.03,30.43],[49.03,30.43],[49.03,30.43],[49.03,30.43],[49.03,30.42],[49.03,30.42],[49.04,30.42],[49.04,30.42],[49.04,30.42],[49.04,30.42],[49.04,30.42],[49.04,30.42],[49.04,30.42],[49.04,30.42],[49.04,30.42],[49.04,30.42],[49.04,30.41],[49.04,30.41],[49.03,30.41],[49.03,30.41],[49.03,30.41],[49.03,30.41],[49.03,30.41],[49.03,30.41],[49.03,30.41],[49.03,30.41],[49.03,30.41],[49.02,30.41],[49.02,30.41],[49.02,30.41],[49.02,30.41],[49.02,30.41],[49.02,30.41],[49.02,30.4],[49.02,30.4],[49.02,30.4],[49.02,30.4],[49.02,30.4],[49.02,30.4],[49.01,30.4],[49.01,30.4],[49.01,30.4],[49.01,30.4],[49.01,30.4],[49.01,30.4],[49.01,30.4],[49.01,30.4],[49.01,30.4],[49.01,30.4],[49.01,30.4],[49.0,30.4],[49.0,30.4],[49.0,30.4],[49.0,30.4],[49.0,30.4],[49.0,30.4],[49.0,30.41],[49.0,30.41],[48.99,30.41],[48.99,30.41],[48.99,30.41],[48.99,30.41],[48.98,30.41],[48.98,30.41],[48.98,30.41],[48.98,30.41],[48.97,30.41],[48.97,30.41],[48.97,30.41],[48.97,30.41],[48.95,30.41],[48.95,30.41],[48.94,30.41],[48.94,30.41],[48.94,30.41],[48.93,30.41],[48.93,30.41],[48.93,30.41],[48.93,30.41],[48.93,30.41],[48.92,30.41],[48.92,30.41],[48.92,30.41],[48.92,30.41],[48.92,30.41],[48.92,30.41],[48.92,30.41],[48.92,30.4],[48.92,30.4],[48.92,30.4],[48.92,30.4],[48.92,30.4],[48.92,30.4],[48.92,30.4],[48.91,30.4],[48.91,30.4],[48.91,30.4],[48.91,30.4],[48.91,30.4],[48.91,30.4],[48.91,30.4],[48.91,30.4],[48.91,30.39],[48.91,30.39],[48.91,30.39],[48.91,30.39],[48.91,30.39],[48.91,30.39],[48.91,30.39],[48.91,30.39],[48.91,30.39],[48.91,30.38],[48.9,30.38],[48.9,30.38],[48.9,30.38],[48.9,30.38],[48.9,30.38],[48.9,30.38],[48.9,30.38],[48.9,30.38],[48.9,30.38],[48.9,30.38],[48.9,30.38],[48.89,30.38],[48.89,30.38],[48.89,30.37],[48.89,30.37],[48.89,30.37],[48.89,30.37],[48.89,30.37],[48.89,30.37],[48.89,30.37],[48.89,30.37],[48.89,30.37],[48.88,30.37],[48.88,30.37],[48.88,30.37],[48.88,30.37],[48.88,30.36],[48.88,30.36],[48.88,30.36],[48.88,30.36],[48.88,30.36],[48.88,30.36],[48.88,30.36],[48.88,30.35],[48.88,30.35],[48.88,30.35],[48.88,30.35],[48.88,30.35],[48.88,30.35],[48.87,30.35],[48.87,30.35],[48.87,30.35],[48.87,30.35],[48.87,30.35],[48.87,30.34],[48.87,30.34],[48.87,30.34],[48.87,30.34],[48.87,30.34],[48.87,30.34],[48.87,30.34],[48.87,30.34],[48.87,30.34],[48.88,30.34],[48.87,30.34],[48.87,30.33],[48.87,30.33],[48.87,30.33],[48.87,30.33],[48.88,30.33],[48.88,30.33],[48.88,30.33],[48.88,30.33],[48.88,30.33],[48.88,30.33],[48.88,30.33],[48.88,30.32],[48.88,30.32],[48.88,30.32],[48.88,30.32],[48.88,30.32],[48.88,30.32],[48.88,30.32],[48.88,30.32],[48.87,30.32],[48.87,30.32],[48.87,30.32],[48.87,30.32],[48.86,30.32],[48.86,30.32],[48.86,30.32],[48.86,30.32],[48.86,30.32],[48.86,30.32],[48.86,30.32],[48.86,30.32],[48.86,30.32],[48.86,30.33],[48.86,30.33],[48.85,30.33],[48.85,30.33],[48.85,30.33],[48.85,30.33],[48.85,30.33],[48.85,30.33],[48.85,30.33],[48.85,30.33],[48.85,30.32],[48.85,30.32],[48.85,30.32],[48.85,30.32],[48.85,30.32],[48.85,30.32],[48.85,30.32],[48.85,30.32],[48.85,30.32],[48.85,30.32],[48.85,30.32],[48.85,30.32],[48.85,30.32],[48.86,30.32],[48.86,30.31],[48.86,30.31],[48.86,30.31],[48.86,30.31],[48.86,30.31],[48.86,30.31],[48.86,30.31],[48.86,30.31],[48.86,30.31],[48.86,30.31],[48.86,30.31],[48.86,30.31],[48.86,30.31],[48.86,30.31],[48.86,30.31],[48.86,30.3],[48.87,30.3],[48.87,30.3],[48.87,30.3],[48.87,30.3],[48.87,30.3],[48.87,30.3],[48.87,30.3],[48.87,30.3],[48.87,30.3],[48.87,30.3],[48.87,30.3],[48.87,30.3],[48.87,30.29],[48.87,30.29],[48.87,30.29],[48.87,30.29],[48.87,30.29],[48.87,30.29],[48.87,30.29],[48.87,30.29],[48.87,30.28],[48.87,30.28],[48.88,30.28],[48.88,30.28],[48.88,30.28],[48.88,30.28],[48.88,30.28],[48.88,30.28],[48.88,30.28],[48.88,30.28],[48.88,30.28],[48.88,30.28],[48.88,30.28],[48.88,30.28],[48.88,30.28],[48.88,30.27],[48.88,30.27],[48.88,30.27],[48.88,30.27],[48.89,30.27],[48.89,30.27],[48.89,30.27],[48.89,30.27],[48.89,30.27],[48.89,30.27],[48.89,30.27],[48.89,30.27],[48.89,30.27],[48.89,30.27],[48.89,30.27],[48.89,30.27],[48.89,30.26],[48.89,30.26],[48.89,30.26],[48.89,30.26],[48.9,30.26],[48.9,30.26],[48.9,30.26],[48.9,30.26],[48.9,30.26],[48.9,30.26],[48.9,30.26],[48.9,30.26],[48.9,30.26],[48.9,30.26],[48.91,30.26],[48.91,30.26],[48.91,30.26],[48.91,30.26],[48.91,30.26],[48.91,30.26],[48.91,30.26],[48.91,30.26],[48.91,30.26],[48.91,30.26],[48.91,30.26],[48.92,30.26],[48.92,30.26],[48.92,30.26],[48.92,30.26],[48.92,30.25],[48.92,30.25],[48.92,30.25],[48.92,30.25],[48.92,30.25],[48.92,30.25],[48.92,30.25],[48.92,30.25],[48.92,30.25],[48.92,30.25],[48.92,30.25],[48.92,30.25],[48.92,30.25],[48.92,30.24],[48.92,30.24],[48.93,30.24],[48.93,30.24],[48.93,30.24],[48.93,30.24],[48.93,30.24],[48.93,30.24],[48.93,30.24],[48.93,30.24],[48.93,30.24],[48.93,30.23],[48.93,30.23],[48.93,30.23],[48.93,30.23],[48.93,30.23],[48.93,30.23],[48.93,30.23],[48.93,30.23],[48.93,30.23],[48.93,30.23],[48.93,30.23],[48.93,30.22],[48.93,30.22],[48.93,30.22],[48.93,30.21],[48.93,30.21],[48.93,30.21],[48.93,30.21],[48.93,30.21],[48.94,30.21],[48.94,30.21],[48.94,30.21],[48.94,30.21],[48.94,30.2],[48.94,30.2],[48.94,30.2],[48.94,30.2],[48.94,30.2],[48.94,30.2],[48.94,30.2],[48.94,30.2],[48.94,30.2],[48.94,30.2],[48.94,30.2],[48.94,30.2],[48.94,30.2],[48.94,30.19],[48.95,30.19],[48.95,30.19],[48.95,30.19],[48.95,30.19],[48.95,30.19],[48.95,30.19],[48.95,30.19],[48.95,30.19],[48.95,30.18],[48.95,30.18],[48.95,30.17],[48.95,30.17],[48.95,30.17],[48.95,30.16],[48.95,30.16],[48.95,30.15],[48.95,30.15],[48.95,30.15],[48.95,30.14],[48.94,30.14],[48.94,30.14],[48.94,30.13],[48.94,30.13],[48.94,30.13],[48.94,30.13],[48.94,30.13],[48.94,30.13],[48.94,30.13],[48.94,30.12],[48.94,30.12],[48.94,30.12],[48.94,30.12],[48.94,30.12],[48.94,30.12],[48.94,30.12],[48.94,30.12],[48.94,30.12],[48.93,30.12],[48.93,30.12],[48.93,30.12],[48.93,30.12],[48.93,30.11],[48.93,30.11],[48.93,30.11],[48.93,30.11],[48.93,30.11],[48.93,30.11],[48.93,30.11],[48.93,30.11],[48.93,30.11],[48.93,30.11],[48.93,30.11],[48.93,30.11],[48.93,30.11],[48.93,30.1],[48.93,30.1],[48.93,30.1],[48.93,30.1],[48.93,30.1],[48.93,30.1],[48.94,30.1],[48.94,30.1],[48.94,30.1],[48.94,30.1],[48.94,30.09],[48.94,30.09],[48.94,30.09],[48.94,30.09],[48.94,30.09],[48.94,30.09],[48.94,30.09],[48.94,30.08],[48.94,30.08],[48.94,30.08],[48.94,30.08],[48.94,30.07],[48.94,30.07],[48.94,30.07],[48.94,30.07],[48.94,30.06],[48.94,30.06],[48.94,30.06],[48.94,30.06],[48.94,30.06],[48.94,30.06],[48.93,30.05],[48.93,30.05],[48.93,30.05],[48.93,30.05],[48.93,30.05],[48.93,30.05],[48.93,30.05],[48.93,30.05],[48.93,30.05],[48.93,30.05],[48.93,30.04],[48.93,30.04],[48.93,30.04],[48.93,30.04],[48.93,30.04],[48.93,30.04],[48.93,30.04],[48.93,30.04],[48.92,30.04],[48.92,30.03],[48.92,30.03],[48.93,30.03],[48.93,30.03],[48.93,30.03],[48.93,30.04],[48.93,30.04],[48.93,30.04],[48.93,30.04],[48.93,30.04],[48.93,30.04],[48.93,30.04],[48.93,30.04],[48.93,30.04],[48.93,30.04],[48.93,30.04],[48.93,30.04],[48.93,30.04],[48.93,30.04],[48.93,30.04],[48.93,30.04],[48.93,30.04],[48.93,30.04],[48.93,30.04],[48.93,30.04],[48.93,30.03],[48.93,30.03],[48.93,30.03],[48.93,30.03],[48.93,30.03],[48.93,30.03],[48.93,30.03],[48.93,30.03],[48.92,30.03],[48.92,30.03],[48.92,30.03],[48.92,30.03],[48.92,30.03],[48.92,30.03],[48.92,30.03],[48.92,30.03],[48.92,30.03],[48.92,30.03],[48.91,30.02],[48.91,30.02],[48.91,30.02],[48.91,30.02],[48.91,30.02],[48.9,30.02],[48.9,30.02],[48.9,30.02],[48.9,30.02],[48.89,30.02],[48.89,30.02],[48.89,30.02],[48.89,30.03],[48.89,30.03],[48.89,30.03],[48.89,30.03],[48.89,30.03],[48.89,30.03],[48.89,30.03],[48.89,30.03],[48.89,30.02],[48.89,30.02],[48.89,30.02],[48.89,30.02],[48.89,30.02],[48.89,30.02],[48.89,30.02],[48.89,30.02],[48.89,30.01],[48.89,30.01],[48.89,30.01],[48.89,30.01],[48.89,30.01],[48.89,30.01],[48.89,30.01],[48.89,30.01],[48.89,30.01],[48.89,30.01],[48.89,30.01],[48.89,30.01],[48.89,30.0],[48.89,30.0],[48.89,30.0],[48.89,30.0],[48.89,30.0],[48.89,30.0],[48.89,30.0],[48.89,30.0],[48.89,30.0],[48.89,30.0],[48.89,30.0],[48.89,30.0],[48.89,30.0],[48.89,30.01],[48.88,30.01],[48.88,30.01],[48.88,30.01],[48.88,30.01],[48.87,30.01],[48.87,30.01],[48.87,30.01],[48.87,30.01],[48.87,30.01],[48.86,30.01],[48.86,30.01],[48.86,30.01],[48.85,30.01],[48.85,30.01],[48.85,30.01],[48.85,30.01],[48.84,30.02],[48.84,30.02],[48.84,30.02],[48.84,30.02],[48.83,30.02],[48.83,30.02],[48.83,30.02],[48.83,30.02],[48.82,30.02],[48.82,30.02],[48.82,30.02],[48.81,30.02],[48.81,30.02],[48.79,30.02],[48.78,30.02],[48.78,30.02],[48.77,30.02],[48.77,30.02],[48.76,30.02],[48.75,30.02],[48.75,30.02],[48.74,30.02],[48.74,30.02],[48.74,30.02],[48.74,30.02],[48.74,30.02],[48.74,30.02],[48.73,30.02],[48.73,30.03],[48.73,30.03],[48.73,30.03],[48.73,30.03],[48.73,30.03],[48.73,30.03],[48.72,30.03],[48.72,30.03],[48.72,30.03],[48.72,30.03],[48.72,30.03],[48.72,30.03],[48.72,30.03],[48.72,30.02],[48.72,30.02],[48.72,30.02],[48.72,30.02],[48.71,30.02],[48.71,30.02],[48.71,30.02],[48.71,30.02],[48.71,30.02],[48.71,30.02],[48.71,30.02],[48.71,30.02],[48.71,30.02],[48.7,30.02],[48.7,30.02],[48.7,30.02],[48.7,30.02],[48.7,30.02],[48.69,30.02],[48.69,30.02],[48.69,30.02],[48.69,30.02],[48.69,30.02],[48.69,30.02],[48.69,30.02],[48.69,30.01],[48.69,30.01],[48.69,30.01],[48.69,30.01],[48.69,30.01],[48.69,30.01],[48.69,30.01],[48.7,30.01],[48.7,30.01],[48.7,30.01],[48.7,30.01],[48.69,30.0],[48.7,30.0],[48.7,30.0],[48.7,30.0],[48.69,30.0],[48.69,29.99],[48.69,29.99],[48.69,29.99],[48.69,29.99],[48.69,29.99],[48.69,29.99],[48.69,29.99],[48.69,29.99],[48.69,29.99],[48.69,29.99],[48.69,29.99],[48.69,29.98],[48.69,29.98],[48.7,29.98],[48.7,29.98],[48.7,29.98],[48.7,29.98],[48.7,29.98],[48.7,29.98],[48.7,29.98],[48.7,29.98],[48.7,29.98],[48.7,29.98],[48.7,29.98],[48.7,29.97],[48.7,29.97],[48.69,29.97],[48.69,29.97],[48.7,29.98],[48.7,29.98],[48.7,29.98],[48.69,29.98],[48.69,29.98],[48.69,29.98],[48.69,29.98],[48.69,29.98],[48.69,29.98],[48.68,29.98],[48.68,29.99],[48.68,29.99],[48.68,29.99],[48.68,29.99],[48.68,29.99],[48.68,29.98],[48.68,29.98],[48.68,29.98],[48.68,29.98],[48.68,29.97],[48.68,29.96],[48.68,29.96],[48.68,29.96],[48.68,29.95],[48.68,29.95],[48.68,29.95],[48.68,29.95],[48.68,29.95],[48.68,29.95],[48.68,29.94],[48.68,29.94],[48.68,29.94],[48.68,29.94],[48.68,29.94],[48.68,29.94],[48.69,29.94],[48.69,29.94],[48.69,29.93],[48.69,29.93],[48.69,29.93],[48.69,29.93],[48.69,29.93],[48.68,29.93],[48.68,29.93],[48.68,29.92],[48.68,29.92],[48.68,29.92],[48.68,29.92],[48.68,29.93],[48.68,29.93],[48.68,29.93],[48.68,29.93],[48.68,29.93],[48.67,29.93],[48.67,29.93],[48.67,29.93],[48.67,29.93],[48.67,29.93],[48.67,29.93],[48.67,29.93],[48.67,29.93],[48.67,29.93],[48.67,29.93],[48.66,29.93],[48.66,29.93],[48.66,29.93],[48.66,29.93],[48.66,29.93],[48.66,29.94],[48.66,29.93],[48.66,29.93],[48.66,29.93],[48.66,29.93],[48.66,29.93],[48.65,29.93],[48.65,29.93],[48.65,29.93],[48.65,29.93],[48.65,29.93],[48.65,29.93],[48.64,29.93],[48.64,29.93],[48.64,29.93],[48.64,29.93],[48.64,29.93],[48.64,29.93],[48.64,29.93],[48.64,29.93],[48.64,29.93],[48.64,29.93],[48.63,29.93],[48.63,29.93],[48.63,29.93],[48.63,29.93],[48.63,29.93],[48.63,29.93],[48.62,29.93],[48.62,29.93],[48.62,29.94],[48.62,29.94],[48.62,29.93],[48.62,29.93],[48.62,29.93],[48.62,29.93],[48.62,29.93],[48.62,29.93],[48.61,29.93],[48.61,29.93],[48.61,29.93],[48.61,29.93],[48.61,29.92],[48.61,29.92],[48.61,29.92],[48.61,29.92],[48.61,29.92],[48.61,29.92],[48.61,29.92],[48.61,29.92],[48.61,29.92],[48.6,29.92],[48.6,29.92],[48.6,29.91],[48.6,29.91],[48.6,29.91],[48.6,29.91],[48.6,29.91],[48.6,29.91],[48.6,29.91],[48.6,29.91],[48.6,29.91],[48.59,29.91],[48.59,29.91],[48.59,29.91],[48.59,29.91],[48.59,29.91],[48.59,29.91],[48.59,29.9],[48.58,29.9],[48.58,29.9],[48.58,29.9],[48.57,29.9],[48.57,29.9],[48.5,29.97],[48.46,30.0],[48.44,30.04],[48.42,30.1],[48.39,30.14],[48.41,30.17],[48.4,30.21],[48.32,30.3],[48.26,30.34],[48.22,30.32],[48.19,30.34],[48.17,30.42],[48.09,30.46],[48.03,30.53],[48.03,30.81],[48.0,30.99],[47.71,30.99],[47.7,31.23],[47.7,31.4],[47.75,31.52],[47.86,31.78],[47.82,31.83],[47.8,31.86],[47.75,31.92],[47.73,31.96],[47.68,32.03],[47.67,32.04],[47.65,32.06],[47.65,32.07],[47.65,32.08],[47.63,32.1],[47.61,32.11],[47.69,32.16],[47.75,32.19],[47.76,32.23],[47.72,32.31],[47.73,32.33],[47.82,32.44],[47.86,32.49],[47.89,32.58],[47.91,32.62],[47.97,32.66],[47.99,32.74],[48.02,32.82],[48.08,32.92],[48.1,32.98],[48.14,33.0],[48.35,33.01],[48.44,33.03],[48.52,33.05]]]]}},{"type":"Feature","id":"West Azerbaijan","properties":{"name":"West Azerbaijan","name_fa":"آذربایجان غربی"},"geometry":{"type":"MultiPolygon","coordinates":[[[[44.82,39.63],[44.88,39.61],[44.89,39.59],[44.9,39.58],[44.92,39.57],[44.93,39.54],[44.95,39.51],[44.95,39.48],[44.95,39.46],[44.98,39.44],[44.98,39.42],[45.04,39.39],[45.08,39.36],[45.09,39.33],[45.11,39.31],[45.18,39.21],[45.2,39.21],[45.3,39.18],[45.33,39.2],[45.33,39.16],[45.36,39.13],[45.4,39.08],[45.45,39.05],[45.43,39.01],[45.46,38.98],[45.48,38.97],[45.44,38.93],[45.37,38.88],[45.35,38.85],[45.34,38.8],[45.32,38.73],[45.36,38.64],[45.37,38.59],[45.29,38.49],[45.16,38.39],[45.09,38.3],[45.09,38.25],[45.11,38.22],[45.16,38.16],[45.2,38.09],[45.21,37.99],[45.22,37.77],[45.24,37.65],[45.28,37.59],[45.33,37.55],[45.36,37.5],[45.34,37.41],[45.35,37.32],[45.39,37.28],[45.49,37.24],[45.62,37.17],[45.66,37.15],[45.7,37.1],[45.78,37.1],[45.87,37.12],[45.91,37.13],[45.96,37.08],[45.99,37.05],[46.04,37.03],[46.07,36.98],[46.14,36.96],[46.21,36.92],[46.26,36.88],[46.32,36.89],[46.34,36.92],[46.37,36.96],[46.43,37.01],[46.49,37.03],[46.54,37.02],[46.56,37.06],[46.66,37.05],[46.71,37.02],[46.77,37.0],[46.8,36.97],[46.77,36.94],[46.82,36.89],[46.84,36.85],[46.81,36.78],[46.91,36.74],[46.96,36.73],[47.0,36.73],[47.09,36.75],[47.18,36.77],[47.24,36.72],[47.3,36.58],[47.28,36.5],[47.27,36.45],[47.26,36.42],[47.26,36.38],[47.23,36.35],[47.15,36.34],[47.08,36.34],[46.99,36.36],[46.92,36.37],[46.88,36.4],[46.84,36.43],[46.81,36.46],[46.73,36.46],[46.63,36.43],[46.45,36.43],[46.38,36.42],[46.26,36.41],[46.21,36.42],[46.13,36.47],[46.04,36.46],[45.95,36.41],[45.93,36.37],[45.95,36.31],[45.93,36.27],[45.81,36.27],[45.76,36.27],[45.69,36.25],[45.7,36.22],[45.67,36.2],[45.64,36.18],[45.65,36.14],[45.59,36.1],[45.58,36.07],[45.56,36.03],[45.5,36.01],[45.48,36.0],[45.46,35.99],[45.43,35.98],[45.41,35.97],[45.37,35.98],[45.35,36.0],[45.36,36.06],[45.39,36.09],[45.36,36.12],[45.34,36.16],[45.34,36.21],[45.29,36.25],[45.3,36.27],[45.29,36.3],[45.28,36.33],[45.29,36.38],[45.27,36.41],[45.25,36.43],[45.22,36.43],[45.19,36.42],[45.13,36.41],[45.09,36.43],[45.07,36.49],[45.02,36.52],[45.02,36.54],[45.05,36.57],[45.05,36.61],[45.07,36.63],[45.08,36.64],[45.05,36.73],[45,36.75],[44.96,36.77],[44.88,36.78],[44.85,36.8],[44.88,36.86],[44.92,36.91],[44.89,36.96],[44.92,37.01],[44.88,37.04],[44.83,37.04],[44.8,37.08],[44.78,37.12],[44.81,37.15],[44.79,37.18],[44.78,37.23],[44.82,37.26],[44.83,37.29],[44.8,37.32],[44.72,37.38],[44.69,37.38],[44.67,37.42],[44.61,37.44],[44.62,37.48],[44.61,37.52],[44.62,37.56],[44.64,37.61],[44.59,37.64],[44.58,37.66],[44.61,37.68],[44.63,37.73],[44.6,37.76],[44.56,37.77],[44.53,37.78],[44.46,37.77],[44.47,37.79],[44.45,37.8],[44.43,37.81],[44.41,37.82],[44.42,37.85],[44.34,37.87],[44.29,37.87],[44.25,37.88],[44.25,37.91],[44.26,37.96],[44.28,38.0],[44.32,38.05],[44.33,38.08],[44.36,38.1],[44.37,38.11],[44.39,38.14],[44.41,38.15],[44.41,38.22],[44.42,38.27],[44.49,38.31],[44.51,38.33],[44.48,38.36],[44.45,38.39],[44.43,38.38],[44.38,38.37],[44.35,38.37],[44.32,38.39],[44.32,38.42],[44.34,38.5],[44.33,38.56],[44.32,38.64],[44.29,38.65],[44.3,38.67],[44.28,38.71],[44.3,38.75],[44.31,38.79],[44.32,38.83],[44.29,38.86],[44.25,38.86],[44.22,38.9],[44.2,38.93],[44.21,38.95],[44.19,38.96],[44.18,38.99],[44.21,39.01],[44.2,39.07],[44.15,39.09],[44.2,39.12],[44.23,39.1],[44.2,39.15],[44.18,39.17],[44.11,39.22],[44.1,39.25],[44.11,39.28],[44.09,39.3],[44.09,39.32],[44.06,39.35],[44.05,39.37],[44.07,39.39],[44.08,39.41],[44.13,39.4],[44.14,39.38],[44.16,39.39],[44.19,39.41],[44.26,39.4],[44.29,39.37],[44.33,39.38],[44.35,39.39],[44.43,39.42],[44.44,39.46],[44.45,39.49],[44.45,39.52],[44.44,39.56],[44.49,39.63],[44.49,39.69],[44.54,39.72],[44.59,39.76],[44.62,39.78],[44.65,39.74],[44.71,39.71],[44.82,39.63]]]]}},{"type":"Feature","id":"Razavi Khorasan","properties":{"name":"Razavi Khorasan","name_fa":"خراسان رضوی"},"geometry":{"type":"MultiPolygon","coordinates":[[[[57.83,37.86],[57.85,37.86],[57.89,37.86],[57.91,37.86],[57.94,37.85],[57.97,37.84],[58.0,37.82],[58.03,37.8],[58.05,37.8],[58.08,37.8],[58.09,37.79],[58.11,37.78],[58.12,37.79],[58.13,37.78],[58.16,37.79],[58.18,37.77],[58.21,37.76],[58.21,37.74],[58.23,37.73],[58.23,37.71],[58.23,37.69],[58.23,37.68],[58.26,37.67],[58.28,37.66],[58.3,37.66],[58.33,37.66],[58.36,37.65],[58.37,37.63],[58.38,37.62],[58.4,37.62],[58.42,37.62],[58.44,37.63],[58.47,37.63],[58.49,37.64],[58.51,37.65],[58.52,37.66],[58.53,37.68],[58.54,37.69],[58.56,37.69],[58.58,37.69],[58.6,37.68],[58.62,37.66],[58.65,37.64],[58.71,37.63],[58.74,37.63],[58.75,37.64],[58.76,37.65],[58.78,37.64],[58.8,37.64],[58.81,37.65],[58.82,37.66],[58.82,37.67],[58.82,37.68],[58.82,37.69],[58.84,37.68],[58.86,37.67],[58.89,37.65],[58.91,37.65],[58.95,37.65],[58.98,37.63],[59.02,37.62],[59.05,37.61],[59.08,37.6],[59.11,37.58],[59.14,37.56],[59.16,37.54],[59.18,37.53],[59.19,37.53],[59.2,37.52],[59.22,37.5],[59.24,37.5],[59.27,37.5],[59.29,37.5],[59.32,37.52],[59.35,37.52],[59.36,37.5],[59.37,37.49],[59.38,37.48],[59.38,37.46],[59.39,37.44],[59.4,37.42],[59.38,37.41],[59.37,37.4],[59.38,37.38],[59.39,37.33],[59.4,37.31],[59.42,37.3],[59.43,37.28],[59.45,37.27],[59.46,37.25],[59.49,37.23],[59.49,37.22],[59.48,37.21],[59.49,37.2],[59.51,37.19],[59.53,37.17],[59.55,37.17],[59.55,37.16],[59.55,37.14],[59.55,37.12],[59.58,37.12],[59.61,37.12],[59.64,37.11],[59.65,37.11],[59.66,37.13],[59.68,37.13],[59.71,37.12],[59.73,37.11],[59.75,37.1],[59.76,37.11],[59.77,37.11],[59.8,37.1],[59.83,37.09],[59.88,37.06],[59.89,37.05],[59.91,37.04],[59.93,37.03],[59.95,37.03],[59.97,37.03],[60.0,37.03],[60.02,37.03],[60.1,36.95],[60.18,36.84],[60.3,36.71],[60.35,36.64],[60.48,36.63],[60.83,36.64],[61.15,36.66],[61.18,36.59],[61.18,36.51],[61.18,36.47],[61.17,36.34],[61.21,36.24],[61.23,36.12],[61.17,36.0],[61.12,35.97],[61.18,35.95],[61.23,35.92],[61.23,35.9],[61.25,35.89],[61.24,35.88],[61.24,35.86],[61.25,35.84],[61.26,35.83],[61.26,35.81],[61.26,35.8],[61.25,35.77],[61.25,35.76],[61.25,35.72],[61.22,35.69],[61.22,35.66],[61.24,35.65],[61.28,35.61],[61.28,35.6],[61.28,35.6],[61.27,35.59],[61.27,35.59],[61.28,35.58],[61.27,35.56],[61.27,35.55],[61.28,35.54],[61.27,35.53],[61.28,35.52],[61.27,35.51],[61.26,35.51],[61.26,35.5],[61.26,35.49],[61.25,35.48],[61.24,35.47],[61.24,35.46],[61.23,35.45],[61.23,35.43],[61.22,35.42],[61.21,35.41],[61.2,35.41],[61.19,35.4],[61.19,35.39],[61.2,35.39],[61.2,35.39],[61.2,35.38],[61.19,35.38],[61.2,35.38],[61.2,35.38],[61.19,35.38],[61.19,35.37],[61.19,35.37],[61.18,35.36],[61.18,35.35],[61.18,35.34],[61.18,35.34],[61.19,35.33],[61.19,35.32],[61.19,35.32],[61.19,35.31],[61.19,35.3],[61.19,35.3],[61.18,35.29],[61.17,35.29],[61.16,35.28],[61.16,35.28],[61.14,35.28],[61.13,35.28],[61.13,35.28],[61.12,35.28],[61.11,35.28],[61.1,35.27],[61.09,35.27],[61.09,35.26],[61.1,35.25],[61.1,35.24],[61.1,35.23],[61.1,35.23],[61.1,35.22],[61.1,35.22],[61.11,35.21],[61.12,35.21],[61.12,35.21],[61.11,35.2],[61.11,35.2],[61.1,35.2],[61.1,35.19],[61.1,35.18],[61.09,35.18],[61.09,35.17],[61.09,35.17],[61.09,35.17],[61.1,35.16],[61.1,35.16],[61.11,35.16],[61.11,35.16],[61.09,35.14],[61.11,35.12],[61.11,35.12],[61.12,35.1],[61.12,35.08],[61.11,35.07],[61.1,35.06],[61.1,35.04],[61.1,35.03],[61.09,35.02],[61.09,35.0],[61.09,34.98],[61.09,34.96],[61.09,34.94],[61.08,34.93],[61.07,34.93],[61.07,34.92],[61.06,34.91],[61.06,34.9],[61.06,34.89],[61.06,34.86],[61.06,34.85],[61.06,34.84],[61.06,34.82],[61.06,34.81],[61.05,34.79],[61.03,34.76],[61.01,34.73],[61.0,34.72],[60.99,34.71],[60.98,34.7],[60.98,34.69],[60.99,34.67],[60.98,34.66],[60.99,34.65],[60.98,34.63],[60.97,34.62],[60.96,34.62],[60.95,34.62],[60.93,34.63],[60.92,34.63],[60.91,34.62],[60.9,34.6],[60.9,34.58],[60.89,34.57],[60.88,34.56],[60.85,34.54],[60.82,34.54],[60.8,34.54],[60.78,34.54],[60.76,34.53],[60.74,34.53],[60.73,34.52],[60.75,34.5],[60.76,34.48],[60.78,34.47],[60.8,34.46],[60.82,34.45],[60.84,34.43],[60.85,34.42],[60.85,34.41],[60.86,34.38],[60.87,34.37],[60.89,34.36],[60.92,34.32],[60.92,34.31],[60.89,34.31],[60.86,34.31],[60.84,34.31],[60.82,34.31],[60.79,34.31],[60.74,34.31],[60.72,34.31],[60.69,34.31],[60.68,34.3],[60.67,34.3],[60.67,34.29],[60.67,34.28],[60.64,34.26],[60.62,34.25],[60.59,34.22],[60.58,34.2],[60.56,34.18],[60.54,34.16],[60.52,34.13],[60.51,34.11],[60.51,34.08],[60.4,34.06],[60.06,34.07],[59.73,34.06],[59.58,34.21],[59.43,34.26],[59.31,34.2],[59.2,34.18],[59.06,34.19],[59.0,34.15],[58.8,34.16],[58.65,34.16],[58.63,34.11],[58.67,34.0],[58.64,33.87],[58.62,33.78],[58.61,33.72],[58.6,33.67],[58.67,33.62],[58.69,33.55],[58.84,33.48],[58.8,33.42],[58.75,33.35],[58.63,33.26],[58.47,33.22],[58.33,33.13],[58.26,33.03],[58.2,32.8],[58.12,32.76],[58.08,32.87],[57.81,32.99],[57.68,33.22],[57.64,33.54],[57.57,33.68],[57.32,33.56],[57.06,33.65],[57.01,33.88],[56.98,34.08],[57.03,34.23],[57.14,34.49],[57.27,34.61],[57.47,34.7],[57.68,34.86],[57.71,34.92],[57.4,35.16],[57.11,35.19],[56.72,35.03],[56.42,34.94],[56.22,34.92],[56.31,35.01],[56.4,35.1],[56.57,35.21],[56.73,35.26],[56.83,35.29],[56.88,35.33],[56.91,35.44],[56.97,35.5],[57.07,35.6],[57.1,35.66],[57.06,35.73],[56.98,35.79],[56.92,35.82],[56.85,35.87],[56.78,35.92],[56.76,35.96],[56.74,36.04],[56.72,36.09],[56.72,36.14],[56.7,36.22],[56.7,36.33],[56.74,36.42],[56.78,36.48],[56.81,36.54],[56.81,36.6],[56.72,36.65],[56.68,36.68],[56.77,36.84],[57.43,36.84],[57.77,36.69],[58.02,36.63],[58.12,36.64],[58.21,36.74],[58.15,36.8],[58.23,36.88],[58.21,36.92],[58.17,36.97],[58.13,36.94],[58.09,36.96],[58.02,37.01],[57.99,37.06],[58.05,37.09],[58.07,37.2],[58.17,37.28],[58.16,37.35],[58.21,37.42],[58.06,37.56],[58.05,37.65],[57.94,37.64],[57.71,37.67],[57.55,37.67],[57.56,37.72],[57.56,37.78],[57.61,37.84],[57.74,37.9],[57.77,37.89],[57.8,37.89],[57.82,37.87],[57.83,37.86]]]]}},{"type":"Feature","id":"Sistan and Baluchestan","properties":{"name":"Sistan and Baluchestan","name_fa":"سیستان و بلوچستان"},"geometry":{"type":"MultiPolygon","coordinates":[[[[61.53,25.18],[61.53,25.18],[61.53,25.18],[61.53,25.18],[61.53,25.18],[61.53,25.19],[61.53,25.19],[61.53,25.18],[61.53,25.18]]],[[[59.89,25.35],[59.89,25.35],[59.89,25.35],[59.9,25.34],[59.9,25.34],[59.9,25.34],[59.9,25.34],[59.9,25.34],[59.9,25.34],[59.9,25.34],[59.9,25.34],[59.9,25.34],[59.89,25.34],[59.89,25.34],[59.89,25.34],[59.89,25.34],[59.89,25.34],[59.89,25.34],[59.89,25.34],[59.89,25.35],[59.89,25.35]]],[[[61.8,30.94],[61.79,30.94],[61.79,30.94],[61.79,30.92],[61.79,30.9],[61.79,30.89],[61.8,30.89],[61.8,30.88],[61.8,30.86],[61.8,30.85],[61.81,30.84],[61.8,30.83],[61.79,30.82],[61.78,30.81],[61.77,30.8],[61.75,30.79],[61.32,30.33],[61.19,30.19],[61.0,30.0],[60.9,29.84],[61.13,29.57],[61.31,29.4],[61.38,29.34],[61.36,29.27],[61.42,29.2],[61.42,29.17],[61.44,29.13],[61.48,29.08],[61.51,29.05],[61.54,28.97],[61.6,28.88],[61.65,28.81],[61.72,28.74],[61.8,28.64],[61.89,28.58],[61.99,28.54],[62.04,28.51],[62.15,28.49],[62.24,28.47],[62.3,28.46],[62.42,28.42],[62.44,28.4],[62.52,28.32],[62.59,28.26],[62.77,28.28],[62.8,28.21],[62.77,28.05],[62.8,27.92],[62.81,27.85],[62.83,27.76],[62.84,27.62],[62.84,27.43],[62.83,27.3],[62.78,27.25],[62.81,27.22],[62.89,27.21],[62.98,27.2],[63.18,27.24],[63.3,27.18],[63.3,27.12],[63.26,27.08],[63.26,26.92],[63.28,26.86],[63.2,26.77],[63.17,26.65],[63.13,26.64],[63.05,26.64],[62.95,26.65],[62.82,26.65],[62.76,26.65],[62.73,26.63],[62.7,26.61],[62.66,26.62],[62.58,26.58],[62.46,26.57],[62.4,26.54],[62.34,26.53],[62.3,26.51],[62.3,26.48],[62.3,26.47],[62.26,26.45],[62.26,26.41],[62.29,26.37],[62.24,26.36],[62.13,26.39],[62.12,26.32],[62.04,26.3],[61.91,26.26],[61.83,26.17],[61.8,25.99],[61.78,25.87],[61.77,25.8],[61.69,25.8],[61.7,25.71],[61.69,25.66],[61.67,25.5],[61.66,25.3],[61.63,25.24],[61.58,25.18],[61.58,25.19],[61.58,25.19],[61.57,25.19],[61.57,25.19],[61.57,25.19],[61.57,25.19],[61.57,25.19],[61.57,25.2],[61.57,25.2],[61.57,25.2],[61.56,25.2],[61.56,25.2],[61.56,25.2],[61.56,25.2],[61.56,25.2],[61.56,25.2],[61.56,25.2],[61.56,25.2],[61.56,25.2],[61.56,25.2],[61.56,25.21],[61.56,25.21],[61.56,25.21],[61.56,25.21],[61.56,25.21],[61.56,25.22],[61.56,25.22],[61.56,25.22],[61.56,25.22],[61.57,25.22],[61.57,25.22],[61.57,25.22],[61.57,25.22],[61.57,25.22],[61.57,25.22],[61.57,25.22],[61.58,25.22],[61.57,25.22],[61.57,25.23],[61.57,25.23],[61.57,25.23],[61.57,25.23],[61.57,25.23],[61.57,25.23],[61.57,25.23],[61.56,25.23],[61.56,25.23],[61.56,25.23],[61.55,25.23],[61.55,25.23],[61.55,25.23],[61.55,25.23],[61.55,25.23],[61.55,25.24],[61.55,25.24],[61.55,25.24],[61.55,25.24],[61.55,25.24],[61.55,25.24],[61.55,25.24],[61.55,25.23],[61.55,25.23],[61.55,25.23],[61.55,25.23],[61.55,25.23],[61.55,25.23],[61.55,25.23],[61.55,25.23],[61.55,25.23],[61.55,25.23],[61.56,25.23],[61.56,25.23],[61.56,25.23],[61.56,25.23],[61.57,25.23],[61.57,25.23],[61.57,25.23],[61.57,25.23],[61.57,25.23],[61.57,25.23],[61.57,25.22],[61.57,25.22],[61.57,25.22],[61.57,25.22],[61.57,25.22],[61.57,25.22],[61.57,25.22],[61.57,25.22],[61.57,25.22],[61.56,25.22],[61.56,25.22],[61.56,25.22],[61.56,25.22],[61.56,25.22],[61.56,25.22],[61.56,25.22],[61.56,25.21],[61.56,25.21],[61.56,25.21],[61.56,25.21],[61.56,25.21],[61.56,25.2],[61.56,25.2],[61.56,25.2],[61.56,25.2],[61.56,25.19],[61.56,25.19],[61.56,25.19],[61.56,25.19],[61.56,25.19],[61.56,25.19],[61.56,25.19],[61.56,25.19],[61.57,25.19],[61.57,25.19],[61.57,25.19],[61.57,25.19],[61.57,25.19],[61.57,25.19],[61.57,25.18],[61.57,25.18],[61.57,25.18],[61.57,25.18],[61.57,25.18],[61.57,25.18],[61.57,25.18],[61.56,25.18],[61.56,25.18],[61.55,25.18],[61.54,25.18],[61.54,25.18],[61.54,25.18],[61.54,25.18],[61.54,25.18],[61.54,25.19],[61.54,25.19],[61.53,25.19],[61.53,25.19],[61.53,25.19],[61.53,25.19],[61.52,25.19],[61.52,25.19],[61.52,25.19],[61.52,25.19],[61.52,25.19],[61.52,25.19],[61.51,25.19],[61.51,25.19],[61.51,25.19],[61.51,25.19],[61.51,25.19],[61.5,25.19],[61.5,25.19],[61.5,25.19],[61.5,25.19],[61.5,25.2],[61.5,25.2],[61.5,25.2],[61.5,25.2],[61.5,25.2],[61.5,25.2],[61.5,25.2],[61.5,25.2],[61.5,25.2],[61.5,25.2],[61.5,25.19],[61.5,25.19],[61.5,25.19],[61.5,25.19],[61.5,25.19],[61.5,25.19],[61.5,25.19],[61.51,25.19],[61.51,25.19],[61.51,25.19],[61.51,25.19],[61.51,25.19],[61.52,25.19],[61.52,25.19],[61.52,25.18],[61.52,25.18],[61.52,25.18],[61.52,25.18],[61.52,25.18],[61.52,25.18],[61.51,25.18],[61.51,25.18],[61.51,25.18],[61.51,25.18],[61.51,25.18],[61.51,25.18],[61.5,25.18],[61.5,25.18],[61.5,25.18],[61.5,25.18],[61.5,25.17],[61.5,25.17],[61.5,25.17],[61.5,25.17],[61.5,25.17],[61.5,25.17],[61.49,25.17],[61.5,25.17],[61.5,25.17],[61.5,25.17],[61.5,25.17],[61.5,25.18],[61.5,25.18],[61.5,25.18],[61.5,25.18],[61.5,25.18],[61.49,25.17],[61.49,25.17],[61.49,25.17],[61.49,25.17],[61.49,25.17],[61.49,25.18],[61.49,25.18],[61.49,25.18],[61.49,25.18],[61.49,25.18],[61.49,25.18],[61.49,25.18],[61.48,25.18],[61.48,25.18],[61.48,25.18],[61.48,25.18],[61.49,25.18],[61.49,25.18],[61.49,25.18],[61.49,25.18],[61.49,25.18],[61.49,25.18],[61.49,25.17],[61.49,25.17],[61.49,25.17],[61.49,25.17],[61.49,25.17],[61.49,25.17],[61.49,25.17],[61.5,25.17],[61.5,25.17],[61.5,25.17],[61.5,25.17],[61.5,25.17],[61.5,25.17],[61.5,25.17],[61.5,25.17],[61.5,25.17],[61.5,25.17],[61.5,25.16],[61.5,25.16],[61.5,25.16],[61.5,25.16],[61.5,25.16],[61.5,25.16],[61.5,25.16],[61.5,25.16],[61.5,25.16],[61.5,25.15],[61.5,25.15],[61.5,25.15],[61.5,25.15],[61.5,25.15],[61.5,25.15],[61.49,25.15],[61.49,25.14],[61.49,25.14],[61.49,25.14],[61.49,25.14],[61.49,25.14],[61.49,25.14],[61.49,25.14],[61.49,25.14],[61.49,25.14],[61.49,25.14],[61.49,25.14],[61.49,25.13],[61.48,25.13],[61.48,25.13],[61.48,25.13],[61.48,25.13],[61.48,25.13],[61.48,25.13],[61.48,25.13],[61.48,25.13],[61.48,25.13],[61.48,25.13],[61.48,25.13],[61.48,25.13],[61.47,25.13],[61.47,25.13],[61.47,25.13],[61.47,25.13],[61.47,25.12],[61.47,25.12],[61.47,25.12],[61.47,25.12],[61.46,25.12],[61.46,25.12],[61.47,25.12],[61.47,25.12],[61.47,25.12],[61.47,25.12],[61.47,25.12],[61.47,25.12],[61.47,25.12],[61.47,25.12],[61.48,25.12],[61.48,25.13],[61.48,25.12],[61.48,25.12],[61.48,25.12],[61.48,25.12],[61.48,25.12],[61.48,25.12],[61.48,25.12],[61.48,25.12],[61.49,25.12],[61.49,25.11],[61.49,25.11],[61.49,25.11],[61.49,25.11],[61.48,25.11],[61.48,25.11],[61.48,25.11],[61.48,25.11],[61.48,25.11],[61.48,25.11],[61.48,25.11],[61.48,25.11],[61.48,25.1],[61.48,25.1],[61.48,25.1],[61.48,25.1],[61.47,25.1],[61.47,25.1],[61.46,25.1],[61.46,25.1],[61.46,25.1],[61.46,25.1],[61.45,25.1],[61.45,25.1],[61.45,25.1],[61.45,25.1],[61.45,25.1],[61.45,25.09],[61.45,25.09],[61.44,25.09],[61.44,25.09],[61.44,25.09],[61.44,25.09],[61.43,25.09],[61.43,25.09],[61.43,25.09],[61.42,25.09],[61.42,25.09],[61.42,25.09],[61.42,25.09],[61.42,25.09],[61.42,25.09],[61.42,25.09],[61.42,25.09],[61.42,25.09],[61.42,25.08],[61.41,25.08],[61.41,25.08],[61.41,25.08],[61.41,25.08],[61.41,25.08],[61.41,25.08],[61.41,25.08],[61.41,25.08],[61.41,25.08],[61.41,25.07],[61.41,25.07],[61.41,25.07],[61.41,25.07],[61.41,25.07],[61.42,25.07],[61.42,25.07],[61.42,25.07],[61.42,25.07],[61.42,25.07],[61.42,25.07],[61.42,25.07],[61.42,25.07],[61.42,25.07],[61.42,25.07],[61.42,25.07],[61.42,25.07],[61.42,25.07],[61.42,25.07],[61.42,25.07],[61.42,25.07],[61.42,25.07],[61.42,25.06],[61.43,25.06],[61.43,25.06],[61.42,25.06],[61.42,25.06],[61.42,25.06],[61.42,25.06],[61.42,25.06],[61.42,25.06],[61.42,25.06],[61.42,25.06],[61.41,25.06],[61.41,25.06],[61.41,25.06],[61.41,25.06],[61.41,25.06],[61.41,25.06],[61.4,25.06],[61.4,25.07],[61.4,25.07],[61.4,25.07],[61.4,25.07],[61.4,25.07],[61.39,25.07],[61.39,25.07],[61.39,25.07],[61.39,25.07],[61.38,25.07],[61.38,25.07],[61.38,25.07],[61.38,25.07],[61.37,25.07],[61.37,25.07],[61.37,25.07],[61.37,25.07],[61.36,25.07],[61.36,25.08],[61.36,25.08],[61.36,25.08],[61.36,25.08],[61.35,25.08],[61.35,25.08],[61.35,25.08],[61.35,25.08],[61.34,25.08],[61.34,25.08],[61.34,25.08],[61.34,25.08],[61.33,25.08],[61.33,25.08],[61.33,25.08],[61.33,25.08],[61.33,25.08],[61.32,25.08],[61.32,25.09],[61.32,25.09],[61.32,25.09],[61.32,25.09],[61.32,25.09],[61.31,25.09],[61.31,25.09],[61.31,25.09],[61.31,25.09],[61.31,25.09],[61.31,25.09],[61.3,25.09],[61.3,25.09],[61.3,25.09],[61.3,25.09],[61.3,25.09],[61.29,25.09],[61.29,25.09],[61.29,25.1],[61.29,25.1],[61.29,25.1],[61.29,25.1],[61.28,25.1],[61.28,25.1],[61.28,25.1],[61.28,25.1],[61.28,25.1],[61.28,25.1],[61.27,25.1],[61.27,25.1],[61.27,25.1],[61.27,25.1],[61.27,25.1],[61.26,25.1],[61.26,25.1],[61.26,25.1],[61.26,25.1],[61.26,25.11],[61.25,25.11],[61.25,25.11],[61.25,25.11],[61.25,25.11],[61.25,25.11],[61.24,25.11],[61.24,25.11],[61.24,25.11],[61.24,25.11],[61.24,25.11],[61.24,25.11],[61.24,25.11],[61.23,25.11],[61.23,25.11],[61.23,25.11],[61.23,25.11],[61.23,25.11],[61.22,25.12],[61.22,25.12],[61.22,25.12],[61.21,25.12],[61.21,25.12],[61.21,25.12],[61.21,25.12],[61.2,25.12],[61.2,25.12],[61.2,25.12],[61.19,25.12],[61.19,25.12],[61.19,25.12],[61.18,25.12],[61.18,25.12],[61.18,25.12],[61.18,25.12],[61.18,25.12],[61.18,25.13],[61.18,25.13],[61.18,25.13],[61.18,25.13],[61.18,25.13],[61.18,25.13],[61.18,25.13],[61.18,25.13],[61.18,25.13],[61.18,25.13],[61.18,25.13],[61.18,25.13],[61.18,25.14],[61.18,25.14],[61.18,25.14],[61.18,25.14],[61.18,25.14],[61.18,25.14],[61.18,25.14],[61.18,25.14],[61.17,25.14],[61.17,25.14],[61.17,25.14],[61.17,25.14],[61.17,25.15],[61.17,25.15],[61.17,25.15],[61.17,25.15],[61.17,25.15],[61.18,25.15],[61.18,25.15],[61.18,25.15],[61.18,25.15],[61.18,25.15],[61.18,25.15],[61.18,25.15],[61.18,25.15],[61.18,25.16],[61.18,25.16],[61.18,25.16],[61.18,25.16],[61.18,25.16],[61.17,25.16],[61.17,25.16],[61.17,25.16],[61.17,25.16],[61.17,25.16],[61.17,25.16],[61.17,25.16],[61.17,25.17],[61.17,25.17],[61.17,25.17],[61.16,25.17],[61.16,25.17],[61.16,25.17],[61.16,25.17],[61.16,25.17],[61.16,25.17],[61.16,25.17],[61.15,25.17],[61.15,25.17],[61.15,25.17],[61.15,25.17],[61.15,25.17],[61.15,25.17],[61.14,25.17],[61.14,25.17],[61.14,25.18],[61.14,25.18],[61.14,25.18],[61.14,25.18],[61.13,25.18],[61.13,25.18],[61.13,25.18],[61.13,25.18],[61.13,25.18],[61.13,25.18],[61.12,25.18],[61.12,25.18],[61.12,25.18],[61.12,25.18],[61.12,25.18],[61.12,25.18],[61.11,25.18],[61.11,25.18],[61.11,25.19],[61.11,25.19],[61.11,25.19],[61.1,25.19],[61.1,25.19],[61.1,25.19],[61.1,25.19],[61.1,25.19],[61.1,25.19],[61.09,25.19],[61.09,25.19],[61.09,25.19],[61.09,25.19],[61.09,25.19],[61.08,25.19],[61.08,25.19],[61.08,25.19],[61.08,25.19],[61.08,25.2],[61.07,25.2],[61.07,25.2],[61.07,25.2],[61.07,25.2],[61.07,25.2],[61.06,25.2],[61.06,25.2],[61.06,25.2],[61.06,25.2],[61.06,25.2],[61.05,25.2],[61.05,25.2],[61.05,25.2],[61.05,25.2],[61.04,25.2],[61.04,25.2],[61.04,25.2],[61.04,25.21],[61.04,25.21],[61.03,25.21],[61.03,25.21],[61.03,25.21],[61.03,25.21],[61.02,25.21],[61.02,25.21],[61.02,25.21],[61.02,25.21],[61.01,25.21],[61.01,25.21],[61.01,25.21],[61.01,25.21],[61.0,25.21],[61.0,25.21],[61.0,25.21],[61.0,25.21],[60.99,25.22],[60.99,25.22],[60.99,25.22],[60.99,25.22],[60.98,25.22],[60.98,25.22],[60.98,25.22],[60.97,25.22],[60.97,25.22],[60.97,25.22],[60.96,25.22],[60.96,25.22],[60.96,25.22],[60.96,25.22],[60.95,25.22],[60.95,25.22],[60.95,25.22],[60.94,25.22],[60.94,25.23],[60.94,25.23],[60.93,25.23],[60.93,25.23],[60.93,25.23],[60.93,25.23],[60.92,25.23],[60.92,25.23],[60.92,25.23],[60.92,25.23],[60.91,25.23],[60.91,25.23],[60.9,25.23],[60.9,25.23],[60.9,25.23],[60.9,25.23],[60.89,25.23],[60.89,25.23],[60.89,25.24],[60.88,25.24],[60.87,25.24],[60.87,25.24],[60.87,25.24],[60.86,25.24],[60.86,25.24],[60.86,25.24],[60.85,25.24],[60.85,25.24],[60.85,25.24],[60.85,25.24],[60.85,25.24],[60.85,25.24],[60.85,25.25],[60.85,25.25],[60.84,25.25],[60.84,25.25],[60.84,25.25],[60.84,25.25],[60.84,25.25],[60.84,25.25],[60.84,25.25],[60.84,25.25],[60.84,25.25],[60.83,25.25],[60.82,25.25],[60.82,25.25],[60.81,25.25],[60.81,25.25],[60.81,25.25],[60.8,25.25],[60.8,25.25],[60.8,25.25],[60.8,25.26],[60.8,25.26],[60.8,25.26],[60.8,25.26],[60.8,25.26],[60.79,25.26],[60.79,25.26],[60.79,25.26],[60.79,25.26],[60.78,25.26],[60.78,25.26],[60.78,25.26],[60.77,25.26],[60.77,25.26],[60.77,25.26],[60.77,25.26],[60.77,25.26],[60.77,25.26],[60.76,25.26],[60.76,25.26],[60.75,25.26],[60.75,25.26],[60.75,25.26],[60.75,25.27],[60.75,25.27],[60.75,25.27],[60.75,25.27],[60.75,25.27],[60.75,25.27],[60.75,25.27],[60.74,25.27],[60.74,25.27],[60.75,25.27],[60.75,25.27],[60.74,25.27],[60.74,25.27],[60.74,25.27],[60.74,25.27],[60.74,25.27],[60.74,25.27],[60.73,25.27],[60.73,25.27],[60.73,25.27],[60.72,25.27],[60.72,25.27],[60.72,25.27],[60.72,25.27],[60.72,25.28],[60.71,25.28],[60.71,25.28],[60.7,25.28],[60.7,25.28],[60.7,25.28],[60.7,25.28],[60.69,25.28],[60.69,25.28],[60.69,25.28],[60.68,25.28],[60.68,25.28],[60.68,25.27],[60.68,25.28],[60.67,25.28],[60.67,25.28],[60.67,25.28],[60.66,25.28],[60.66,25.28],[60.66,25.28],[60.66,25.28],[60.66,25.28],[60.65,25.28],[60.65,25.28],[60.64,25.28],[60.64,25.28],[60.64,25.28],[60.64,25.28],[60.63,25.28],[60.63,25.28],[60.63,25.28],[60.62,25.28],[60.62,25.28],[60.62,25.28],[60.61,25.28],[60.61,25.28],[60.61,25.28],[60.61,25.28],[60.61,25.29],[60.61,25.29],[60.61,25.29],[60.61,25.29],[60.6,25.29],[60.6,25.29],[60.6,25.29],[60.6,25.29],[60.6,25.29],[60.6,25.29],[60.6,25.29],[60.6,25.29],[60.6,25.29],[60.6,25.29],[60.6,25.29],[60.6,25.29],[60.6,25.3],[60.6,25.3],[60.6,25.3],[60.6,25.29],[60.61,25.29],[60.61,25.29],[60.61,25.29],[60.61,25.29],[60.61,25.29],[60.61,25.29],[60.61,25.29],[60.61,25.29],[60.61,25.29],[60.61,25.29],[60.61,25.29],[60.62,25.29],[60.62,25.29],[60.62,25.29],[60.62,25.29],[60.62,25.29],[60.62,25.3],[60.63,25.3],[60.63,25.3],[60.63,25.3],[60.63,25.3],[60.63,25.31],[60.63,25.31],[60.63,25.31],[60.63,25.31],[60.62,25.31],[60.62,25.31],[60.62,25.31],[60.62,25.31],[60.62,25.31],[60.62,25.31],[60.62,25.31],[60.61,25.31],[60.61,25.31],[60.61,25.31],[60.62,25.31],[60.62,25.31],[60.62,25.31],[60.62,25.31],[60.62,25.31],[60.62,25.32],[60.62,25.32],[60.62,25.32],[60.62,25.32],[60.62,25.32],[60.62,25.32],[60.62,25.32],[60.62,25.32],[60.62,25.32],[60.62,25.32],[60.62,25.32],[60.62,25.33],[60.62,25.33],[60.61,25.33],[60.61,25.33],[60.61,25.33],[60.61,25.33],[60.61,25.34],[60.61,25.34],[60.61,25.34],[60.61,25.34],[60.61,25.34],[60.61,25.34],[60.61,25.34],[60.6,25.34],[60.6,25.34],[60.6,25.34],[60.61,25.34],[60.6,25.34],[60.6,25.34],[60.6,25.34],[60.6,25.34],[60.6,25.34],[60.6,25.34],[60.6,25.34],[60.6,25.34],[60.6,25.34],[60.6,25.34],[60.6,25.34],[60.6,25.34],[60.6,25.35],[60.6,25.35],[60.6,25.35],[60.59,25.35],[60.6,25.35],[60.6,25.35],[60.6,25.35],[60.6,25.35],[60.6,25.35],[60.6,25.35],[60.6,25.35],[60.6,25.36],[60.6,25.35],[60.6,25.36],[60.6,25.36],[60.6,25.36],[60.6,25.36],[60.6,25.36],[60.61,25.36],[60.61,25.36],[60.61,25.36],[60.61,25.36],[60.61,25.37],[60.61,25.37],[60.61,25.37],[60.61,25.38],[60.61,25.38],[60.61,25.38],[60.61,25.39],[60.61,25.39],[60.61,25.39],[60.61,25.39],[60.61,25.4],[60.61,25.4],[60.61,25.4],[60.61,25.4],[60.61,25.4],[60.6,25.4],[60.6,25.4],[60.6,25.4],[60.6,25.4],[60.6,25.4],[60.6,25.4],[60.6,25.4],[60.6,25.4],[60.6,25.41],[60.6,25.41],[60.6,25.41],[60.6,25.41],[60.6,25.41],[60.6,25.41],[60.6,25.41],[60.6,25.41],[60.6,25.41],[60.59,25.41],[60.59,25.41],[60.59,25.41],[60.59,25.41],[60.59,25.41],[60.59,25.41],[60.59,25.41],[60.59,25.41],[60.59,25.42],[60.59,25.42],[60.59,25.42],[60.59,25.42],[60.59,25.42],[60.59,25.42],[60.58,25.42],[60.58,25.42],[60.58,25.42],[60.58,25.42],[60.58,25.42],[60.58,25.42],[60.58,25.42],[60.58,25.42],[60.58,25.42],[60.58,25.42],[60.58,25.43],[60.58,25.43],[60.58,25.43],[60.57,25.43],[60.57,25.43],[60.57,25.43],[60.57,25.43],[60.57,25.43],[60.57,25.43],[60.57,25.43],[60.57,25.43],[60.57,25.43],[60.57,25.43],[60.57,25.43],[60.57,25.43],[60.57,25.43],[60.56,25.43],[60.56,25.44],[60.56,25.44],[60.56,25.44],[60.56,25.44],[60.56,25.44],[60.56,25.44],[60.56,25.44],[60.55,25.44],[60.55,25.44],[60.55,25.44],[60.55,25.44],[60.54,25.44],[60.54,25.44],[60.54,25.44],[60.54,25.44],[60.52,25.44],[60.51,25.44],[60.51,25.44],[60.5,25.44],[60.5,25.44],[60.49,25.44],[60.49,25.44],[60.49,25.44],[60.49,25.44],[60.49,25.44],[60.49,25.44],[60.49,25.44],[60.49,25.44],[60.49,25.43],[60.49,25.43],[60.49,25.43],[60.49,25.44],[60.49,25.44],[60.49,25.44],[60.48,25.44],[60.48,25.44],[60.48,25.44],[60.48,25.44],[60.48,25.44],[60.47,25.44],[60.47,25.44],[60.47,25.43],[60.47,25.43],[60.47,25.43],[60.47,25.43],[60.47,25.43],[60.47,25.43],[60.46,25.43],[60.46,25.43],[60.46,25.43],[60.46,25.43],[60.46,25.43],[60.46,25.43],[60.46,25.43],[60.46,25.43],[60.46,25.43],[60.46,25.43],[60.46,25.43],[60.45,25.43],[60.45,25.42],[60.45,25.42],[60.45,25.42],[60.45,25.42],[60.45,25.42],[60.45,25.42],[60.45,25.42],[60.45,25.42],[60.45,25.42],[60.45,25.42],[60.45,25.42],[60.44,25.42],[60.44,25.42],[60.44,25.42],[60.44,25.42],[60.44,25.42],[60.44,25.42],[60.44,25.42],[60.44,25.41],[60.44,25.41],[60.44,25.41],[60.44,25.41],[60.44,25.41],[60.44,25.41],[60.44,25.41],[60.43,25.41],[60.43,25.41],[60.43,25.41],[60.43,25.41],[60.43,25.41],[60.43,25.41],[60.43,25.41],[60.43,25.4],[60.43,25.4],[60.43,25.4],[60.43,25.4],[60.43,25.4],[60.43,25.4],[60.43,25.4],[60.42,25.4],[60.42,25.4],[60.42,25.4],[60.42,25.4],[60.42,25.4],[60.42,25.4],[60.42,25.4],[60.42,25.4],[60.42,25.4],[60.42,25.39],[60.42,25.39],[60.42,25.39],[60.42,25.39],[60.42,25.39],[60.42,25.39],[60.42,25.39],[60.42,25.39],[60.41,25.39],[60.41,25.39],[60.41,25.39],[60.41,25.39],[60.41,25.39],[60.41,25.38],[60.41,25.38],[60.41,25.38],[60.41,25.38],[60.41,25.38],[60.41,25.38],[60.41,25.38],[60.41,25.38],[60.41,25.38],[60.41,25.37],[60.41,25.37],[60.4,25.37],[60.4,25.37],[60.4,25.37],[60.4,25.37],[60.41,25.37],[60.41,25.36],[60.41,25.36],[60.41,25.36],[60.41,25.36],[60.41,25.36],[60.42,25.36],[60.42,25.36],[60.42,25.36],[60.42,25.36],[60.42,25.36],[60.42,25.36],[60.43,25.36],[60.43,25.36],[60.43,25.36],[60.43,25.36],[60.43,25.36],[60.43,25.36],[60.44,25.36],[60.44,25.35],[60.44,25.35],[60.43,25.35],[60.43,25.35],[60.43,25.36],[60.43,25.36],[60.43,25.36],[60.43,25.36],[60.43,25.36],[60.43,25.36],[60.43,25.36],[60.42,25.36],[60.42,25.36],[60.42,25.36],[60.42,25.36],[60.42,25.36],[60.42,25.36],[60.41,25.36],[60.41,25.36],[60.41,25.36],[60.41,25.36],[60.41,25.36],[60.41,25.37],[60.4,25.37],[60.4,25.36],[60.4,25.36],[60.4,25.35],[60.4,25.35],[60.4,25.35],[60.4,25.35],[60.41,25.35],[60.41,25.34],[60.41,25.34],[60.41,25.34],[60.41,25.34],[60.41,25.34],[60.41,25.34],[60.41,25.34],[60.42,25.34],[60.42,25.34],[60.43,25.34],[60.44,25.34],[60.44,25.34],[60.44,25.34],[60.44,25.34],[60.44,25.33],[60.45,25.33],[60.45,25.33],[60.45,25.33],[60.45,25.33],[60.45,25.33],[60.45,25.33],[60.45,25.33],[60.45,25.33],[60.45,25.33],[60.45,25.33],[60.45,25.33],[60.45,25.33],[60.45,25.33],[60.45,25.32],[60.45,25.32],[60.45,25.32],[60.45,25.32],[60.45,25.32],[60.45,25.32],[60.45,25.32],[60.45,25.32],[60.45,25.31],[60.45,25.31],[60.45,25.31],[60.45,25.31],[60.45,25.31],[60.45,25.31],[60.45,25.31],[60.46,25.31],[60.46,25.31],[60.46,25.31],[60.46,25.31],[60.46,25.31],[60.46,25.31],[60.46,25.3],[60.46,25.3],[60.46,25.3],[60.46,25.3],[60.46,25.3],[60.46,25.3],[60.47,25.3],[60.47,25.3],[60.47,25.3],[60.47,25.3],[60.47,25.3],[60.47,25.3],[60.47,25.3],[60.47,25.3],[60.47,25.29],[60.47,25.29],[60.47,25.29],[60.47,25.29],[60.47,25.29],[60.47,25.29],[60.47,25.29],[60.47,25.29],[60.47,25.29],[60.47,25.29],[60.47,25.29],[60.46,25.29],[60.46,25.29],[60.46,25.29],[60.46,25.29],[60.46,25.29],[60.46,25.29],[60.46,25.29],[60.46,25.29],[60.45,25.29],[60.45,25.29],[60.45,25.29],[60.44,25.29],[60.44,25.29],[60.44,25.3],[60.44,25.3],[60.43,25.3],[60.43,25.3],[60.43,25.3],[60.43,25.3],[60.42,25.3],[60.42,25.3],[60.42,25.3],[60.42,25.3],[60.42,25.3],[60.42,25.3],[60.42,25.3],[60.43,25.3],[60.43,25.3],[60.43,25.3],[60.43,25.3],[60.43,25.3],[60.43,25.3],[60.43,25.3],[60.43,25.3],[60.43,25.3],[60.43,25.3],[60.43,25.31],[60.43,25.31],[60.43,25.31],[60.43,25.31],[60.43,25.31],[60.42,25.31],[60.42,25.31],[60.42,25.31],[60.42,25.31],[60.42,25.31],[60.42,25.31],[60.42,25.32],[60.41,25.32],[60.41,25.32],[60.41,25.32],[60.4,25.32],[60.39,25.32],[60.39,25.32],[60.39,25.32],[60.39,25.32],[60.39,25.32],[60.39,25.32],[60.38,25.32],[60.38,25.32],[60.38,25.32],[60.38,25.32],[60.38,25.32],[60.38,25.32],[60.38,25.32],[60.37,25.32],[60.37,25.32],[60.37,25.32],[60.37,25.32],[60.37,25.33],[60.37,25.33],[60.36,25.33],[60.36,25.33],[60.36,25.33],[60.35,25.33],[60.35,25.33],[60.35,25.33],[60.35,25.33],[60.35,25.33],[60.35,25.33],[60.35,25.33],[60.35,25.33],[60.34,25.33],[60.34,25.33],[60.34,25.33],[60.33,25.33],[60.33,25.33],[60.33,25.33],[60.33,25.33],[60.33,25.33],[60.32,25.33],[60.32,25.33],[60.32,25.33],[60.32,25.33],[60.31,25.33],[60.31,25.33],[60.31,25.33],[60.31,25.33],[60.31,25.33],[60.31,25.33],[60.31,25.34],[60.31,25.34],[60.31,25.34],[60.31,25.34],[60.31,25.34],[60.31,25.34],[60.31,25.34],[60.3,25.34],[60.3,25.34],[60.3,25.34],[60.3,25.34],[60.3,25.34],[60.3,25.34],[60.3,25.35],[60.3,25.35],[60.3,25.35],[60.3,25.35],[60.3,25.35],[60.3,25.35],[60.3,25.35],[60.3,25.35],[60.3,25.35],[60.3,25.35],[60.3,25.35],[60.3,25.36],[60.3,25.35],[60.3,25.35],[60.3,25.35],[60.3,25.35],[60.31,25.35],[60.31,25.35],[60.31,25.35],[60.31,25.35],[60.31,25.35],[60.31,25.36],[60.31,25.36],[60.31,25.36],[60.31,25.36],[60.31,25.36],[60.31,25.36],[60.31,25.37],[60.31,25.37],[60.31,25.37],[60.31,25.37],[60.31,25.37],[60.31,25.37],[60.31,25.37],[60.31,25.37],[60.31,25.37],[60.31,25.37],[60.31,25.37],[60.31,25.37],[60.31,25.37],[60.31,25.38],[60.31,25.38],[60.3,25.38],[60.3,25.38],[60.3,25.38],[60.3,25.38],[60.3,25.38],[60.3,25.38],[60.3,25.38],[60.3,25.38],[60.3,25.38],[60.3,25.38],[60.3,25.38],[60.3,25.38],[60.3,25.38],[60.3,25.38],[60.29,25.38],[60.29,25.38],[60.29,25.39],[60.29,25.39],[60.29,25.39],[60.28,25.39],[60.28,25.39],[60.28,25.39],[60.28,25.39],[60.26,25.39],[60.26,25.39],[60.26,25.39],[60.25,25.39],[60.25,25.39],[60.25,25.39],[60.25,25.39],[60.25,25.38],[60.24,25.38],[60.24,25.38],[60.24,25.38],[60.24,25.38],[60.23,25.38],[60.23,25.38],[60.23,25.38],[60.22,25.38],[60.22,25.38],[60.22,25.38],[60.22,25.38],[60.22,25.38],[60.22,25.38],[60.21,25.38],[60.21,25.38],[60.21,25.38],[60.21,25.38],[60.21,25.37],[60.21,25.37],[60.21,25.37],[60.2,25.37],[60.2,25.37],[60.2,25.37],[60.2,25.37],[60.2,25.37],[60.2,25.37],[60.2,25.37],[60.2,25.37],[60.2,25.37],[60.2,25.37],[60.19,25.37],[60.19,25.37],[60.19,25.37],[60.19,25.36],[60.19,25.36],[60.19,25.36],[60.19,25.36],[60.19,25.36],[60.19,25.35],[60.19,25.35],[60.19,25.35],[60.19,25.35],[60.19,25.34],[60.19,25.34],[60.2,25.34],[60.2,25.34],[60.2,25.34],[60.2,25.34],[60.2,25.34],[60.2,25.34],[60.2,25.34],[60.2,25.34],[60.2,25.34],[60.2,25.34],[60.2,25.34],[60.2,25.34],[60.21,25.33],[60.21,25.33],[60.21,25.33],[60.21,25.33],[60.21,25.33],[60.21,25.33],[60.21,25.33],[60.21,25.33],[60.21,25.33],[60.21,25.33],[60.21,25.33],[60.21,25.33],[60.21,25.33],[60.2,25.33],[60.2,25.33],[60.2,25.32],[60.2,25.32],[60.2,25.32],[60.2,25.33],[60.2,25.33],[60.19,25.33],[60.19,25.33],[60.19,25.33],[60.19,25.33],[60.19,25.33],[60.19,25.33],[60.19,25.33],[60.19,25.33],[60.19,25.33],[60.19,25.33],[60.19,25.33],[60.18,25.33],[60.18,25.33],[60.18,25.33],[60.18,25.33],[60.18,25.33],[60.18,25.34],[60.18,25.34],[60.18,25.34],[60.17,25.34],[60.17,25.34],[60.16,25.34],[60.16,25.34],[60.16,25.34],[60.15,25.34],[60.15,25.34],[60.15,25.34],[60.15,25.34],[60.15,25.34],[60.15,25.34],[60.14,25.34],[60.14,25.34],[60.14,25.34],[60.13,25.34],[60.13,25.34],[60.13,25.34],[60.13,25.34],[60.12,25.34],[60.12,25.34],[60.12,25.35],[60.12,25.35],[60.12,25.35],[60.11,25.35],[60.11,25.35],[60.11,25.35],[60.11,25.35],[60.11,25.35],[60.11,25.35],[60.11,25.35],[60.11,25.35],[60.11,25.35],[60.11,25.35],[60.11,25.35],[60.11,25.36],[60.11,25.36],[60.11,25.36],[60.11,25.36],[60.12,25.36],[60.12,25.36],[60.11,25.36],[60.11,25.36],[60.11,25.37],[60.11,25.37],[60.11,25.37],[60.11,25.37],[60.11,25.37],[60.11,25.37],[60.11,25.37],[60.11,25.37],[60.11,25.37],[60.11,25.37],[60.11,25.37],[60.11,25.37],[60.11,25.37],[60.1,25.37],[60.1,25.37],[60.1,25.38],[60.1,25.38],[60.1,25.38],[60.1,25.38],[60.09,25.38],[60.09,25.38],[60.09,25.38],[60.09,25.38],[60.08,25.38],[60.08,25.38],[60.07,25.38],[60.06,25.38],[60.04,25.38],[60.04,25.38],[60.03,25.38],[60.03,25.38],[60.02,25.38],[60.01,25.38],[60.01,25.38],[60.0,25.38],[60.0,25.38],[59.99,25.38],[59.99,25.38],[59.98,25.38],[59.98,25.37],[59.98,25.37],[59.97,25.37],[59.97,25.37],[59.97,25.37],[59.97,25.37],[59.96,25.37],[59.96,25.37],[59.96,25.37],[59.96,25.37],[59.95,25.37],[59.95,25.37],[59.95,25.37],[59.94,25.37],[59.94,25.37],[59.94,25.37],[59.94,25.37],[59.93,25.37],[59.93,25.36],[59.93,25.36],[59.93,25.36],[59.92,25.36],[59.92,25.36],[59.92,25.36],[59.92,25.36],[59.91,25.36],[59.91,25.36],[59.91,25.36],[59.91,25.36],[59.91,25.36],[59.91,25.36],[59.91,25.36],[59.9,25.36],[59.9,25.36],[59.9,25.36],[59.9,25.36],[59.9,25.35],[59.9,25.35],[59.9,25.35],[59.9,25.35],[59.9,25.35],[59.9,25.35],[59.9,25.35],[59.9,25.35],[59.9,25.35],[59.9,25.36],[59.9,25.36],[59.9,25.36],[59.9,25.36],[59.9,25.36],[59.9,25.36],[59.9,25.36],[59.9,25.36],[59.9,25.36],[59.89,25.36],[59.89,25.36],[59.89,25.36],[59.89,25.36],[59.89,25.35],[59.89,25.35],[59.89,25.35],[59.89,25.35],[59.89,25.35],[59.89,25.35],[59.89,25.35],[59.88,25.35],[59.88,25.36],[59.88,25.36],[59.88,25.36],[59.88,25.36],[59.88,25.36],[59.87,25.36],[59.87,25.36],[59.87,25.36],[59.87,25.36],[59.87,25.36],[59.87,25.36],[59.86,25.36],[59.86,25.36],[59.86,25.37],[59.86,25.37],[59.86,25.37],[59.86,25.37],[59.86,25.37],[59.85,25.37],[59.85,25.37],[59.85,25.37],[59.85,25.37],[59.85,25.37],[59.85,25.37],[59.85,25.37],[59.85,25.37],[59.85,25.37],[59.85,25.38],[59.85,25.38],[59.85,25.38],[59.85,25.38],[59.85,25.38],[59.85,25.38],[59.85,25.38],[59.85,25.38],[59.85,25.38],[59.85,25.38],[59.85,25.39],[59.85,25.39],[59.85,25.39],[59.85,25.39],[59.85,25.39],[59.85,25.39],[59.85,25.39],[59.85,25.39],[59.85,25.39],[59.85,25.39],[59.85,25.39],[59.85,25.4],[59.84,25.4],[59.84,25.4],[59.84,25.4],[59.84,25.4],[59.84,25.4],[59.84,25.4],[59.84,25.4],[59.83,25.4],[59.83,25.4],[59.83,25.4],[59.83,25.4],[59.82,25.4],[59.82,25.4],[59.82,25.4],[59.81,25.4],[59.81,25.4],[59.8,25.4],[59.78,25.4],[59.77,25.4],[59.76,25.4],[59.76,25.4],[59.74,25.4],[59.73,25.4],[59.72,25.4],[59.72,25.4],[59.72,25.4],[59.71,25.4],[59.7,25.4],[59.7,25.4],[59.69,25.4],[59.69,25.4],[59.69,25.4],[59.69,25.4],[59.68,25.4],[59.68,25.4],[59.68,25.4],[59.68,25.4],[59.67,25.4],[59.67,25.39],[59.67,25.39],[59.67,25.39],[59.66,25.39],[59.66,25.39],[59.66,25.39],[59.65,25.39],[59.65,25.39],[59.64,25.39],[59.63,25.39],[59.63,25.39],[59.62,25.39],[59.61,25.39],[59.61,25.39],[59.6,25.39],[59.6,25.39],[59.6,25.39],[59.6,25.39],[59.59,25.39],[59.59,25.39],[59.59,25.39],[59.59,25.39],[59.59,25.39],[59.58,25.4],[59.58,25.4],[59.58,25.4],[59.58,25.4],[59.58,25.4],[59.58,25.4],[59.58,25.4],[59.57,25.4],[59.57,25.4],[59.57,25.4],[59.57,25.4],[59.57,25.4],[59.57,25.4],[59.56,25.4],[59.56,25.4],[59.56,25.4],[59.56,25.4],[59.56,25.4],[59.56,25.41],[59.56,25.41],[59.56,25.41],[59.55,25.41],[59.55,25.41],[59.55,25.41],[59.55,25.41],[59.55,25.41],[59.55,25.41],[59.55,25.41],[59.55,25.41],[59.55,25.41],[59.54,25.41],[59.54,25.41],[59.54,25.41],[59.54,25.41],[59.54,25.41],[59.54,25.42],[59.54,25.42],[59.54,25.42],[59.54,25.42],[59.54,25.42],[59.54,25.42],[59.53,25.42],[59.53,25.42],[59.53,25.42],[59.53,25.42],[59.53,25.42],[59.53,25.42],[59.53,25.42],[59.53,25.42],[59.53,25.43],[59.53,25.43],[59.53,25.43],[59.53,25.43],[59.53,25.43],[59.53,25.43],[59.53,25.43],[59.52,25.43],[59.52,25.43],[59.52,25.44],[59.52,25.44],[59.52,25.44],[59.52,25.44],[59.52,25.44],[59.52,25.44],[59.52,25.44],[59.52,25.44],[59.52,25.44],[59.52,25.44],[59.52,25.44],[59.51,25.44],[59.51,25.44],[59.51,25.45],[59.51,25.45],[59.51,25.45],[59.51,25.45],[59.51,25.45],[59.51,25.45],[59.51,25.45],[59.51,25.45],[59.51,25.45],[59.51,25.45],[59.5,25.45],[59.5,25.45],[59.5,25.45],[59.5,25.45],[59.5,25.45],[59.5,25.45],[59.5,25.46],[59.5,25.46],[59.5,25.46],[59.5,25.46],[59.5,25.46],[59.5,25.46],[59.5,25.46],[59.5,25.46],[59.5,25.46],[59.49,25.46],[59.49,25.46],[59.49,25.46],[59.49,25.46],[59.49,25.46],[59.49,25.46],[59.49,25.46],[59.49,25.47],[59.49,25.47],[59.48,25.47],[59.48,25.47],[59.48,25.47],[59.48,25.47],[59.47,25.47],[59.47,25.47],[59.46,25.47],[59.46,25.47],[59.45,25.47],[59.45,25.47],[59.44,25.47],[59.43,25.47],[59.43,25.47],[59.43,25.47],[59.42,25.47],[59.42,25.47],[59.42,25.47],[59.42,25.47],[59.42,25.47],[59.41,25.47],[59.41,25.47],[59.41,25.47],[59.41,25.47],[59.41,25.46],[59.41,25.46],[59.4,25.46],[59.4,25.47],[59.4,25.47],[59.4,25.47],[59.39,25.47],[59.39,25.47],[59.39,25.47],[59.39,25.47],[59.39,25.47],[59.39,25.46],[59.38,25.46],[59.38,25.46],[59.38,25.46],[59.38,25.46],[59.38,25.46],[59.37,25.46],[59.37,25.46],[59.36,25.46],[59.35,25.46],[59.35,25.46],[59.35,25.46],[59.34,25.46],[59.34,25.46],[59.33,25.46],[59.33,25.46],[59.33,25.46],[59.32,25.46],[59.32,25.45],[59.32,25.45],[59.32,25.45],[59.31,25.45],[59.31,25.45],[59.31,25.45],[59.31,25.45],[59.3,25.45],[59.3,25.45],[59.3,25.45],[59.3,25.45],[59.3,25.45],[59.3,25.45],[59.3,25.45],[59.29,25.45],[59.29,25.45],[59.29,25.45],[59.29,25.45],[59.29,25.45],[59.29,25.45],[59.29,25.44],[59.28,25.44],[59.28,25.44],[59.28,25.44],[59.28,25.44],[59.28,25.44],[59.28,25.44],[59.28,25.44],[59.27,25.44],[59.27,25.44],[59.27,25.44],[59.27,25.44],[59.27,25.44],[59.27,25.44],[59.26,25.44],[59.26,25.44],[59.26,25.44],[59.26,25.44],[59.26,25.44],[59.26,25.44],[59.26,25.44],[59.26,25.44],[59.26,25.45],[59.26,25.45],[59.26,25.45],[59.26,25.45],[59.25,25.45],[59.25,25.45],[59.25,25.45],[59.25,25.45],[59.25,25.45],[59.25,25.45],[59.25,25.45],[59.25,25.45],[59.25,25.45],[59.25,25.45],[59.26,25.46],[59.27,25.47],[59.28,25.5],[59.26,25.5],[59.25,25.51],[59.22,25.56],[59.19,25.59],[59.17,25.63],[59.14,25.65],[59.1,25.71],[59.07,25.76],[58.92,25.87],[58.88,25.91],[58.84,25.92],[58.82,25.95],[58.85,26.0],[58.86,26.03],[58.89,26.08],[58.89,26.14],[58.91,26.18],[58.91,26.22],[58.93,26.25],[58.97,26.29],[58.94,26.33],[58.88,26.38],[58.88,26.43],[58.96,26.49],[58.97,26.52],[58.9,26.57],[58.9,26.61],[58.95,26.65],[58.95,26.74],[58.93,26.79],[58.84,26.85],[58.8,26.9],[58.8,26.95],[58.8,27.02],[58.78,27.08],[58.77,27.15],[58.77,27.21],[58.8,27.38],[58.84,27.51],[58.87,27.57],[58.9,27.69],[58.91,27.84],[58.89,27.95],[58.89,28.04],[58.89,28.11],[58.99,28.17],[59.04,28.25],[59.05,28.32],[59.0,28.38],[58.92,28.4],[58.87,28.44],[58.88,28.48],[58.98,28.5],[59.11,28.55],[59.21,28.59],[59.3,28.65],[59.37,28.72],[59.38,28.76],[59.34,28.81],[59.32,28.86],[59.33,28.92],[59.3,29.01],[59.35,29.09],[59.39,29.14],[59.44,29.22],[59.46,29.27],[59.44,29.37],[59.41,29.54],[59.42,29.61],[59.39,29.65],[59.3,29.7],[59.29,29.75],[59.33,29.86],[59.38,30.03],[59.41,30.22],[59.45,30.37],[59.48,30.49],[59.56,30.62],[59.68,30.65],[59.85,30.69],[59.94,30.71],[60.11,30.75],[60.27,30.79],[60.34,30.81],[60.41,30.74],[60.49,30.73],[60.55,30.71],[60.58,30.68],[60.68,30.61],[60.74,30.51],[60.83,30.4],[60.92,30.39],[61.04,30.4],[61.05,30.48],[61.02,30.56],[61.01,30.64],[61.0,30.74],[61.01,30.85],[61.0,30.94],[61.02,31.02],[61.06,31.14],[61.12,31.24],[61.16,31.32],[61.15,31.38],[61.12,31.45],[61.53,31.4],[61.71,31.38],[61.78,31.29],[61.77,31.25],[61.78,31.22],[61.8,31.17],[61.81,31.14],[61.82,31.11],[61.83,31.09],[61.83,31.05],[61.83,31.03],[61.83,31.01],[61.83,31.0],[61.83,30.98],[61.83,30.97],[61.81,30.95],[61.8,30.95],[61.8,30.94]]]]}},{"type":"Feature","id":"Gilan","properties":{"name":"Gilan","name_fa":"گیلان"},"geometry":{"type":"MultiPolygon","coordinates":[[[[48.84,38.45],[48.87,38.37],[48.86,38.3],[48.88,38.24],[48.88,38.19],[48.9,38.16],[48.91,38.05],[48.93,37.99],[48.94,37.94],[48.96,37.86],[48.98,37.83],[49.0,37.75],[49.07,37.65],[49.2,37.57],[49.32,37.52],[49.43,37.49],[49.46,37.48],[49.51,37.47],[49.69,37.45],[49.78,37.45],[49.87,37.45],[49.91,37.46],[49.96,37.46],[49.96,37.44],[49.94,37.44],[50,37.42],[50.1,37.4],[50.18,37.39],[50.21,37.37],[50.23,37.31],[50.25,37.26],[50.28,37.21],[50.28,37.19],[50.34,37.12],[50.4,37.08],[50.48,37.02],[50.58,36.99],[50.55,36.93],[50.5,36.91],[50.44,36.88],[50.43,36.83],[50.4,36.71],[50.33,36.67],[50.28,36.67],[50.21,36.69],[50.13,36.67],[50.09,36.66],[50.05,36.65],[49.92,36.61],[49.89,36.59],[49.83,36.56],[49.75,36.57],[49.67,36.6],[49.61,36.6],[49.55,36.62],[49.49,36.61],[49.41,36.66],[49.36,36.71],[49.35,36.77],[49.3,36.8],[49.23,36.82],[49.23,36.86],[49.2,36.96],[49.13,37.05],[49.03,37.12],[48.95,37.17],[48.91,37.19],[48.86,37.24],[48.86,37.29],[48.87,37.33],[48.86,37.37],[48.8,37.41],[48.72,37.46],[48.69,37.5],[48.65,37.55],[48.59,37.63],[48.53,37.72],[48.5,37.77],[48.48,37.85],[48.44,37.91],[48.48,37.96],[48.49,38.0],[48.51,38.05],[48.55,38.09],[48.63,38.17],[48.7,38.25],[48.75,38.29],[48.73,38.32],[48.67,38.33],[48.63,38.37],[48.61,38.41],[48.62,38.41],[48.65,38.4],[48.68,38.4],[48.73,38.41],[48.77,38.43],[48.79,38.44],[48.84,38.45]]]]}},{"type":"Feature","id":"Qazvin","properties":{"name":"Qazvin","name_fa":"قزوین"},"geometry":{"type":"MultiPolygon","coordinates":[[[[49.28,36.81],[49.33,36.78],[49.35,36.72],[49.4,36.68],[49.47,36.62],[49.54,36.6],[49.59,36.6],[49.66,36.6],[49.71,36.58],[49.81,36.56],[49.87,36.57],[49.91,36.61],[50.03,36.65],[50.08,36.66],[50.13,36.67],[50.2,36.69],[50.26,36.68],[50.33,36.65],[50.44,36.57],[50.55,36.5],[50.64,36.46],[50.7,36.41],[50.8,36.37],[50.77,36.32],[50.59,36.34],[50.5,36.35],[50.42,36.32],[50.42,36.27],[50.47,36.24],[50.51,36.21],[50.62,36.18],[50.63,36.14],[50.58,36.07],[50.56,36.02],[50.5,35.93],[50.41,35.89],[50.3,35.86],[50.24,35.82],[50.22,35.77],[50.25,35.71],[50.24,35.67],[50.19,35.67],[50.05,35.61],[49.98,35.6],[49.89,35.58],[49.79,35.54],[49.73,35.53],[49.64,35.52],[49.62,35.44],[49.51,35.45],[49.45,35.45],[49.4,35.47],[49.34,35.46],[49.29,35.48],[49.21,35.47],[49.04,35.48],[49.0,35.51],[49.03,35.53],[49.1,35.55],[49.06,35.59],[48.98,35.65],[48.89,35.67],[48.81,35.66],[48.74,35.7],[48.58,35.87],[48.67,35.88],[48.74,35.89],[48.88,35.92],[49.0,35.91],[49.03,35.95],[49.16,36.02],[49.36,36.08],[49.39,36.18],[49.32,36.32],[49.28,36.38],[49.22,36.41],[49.16,36.44],[49.12,36.47],[49.07,36.57],[49.0,36.66],[49.1,36.79],[49.26,36.81],[49.28,36.81]]]]}},{"type":"Feature","id":"South Khorasan","properties":{"name":"South Khorasan","name_fa":"خراسان جنوبی"},"geometry":{"type":"MultiPolygon","coordinates":[[[[59.58,34.21],[59.73,34.06],[60.06,34.07],[60.4,34.06],[60.5,34.08],[60.51,34.05],[60.52,34.03],[60.53,33.98],[60.53,33.74],[60.67,33.53],[60.7,33.53],[60.76,33.53],[60.93,33.52],[60.93,33.5],[60.86,33.49],[60.87,33.43],[60.86,33.41],[60.74,33.32],[60.59,33.14],[60.62,33.0],[60.71,32.71],[60.82,32.47],[60.88,32.21],[60.84,32.07],[60.82,32.0],[60.78,31.84],[60.79,31.62],[61.0,31.47],[61.14,31.4],[61.16,31.35],[61.14,31.29],[61.1,31.21],[61.03,31.07],[61.01,30.98],[61.0,30.89],[61.0,30.8],[60.99,30.7],[61.02,30.59],[61.04,30.51],[61.06,30.43],[61.02,30.4],[60.85,30.39],[60.79,30.44],[60.7,30.58],[60.64,30.64],[60.56,30.69],[60.52,30.72],[60.43,30.73],[60.38,30.77],[60.32,30.82],[60.18,30.77],[60.0,30.72],[59.92,30.71],[59.75,30.67],[59.6,30.63],[59.5,30.62],[59.39,30.74],[59.33,30.84],[59.25,30.93],[59.19,31.03],[59.09,31.14],[58.91,31.22],[58.79,31.27],[58.48,31.38],[58.27,31.47],[58.16,31.51],[58.01,31.58],[57.92,31.61],[57.87,31.68],[57.98,31.88],[58.03,32.0],[58.19,32.16],[58.24,32.29],[58.21,32.38],[58.15,32.49],[58.13,32.53],[58.12,32.59],[58.15,32.63],[58.15,32.7],[58.17,32.78],[58.25,32.94],[58.3,33.11],[58.41,33.19],[58.6,33.25],[58.73,33.33],[58.79,33.4],[58.83,33.46],[58.71,33.53],[58.68,33.62],[58.62,33.65],[58.63,33.71],[58.59,33.76],[58.66,33.84],[58.66,33.96],[58.64,34.08],[58.63,34.14],[58.74,34.17],[58.97,34.13],[59.04,34.18],[59.16,34.18],[59.29,34.19],[59.39,34.24],[59.54,34.26],[59.58,34.21]]]]}},{"type":"Feature","id":"East Azerbaijan","properties":{"name":"East Azerbaijan","name_fa":"آذربایجان شرقی"},"geometry":{"type":"MultiPolygon","coordinates":[[[[47.48,39.13],[47.54,39.06],[47.5,38.97],[47.53,38.91],[47.59,38.8],[47.57,38.68],[47.55,38.63],[47.63,38.55],[47.51,38.54],[47.37,38.47],[47.27,38.38],[47.22,38.33],[47.25,38.24],[47.37,38.25],[47.54,38.25],[47.75,38.2],[47.77,38.0],[47.89,37.89],[47.96,37.82],[47.92,37.6],[48.07,37.51],[48.18,37.36],[48.37,37.27],[48.42,37.21],[48.35,37.17],[48.28,37.17],[48.21,37.19],[48.08,37.19],[47.99,37.18],[47.89,37.2],[47.8,37.18],[47.74,37.17],[47.67,37.18],[47.6,37.17],[47.52,37.11],[47.46,37.08],[47.39,37.04],[47.35,36.99],[47.32,36.96],[47.22,36.89],[47.17,36.81],[47.18,36.77],[47.09,36.75],[47.0,36.73],[46.96,36.73],[46.91,36.74],[46.81,36.78],[46.84,36.85],[46.82,36.89],[46.77,36.94],[46.8,36.97],[46.77,37.0],[46.71,37.02],[46.66,37.05],[46.56,37.06],[46.54,37.02],[46.49,37.03],[46.43,37.01],[46.37,36.96],[46.34,36.92],[46.32,36.89],[46.26,36.88],[46.21,36.92],[46.14,36.96],[46.07,36.98],[46.04,37.03],[45.99,37.05],[45.96,37.08],[45.91,37.13],[45.87,37.12],[45.78,37.1],[45.7,37.1],[45.66,37.15],[45.62,37.17],[45.49,37.24],[45.39,37.28],[45.35,37.32],[45.34,37.41],[45.36,37.5],[45.33,37.55],[45.28,37.59],[45.24,37.65],[45.22,37.77],[45.21,37.99],[45.2,38.09],[45.16,38.16],[45.11,38.22],[45.09,38.25],[45.09,38.3],[45.16,38.39],[45.29,38.49],[45.37,38.59],[45.36,38.64],[45.32,38.73],[45.34,38.8],[45.35,38.85],[45.37,38.88],[45.44,38.93],[45.48,38.97],[45.54,38.96],[45.58,38.97],[45.61,38.94],[45.64,38.95],[45.7,38.94],[45.74,38.92],[45.82,38.9],[45.86,38.89],[45.88,38.88],[45.94,38.88],[46.01,38.82],[46.02,38.86],[46.05,38.87],[46.06,38.88],[46.11,38.85],[46.18,38.83],[46.22,38.86],[46.26,38.88],[46.29,38.89],[46.35,38.91],[46.4,38.89],[46.43,38.89],[46.47,38.88],[46.52,38.88],[46.55,38.87],[46.65,38.95],[46.68,38.99],[46.73,39.01],[46.78,39.07],[46.83,39.11],[46.87,39.15],[46.94,39.14],[47.0,39.16],[47.03,39.18],[47.06,39.24],[47.14,39.3],[47.25,39.34],[47.33,39.38],[47.38,39.39],[47.46,39.29],[47.48,39.14],[47.48,39.13]]]]}},{"type":"Feature","id":"Alborz","properties":{"name":"Alborz","name_fa":"البرز"},"geometry":{"type":"MultiPolygon","coordinates":[[[[50.55,36.35],[50.68,36.32],[50.81,36.32],[50.88,36.3],[50.99,36.29],[51.04,36.27],[51.08,36.22],[51.14,36.2],[51.23,36.2],[51.32,36.17],[51.36,36.14],[51.36,36.07],[51.43,36.06],[51.38,36.0],[51.36,35.96],[51.39,35.91],[51.3,35.93],[51.2,35.95],[51.09,35.86],[51.07,35.79],[51.12,35.73],[51.15,35.69],[51.12,35.62],[51.08,35.58],[51.02,35.59],[50.9,35.6],[50.83,35.57],[50.78,35.64],[50.77,35.59],[50.73,35.57],[50.69,35.55],[50.7,35.62],[50.68,35.67],[50.62,35.68],[50.57,35.67],[50.62,35.61],[50.62,35.57],[50.58,35.59],[50.51,35.65],[50.33,35.65],[50.29,35.67],[50.24,35.74],[50.23,35.79],[50.28,35.85],[50.38,35.88],[50.46,35.91],[50.54,35.95],[50.57,36.06],[50.6,36.11],[50.63,36.16],[50.6,36.2],[50.5,36.22],[50.45,36.26],[50.4,36.3],[50.44,36.33],[50.55,36.35]]]]}},{"type":"Feature","id":"Ardabil","properties":{"name":"Ardabil","name_fa":"اردبیل"},"geometry":{"type":"MultiPolygon","coordinates":[[[[48.04,39.66],[48.06,39.64],[48.08,39.62],[48.09,39.61],[48.11,39.59],[48.12,39.58],[48.14,39.57],[48.16,39.55],[48.18,39.52],[48.19,39.5],[48.23,39.47],[48.27,39.44],[48.29,39.42],[48.32,39.41],[48.33,39.4],[48.36,39.38],[48.34,39.36],[48.31,39.35],[48.26,39.34],[48.23,39.33],[48.2,39.32],[48.17,39.3],[48.14,39.28],[48.13,39.26],[48.14,39.22],[48.14,39.2],[48.19,39.17],[48.22,39.15],[48.25,39.13],[48.3,39.11],[48.34,39.06],[48.35,39.05],[48.36,39.03],[48.37,39.01],[48.36,39.0],[48.3,38.97],[48.26,38.96],[48.23,38.96],[48.19,38.95],[48.15,38.95],[48.12,38.94],[48.1,38.94],[48.08,38.93],[48.08,38.91],[48.05,38.9],[48.03,38.9],[48.02,38.91],[48.01,38.9],[48.01,38.86],[48.02,38.84],[48.04,38.83],[48.05,38.81],[48.09,38.79],[48.11,38.78],[48.12,38.77],[48.14,38.76],[48.16,38.76],[48.19,38.75],[48.2,38.74],[48.22,38.73],[48.24,38.73],[48.25,38.72],[48.25,38.71],[48.26,38.7],[48.25,38.69],[48.25,38.67],[48.26,38.66],[48.28,38.65],[48.3,38.64],[48.3,38.62],[48.31,38.6],[48.35,38.59],[48.37,38.6],[48.4,38.6],[48.42,38.61],[48.44,38.61],[48.46,38.6],[48.46,38.58],[48.46,38.57],[48.47,38.55],[48.49,38.55],[48.51,38.54],[48.52,38.52],[48.54,38.51],[48.55,38.49],[48.56,38.48],[48.58,38.46],[48.59,38.44],[48.61,38.42],[48.61,38.38],[48.67,38.34],[48.69,38.3],[48.77,38.29],[48.72,38.26],[48.65,38.2],[48.55,38.1],[48.51,38.07],[48.49,38.02],[48.48,37.97],[48.44,37.92],[48.46,37.87],[48.49,37.81],[48.52,37.74],[48.55,37.66],[48.63,37.57],[48.68,37.51],[48.72,37.47],[48.78,37.42],[48.84,37.38],[48.87,37.34],[48.86,37.3],[48.86,37.25],[48.88,37.2],[48.83,37.22],[48.79,37.24],[48.75,37.21],[48.69,37.21],[48.65,37.21],[48.65,37.16],[48.6,37.15],[48.55,37.21],[48.47,37.23],[48.37,37.27],[48.18,37.36],[48.07,37.51],[47.92,37.6],[47.96,37.82],[47.89,37.89],[47.77,38.0],[47.75,38.2],[47.54,38.25],[47.37,38.25],[47.25,38.24],[47.22,38.33],[47.27,38.38],[47.37,38.47],[47.51,38.54],[47.63,38.55],[47.55,38.63],[47.57,38.68],[47.59,38.8],[47.53,38.91],[47.5,38.97],[47.54,39.06],[47.48,39.13],[47.47,39.23],[47.4,39.36],[47.36,39.43],[47.43,39.46],[47.54,39.5],[47.63,39.55],[47.74,39.6],[47.81,39.65],[47.91,39.66],[47.98,39.69],[48.0,39.69],[48.01,39.67],[48.04,39.66],[48.04,39.66]]]]}},{"type":"Feature","id":"Tehran","properties":{"name":"Tehran","name_fa":"تهران"},"geometry":{"type":"MultiPolygon","coordinates":[[[[51.6,36.06],[51.71,36.04],[51.8,35.99],[51.85,35.94],[51.89,35.86],[51.94,35.79],[51.99,35.78],[52.06,35.77],[52.16,35.78],[52.23,35.84],[52.3,35.92],[52.38,35.97],[52.44,35.98],[52.53,35.95],[52.63,35.94],[52.69,35.91],[52.76,35.87],[52.87,35.87],[52.92,35.9],[52.96,35.87],[53.01,35.84],[53.05,35.76],[53.08,35.69],[53.1,35.59],[53.06,35.54],[53.0,35.49],[52.92,35.44],[52.87,35.39],[52.75,35.35],[52.62,35.33],[52.48,35.37],[52.39,35.4],[52.3,35.39],[52.18,35.43],[52.11,35.48],[52.01,35.52],[51.95,35.55],[51.91,35.55],[51.86,35.57],[51.85,35.5],[51.83,35.44],[51.81,35.36],[51.83,35.3],[51.93,35.19],[51.99,35.14],[52.0,35.1],[51.96,35.05],[51.89,34.98],[51.89,34.93],[51.87,34.89],[51.74,34.93],[51.49,35.05],[51.39,35.11],[51.31,35.17],[51.08,35.21],[50.99,35.22],[50.86,35.22],[50.79,35.21],[50.82,35.3],[50.85,35.37],[50.87,35.43],[50.88,35.48],[50.86,35.55],[50.94,35.61],[51.05,35.58],[51.09,35.6],[51.12,35.63],[51.19,35.71],[51.1,35.75],[51.06,35.81],[51.11,35.88],[51.23,35.95],[51.31,35.92],[51.39,35.92],[51.36,35.98],[51.41,36.02],[51.49,36.07],[51.58,36.07],[51.6,36.06]]]]}},{"type":"Feature","id":"Chaharmahal and Bakhtiari","properties":{"name":"Chaharmahal and Bakhtiari","name_fa":"چهارمحال و بختیاری"},"geometry":{"type":"MultiPolygon","coordinates":[[[[50.82,32.67],[50.87,32.63],[50.86,32.56],[50.91,32.55],[50.92,32.52],[50.93,32.48],[50.96,32.44],[50.92,32.38],[50.93,32.33],[51.07,32.25],[51.14,32.19],[51.18,32.16],[51.25,32.13],[51.3,32.08],[51.32,31.98],[51.31,31.9],[51.24,31.87],[51.22,31.83],[51.26,31.8],[51.3,31.77],[51.29,31.73],[51.23,31.71],[51.21,31.66],[51.22,31.54],[51.24,31.48],[51.3,31.38],[51.33,31.24],[51.29,31.17],[51.23,31.16],[51.18,31.13],[51.12,31.09],[51.05,31.11],[51.01,31.11],[50.94,31.11],[50.86,31.16],[50.77,31.25],[50.69,31.31],[50.63,31.37],[50.57,31.4],[50.5,31.39],[50.41,31.41],[50.3,31.47],[50.27,31.51],[50.29,31.55],[50.34,31.59],[50.36,31.63],[50.34,31.68],[50.31,31.72],[50.25,31.76],[50.2,31.83],[50.15,31.87],[50.12,31.92],[50.09,32.01],[50.07,32.07],[50.0,32.09],[49.96,32.12],[49.92,32.19],[49.83,32.3],[49.77,32.38],[49.74,32.49],[49.8,32.53],[49.87,32.57],[49.95,32.6],[50.03,32.6],[50.08,32.62],[50.14,32.62],[50.22,32.54],[50.28,32.54],[50.35,32.55],[50.4,32.53],[50.49,32.59],[50.55,32.61],[50.65,32.62],[50.71,32.61],[50.75,32.64],[50.81,32.67],[50.82,32.67]]]]}},{"type":"Feature","id":"Fars","properties":{"name":"Fars","name_fa":"فارس"},"geometry":{"type":"MultiPolygon","coordinates":[[[[52.2,31.56],[52.27,31.55],[52.36,31.53],[52.43,31.52],[52.55,31.52],[52.76,31.57],[52.87,31.6],[52.97,31.57],[53.1,31.53],[53.23,31.46],[53.33,31.37],[53.39,31.28],[53.44,31.19],[53.52,30.98],[53.6,30.84],[53.65,30.74],[53.71,30.65],[53.8,30.52],[53.89,30.41],[53.98,30.32],[54.04,30.17],[54.04,30.08],[54.06,30.0],[54.1,29.94],[54.23,29.88],[54.35,29.83],[54.43,29.78],[54.43,29.73],[54.47,29.66],[54.5,29.62],[54.57,29.47],[54.63,29.43],[54.73,29.42],[54.83,29.42],[54.92,29.4],[54.96,29.36],[55.0,29.23],[55.05,29.09],[55.09,29.0],[55.13,28.94],[55.18,28.81],[55.19,28.77],[55.15,28.74],[55.11,28.73],[55.17,28.67],[55.3,28.57],[55.44,28.47],[55.49,28.39],[55.47,28.25],[55.44,28.14],[55.41,28.05],[55.44,28.02],[55.55,27.95],[55.56,27.9],[55.55,27.86],[55.52,27.81],[55.5,27.8],[55.38,27.8],[55.34,27.8],[55.31,27.79],[55.26,27.74],[55.19,27.72],[55.15,27.66],[55.12,27.57],[55.09,27.52],[55.02,27.48],[54.94,27.48],[54.89,27.49],[54.83,27.51],[54.76,27.51],[54.73,27.52],[54.68,27.53],[54.59,27.51],[54.54,27.47],[54.5,27.48],[54.46,27.51],[54.41,27.5],[54.31,27.5],[54.2,27.49],[54.08,27.47],[53.99,27.39],[54.0,27.32],[53.97,27.26],[54.0,27.22],[53.97,27.18],[53.89,27.15],[53.85,27.14],[53.77,27.15],[53.58,27.19],[53.5,27.19],[53.44,27.18],[53.4,27.19],[53.35,27.22],[53.32,27.25],[53.25,27.26],[53.07,27.26],[53.04,27.27],[53.01,27.32],[52.99,27.36],[52.9,27.42],[52.83,27.48],[52.66,27.59],[52.58,27.65],[52.52,27.74],[52.49,27.81],[52.45,27.91],[52.37,28.03],[52.33,28.09],[52.28,28.13],[52.2,28.15],[52.19,28.21],[52.19,28.25],[52.12,28.36],[52.05,28.52],[52.05,28.55],[52.02,28.63],[51.99,28.72],[51.92,28.87],[51.88,28.92],[51.79,29.04],[51.74,29.12],[51.63,29.31],[51.56,29.42],[51.45,29.46],[51.38,29.49],[51.32,29.55],[51.27,29.6],[51.25,29.64],[51.26,29.68],[51.23,29.76],[51.17,29.8],[51.11,29.8],[51.0,29.84],[50.88,29.83],[50.82,29.85],[50.74,29.86],[50.72,29.89],[50.7,29.96],[50.63,30.01],[50.58,30.06],[50.57,30.13],[50.62,30.15],[50.69,30.18],[50.76,30.16],[50.83,30.16],[50.88,30.16],[50.96,30.19],[51.01,30.23],[51.04,30.23],[51.14,30.28],[51.2,30.32],[51.21,30.38],[51.16,30.43],[51.2,30.46],[51.17,30.5],[51.17,30.54],[51.14,30.59],[51.15,30.64],[51.12,30.67],[51.18,30.67],[51.25,30.65],[51.32,30.6],[51.39,30.59],[51.41,30.55],[51.48,30.54],[51.55,30.53],[51.64,30.56],[51.67,30.6],[51.67,30.7],[51.66,30.77],[51.74,30.78],[51.75,30.81],[51.73,30.91],[51.74,30.97],[51.79,31.09],[51.83,31.15],[51.84,31.23],[51.88,31.34],[51.87,31.38],[51.8,31.42],[51.71,31.44],[51.64,31.51],[51.64,31.54],[51.73,31.53],[51.79,31.52],[51.84,31.54],[51.9,31.59],[51.93,31.61],[51.99,31.62],[52.02,31.67],[52.07,31.68],[52.11,31.69],[52.14,31.72],[52.18,31.67],[52.18,31.58],[52.2,31.56]]]]}},{"type":"Feature","id":"Isfahan","properties":{"name":"Isfahan","name_fa":"اصفهان"},"geometry":{"type":"MultiPolygon","coordinates":[[[[51.9,34.48],[52.05,34.44],[52.18,34.46],[52.35,34.46],[52.46,34.44],[52.63,34.4],[52.75,34.36],[52.84,34.33],[52.97,34.32],[53.13,34.32],[53.31,34.32],[53.49,34.32],[53.63,34.33],[53.88,34.33],[54.09,34.35],[54.27,34.36],[54.38,34.36],[54.48,34.37],[54.71,34.37],[54.8,34.37],[55.12,34.38],[55.27,34.39],[55.34,34.37],[55.38,34.34],[55.38,34.21],[55.39,34.09],[55.4,33.98],[55.4,33.71],[55.38,33.63],[55.33,33.53],[55.25,33.44],[55.08,33.42],[55.02,33.39],[54.99,33.33],[54.96,33.22],[54.91,33.1],[54.85,33.0],[54.75,32.93],[54.54,32.87],[54.35,32.83],[54.23,32.81],[54.09,32.75],[53.87,32.67],[53.71,32.61],[53.62,32.61],[53.5,32.64],[53.3,32.68],[53.17,32.64],[53.1,32.61],[53.02,32.55],[52.91,32.53],[52.88,32.49],[52.88,32.39],[52.91,32.22],[52.9,32.12],[52.89,32.07],[52.84,31.93],[52.83,31.84],[52.82,31.73],[52.86,31.65],[52.85,31.6],[52.71,31.55],[52.53,31.51],[52.41,31.52],[52.33,31.54],[52.23,31.55],[52.18,31.57],[52.18,31.65],[52.16,31.72],[52.12,31.69],[52.08,31.68],[52.03,31.68],[52.0,31.63],[51.95,31.61],[51.91,31.6],[51.85,31.55],[51.8,31.52],[51.74,31.52],[51.65,31.55],[51.64,31.52],[51.69,31.45],[51.78,31.42],[51.87,31.39],[51.88,31.35],[51.84,31.25],[51.83,31.16],[51.79,31.1],[51.75,30.99],[51.73,30.92],[51.75,30.82],[51.74,30.79],[51.7,30.78],[51.63,30.78],[51.56,30.83],[51.49,30.86],[51.38,30.96],[51.3,31.07],[51.3,31.15],[51.33,31.24],[51.3,31.38],[51.24,31.48],[51.22,31.54],[51.21,31.66],[51.23,31.71],[51.29,31.73],[51.3,31.77],[51.26,31.8],[51.22,31.83],[51.24,31.87],[51.31,31.9],[51.32,31.98],[51.3,32.08],[51.25,32.13],[51.18,32.16],[51.14,32.19],[51.07,32.25],[50.93,32.33],[50.92,32.38],[50.96,32.44],[50.93,32.48],[50.92,32.52],[50.91,32.55],[50.86,32.56],[50.87,32.63],[50.82,32.67],[50.78,32.66],[50.73,32.62],[50.66,32.62],[50.56,32.61],[50.5,32.59],[50.42,32.54],[50.36,32.55],[50.29,32.54],[50.24,32.53],[50.16,32.6],[50.09,32.62],[50.05,32.6],[49.96,32.6],[49.91,32.59],[49.82,32.54],[49.74,32.51],[49.74,32.56],[49.8,32.62],[49.77,32.65],[49.71,32.69],[49.53,32.67],[49.5,32.7],[49.47,32.79],[49.45,32.84],[49.48,32.87],[49.54,32.89],[49.6,32.9],[49.65,32.94],[49.63,32.99],[49.62,33.05],[49.69,33.08],[49.73,33.12],[49.8,33.13],[49.86,33.13],[49.87,33.17],[49.9,33.23],[49.94,33.3],[49.99,33.4],[49.96,33.42],[49.96,33.46],[50.01,33.52],[50.06,33.56],[50.16,33.61],[50.29,33.66],[50.4,33.67],[50.47,33.69],[50.55,33.69],[50.66,33.72],[50.74,33.77],[50.81,33.82],[50.88,33.81],[50.91,33.81],[50.93,33.87],[50.94,33.95],[51.01,33.99],[51.05,34.06],[51.03,34.11],[50.97,34.14],[50.99,34.22],[51.02,34.35],[51.05,34.41],[51.13,34.45],[51.3,34.47],[51.53,34.47],[51.67,34.48],[51.75,34.51],[51.83,34.51],[51.9,34.48]]]]}},{"type":"Feature","id":"Golestan","properties":{"name":"Golestan","name_fa":"گلستان"},"geometry":{"type":"MultiPolygon","coordinates":[[[[55.82,38.11],[55.85,38.1],[55.88,38.08],[55.91,38.08],[55.94,38.08],[55.95,38.08],[55.97,38.07],[55.98,38.07],[56.0,38.07],[56.02,38.07],[56.05,38.07],[56.09,38.07],[56.13,38.08],[56.16,38.08],[56.18,38.04],[56.17,37.95],[56.19,37.89],[56.17,37.85],[56.16,37.81],[56.17,37.74],[56.25,37.72],[56.31,37.68],[56.31,37.62],[56.19,37.56],[56.13,37.54],[56.05,37.52],[56.02,37.49],[55.95,37.47],[55.94,37.42],[55.91,37.38],[55.85,37.36],[55.79,37.31],[55.71,37.19],[55.65,37.1],[55.57,37.03],[55.56,36.95],[55.54,36.88],[55.54,36.82],[55.51,36.77],[55.44,36.75],[55.25,36.78],[55.05,36.79],[54.92,36.76],[54.75,36.67],[54.62,36.55],[54.57,36.52],[54.49,36.51],[54.42,36.47],[54.32,36.49],[54.22,36.5],[54.12,36.48],[54.04,36.58],[53.86,36.67],[53.73,36.76],[53.74,36.8],[53.79,36.79],[53.88,36.79],[53.94,36.79],[53.98,36.8],[54.04,36.83],[54.04,36.89],[54.04,36.95],[54.0,36.98],[54.0,37.01],[53.99,37.07],[53.96,37.16],[53.92,37.26],[53.9,37.34],[54.14,37.32],[54.28,37.34],[54.33,37.34],[54.37,37.35],[54.39,37.36],[54.42,37.37],[54.45,37.39],[54.47,37.4],[54.53,37.43],[54.56,37.45],[54.59,37.45],[54.6,37.45],[54.65,37.43],[54.7,37.46],[54.72,37.47],[54.74,37.48],[54.76,37.49],[54.77,37.5],[54.78,37.51],[54.8,37.55],[54.81,37.57],[54.82,37.61],[54.79,37.62],[54.8,37.66],[54.8,37.68],[54.82,37.7],[54.82,37.72],[54.84,37.74],[54.86,37.76],[54.88,37.77],[54.96,37.82],[55.03,37.86],[55.1,37.92],[55.19,37.96],[55.24,37.98],[55.28,37.99],[55.31,38.01],[55.34,38.01],[55.36,38.02],[55.38,38.03],[55.41,38.04],[55.43,38.05],[55.45,38.06],[55.46,38.08],[55.48,38.09],[55.49,38.08],[55.51,38.08],[55.53,38.08],[55.56,38.09],[55.58,38.09],[55.61,38.1],[55.65,38.1],[55.68,38.1],[55.7,38.1],[55.73,38.11],[55.75,38.11],[55.79,38.11],[55.81,38.11],[55.82,38.11]]]]}},{"type":"Feature","id":"Hamadan","properties":{"name":"Hamadan","name_fa":"همدان"},"geometry":{"type":"MultiPolygon","coordinates":[[[[48.2,35.7],[48.25,35.65],[48.29,35.62],[48.36,35.6],[48.41,35.62],[48.46,35.64],[48.56,35.59],[48.71,35.55],[48.79,35.56],[48.8,35.6],[48.8,35.64],[48.84,35.67],[48.93,35.67],[49.02,35.63],[49.08,35.57],[49.09,35.53],[49.0,35.52],[49.01,35.49],[49.14,35.47],[49.25,35.48],[49.32,35.47],[49.37,35.45],[49.44,35.45],[49.43,35.41],[49.48,35.35],[49.45,35.29],[49.4,35.28],[49.37,35.3],[49.37,35.36],[49.33,35.35],[49.31,35.29],[49.34,35.23],[49.39,35.19],[49.39,35.13],[49.37,35.08],[49.31,35.08],[49.25,35.09],[49.25,35.05],[49.31,35.02],[49.38,35.01],[49.47,34.97],[49.52,34.93],[49.55,34.89],[49.56,34.81],[49.58,34.73],[49.53,34.71],[49.49,34.73],[49.44,34.76],[49.4,34.79],[49.41,34.85],[49.45,34.9],[49.4,34.92],[49.3,34.92],[49.21,34.92],[49.15,34.92],[49.11,34.91],[49.12,34.85],[49.14,34.79],[49.09,34.78],[49.08,34.71],[49.08,34.65],[49.11,34.6],[49.06,34.59],[49.01,34.63],[48.94,34.62],[48.89,34.63],[48.87,34.61],[48.92,34.59],[48.96,34.58],[48.99,34.54],[48.97,34.44],[48.99,34.37],[49.06,34.28],[49.07,34.22],[49.09,34.14],[49.09,34.08],[49.04,34.05],[48.98,34.01],[48.93,34.01],[48.85,34.02],[48.76,34.05],[48.71,34.1],[48.63,34.08],[48.56,34.09],[48.52,34.05],[48.49,34.02],[48.44,34.03],[48.37,34.04],[48.3,34.05],[48.2,34.05],[48.12,34.11],[48.07,34.16],[47.97,34.18],[47.9,34.22],[47.78,34.28],[47.71,34.35],[47.72,34.38],[47.74,34.43],[47.86,34.43],[47.93,34.42],[47.98,34.4],[48.0,34.43],[47.99,34.5],[48.0,34.6],[47.95,34.61],[47.9,34.58],[47.85,34.54],[47.81,34.5],[47.79,34.53],[47.77,34.59],[47.71,34.6],[47.66,34.63],[47.61,34.64],[47.57,34.69],[47.61,34.73],[47.7,34.74],[47.77,34.76],[47.76,34.81],[47.77,34.85],[47.83,34.88],[47.85,34.92],[47.85,34.96],[47.9,34.98],[47.96,34.96],[47.99,35.01],[48.01,35.04],[48.01,34.99],[48.06,34.95],[48.1,34.97],[48.16,35.07],[48.15,35.16],[48.09,35.23],[48.01,35.27],[47.95,35.34],[47.85,35.53],[47.8,35.59],[47.81,35.62],[47.86,35.65],[47.9,35.66],[47.92,35.6],[47.96,35.57],[48.04,35.62],[48.12,35.63],[48.08,35.69],[48.06,35.72],[47.99,35.77],[48.07,35.76],[48.2,35.7]]]]}},{"type":"Feature","id":"Ilam","properties":{"name":"Ilam","name_fa":"ایلام"},"geometry":{"type":"MultiPolygon","coordinates":[[[[47.37,34.05],[47.4,34.03],[47.44,33.94],[47.42,33.88],[47.4,33.85],[47.33,33.81],[47.28,33.77],[47.22,33.76],[47.15,33.77],[47.09,33.76],[47.03,33.73],[46.98,33.73],[46.94,33.69],[46.9,33.68],[46.89,33.62],[46.86,33.59],[46.85,33.55],[46.9,33.5],[46.96,33.42],[47.0,33.37],[47.09,33.34],[47.15,33.3],[47.31,33.24],[47.48,33.13],[47.58,33.05],[47.69,32.98],[47.73,32.89],[47.76,32.83],[47.81,32.76],[47.86,32.65],[47.89,32.59],[47.87,32.5],[47.83,32.45],[47.75,32.35],[47.72,32.32],[47.75,32.25],[47.75,32.2],[47.71,32.17],[47.62,32.12],[47.6,32.12],[47.56,32.12],[47.55,32.13],[47.54,32.14],[47.54,32.15],[47.54,32.17],[47.54,32.18],[47.55,32.19],[47.56,32.2],[47.57,32.21],[47.57,32.22],[47.56,32.23],[47.54,32.24],[47.53,32.25],[47.52,32.26],[47.51,32.27],[47.5,32.28],[47.5,32.28],[47.5,32.29],[47.5,32.3],[47.49,32.31],[47.47,32.32],[47.46,32.32],[47.45,32.32],[47.44,32.33],[47.44,32.34],[47.43,32.35],[47.43,32.36],[47.45,32.36],[47.46,32.37],[47.45,32.39],[47.45,32.4],[47.44,32.41],[47.42,32.43],[47.4,32.46],[47.38,32.47],[47.36,32.47],[47.35,32.47],[47.34,32.47],[47.32,32.48],[47.29,32.49],[47.28,32.48],[47.26,32.47],[47.24,32.47],[47.22,32.46],[47.21,32.46],[47.18,32.46],[47.17,32.45],[47.15,32.46],[47.13,32.47],[47.11,32.48],[47.09,32.49],[47.07,32.51],[47.06,32.52],[47.03,32.54],[47.01,32.56],[46.99,32.57],[46.97,32.59],[46.95,32.6],[46.94,32.61],[46.91,32.63],[46.89,32.64],[46.88,32.66],[46.85,32.68],[46.83,32.7],[46.8,32.71],[46.79,32.72],[46.78,32.73],[46.75,32.75],[46.73,32.77],[46.71,32.77],[46.69,32.79],[46.66,32.8],[46.65,32.82],[46.62,32.83],[46.59,32.85],[46.56,32.86],[46.55,32.87],[46.53,32.88],[46.51,32.9],[46.49,32.9],[46.47,32.91],[46.45,32.93],[46.43,32.94],[46.4,32.95],[46.37,32.95],[46.34,32.95],[46.32,32.95],[46.29,32.95],[46.27,32.95],[46.25,32.95],[46.23,32.95],[46.18,32.95],[46.16,32.95],[46.14,32.96],[46.12,32.96],[46.1,32.97],[46.1,32.99],[46.1,33.01],[46.12,33.02],[46.14,33.02],[46.16,33.05],[46.17,33.06],[46.14,33.07],[46.11,33.08],[46.09,33.08],[46.05,33.09],[46.05,33.11],[46.06,33.13],[46.08,33.12],[46.1,33.11],[46.13,33.11],[46.14,33.12],[46.16,33.13],[46.18,33.15],[46.19,33.17],[46.2,33.18],[46.2,33.19],[46.19,33.19],[46.18,33.2],[46.19,33.22],[46.19,33.23],[46.2,33.25],[46.19,33.26],[46.16,33.27],[46.14,33.29],[46.13,33.3],[46.12,33.31],[46.1,33.33],[46.09,33.35],[46.06,33.36],[46.05,33.38],[46.04,33.41],[46.04,33.45],[46.03,33.47],[46.01,33.48],[45.99,33.5],[45.96,33.49],[45.92,33.48],[45.87,33.49],[45.95,33.55],[45.93,33.59],[45.91,33.63],[45.86,33.62],[45.77,33.59],[45.75,33.6],[45.77,33.64],[45.75,33.65],[45.75,33.71],[45.76,33.75],[45.8,33.88],[45.83,33.94],[45.79,33.98],[45.78,34.01],[45.85,34.01],[45.93,34.01],[46.0,34.04],[46.05,34.04],[46.13,33.99],[46.19,33.97],[46.29,33.98],[46.33,33.96],[46.41,33.93],[46.48,33.87],[46.6,33.82],[46.79,33.79],[46.87,33.79],[46.91,33.81],[47.02,33.85],[47.09,33.84],[47.15,33.81],[47.2,33.83],[47.21,33.9],[47.22,33.95],[47.15,33.99],[47.19,34.02],[47.33,34.05],[47.37,34.05]]]]}},{"type":"Feature","id":"Kermanshah","properties":{"name":"Kermanshah","name_fa":"کرمانشاه"},"geometry":{"type":"MultiPolygon","coordinates":[[[[46.21,35.24],[46.34,35.15],[46.45,35.05],[46.53,34.95],[46.6,34.86],[46.64,34.87],[46.66,34.84],[46.64,34.78],[46.66,34.75],[46.71,34.74],[46.74,34.77],[46.79,34.74],[46.84,34.74],[46.9,34.75],[46.94,34.76],[46.92,34.8],[46.96,34.82],[47.02,34.83],[47.01,34.87],[47.03,34.9],[47.08,34.9],[47.09,34.95],[47.11,34.98],[47.16,34.97],[47.23,34.96],[47.26,34.98],[47.25,35.04],[47.29,35.07],[47.4,35.06],[47.45,35.08],[47.45,35.12],[47.42,35.17],[47.46,35.18],[47.51,35.13],[47.6,35.12],[47.64,35.09],[47.69,35.03],[47.74,34.99],[47.81,34.94],[47.85,34.93],[47.84,34.89],[47.78,34.86],[47.76,34.82],[47.77,34.77],[47.73,34.75],[47.61,34.74],[47.57,34.7],[47.6,34.65],[47.65,34.63],[47.7,34.6],[47.76,34.59],[47.79,34.56],[47.8,34.5],[47.84,34.52],[47.87,34.58],[47.94,34.6],[47.99,34.6],[48.0,34.52],[47.99,34.44],[47.99,34.4],[47.94,34.42],[47.88,34.43],[47.75,34.44],[47.73,34.39],[47.69,34.35],[47.63,34.36],[47.58,34.35],[47.59,34.25],[47.59,34.2],[47.52,34.19],[47.42,34.18],[47.38,34.14],[47.42,34.09],[47.37,34.04],[47.27,34.02],[47.17,34.01],[47.17,33.98],[47.22,33.94],[47.2,33.87],[47.19,33.82],[47.14,33.81],[47.08,33.85],[47.0,33.84],[46.9,33.8],[46.86,33.79],[46.78,33.79],[46.58,33.83],[46.46,33.89],[46.4,33.94],[46.32,33.97],[46.27,33.98],[46.18,33.97],[46.12,34.0],[46.04,34.04],[45.98,34.03],[45.91,34.01],[45.84,34.01],[45.77,34.0],[45.8,33.97],[45.83,33.94],[45.78,33.85],[45.76,33.74],[45.74,33.69],[45.75,33.65],[45.68,33.7],[45.65,33.76],[45.61,33.81],[45.55,33.88],[45.52,33.94],[45.48,33.93],[45.43,33.96],[45.42,33.98],[45.46,34.01],[45.48,34.03],[45.48,34.07],[45.5,34.09],[45.54,34.12],[45.58,34.14],[45.57,34.2],[45.59,34.26],[45.56,34.34],[45.51,34.34],[45.48,34.37],[45.45,34.44],[45.48,34.47],[45.52,34.47],[45.54,34.51],[45.53,34.57],[45.58,34.57],[45.63,34.55],[45.66,34.55],[45.74,34.54],[45.75,34.56],[45.74,34.62],[45.72,34.67],[45.71,34.69],[45.68,34.72],[45.71,34.77],[45.7,34.81],[45.74,34.83],[45.77,34.83],[45.79,34.85],[45.79,34.9],[45.85,34.89],[45.87,34.9],[45.9,34.96],[45.89,35],[45.88,35.04],[45.93,35.04],[45.93,35.08],[45.97,35.07],[46.01,35.07],[46.03,35.05],[46.05,35.05],[46.06,35.04],[46.08,35.05],[46.09,35.09],[46.12,35.07],[46.17,35.09],[46.19,35.11],[46.16,35.12],[46.16,35.13],[46.16,35.15],[46.16,35.16],[46.18,35.17],[46.2,35.18],[46.2,35.2],[46.2,35.21],[46.19,35.22],[46.17,35.22],[46.15,35.22],[46.13,35.23],[46.13,35.24],[46.12,35.23],[46.11,35.24],[46.12,35.25],[46.14,35.26],[46.15,35.28],[46.2,35.25],[46.21,35.24]]]]}},{"type":"Feature","id":"North Khorasan","properties":{"name":"North Khorasan","name_fa":"خراسان شمالی"},"geometry":{"type":"MultiPolygon","coordinates":[[[[56.77,38.25],[56.79,38.24],[56.8,38.23],[56.82,38.23],[56.85,38.22],[56.88,38.21],[56.91,38.2],[56.93,38.2],[56.96,38.2],[56.99,38.2],[57.0,38.18],[57.03,38.17],[57.07,38.17],[57.09,38.18],[57.1,38.19],[57.11,38.2],[57.13,38.22],[57.15,38.23],[57.16,38.25],[57.17,38.26],[57.2,38.27],[57.23,38.27],[57.25,38.26],[57.25,38.24],[57.26,38.22],[57.29,38.21],[57.3,38.19],[57.29,38.17],[57.3,38.15],[57.33,38.13],[57.34,38.12],[57.36,38.1],[57.38,38.08],[57.38,38.06],[57.37,38.04],[57.37,38.02],[57.36,38.0],[57.35,37.98],[57.37,37.97],[57.39,37.96],[57.41,37.95],[57.44,37.94],[57.47,37.93],[57.5,37.92],[57.52,37.91],[57.55,37.92],[57.58,37.92],[57.61,37.92],[57.65,37.91],[57.69,37.91],[57.73,37.91],[57.73,37.89],[57.6,37.83],[57.58,37.76],[57.54,37.71],[57.59,37.66],[57.77,37.66],[57.99,37.66],[58.04,37.63],[58.16,37.52],[58.23,37.4],[58.16,37.33],[58.15,37.28],[58.08,37.16],[58.03,37.08],[57.99,37.05],[58.05,37.01],[58.09,36.94],[58.14,36.97],[58.17,36.96],[58.24,36.92],[58.22,36.87],[58.2,36.79],[58.18,36.7],[58.09,36.63],[57.94,36.64],[57.59,36.75],[57.37,36.85],[56.65,36.75],[56.67,36.64],[56.54,36.62],[56.47,36.64],[56.33,36.65],[56.26,36.71],[56.19,36.76],[56.11,36.82],[56.07,36.87],[56.08,36.91],[56.12,36.99],[56.09,37.03],[56.1,37.06],[56.08,37.08],[56.14,37.12],[56.21,37.14],[56.15,37.16],[56.09,37.15],[56.01,37.17],[55.99,37.21],[55.94,37.28],[55.87,37.34],[55.91,37.38],[55.94,37.42],[55.95,37.47],[56.02,37.49],[56.05,37.52],[56.13,37.54],[56.19,37.56],[56.31,37.62],[56.31,37.68],[56.25,37.72],[56.17,37.74],[56.16,37.81],[56.17,37.85],[56.19,37.89],[56.17,37.95],[56.18,38.04],[56.17,38.08],[56.19,38.07],[56.22,38.06],[56.24,38.06],[56.27,38.07],[56.3,38.07],[56.33,38.07],[56.34,38.08],[56.34,38.09],[56.35,38.1],[56.36,38.11],[56.35,38.12],[56.35,38.13],[56.34,38.14],[56.33,38.14],[56.33,38.15],[56.33,38.16],[56.33,38.18],[56.35,38.19],[56.37,38.2],[56.39,38.22],[56.42,38.24],[56.46,38.25],[56.49,38.25],[56.52,38.25],[56.54,38.26],[56.56,38.25],[56.59,38.25],[56.6,38.23],[56.61,38.23],[56.63,38.23],[56.65,38.24],[56.66,38.25],[56.68,38.26],[56.7,38.26],[56.72,38.25],[56.74,38.26],[56.75,38.27],[56.76,38.26],[56.77,38.25]]]]}},{"type":"Feature","id":"Kohgiluyeh and Boyer-Ahmad","properties":{"name":"Kohgiluyeh and Boyer-Ahmad","name_fa":"کهگیلویه و بویراحمد"},"geometry":{"type":"MultiPolygon","coordinates":[[[[50.41,31.41],[50.5,31.39],[50.57,31.4],[50.63,31.37],[50.69,31.31],[50.77,31.25],[50.86,31.16],[50.94,31.11],[51.01,31.11],[51.05,31.11],[51.12,31.09],[51.18,31.13],[51.23,31.16],[51.29,31.17],[51.3,31.1],[51.34,31.01],[51.42,30.92],[51.51,30.84],[51.62,30.8],[51.65,30.74],[51.68,30.6],[51.66,30.57],[51.57,30.53],[51.5,30.52],[51.43,30.56],[51.39,30.57],[51.34,30.6],[51.26,30.64],[51.19,30.67],[51.13,30.67],[51.12,30.65],[51.14,30.6],[51.15,30.56],[51.17,30.51],[51.2,30.47],[51.16,30.44],[51.21,30.39],[51.21,30.32],[51.17,30.29],[51.05,30.23],[51.01,30.24],[50.97,30.2],[50.92,30.17],[50.83,30.17],[50.76,30.17],[50.7,30.18],[50.64,30.15],[50.59,30.15],[50.54,30.17],[50.5,30.2],[50.43,30.22],[50.42,30.33],[50.4,30.43],[50.34,30.49],[50.34,30.53],[50.4,30.58],[50.42,30.64],[50.41,30.68],[50.37,30.72],[50.28,30.76],[50.19,30.8],[50.15,30.88],[50.11,30.9],[50.02,30.85],[49.95,30.86],[49.95,30.9],[49.97,30.99],[49.93,31.06],[49.92,31.17],[49.92,31.23],[49.97,31.28],[50.1,31.33],[50.17,31.36],[50.25,31.48],[50.33,31.45],[50.41,31.41]]]]}},{"type":"Feature","id":"Kurdistan","properties":{"name":"Kurdistan","name_fa":"کوردستان"},"geometry":{"type":"MultiPolygon","coordinates":[[[[47.36,36.47],[47.47,36.47],[47.55,36.46],[47.64,36.43],[47.85,36.41],[47.89,36.39],[47.9,36.35],[47.92,36.32],[47.93,36.27],[47.95,36.23],[47.96,36.18],[47.98,36.14],[47.96,36.08],[47.96,36.02],[47.94,35.98],[47.88,35.93],[47.9,35.89],[47.97,35.86],[48.17,35.76],[48.21,35.73],[48.21,35.69],[48.07,35.76],[47.99,35.77],[48.06,35.72],[48.08,35.69],[48.12,35.63],[48.04,35.62],[47.96,35.57],[47.92,35.6],[47.9,35.66],[47.86,35.65],[47.81,35.62],[47.8,35.59],[47.85,35.53],[47.95,35.34],[48.01,35.27],[48.09,35.23],[48.15,35.16],[48.16,35.07],[48.1,34.97],[48.06,34.95],[48.01,34.99],[48.01,35.04],[47.99,35.01],[47.96,34.96],[47.9,34.98],[47.85,34.96],[47.8,34.94],[47.71,35.0],[47.68,35.04],[47.64,35.1],[47.59,35.12],[47.5,35.14],[47.45,35.18],[47.42,35.16],[47.45,35.11],[47.45,35.07],[47.39,35.06],[47.27,35.07],[47.25,35.02],[47.25,34.97],[47.2,34.95],[47.15,34.97],[47.1,34.98],[47.1,34.93],[47.07,34.9],[47.02,34.9],[47.02,34.86],[47.01,34.82],[46.95,34.82],[46.93,34.79],[46.93,34.75],[46.88,34.75],[46.83,34.73],[46.78,34.75],[46.74,34.76],[46.7,34.74],[46.65,34.75],[46.64,34.8],[46.67,34.85],[46.63,34.87],[46.59,34.86],[46.51,34.98],[46.43,35.07],[46.31,35.18],[46.2,35.25],[46.16,35.28],[46.15,35.29],[46.15,35.31],[46.13,35.32],[46.13,35.33],[46.11,35.34],[46.09,35.35],[46.08,35.36],[46.07,35.37],[46.06,35.38],[46.05,35.39],[46.04,35.4],[46.03,35.42],[46.02,35.44],[46,35.48],[46,35.51],[46.01,35.53],[46.0,35.55],[45.98,35.58],[46.01,35.57],[46.02,35.58],[46.01,35.59],[46.01,35.6],[46.01,35.62],[46.01,35.63],[46,35.64],[46.01,35.64],[46.01,35.66],[46.01,35.68],[46.03,35.69],[46.05,35.7],[46.06,35.69],[46.08,35.68],[46.1,35.68],[46.12,35.69],[46.14,35.69],[46.16,35.69],[46.17,35.7],[46.19,35.71],[46.2,35.72],[46.22,35.71],[46.24,35.71],[46.25,35.72],[46.27,35.73],[46.28,35.74],[46.28,35.74],[46.3,35.75],[46.3,35.76],[46.32,35.76],[46.33,35.76],[46.34,35.78],[46.35,35.79],[46.35,35.8],[46.35,35.81],[46.34,35.82],[46.32,35.82],[46.3,35.83],[46.28,35.83],[46.27,35.81],[46.25,35.81],[46.23,35.81],[46.21,35.8],[46.2,35.8],[46.17,35.8],[46.15,35.8],[46.14,35.82],[46.14,35.83],[46.14,35.84],[46.13,35.84],[46.11,35.85],[46.09,35.86],[46.07,35.85],[46.05,35.85],[46.04,35.84],[46.02,35.83],[45.99,35.84],[45.96,35.84],[45.9,35.84],[45.87,35.81],[45.82,35.81],[45.77,35.8],[45.73,35.84],[45.7,35.89],[45.65,35.94],[45.61,35.96],[45.58,35.98],[45.55,36.0],[45.51,36.0],[45.55,36.03],[45.58,36.06],[45.58,36.1],[45.63,36.12],[45.66,36.17],[45.65,36.2],[45.7,36.21],[45.68,36.25],[45.75,36.27],[45.8,36.27],[45.91,36.27],[45.95,36.3],[45.93,36.37],[45.95,36.41],[46.01,36.45],[46.12,36.47],[46.18,36.44],[46.25,36.41],[46.35,36.43],[46.43,36.43],[46.61,36.43],[46.72,36.45],[46.8,36.47],[46.84,36.44],[46.85,36.41],[46.9,36.38],[46.98,36.37],[47.07,36.35],[47.12,36.34],[47.22,36.35],[47.26,36.36],[47.25,36.41],[47.29,36.45],[47.27,36.48],[47.33,36.51],[47.36,36.47]]]]}},{"type":"Feature","id":"Lorestan","properties":{"name":"Lorestan","name_fa":"لرستان"},"geometry":{"type":"MultiPolygon","coordinates":[[[[47.66,34.36],[47.72,34.35],[47.82,34.26],[47.92,34.2],[47.98,34.17],[48.08,34.15],[48.15,34.09],[48.21,34.05],[48.32,34.05],[48.4,34.04],[48.46,34.03],[48.51,34.02],[48.53,34.06],[48.58,34.09],[48.65,34.08],[48.72,34.09],[48.77,34.04],[48.87,34.01],[48.95,34.0],[48.95,33.98],[48.95,33.93],[48.96,33.89],[48.93,33.82],[48.91,33.76],[48.92,33.73],[48.97,33.71],[49.03,33.7],[49.08,33.69],[49.14,33.7],[49.19,33.68],[49.24,33.71],[49.28,33.73],[49.29,33.78],[49.3,33.83],[49.35,33.85],[49.41,33.84],[49.45,33.88],[49.51,33.89],[49.56,33.83],[49.6,33.77],[49.56,33.71],[49.6,33.66],[49.64,33.64],[49.71,33.59],[49.75,33.57],[49.77,33.61],[49.82,33.67],[49.85,33.66],[49.89,33.62],[49.93,33.59],[49.92,33.53],[49.96,33.54],[50.0,33.5],[49.94,33.45],[49.97,33.42],[49.99,33.37],[49.93,33.29],[49.88,33.2],[49.87,33.16],[49.85,33.13],[49.79,33.13],[49.71,33.11],[49.67,33.07],[49.62,33.04],[49.64,32.97],[49.65,32.94],[49.59,32.9],[49.53,32.89],[49.47,32.87],[49.45,32.82],[49.36,32.79],[49.28,32.78],[49.18,32.83],[49.05,32.92],[48.99,32.96],[48.92,32.95],[48.84,32.96],[48.76,32.96],[48.71,32.98],[48.66,33.04],[48.6,33.05],[48.48,33.04],[48.37,33.02],[48.23,33.02],[48.1,32.99],[48.08,32.94],[48.03,32.83],[48.01,32.78],[47.97,32.67],[47.92,32.63],[47.89,32.62],[47.83,32.72],[47.8,32.8],[47.74,32.86],[47.7,32.96],[47.64,33.02],[47.52,33.09],[47.37,33.19],[47.26,33.26],[47.12,33.31],[47.01,33.36],[46.98,33.4],[46.94,33.43],[46.87,33.52],[46.84,33.58],[46.88,33.6],[46.89,33.66],[46.93,33.68],[46.96,33.71],[47.01,33.73],[47.07,33.75],[47.12,33.76],[47.19,33.77],[47.24,33.76],[47.31,33.79],[47.34,33.83],[47.41,33.86],[47.43,33.92],[47.43,33.98],[47.39,34.04],[47.41,34.09],[47.38,34.15],[47.44,34.18],[47.55,34.19],[47.59,34.21],[47.58,34.27],[47.58,34.36],[47.64,34.36],[47.66,34.36]]]]}},{"type":"Feature","id":"Markazi","properties":{"name":"Markazi","name_fa":"مرکزی"},"geometry":{"type":"MultiPolygon","coordinates":[[[[50.68,35.67],[50.7,35.62],[50.69,35.55],[50.73,35.57],[50.77,35.59],[50.78,35.64],[50.83,35.57],[50.87,35.52],[50.88,35.47],[50.87,35.42],[50.84,35.35],[50.81,35.26],[50.73,35.16],[50.71,35.04],[50.69,34.89],[50.51,34.87],[50.35,34.81],[50.17,34.83],[50.18,34.69],[50.03,34.63],[50.08,34.55],[50.17,34.48],[50.28,34.44],[50.31,34.31],[50.52,34.22],[50.63,34.26],[50.74,34.18],[50.81,34.16],[51.03,34.11],[51.05,34.06],[51.01,33.99],[50.94,33.95],[50.93,33.87],[50.91,33.81],[50.88,33.81],[50.81,33.82],[50.74,33.77],[50.66,33.72],[50.55,33.69],[50.47,33.69],[50.4,33.67],[50.29,33.66],[50.16,33.61],[50.06,33.56],[50.01,33.52],[49.98,33.54],[49.93,33.53],[49.93,33.58],[49.9,33.62],[49.85,33.65],[49.83,33.68],[49.78,33.63],[49.76,33.57],[49.71,33.59],[49.67,33.63],[49.6,33.65],[49.56,33.7],[49.58,33.76],[49.57,33.81],[49.52,33.88],[49.46,33.9],[49.41,33.85],[49.36,33.85],[49.3,33.84],[49.31,33.79],[49.28,33.75],[49.25,33.72],[49.2,33.68],[49.15,33.69],[49.09,33.69],[49.04,33.7],[48.98,33.7],[48.95,33.74],[48.91,33.75],[48.93,33.81],[48.96,33.87],[48.96,33.92],[48.94,33.96],[48.98,34.01],[49.04,34.05],[49.09,34.08],[49.09,34.14],[49.07,34.22],[49.06,34.28],[48.99,34.37],[48.97,34.44],[48.99,34.54],[48.96,34.58],[48.92,34.59],[48.87,34.61],[48.89,34.63],[48.94,34.62],[49.01,34.63],[49.06,34.59],[49.11,34.6],[49.08,34.65],[49.08,34.71],[49.09,34.78],[49.14,34.79],[49.12,34.85],[49.11,34.91],[49.15,34.92],[49.21,34.92],[49.3,34.92],[49.4,34.92],[49.45,34.9],[49.41,34.85],[49.4,34.79],[49.44,34.76],[49.49,34.73],[49.53,34.71],[49.58,34.73],[49.56,34.81],[49.55,34.89],[49.52,34.93],[49.47,34.97],[49.38,35.01],[49.31,35.02],[49.25,35.05],[49.25,35.09],[49.31,35.08],[49.37,35.08],[49.39,35.13],[49.39,35.19],[49.34,35.23],[49.31,35.29],[49.33,35.35],[49.37,35.36],[49.37,35.3],[49.4,35.28],[49.45,35.29],[49.48,35.35],[49.43,35.41],[49.45,35.45],[49.51,35.45],[49.62,35.44],[49.64,35.52],[49.73,35.53],[49.79,35.54],[49.89,35.58],[49.98,35.6],[50.05,35.61],[50.19,35.67],[50.24,35.67],[50.31,35.65],[50.4,35.64],[50.55,35.63],[50.6,35.57],[50.63,35.59],[50.58,35.65],[50.59,35.68],[50.66,35.68],[50.68,35.67]]]]}},{"type":"Feature","id":"Mazandaran","properties":{"name":"Mazandaran","name_fa":"مازندران"},"geometry":{"type":"MultiPolygon","coordinates":[[[[53.65,36.86],[53.62,36.85],[53.61,36.85],[53.63,36.86],[53.65,36.86]]],[[[51.23,36.71],[51.29,36.7],[51.38,36.69],[51.43,36.69],[51.52,36.65],[51.58,36.63],[51.64,36.61],[51.79,36.59],[51.91,36.57],[52.04,36.59],[52.15,36.61],[52.26,36.64],[52.44,36.68],[52.51,36.69],[52.65,36.71],[52.73,36.73],[52.8,36.74],[52.95,36.77],[53.01,36.79],[53.11,36.82],[53.19,36.83],[53.28,36.85],[53.53,36.88],[53.68,36.89],[53.84,36.91],[53.93,36.91],[53.99,36.93],[54.03,36.95],[54.02,36.91],[53.97,36.9],[53.95,36.9],[53.92,36.89],[53.84,36.88],[53.79,36.88],[53.75,36.87],[53.68,36.86],[53.66,36.86],[53.6,36.86],[53.63,36.83],[53.66,36.81],[53.58,36.81],[53.62,36.8],[53.69,36.81],[53.74,36.73],[53.91,36.66],[54.06,36.56],[54.11,36.48],[53.95,36.43],[53.88,36.39],[53.84,36.34],[53.83,36.3],[53.81,36.25],[53.8,36.2],[53.78,36.14],[53.71,36.1],[53.64,36.06],[53.61,35.99],[53.55,35.94],[53.46,35.91],[53.36,35.89],[53.3,35.91],[53.22,35.86],[53.17,35.84],[53.11,35.84],[53.05,35.83],[52.99,35.85],[52.95,35.89],[52.89,35.88],[52.83,35.87],[52.71,35.89],[52.65,35.93],[52.59,35.94],[52.47,35.96],[52.41,35.98],[52.33,35.94],[52.24,35.86],[52.19,35.8],[52.13,35.77],[52.02,35.77],[51.97,35.8],[51.92,35.82],[51.88,35.89],[51.83,35.97],[51.77,36.01],[51.64,36.05],[51.57,36.07],[51.46,36.06],[51.37,36.06],[51.36,36.1],[51.34,36.16],[51.27,36.18],[51.19,36.2],[51.11,36.21],[51.06,36.23],[51.01,36.28],[50.95,36.3],[50.86,36.31],[50.8,36.35],[50.75,36.39],[50.67,36.43],[50.61,36.47],[50.46,36.57],[50.37,36.62],[50.32,36.67],[50.39,36.7],[50.42,36.75],[50.43,36.86],[50.47,36.91],[50.54,36.93],[50.58,36.96],[50.65,36.95],[50.69,36.91],[50.79,36.87],[50.87,36.83],[50.99,36.77],[51.08,36.74],[51.19,36.72],[51.23,36.71]]]]}},{"type":"Feature","id":"Zanjan","properties":{"name":"Zanjan","name_fa":"زنجان"},"geometry":{"type":"MultiPolygon","coordinates":[[[[48.84,37.21],[48.91,37.19],[48.95,37.17],[49.03,37.12],[49.13,37.05],[49.2,36.96],[49.23,36.86],[49.23,36.82],[49.1,36.79],[49.0,36.66],[49.07,36.57],[49.12,36.47],[49.16,36.44],[49.22,36.41],[49.28,36.38],[49.32,36.32],[49.39,36.18],[49.36,36.08],[49.16,36.02],[49.03,35.95],[49.0,35.91],[48.88,35.92],[48.74,35.89],[48.67,35.88],[48.58,35.87],[48.74,35.7],[48.8,35.62],[48.81,35.58],[48.77,35.56],[48.67,35.55],[48.5,35.63],[48.44,35.64],[48.39,35.61],[48.33,35.61],[48.27,35.63],[48.23,35.69],[48.2,35.74],[48.11,35.79],[47.93,35.88],[47.88,35.9],[47.9,35.95],[47.95,35.99],[47.96,36.03],[47.97,36.1],[47.98,36.15],[47.96,36.19],[47.94,36.24],[47.92,36.29],[47.92,36.33],[47.9,36.36],[47.88,36.4],[47.76,36.42],[47.59,36.44],[47.54,36.47],[47.41,36.46],[47.36,36.48],[47.27,36.62],[47.22,36.74],[47.18,36.79],[47.22,36.87],[47.29,36.95],[47.35,36.98],[47.38,37.03],[47.45,37.07],[47.51,37.1],[47.57,37.14],[47.66,37.17],[47.73,37.18],[47.79,37.18],[47.85,37.19],[47.98,37.19],[48.06,37.19],[48.19,37.19],[48.25,37.18],[48.33,37.16],[48.39,37.19],[48.46,37.22],[48.53,37.22],[48.58,37.16],[48.65,37.15],[48.64,37.19],[48.67,37.22],[48.74,37.2],[48.77,37.24],[48.83,37.23],[48.84,37.21]]]]}},{"type":"Feature","id":"Qom","properties":{"name":"Qom","name_fa":"قم"},"geometry":{"type":"MultiPolygon","coordinates":[[[[50.32,34.31],[50.31,34.43],[50.18,34.47],[50.09,34.52],[50.04,34.61],[50.19,34.66],[50.15,34.78],[50.3,34.81],[50.47,34.88],[50.67,34.91],[50.71,34.99],[50.73,35.13],[50.79,35.21],[50.86,35.22],[50.99,35.22],[51.08,35.21],[51.31,35.17],[51.39,35.11],[51.49,35.05],[51.74,34.93],[51.87,34.89],[51.9,34.83],[51.88,34.72],[51.86,34.62],[51.78,34.53],[51.71,34.49],[51.61,34.47],[51.44,34.47],[51.18,34.46],[51.08,34.44],[51.03,34.38],[51.0,34.29],[50.98,34.17],[50.99,34.12],[50.87,34.12],[50.77,34.19],[50.66,34.22],[50.56,34.24],[50.47,34.2],[50.32,34.31]]]]}},{"type":"Feature","id":"Semnan","properties":{"name":"Semnan","name_fa":"سمنان"},"geometry":{"type":"MultiPolygon","coordinates":[[[[55.85,37.36],[55.92,37.3],[55.96,37.24],[56.0,37.19],[56.05,37.15],[56.12,37.16],[56.17,37.17],[56.19,37.13],[56.1,37.11],[56.07,37.07],[56.08,37.05],[56.11,37.01],[56.1,36.96],[56.06,36.89],[56.08,36.85],[56.16,36.79],[56.21,36.73],[56.3,36.67],[56.4,36.65],[56.52,36.63],[56.59,36.61],[56.71,36.65],[56.78,36.62],[56.82,36.56],[56.79,36.49],[56.75,36.44],[56.7,36.35],[56.69,36.26],[56.72,36.16],[56.73,36.11],[56.73,36.05],[56.76,35.97],[56.77,35.93],[56.84,35.88],[56.91,35.83],[56.97,35.79],[57.05,35.74],[57.11,35.68],[57.09,35.61],[57.0,35.53],[56.93,35.45],[56.89,35.37],[56.85,35.3],[56.76,35.26],[56.6,35.22],[56.47,35.15],[56.32,35.02],[56.25,34.96],[56.17,34.85],[56.03,34.63],[55.97,34.56],[55.89,34.45],[55.86,34.4],[55.78,34.35],[55.64,34.36],[55.44,34.36],[55.38,34.34],[55.34,34.37],[55.27,34.39],[55.12,34.38],[54.8,34.37],[54.71,34.37],[54.48,34.37],[54.38,34.36],[54.27,34.36],[54.09,34.35],[53.88,34.33],[53.63,34.33],[53.49,34.32],[53.31,34.32],[53.13,34.32],[52.97,34.32],[52.84,34.33],[52.75,34.36],[52.63,34.4],[52.46,34.44],[52.35,34.46],[52.18,34.46],[52.05,34.44],[51.9,34.48],[51.82,34.57],[51.87,34.65],[51.91,34.8],[51.88,34.87],[51.89,34.93],[51.89,34.98],[51.96,35.05],[52.0,35.1],[51.99,35.14],[51.93,35.19],[51.83,35.3],[51.81,35.36],[51.83,35.44],[51.85,35.5],[51.86,35.57],[51.91,35.55],[51.95,35.55],[52.01,35.52],[52.11,35.48],[52.18,35.43],[52.3,35.39],[52.39,35.4],[52.48,35.37],[52.62,35.33],[52.75,35.35],[52.87,35.39],[52.92,35.44],[53.0,35.49],[53.06,35.54],[53.1,35.59],[53.08,35.69],[53.05,35.76],[53.05,35.83],[53.11,35.84],[53.17,35.84],[53.22,35.86],[53.3,35.91],[53.36,35.89],[53.46,35.91],[53.55,35.94],[53.61,35.99],[53.64,36.06],[53.71,36.1],[53.78,36.14],[53.8,36.2],[53.81,36.25],[53.83,36.3],[53.84,36.34],[53.88,36.39],[53.95,36.43],[54.11,36.48],[54.2,36.5],[54.3,36.49],[54.41,36.47],[54.48,36.5],[54.55,36.52],[54.61,36.54],[54.72,36.65],[54.89,36.76],[55.02,36.78],[55.23,36.78],[55.43,36.75],[55.49,36.76],[55.54,36.81],[55.54,36.87],[55.55,36.92],[55.57,37.01],[55.61,37.07],[55.69,37.14],[55.75,37.26],[55.84,37.35],[55.85,37.36]]]]}},{"type":"Feature","id":"Yazd","properties":{"name":"Yazd","name_fa":"یزد"},"geometry":{"type":"MultiPolygon","coordinates":[[[[57.1,34.39],[57.01,34.14],[56.99,34.0],[57.04,33.76],[57.16,33.59],[57.46,33.61],[57.59,33.61],[57.67,33.45],[57.73,33.03],[57.91,32.92],[58.09,32.79],[58.15,32.74],[58.16,32.63],[58.13,32.59],[58.11,32.55],[58.15,32.5],[58.18,32.43],[58.25,32.29],[58.19,32.2],[58.05,32.01],[58.02,31.91],[57.88,31.75],[57.82,31.65],[57.7,31.68],[57.51,31.76],[57.4,31.79],[57.27,31.86],[57.05,31.93],[56.93,31.97],[56.81,32.02],[56.74,32.03],[56.62,32.05],[56.59,31.99],[56.51,31.96],[56.44,31.93],[56.33,31.86],[56.22,31.78],[56.04,31.7],[55.83,31.63],[55.74,31.59],[55.71,31.54],[55.72,31.43],[55.71,31.31],[55.7,31.18],[55.67,31.09],[55.63,31.06],[55.45,31.02],[55.35,31.02],[55.15,31.05],[55.0,31.03],[54.78,30.99],[54.69,30.98],[54.61,30.99],[54.54,30.95],[54.48,30.89],[54.44,30.83],[54.41,30.78],[54.39,30.7],[54.4,30.65],[54.49,30.54],[54.52,30.49],[54.53,30.37],[54.57,30.32],[54.63,30.28],[54.62,30.21],[54.59,30.09],[54.59,29.97],[54.6,29.9],[54.62,29.84],[54.54,29.82],[54.48,29.81],[54.37,29.81],[54.26,29.87],[54.13,29.93],[54.07,29.98],[54.05,30.03],[54.04,30.16],[54.0,30.29],[53.91,30.39],[53.81,30.49],[53.74,30.6],[53.65,30.73],[53.6,30.83],[53.53,30.96],[53.45,31.13],[53.4,31.27],[53.35,31.35],[53.25,31.44],[53.13,31.51],[53.0,31.56],[52.89,31.59],[52.86,31.65],[52.82,31.73],[52.83,31.84],[52.84,31.93],[52.89,32.07],[52.9,32.12],[52.91,32.22],[52.88,32.39],[52.88,32.49],[52.91,32.53],[53.02,32.55],[53.1,32.61],[53.17,32.64],[53.3,32.68],[53.5,32.64],[53.62,32.61],[53.71,32.61],[53.87,32.67],[54.09,32.75],[54.23,32.81],[54.35,32.83],[54.54,32.87],[54.75,32.93],[54.85,33.0],[54.91,33.1],[54.96,33.22],[54.99,33.33],[55.02,33.39],[55.08,33.42],[55.25,33.44],[55.33,33.53],[55.38,33.63],[55.4,33.71],[55.4,33.98],[55.39,34.09],[55.38,34.21],[55.38,34.34],[55.44,34.36],[55.64,34.36],[55.78,34.35],[55.86,34.4],[55.89,34.45],[55.97,34.56],[56.03,34.63],[56.17,34.85],[56.34,34.92],[56.64,35.0],[57.01,35.15],[57.35,35.2],[57.68,35.0],[57.71,34.88],[57.54,34.74],[57.31,34.62],[57.16,34.53],[57.1,34.39]]]]}}]}