brand,branch,source,city,complaint_category,complaint_subcategory,urgency,sentiment,rating,review,review_date
Tipax,TIHUB,google_maps,تهران,Lost Package,lost_package,High,Negative,1.0,The most rubbish post in Iran. Use the government post office if you can and boycott it. Packages are usually lost and no compensation is given. The most rubbish post in Iran. Use the government post office if you can and boycott it. Packages are usually lost and no compensation is given.,6 months ago
Tipax,TIHUB,google_maps,تهران,Other,other,High,Negative,1.0,"Your most horrible choice for sending packages is Tipax. They don't care about anything. They don't deliver the package, they just say they're not there. They don't care about the customer. Post is 100 times better than this shitty company.",a year ago
Tipax,TIHUB,google_maps,تهران,Other,other,High,Negative,1.0,Doesn't this stall have a phone number to answer? Four irresponsible people answered the phone? What did we do wrong that we got caught in your business???,7 months ago
Tipax,TIHUB,google_maps,تهران,Delay,delivery_delay,High,Negative,1.0,What's the situation with work? We depend on Tipax to get it to us quickly. It's been 4 days late. You're not even answering. I'm suing you.,a year ago
Tipax,TIHUB,google_maps,تهران,Other,other,High,Negative,1.0,"If you send it by regular mail, it will arrive much sooner. You are irresponsible about the company's practice.",2 months ago
Tipax,TIHUB,google_maps,تهران,Other,other,High,Negative,1.0,"I mean, I'm not more stupid than Tipax Nadim in my life. Pick up your bowl and jug.",7 months ago
Tipax,TIHUB,google_maps,تهران,Other,other,High,Negative,1.0,Bad delivery in the all the time,7 months ago
Tipax,TIHUB,google_maps,تهران,Other,other,High,Negative,1.0,Ok,2 years ago
Tipax,Tipax,google_maps,NULL,Other,other,High,Negative,1.0,"The service at the Ghorban branch is terrible. I'm sorry, they charge three times more than the post office. I haven't received my order in ten days. They are not responsive either.",2 years ago
Tipax,Tipax,google_maps,NULL,Delay,delivery_delay,High,Negative,1.0,"Really poor service and slow speed, very high fees, always extra money, especially if it's a rental fee, they are not reliable at all.",4 years ago
Tipax,Tipax,google_maps,NULL,Delay,delivery_delay,High,Negative,1.0,"I've been waiting for a week now for my broadcast from Tehran, and it hasn't arrived.",6 years ago
Tipax,Tipax,google_maps,NULL,Other,other,High,Negative,1.0,"Unfortunately, they do not distribute Golestan Town.",4 years ago
Tipax,tipax,google_maps,NULL,Other,other,Medium,Negative,2.0,Hey,7 months ago
Tipax,تیپاکس 4,google_maps,58J3+Q8R نصر 1,Mobile App,app_issue,High,Negative,1.0,"Hello, I had a package to send to Tehran. But it ended up being very expensive for me, meaning a baby swing with some items like medicine and a phone, which was the size of a double blanket, but they charged me 290,000 tomans. I don't know why other people were saying that it would cost a lot, not more than 100 tomans. I mean, I wasn't happy with this high cost.",3 years ago
Tipax,تیپاکس 4,google_maps,58J3+Q8R نصر 1,Pricing,price,High,Negative,1.0,"It's all lies, don't go to this Tipax. For example, I ordered a case and a monitor, and it cost me at least a million from Tehran to Bandar... The truth is, if you give me a terminal, it would be better for you.",2 years ago
Tipax,تیپاکس 4,google_maps,58J3+Q8R نصر 1,Other,other,High,Negative,1.0,"The only city where Tipax does not have a delivery address and they lie about not being there, it is like a consignment graveyard, Tipax Port.",3 years ago
Tipax,تیپاکس 4,google_maps,58J3+Q8R نصر 1,Other,other,High,Negative,1.0,Their performance is really terrible. They call once or don't pick up and immediately return the package so you have to pay again.,9 months ago
Tipax,تیپاکس 4,google_maps,58J3+Q8R نصر 1,Other,other,High,Negative,1.0,The most irresponsible tipax. Don't go to this tipax.,Edited 2 years ago
Tipax,تیپاکس,google_maps,NULL,Other,other,High,Negative,1.0,"Zero zero in terms of service. My brother has mobility issues and is always in a wheelchair. When the Tipax courier comes, he rings the bell and sits in the car on the street. The courier's job is to come in the alley, ring the doorbell, …",a year ago
Tipax,تیپاکس,google_maps,NULL,Other,other,High,Negative,1.0,It's not interesting at all. They don't have a postal agent. You have to go and get the package yourself.,2 months ago
Tipax,تیپاکس,google_maps,NULL,Other,other,Medium,Negative,4.0,Their work is not bad.,3 years ago
Tipax,تیپاکس کشاورز,google_maps,اصفهان,Delay,delivery_delay,High,Negative,1.0,"This branch of Tipax is completely irresponsible, unreliable and incompetent and I am sorry for the Tipax company that has represented anyone. Every time they delay the delivery of the equipment and are not accountable and every time we …",3 years ago
Tipax,تیپاکس کشاورز,google_maps,اصفهان,Other,other,High,Negative,1.0,"It was awful, the courier didn't deliver the package, I had to go and get it myself, the number was blocked I packed a laptop that he had put under a bunch of other things Irresponsible in the truest sense",2 years ago
Tipax,تیپاکس کشاورز,google_maps,اصفهان,Staff Behavior,staff_behavior,High,Negative,1.0,Very awful and bad promise. Regular mail is a thousand times better. They are also rude and arrogant. I really feel sorry for Tipax for such a representative office.,7 months ago
Tipax,تیپاکس کشاورز,google_maps,اصفهان,Staff Behavior,staff_behavior,High,Negative,1.0,The most horrible Tipax branch in Iran. The employees are the most liars and the worst. They only lie to you and try to hurt you.,a year ago
Tipax,تیپاکس کشاورز,google_maps,اصفهان,Delay,delivery_delay,High,Negative,1.0,"Terrible Terrible Terrible The phone is blocked, I ordered it myself after several days of delay, I feel sorry for them",2 years ago
Tipax,تیپاکس کشاورز,google_maps,اصفهان,Delay,delivery_delay,High,Negative,1.0,They deliver packages very late. They are not accountable either! I don't know why Tipax doesn't monitor its branches?,3 years ago
Tipax,تیپاکس کشاورز,google_maps,اصفهان,Staff Behavior,staff_behavior,High,Negative,1.0,"The most disgusting, the most absurd, the most rude, the most uncultured",a year ago
Tipax,تیپاکس کشاورز,google_maps,اصفهان,Other,other,High,Negative,1.0,Officially Ridin,Edited 2 years ago
Tipax,تیپاکس فیاض بخش,google_maps,تهران,Other,other,High,Negative,1.0,Occupation,a year ago
Tipax,سالن سورتینگ تیپاکس ( تی هاب ),google_maps,اصفهان,Staff Behavior,staff_behavior,High,Negative,1.0,"Hello everyone If I had the space and could, I would definitely give less than one star. I mean, how can a place be so mismanaged and so uncaring? I mean, I don't know how to really treat the staff of this company. Besides, Tipax operators really messed up with this follow-up; they keep saying we'll call you, then they don't call you, then they call you ten times, you have to tell them what the contents of the package are, so the package is clear, so you should open your eyes and see. When I look at the comments and opinions, I wonder how you couldn't make this company work in a year or two; how can you make a package that can be delivered in a week take so long? Well, if I knew it would take so long, I would have sent it by mail. At least I knew it would come faster. The more I say about Tipax's lack of planning and badness, the less I said; I personally don't move anything through Tipax anymore.",Edited 5 months ago
Tipax,سالن سورتینگ تیپاکس ( تی هاب ),google_maps,اصفهان,Other,other,High,Negative,1.0,"Awful, awful, my package arrived from Tehran on December 5th. It's still taking 4 days to process. What are you doing? We need it, and we put our devices in a T-box. The post office will deliver it sooner. What are you doing? God forbid.",7 months ago
Tipax,سالن سورتینگ تیپاکس ( تی هاب ),google_maps,اصفهان,Pricing,price,High,Negative,1.0,Very disorganized and expensive. I ask them to send me packages wherever they send them. They don't send Tipax. They say that all the people of Isfahan say the same thing. Isfahan has a bad performance.,a year ago
Tipax,سالن سورتینگ تیپاکس ( تی هاب ),google_maps,اصفهان,Other,other,High,Negative,1.0,They are very careless. My package has been in Tipax Isfahan for 15 days. No one is responsible. They just want to take money and do nothing. This money is not worth eating.,a year ago
Tipax,سالن سورتینگ تیپاکس ( تی هاب ),google_maps,اصفهان,Other,other,High,Negative,1.0,"It took 8 days to get a package from Kashan to Isfahan The last time Tipax Dolatabad called, we don't have a courier at all, you have to come and pick it up yourself :-|",a year ago
Tipax,سالن سورتینگ تیپاکس ( تی هاب ),google_maps,اصفهان,Other,other,High,Negative,1.0,"The most irresponsible postal company in the world means that if I make any online purchase and see that it is shipped with Tipax, I will delete it.",9 months ago
Tipax,سالن سورتینگ تیپاکس ( تی هاب ),google_maps,اصفهان,Delay,delivery_delay,High,Negative,1.0,"Rude, rude and long-tongued operators Delay in sending packages Collecting express fees from people and sending packages normally …",10 months ago
Tipax,تیپاکس ملاصدرا,google_maps,NULL,Other,other,High,Negative,1.0,"Unfortunately, they are not responsive at all. I just don't know the reason for registering the phone, what is it??? Every time the shipment is sent to us, they never deliver it to our door, we have to go to the dealer's door to pick it up. I'm sorry, you are very, very awful in terms of public relations and customer response",2 years ago
Tipax,تیپاکس ملاصدرا,google_maps,NULL,Delay,delivery_delay,High,Negative,1.0,"He didn't bring the package to the address because my phone rang once and it wasn't available. The next day, he sent it again to register it in his notebook, but the delivery agent was late and the recipient wasn't there again. Lies and deception at their worst.",6 months ago
Tipax,تیپاکس ملاصدرا,google_maps,NULL,Other,other,High,Negative,1.0,"I sent a package from Tehran to Shiraz on Tuesday. On Wednesday, the package arrived in Shiraz and was received by this agency. Today, as I am typing this comment, it is Monday and I have been following up on the package every day. The …",a month ago
Tipax,تیپاکس ملاصدرا,google_maps,NULL,Pricing,price,High,Negative,1.0,"Tipax branches are a complete mess. No matter how many times we called, no one picked up, and the prices are skyrocketing.",a year ago
Tipax,تیپاکس ملاصدرا,google_maps,NULL,Delay,delivery_delay,High,Negative,1.0,"Never use Tipax. High packaging costs, late delivery and damage to the item. Really awful.",a year ago
Tipax,تیپاکس ملاصدرا,google_maps,NULL,Other,other,High,Negative,1.0,No commitment to deliver parcels,6 months ago
Tipax,تیپاکس قم| مرکزی,google_maps,NULL,Delay,delivery_delay,High,Negative,1.0,"Hello, what kind of support is this? When you call the center in Tehran, there are 90 people waiting. When you chat online, no one answers at all. The system just says, ""Please wait."" The number for the central office in Qom is also completely disconnected. Then they say, ""Why don't you support domestic production?"" (You can't even compare it to the postal company, let alone foreign examples like Amazon.) This is a clear example of domestic service. It's been 6 days since the package was supposed to arrive from Isfahan to Qom. Even though it's only 300 kilometers away, it's been raining and the weather conditions are bad. But it shouldn't take this long...",7 months ago
Tipax,تیپاکس قم| مرکزی,google_maps,NULL,Mobile App,app_issue,High,Negative,1.0,"They are really useless. They returned my package to the bank, which had not delivered it, and they had not called me. I called and they said, ""Come and get it yourself, we'll bring it back."" Their attitude was inappropriate. 😤☹️ …",a year ago
Tipax,تیپاکس قم| مرکزی,google_maps,NULL,Staff Behavior,staff_behavior,High,Negative,1.0,"The most ridiculous post is this Tipax, especially Qom. They only care about money and give representation to everyone. They are rude and have inhumane behavior. They never answer calls when I am not there at all.",a year ago
Tipax,تیپاکس قم| مرکزی,google_maps,NULL,Delay,delivery_delay,High,Negative,1.0,"Qom Teabox is a complete nonsense. The cost is high and the service is zero. It depends on the destination city and the delivery to the customer is very, very late. My previous package had a hole in the cardboard.",a year ago
Tipax,تیپاکس قم| مرکزی,google_maps,NULL,Other,other,High,Negative,1.0,The worst possible agency. They pick up the package in the morning and register it at night. The customer thinks they got it and delivered it at night.,a year ago
Tipax,تیپاکس قم| مرکزی,google_maps,NULL,Pricing,price,High,Negative,1.0,"They only know how to take money. They don't answer calls, they don't send tracking codes, and they charge a lot of shipping fees.",a year ago
Tipax,تیپاکس قم| مرکزی,google_maps,NULL,Other,other,High,Negative,1.0,It's awful. You could have taken seventy-two people and sent them to a passing car. It's better than this.,6 months ago
Tipax,تیپاکس قم| مرکزی,google_maps,NULL,Other,other,High,Negative,1.0,"The most rubbish post possible, send it by camel and pigeon, it's 100 times better!",9 months ago
Tipax,تیپاکس خواجو اصفهان,google_maps,اصفهان,Tracking,tracking,High,Negative,1.0,I delivered a parcel from Isfahan to Tehran to Tipax and it was clearly stated that the parcel would arrive at its destination the next day. Now three days have passed since the announced date and no delivery has taken place. This level of misrepresentation and irresponsibility is unacceptable and it is expected that the status of the parcel will be immediately clarified and a transparent response will be provided.,7 months ago
Tipax,تیپاکس وحدت,google_maps,تهران,Other,other,High,Negative,1.0,"Today, as I write this message, it has been exactly 5 days since the original shipment was processed and the package has not been shipped. What kind of agency is this? They even changed their contact number and did not register it so that I can follow up.",a year ago
Tipax,تیپاکس وحدت,google_maps,تهران,Staff Behavior,staff_behavior,High,Negative,1.0,"Rude, rude, ignorant",5 years ago
Tipax,تیپاکس رهنان,google_maps,اصفهان,Other,other,High,Negative,1.0,"It's not worth a single rial. This Tipax says 2-3 business days. They haven't delivered the package to me in 5 days. I keep calling and they say you can't call this number. If I had given it to the post office, I would have received it by now. The other agencies I call are creditors, like Tipax Kaveh, as if it's his father's inheritance. Tipax Just give it to the post office and they'll bring your package.",a year ago
Tipax,تیپاکس رهنان,google_maps,اصفهان,Delay,delivery_delay,High,Negative,1.0,"They don't even know how to speak properly. I've been waiting for three days and they're answering me with nonsense that we haven't received. The driver has gone to the roads of Habad and I don't know what else to do, but I'm not just going to ruin this place with my opinion. I'll follow up.",a year ago
Tipax,تیپاکس رهنان,google_maps,اصفهان,Pricing,price,High,Negative,1.0,"My package has been sent twice so far with Tipax, both times it was terrible, the behavior of the agent is very bad, the number I found for them is not responding at all, they don't know my address, maybe they don't feel like finding it. I'm sorry, you don't know how to satisfy a customer.",2 years ago
Tipax,تیپاکس رهنان,google_maps,اصفهان,Other,other,High,Negative,1.0,"My package was sent 5 days ago and I still haven't received it and no one is responding. I went in person to pick it up before, but they don't deliver anything to my door. This is nonsense.",2 years ago
Tipax,تیپاکس رهنان,google_maps,اصفهان,Other,other,Medium,Negative,5.0,"The new Rahanan dealership is the best branch. I have worked with Tipax a lot, but this new branch is the best. Unfortunately, the old branch was very bad and weak.",Edited a year ago
Tipax,تیپاکس رهنان,google_maps,اصفهان,Other,other,High,Negative,1.0,"Whatever I say, I have said little about their irresponsibility.",2 years ago
Tipax,تیپاکس رهنان,google_maps,اصفهان,Other,other,High,Negative,1.0,The most disgusting tea box I've ever seen in my life.,3 years ago
Tipax,تیپاکس رهنان,google_maps,اصفهان,Other,other,High,Negative,1.0,There is no phone number to communicate.,a year ago
Tipax,تیپاکس رهنان,google_maps,اصفهان,Other,other,High,Negative,1.0,The busiest Teabox branch in history,3 years ago
Tipax,تیپاکس نقش جهان,google_maps,اصفهان,Other,other,High,Negative,1.0,Sauce,2 years ago
Tipax,ارسال با تیپاکس. نگارسرام,google_maps,تهران,Other,other,High,Negative,1.0,It's a new rule that we have to prove the value of the package at the time of delivery to the Tipax agent. I prefer to send it by other methods.,a week ago
Tipax,ارسال با تیپاکس. نگارسرام,google_maps,تهران,Pricing,price,High,Negative,1.0,Charging unusual fees for packaging,3 years ago
Tipax,ارسال با تیپاکس. نگارسرام,google_maps,تهران,Delay,delivery_delay,High,Negative,1.0,It's expensive and it's late.,8 years ago
Tipax,تیپاکس آرژانتین,google_maps,تهران,Other,other,High,Negative,1.0,"Very disorganized and irresponsible. The package was registered for two days and delivered to the recipient. The recipient says he didn't receive anything. I called and they said they registered it just like that! We'll take it and deliver it. It's not clear when they'll deliver it. They don't know how to work, the people they should be. This is not a tradition of trust. They're very annoying. I don't even know if the package is intact, is it really theirs or if they delivered it by mistake.",a year ago
Tipax,تیپاکس آرژانتین,google_maps,تهران,Delay,delivery_delay,High,Negative,1.0,It was the worst shipping experience. The package was damaged.. I called them and they treated me very badly and two weeks later they said you won't be reimbursed for the damage!! I'll post pictures so you can see how many places the Tipax …,2 years ago
Tipax,تیپاکس آرژانتین,google_maps,تهران,Other,other,High,Negative,1.0,Very bad and irresponsible behavior. They don't answer the phone at all. They keep the packages for a week so that they don't have a hard time taking them together to pick up flowers.,5 years ago
Tipax,تیپاکس آرژانتین,google_maps,تهران,Other,other,High,Negative,1.0,"Disgusting in responding, sending and informing They just ruined Tipax's reputation You can't get a representative, collect",7 months ago
Tipax,تیپاکس آرژانتین,google_maps,تهران,Other,other,High,Negative,1.0,They are not responsible at all. Horrible.,9 months ago
Tipax,تیپاکس آرژانتین,google_maps,تهران,Other,other,High,Negative,1.0,Very messy. Regular post is much better.,4 years ago
Tipax,تیپاکس آرژانتین,google_maps,تهران,Other,other,High,Negative,1.0,They charge extra.,4 years ago
Tipax,تیپاکس آرژانتین,google_maps,تهران,Other,other,High,Negative,1.0,Don't answer,a year ago
Tipax,تیپاکس سبلان,google_maps,تهران,Delay,delivery_delay,High,Negative,1.0,"In a word, it was terrible in October and November 1403. I had two packages at Tipax for delivery at the same time. The first one arrived with a ten-day delay and a lot of follow-up and complaints with extremely dirty and torn packaging, which I posted a photo of. The second package also took ten days from Tehran to Tehran to find out where it was. In the end, even though I was there the whole time and filed a complaint and followed up and was told to wait at the exchange center, we will let you know and I was waiting for the package to be delivered, it was returned to the sender again with a dirty and torn packaging, this time without going to the recipient's address, as the recipient was not present. I had to pick up the package again with a courier. I paid for Tipax and wasted a lot of time, and in the end it did not arrive. It caused financial loss and the follow-ups were of no use and I spent a lot of energy.",a year ago
Tipax,تیپاکس سبلان,google_maps,تهران,Tracking,tracking,High,Negative,1.0,"I haven't received my package from Tehran to Tehran since January 23rd and today is January 29th. Tracking has no results either, they just keep saying it will arrive today and there is no news. Horrible and rubbish",a year ago
Tipax,تیپاکس سبلان,google_maps,تهران,Other,other,High,Negative,1.0,"They have one more point A filthy, disgusting center, they threw all the packages here and there, they were playing by the door, our package didn't arrive for ten days",a year ago
Tipax,مرکزی تیپاکس,google_maps,اصفهان,Other,other,High,Negative,1.0,"My package is in Isfahan for 24 hours now, but it has not yet been delivered to the address 53442025891758328.",11 months ago
Tipax,تیپاکس فیض اصفهان,google_maps,روبروی مسجد رکن الملک،,Lost Package,lost_package,High,Negative,1.0,"One of the worst postal services available, they falsely advertise that they will deliver the package to your door and always call you to deliver it and lie that we brought the package and you were not there and you have to find the company yourself to receive the package or it will be sent to you by courier at an additional cost. I have sent the package with Tipax several times and I have always had problems. This company's system is very basic and there is a possibility that your package will get lost. Sending the package by post and post message and also the carriers are much better than Tipax and this company is a clear example of disrespect for the customer.",Edited 6 years ago
Tipax,تیپاکس فیض اصفهان,google_maps,روبروی مسجد رکن الملک،,Staff Behavior,staff_behavior,High,Negative,1.0,"They are very rude and unkind. They don't answer calls. They say be home by 10am and we'll bring the package, but they'll bring it at 8pm. Or they say we came but you weren't there.",6 years ago
Tipax,تیپاکس فیض اصفهان,google_maps,روبروی مسجد رکن الملک،,Other,other,High,Negative,1.0,"In every sense of the word, awful Irresponsible and everything a bad and awful post can have They didn't even bother to bring the package in person",9 months ago
Tipax,تیپاکس فیض اصفهان,google_maps,روبروی مسجد رکن الملک،,Other,other,High,Negative,1.0,"Horrible, disorganized, irresponsible I really don't know why Tipax is so disorganized and doesn't work on its customer service. …",5 years ago
Tipax,تیپاکس فیض اصفهان,google_maps,روبروی مسجد رکن الملک،,Delay,delivery_delay,High,Negative,1.0,The worst Tipax office I've ever seen They never answer the phone They deliver packages late. …,6 years ago
Tipax,تیپاکس فیض اصفهان,google_maps,روبروی مسجد رکن الملک،,Other,other,High,Negative,1.0,Was really hard to find them!,7 years ago
Tipax,تیپاکس شیراز شهرک صنعتی,google_maps,NULL,Other,other,High,Negative,1.0,"The worst and most irresponsible branch of Tipax in the country, the Shiraz Industrial City branch, represented by Reza Bayat... I mean, leave your luggage to the four-legged ones, they will arrive faster than this... They are not responsible at all and are very, very irresponsible.",2 years ago
Tipax,تیپاکس شیراز شهرک صنعتی,google_maps,NULL,Staff Behavior,staff_behavior,High,Negative,1.0,"As a post office, Tipax does not know their job at all. They treat the recipient unprofessionally and rudely. They do not deliver the package to the door and force you to visit their office under various pretexts. I will definitely follow up on my complaint about this behavior.",a month ago
Tipax,تیپاکس شیراز شهرک صنعتی,google_maps,NULL,Lost Package,lost_package,High,Negative,1.0,Tipax means irresponsible. Awful. They lost my 460 million checks. It's not even their imagination.,Edited 3 years ago
Tipax,تیپاکس شیراز شهرک صنعتی,google_maps,NULL,Other,other,High,Negative,1.0,"The worst dealership I've ever seen, interestingly, you have to give it a star to post it.",3 years ago
Tipax,تیپاکس شیراز شهرک صنعتی,google_maps,NULL,Delay,delivery_delay,High,Negative,1.0,"It's a shame I got it too late. With that high fare, I'm not at all satisfied with Tipax.",4 years ago
Tipax,تیپاکس شیراز شهرک صنعتی,google_maps,NULL,Other,other,High,Negative,1.0,I went at 5:28 pm and they were closed.,8 months ago
Tipax,تیپاکس قادرآباد,google_maps,Qaderabad,Staff Behavior,staff_behavior,High,Negative,1.0,"They are very rude, they don't answer or respond. There are problems. Our package has been delivered to Qaderabad for a week. Every day they say, ""You're on your way, answer your phone, man.""",5 months ago
Tipax,تیپاکس بهارستان غربی,google_maps,اصفهان,Staff Behavior,staff_behavior,High,Negative,1.0,"Opening in every sense of the word, irresponsible website What a waste of money I paid for T-Pax And irresponsible staff who have no responsibility for delivering the package Extremely bad They have one star too many😡😡😡",a year ago
Tipax,تیپاکس بهارستان غربی,google_maps,اصفهان,Mobile App,app_issue,High,Negative,1.0,"The staff is extremely unprofessional, rude and disrespectful. They are just a little too rude to those who come to them! Disorganized/irresponsible/inappropriate behavior",11 months ago
Tipax,تیپاکس بهارستان غربی,google_maps,اصفهان,Staff Behavior,staff_behavior,High,Negative,1.0,"Extremely poor, it's a shame that people pay so much money for T-Pax, especially the staff at this branch.",a year ago
Tipax,تیپاکس بهارستان غربی,google_maps,اصفهان,Other,other,High,Negative,1.0,I peed all over the person who founded Tipax.,2 years ago
Tipax,تیپاکس بهارستان غربی,google_maps,اصفهان,Other,other,High,Negative,1.0,Disgusting and unresponsive,a year ago
Tipax,تیپاکس آریا,google_maps,اصفهان,Lost Package,lost_package,High,Negative,2.0,"Hello, it's interesting, I went on a trip, we had a few cars, we were going to the village at night, we were going to go somewhere. It seems like we would have been lost if it weren't for this program, we wouldn't have found it.",a year ago
Tipax,تیپاکس آتشگاه اصفهان,google_maps,اصفهان,Delay,delivery_delay,High,Negative,1.0,"They are so rude, all the branches make me feel bad about them, and the packaging is so expensive... A week later, they came to my door, didn't even call me, we haven't seen them, they're gone. I really feel sorry for them, I'm with them, calling them, it's like we inherited their father's inheritance😒 …",2 years ago
Tipax,تیپاکس آتشگاه اصفهان,google_maps,اصفهان,Other,other,High,Negative,1.0,"In general, Tipax's service is terrible, and this agency is even worse! They charge for Tipax's service, and delivery takes 4-5 days like regular mail! When we call to follow up, they either don't answer or speak so badly, and the creditor …",a year ago
Tipax,تیپاکس آتشگاه اصفهان,google_maps,اصفهان,Other,other,High,Negative,1.0,"He's a better person than Tipax himself 😂😂😂 He's a better person than the person who works with Tipax himself 😁 😁 😁 😁 Sir, they're all doing this shit, you're going to see them again, that means you're such a piece of shit …",3 years ago
Tipax,تیپاکس آتشگاه اصفهان,google_maps,اصفهان,Damaged Package,package_damage,High,Negative,1.0,"The worst post is expensive, the delivery schedule is terrible, they don't deliver to you unless you follow up, and they damage the packages.",3 years ago
Tipax,تیپاکس آتشگاه اصفهان,google_maps,اصفهان,Other,other,High,Negative,1.0,"Disgusting / They don't even come to deliver the package, but they say they came, but you weren't there.",a year ago
Tipax,تیپاکس آتشگاه اصفهان,google_maps,اصفهان,Pricing,price,High,Negative,1.0,The most expensive way without quality of service. I'm wondering how they're still working!,a year ago
Tipax,تیپاکس آتشگاه اصفهان,google_maps,اصفهان,Delay,delivery_delay,High,Negative,1.0,Disgusting Irresponsible They don't respond They are late and lie about sending,a year ago
Tipax,تیپاکس مشتاق,google_maps,اصفهان,Other,other,High,Negative,1.0,They don't deserve to be rated at all. It's a disgrace. Please don't send anything. They are not responsible. They don't answer the phone. They say on the website that they open at 9 and come at 10. They don't have any information about the dealerships.,9 months ago
Tipax,تیپاکس نازی آباد,google_maps,تهران,Other,other,High,Negative,1.0,"Hello friends, you said it right and right. I was going through a difficult time and had to send a package to Fars province. They charged 40,000 tomans for the box and packaging and 36,000 tomans for the freight from the destination. Mashallah, there are three ladies there with one or two gentlemen. It seems like their expenses are very high, while others and..... Personally, I am not satisfied at all.",3 years ago
Tipax,تیپاکس نازی آباد,google_maps,تهران,Damaged Package,package_damage,High,Negative,1.0,"You can get the worst possible service from this branch, they don't even answer the phone, all the packages sent are scattered on the floor, torn and probably broken.",5 years ago
Tipax,تیپاکس نازی آباد,google_maps,تهران,Other,other,High,Negative,1.0,"Irresponsible, demanding, useless, and many other things that cannot be mentioned here. Do not work with Tipax at all, especially this branch.",5 years ago
Tipax,تیپاکس نازی آباد,google_maps,تهران,Other,other,High,Negative,1.0,"It's no use, you have to be lazy every morning, these storks will come and open the door.",a year ago
Tipax,تیپاکس نازی آباد,google_maps,تهران,Other,other,High,Negative,1.0,Don't be useless.,6 years ago
Tipax,تیپاکس گلستان,google_maps,NULL,Other,other,High,Negative,1.0,I'm really sorry. They have no responsibility for their work. They returned my package within a minute and their postal agent didn't even answer. They charge a lot of money considering the way they work.,a year ago
Tipax,تیپاکس گلستان,google_maps,NULL,Delay,delivery_delay,High,Negative,1.0,It offers the most expensive and weakest postal service. They charge a lot of money but deliver the items late. Their packaging is absolutely terrible. They don't even answer the phone.,a year ago
Tipax,تیپاکس گلستان,google_maps,NULL,Pricing,price,High,Negative,1.0,"It's outrageous, they charge so much, but their postal service charges another 15 tomans! We say we paid the Roazlink fee, but it says this is a domestic fee and that's it!",Edited a year ago
Tipax,تیپاکس گلستان,google_maps,NULL,Other,other,High,Negative,1.0,My package has been returned twice and they don't answer the phone at all. At least leave a contact number so we don't have to pay so much for not delivering our package.,2 years ago
Tipax,تیپاکس گلستان,google_maps,NULL,Other,other,High,Negative,1.0,"The worst is inside Ahvaz Now they only call once for the second time and don't answer anymore, they call back They never answer.",9 months ago
Tipax,تیپاکس گلستان,google_maps,NULL,Other,other,High,Negative,1.0,"The worst tipax is in Ahvaz, they are very bad manners and behave badly.",a year ago
Tipax,تیپاکس گلستان,google_maps,NULL,Other,other,High,Negative,1.0,Worst customer service.,5 months ago
Tipax,تیپاکس شیراز پاسارگاد,google_maps,NULL,Pricing,price,High,Negative,1.0,"You registered the wrong phone number Tipaks Yar won't even bring the package Bolt the door shut The post office is much better than yours You've made a mess I have to stay home every day so that maybe one dayTipaks Yar will feel like bringing the package Put it together, dad",3 years ago
Tipax,تیپاکس شیراز پاسارگاد,google_maps,NULL,Staff Behavior,staff_behavior,High,Negative,1.0,"I have nothing to do with Tipax. Tipax does its job well, but its employees' behavior towards customers is not right. They behave very badly and are not good people, especially at this branch.",4 years ago
Tipax,تیپاکس شیراز پاسارگاد,google_maps,NULL,Other,other,High,Negative,1.0,This branch is truly the most horrible Tipax branch. They neither answer the phone nor deliver the package.,3 years ago
Tipax,تیپاکس شیراز پاسارگاد,google_maps,NULL,Other,other,High,Negative,1.0,My package hasn't arrived in three days. They won't deliver it and they won't answer the phone.,4 years ago
Tipax,تیپاکس شیراز پاسارگاد,google_maps,NULL,Lost Package,lost_package,High,Negative,1.0,"A bunch of selfish people, their business hours are not even open, they are missing one star.",7 months ago
Tipax,تیپاکس شیراز پاسارگاد,google_maps,NULL,Mobile App,app_issue,High,Negative,1.0,Not answering the phone Inappropriate behavior Non-follow-up …,2 years ago
Tipax,تیپاکس شیراز پاسارگاد,google_maps,NULL,Other,other,High,Negative,1.0,Still the weakest Tipax representation.,7 months ago
Tipax,تیپاکس خمینی شهر همایون,google_maps,اصفهان,Other,other,High,Negative,1.0,"Disgusting in every sense of the word, they keep the package for a day or more and make people sick or they open it whenever they want, please put four responsible and honest people in this branch.",11 months ago
Tipax,تیپاکس خمینی شهر همایون,google_maps,اصفهان,Delay,delivery_delay,High,Negative,1.0,"Worst agency in every way Very disorganized, rude and irresponsible employees They hold packages every time and deliver them two or three days late. Terrible. Terrible. Terrible.",6 months ago
Tipax,تیپاکس خمینی شهر همایون,google_maps,اصفهان,Staff Behavior,staff_behavior,High,Negative,1.0,"The employees at this Tipax branch are very irresponsible, incompetent, rude, and in a word, awful in every sense of the word. I do not recommend at all",a year ago
Tipax,تیپاکس خمینی شهر همایون,google_maps,اصفهان,Staff Behavior,staff_behavior,High,Negative,1.0,"They are rude, rude, and do not answer my questions. They make people angry.",a year ago
Tipax,تیپاکس آزادشهر,google_maps,NULL,Other,other,High,Negative,1.0,"They don't offer door-to-door delivery, but they'll even bring you a representative under the pretext of doing so.",7 months ago
Tipax,تیپاکس آزادشهر,google_maps,NULL,Staff Behavior,staff_behavior,High,Negative,1.0,"The most filthy and rude teabox, this Azadshahr teabox, one star too many.",a year ago
Tipax,انبار تیپاکس,google_maps,اصفهان,Other,other,High,Negative,1.0,Their warehouse location has changed and they are now in Habibabad. Don't go to Baharstaneh because it's closed.,a year ago
Tipax,انبار تیپاکس,google_maps,اصفهان,Other,other,High,Negative,1.0,Dirty,4 years ago
Tipax,TIPAX,google_maps,اصفهان,Delay,delivery_delay,High,Negative,1.0,Really...it's like a missile! The caller says come downstairs and pick up your package... 5 minutes later I went downstairs and the person wasn't there...then I got a message saying your package was returned due to the wrong address! What is this really like?,3 years ago
Tipax,TIPAX,google_maps,اصفهان,Customer Support,support,High,Negative,1.0,"If you don't care about the parcel being torn, if you don't care about the parcel arriving, or if you don't care about being treated disrespectfully, definitely use this agency. Tehran's support is even worse. No stars are too many to rate this agency.",2 years ago
Tipax,TIPAX,google_maps,اصفهان,Customer Support,support,High,Negative,1.0,"I was badly hurt by Tipax twice, the response and support are really really terrible, zero responsibility, they do not deliver to the destination and in the end you have to pick it up from the origin agency and send it with another postal …",a year ago
Tipax,TIPAX,google_maps,اصفهان,Tracking,tracking,High,Negative,1.0,"It's worth the hassle and expense and all that to deal with these people. A bunch of stupid, disorganized, uneducated people who don't know how to do anything and don't even have a proper tracking number. Fuck you and your startup.",4 years ago
Tipax,TIPAX,google_maps,اصفهان,Delay,delivery_delay,High,Negative,1.0,"My door is closed now and Google says it's open. I called last night and they said it's 8:30. I'm stuck with my stuff behind the door and my work is late. I prefer the post office, but the customer himself insisted on Tipax.",a year ago
Tipax,TIPAX,google_maps,اصفهان,Other,other,High,Negative,1.0,"Horrible, no call, no delivery to other units like others who bring packages, even got a message saying they will send it the next day even though it was Friday, no delivery or call …",3 years ago
Tipax,TIPAX,google_maps,اصفهان,Other,other,High,Negative,1.0,I had a package sent to me from Tehran via Tipax. This company's services are really ridiculous. They caused me a problem that I will explain to you briefly here. …,4 years ago
Tipax,TIPAX,google_maps,اصفهان,Other,other,High,Negative,1.0,This was the worst hotel we stayed in during our trip. The rooms were old and useless.,2 years ago
Tipax,TIPAX,google_maps,اصفهان,Other,other,High,Negative,1.0,"Khaju Agency This agency is the busiest Tipax agency In general, Tipax is useless …",a year ago
Tipax,تیپاکس نورآباد,google_maps,NULL,Other,other,Medium,Negative,5.0,"Greetings Thank you to Mr. Rahmani and the officials of the Noorabad Momsani T-Box, which is completely reliable in the delivery of mail and respectful treatment. We are very grateful and grateful, hoping for increasing success.",3 years ago
Tipax,تیپاکس نورآباد,google_maps,NULL,Other,other,Medium,Negative,2.0,"I haven't received the package I ordered for 5 days yet. They said it would arrive in 72 hours, but I haven't received it yet.",6 years ago
Tipax,اکسس پوینت تیپاکس ابوذر غفاری,google_maps,شیراز,Pricing,price,Medium,Negative,4.0,"In general, Tipax charges higher fees than before, but overall it's not bad. They don't insure valuables or they only insure them up to 2 million, which is a lot of money in this country.",2 years ago
Tipax,تیپاکس زینبیه,google_maps,اصفهان,Other,other,Medium,Negative,2.0,There is no taxi inside Laleh Park.,2 years ago
Tipax,تیپاکس قرچک,google_maps,تهران,Other,other,High,Negative,1.0,"We always ask sellers not to send our packages through the irregular company Tipax. Unfortunately, we get caught up in this company every time. We have had problems with this company every time. My package was sent through a store in Abiq, Qazvin. Today, it is the 10th, and it is still on its way. Really, a 170-kilometer route that takes two hours should take 5 days and the package will not reach Tehran? The interesting thing is that I had purchased from another store in the same city that was sent through Mahges. It arrived on the 9th, which means in two days.",a year ago
Tipax,تیپاکس قرچک,google_maps,تهران,Other,other,High,Negative,1.0,"Why doesn't anyone address their irresponsibility? It's really wrong to send a package with Tipax even though the post office exists. They don't deliver the package, they just announce that you weren't at home.",2 years ago
Tipax,تیپاکس قرچک,google_maps,تهران,Other,other,High,Negative,1.0,"The phone there is like a decoration, no one answers, and the package doesn't even come to the door. They pretend that you weren't there so we have to go and open the door ourselves.",a year ago
Tipax,تیپاکس قرچک,google_maps,تهران,Other,other,High,Negative,1.0,"Dust on your head for doing this It's a shame about the money we give you. According to the Tipax website, the parcel arrived in Qarchak in 1 week, but they didn't deliver it. …",2 years ago
Tipax,تیپاکس قرچک,google_maps,تهران,Other,other,High,Negative,1.0,"Nonsense and useless body I sat at home, I got a message that I was absent I called, they didn't answer …",a year ago
Tipax,تیپاکس قرچک,google_maps,تهران,Other,other,High,Negative,1.0,"Oh, my God, why don't you answer that phone call? I was called to get the package. What does that mean?",a year ago
Tipax,تیپاکس قرچک,google_maps,تهران,Other,other,High,Negative,1.0,I'm going to call the person on the phone and you're not answering. Someone please shut this down.,a year ago
Tipax,تیپاکس قرچک,google_maps,تهران,Other,other,High,Negative,1.0,The worst branch. Tipax arrived in 5 days and was not delivered.,10 months ago
Tipax,تیپاکس قرچک,google_maps,تهران,Other,other,Medium,Negative,2.0,"The service is very poor, awful.",7 months ago
Tipax,تیپاکس خوراسگان(نیک پور),google_maps,اصفهان,Other,other,High,Negative,1.0,Hello Very irresponsible. They charge the freight from Tehran to Isfahan. After the Isfahan office they say you are not in the area and the courier should bring it to you and they charge you the same amount. Just as bad.,a year ago
Tipax,تیپاکس خوراسگان(نیک پور),google_maps,اصفهان,Other,other,High,Negative,1.0,"Terrible. We complained and they still don't respond. After three rounds of sending the package back and forth, they still won't accept sending it. And it's not what they thought. Terrible",7 months ago
Tipax,تیپاکس خوراسگان(نیک پور),google_maps,اصفهان,Other,other,High,Negative,1.0,I thought I was the only one complaining about this dealership. I've never seen anything more outrageous than this.,10 months ago
Tipax,تیپاکس خوراسگان(نیک پور),google_maps,اصفهان,Other,other,High,Negative,1.0,"I have had several bad experiences with package deliveries at this branch Bad management, awful Unresponsiveness …",a year ago
Tipax,تیپاکس ۱ نجف آباد,google_maps,نجف آباد,Pricing,price,High,Negative,1.0,"The most ridiculous place in Tipax! They have no ethics and are not responsible, when the package arrives they call to come and pick it up, don't worry, it will cost more and it will be ruined, oh my God. You are just misleading people.",a year ago
Tipax,تیپاکس ۱ نجف آباد,google_maps,نجف آباد,Other,other,High,Negative,1.0,"The worst thing really. My package arrived one day and they still haven't delivered it. My friend Tipax, who was from Satari, his family is even worse. He didn't deliver the package early. So why are you so disorganized?",7 months ago
Tipax,تیپاکس ۱ نجف آباد,google_maps,نجف آباد,Other,other,High,Negative,1.0,"I have used the service several times, it is really terrible and unplanned, unfortunately they have no one responsible to handle it. If it is the same for other cities, it is a pity for this company 😡😡 …",3 years ago
Tipax,تیپاکس ۱ نجف آباد,google_maps,نجف آباد,Other,other,High,Negative,1.0,"The worst branch I have ever encountered, not only from Tipax but in the entire country. I doubt that the main activity of this office is the distribution and delivery of Tipax orders!!!",6 months ago
Tipax,تیپاکس ۱ نجف آباد,google_maps,نجف آباد,Other,other,High,Negative,1.0,"The most horrible place to get service from. Zero ethics. They don't even know what responsibility is. Overall, if you want to get your nerves blown out, definitely give them a visit.",a year ago
Tipax,تیپاکس ۱ نجف آباد,google_maps,نجف آباد,Pricing,price,High,Negative,1.0,"Tipax Disgrace, Math Street, Najaf Abad Disgrace 1- Charging additional fees from customers by registering additional items (such as packaging costs) in the system. …",2 years ago
Tipax,تیپاکس ۱ نجف آباد,google_maps,نجف آباد,Other,other,High,Negative,1.0,"Very ridiculous The courier never came to the door, but they said the recipient was not present. They don't answer my phone at all. It's outrageous, it's outrageous.",8 months ago
Tipax,تیپاکس ۱ نجف آباد,google_maps,نجف آباد,Other,other,High,Negative,1.0,"What's the situation? The opening hours are until 11pm, but I went there twice a day and it was closed. Really? 😑 …",5 months ago
Tipax,تیپاکس آمل ۱۷شهریور - Amol Branch,google_maps,آمل,Pricing,price,High,Negative,1.0,"The worst tipax in the city, Amal. The agents charge a fee for delivery to your door, in addition to the shipping fee you pay. That's double the shipping fee you paid. It's theft.",11 months ago
Tipax,تیپاکس آمل ۱۷شهریور - Amol Branch,google_maps,آمل,Other,other,High,Negative,1.0,"Everything is fine, but the delivery is up to God. If the vehicle is in the hands of the driver, it will take 3 to 6 days. They will only deliver it to you within the city.",7 months ago
Tipax,تیپاکس آبشار (شرق اصفهان ),google_maps,اصفهان,Delay,delivery_delay,High,Negative,1.0,Extremely late delivery.,9 months ago
Tipax,تیپاکس فارابی شهرکرد,google_maps,اهر,Pricing,price,High,Negative,1.0,"I will never use Tipax again under any circumstances. They only tell lies and, despite their exorbitant fees, they don't provide any proper service.",2 weeks ago
Tipax,تیپاکس فارابی شهرکرد,google_maps,اهر,Other,other,High,Negative,1.0,"They don't have anything called door-to-door delivery, and they just say, ""We came to your house, we knocked on your door, but you weren't there.""",8 months ago
Tipax,تیپاکس فارابی شهرکرد,google_maps,اهر,Other,other,High,Negative,1.0,Hire someone to deliver the packages the same day you don't return them. You've had the same problem for a year.,a week ago
Tipax,تیپاکس فارابی شهرکرد,google_maps,اهر,Other,other,High,Negative,1.0,Avoid Tipax as much as possible under all circumstances. It's awful in every way.,a year ago
Tipax,تیپاکس فارابی شهرکرد,google_maps,اهر,Other,other,High,Negative,1.0,The phone is not answering.,7 months ago
Tipax,تیپاکس ملک شهر,google_maps,اصفهان,Other,other,High,Negative,1.0,Goods arrive faster from the moon than with Tipax.... Terrible.. You need to change your perception of terrible... Giving them the worst service model is not enough.,4 years ago
Tipax,تیپاکس ملک شهر,google_maps,اصفهان,Other,other,High,Negative,1.0,"Why don't you answer? If I was going to send it from the moon, it wouldn't have taken so long.",2 years ago
Tipax,تیپاکس ملک شهر,google_maps,اصفهان,Other,other,High,Negative,1.0,Why don't you use a landline phone? Maybe someone won't be able to come and call.,3 years ago
Tipax,تیپاکس ملک شهر,google_maps,اصفهان,Other,other,High,Negative,1.0,They don't answer the phone or take care of anything. Shut up and sit back.,2 years ago
Tipax,تیپاکس ملک شهر,google_maps,اصفهان,Other,other,Medium,Negative,5.0,They have a very terrible attitude.,2 months ago
Tipax,تیپاکس ملک شهر,google_maps,اصفهان,Other,other,High,Negative,1.0,Disgusting,a year ago
Tipax,تیپاکس ملک شهر,google_maps,اصفهان,Other,other,High,Negative,1.0,Scandal,2 weeks ago
Tipax,تیپاکس کاشان مشفق,google_maps,اصفهان,Other,other,High,Negative,1.0,Irregular working hours,a year ago
Tipax,تیپاکس کاشان مشفق,google_maps,اصفهان,Other,other,High,Negative,1.0,Really bad and awful.,8 months ago
Tipax,تیپاکس کاشان مشفق,google_maps,اصفهان,Other,other,High,Negative,1.0,The most absurd,10 months ago
Tipax,تیپاکس عبدالرزاق,google_maps,اصفهان,Other,other,High,Negative,1.0,"Very disorganized and lacking commitment. The post office is supposed to deliver the package to your door, but Tipax only calls you once and if you are not available, it sends a message. The package is sent to your door a second time. Then …",a month ago
Tipax,تیپاکس کاشان امیرکبیر,google_maps,اصفهان,Other,other,High,Negative,1.0,"I really don't know what the head office was thinking when they chose this horrible agency for Kashan. They put a false report on the site that the package will be returned because the recipient refused to deliver it. When you follow up, they are not responsive. They don't answer the phone at all. You have to come in person to pick up the package. 👎👎👎👎",10 months ago
Tipax,تیپاکس کاشان امیرکبیر,google_maps,اصفهان,Damaged Package,package_damage,High,Negative,1.0,"As always, it is unfortunate, the broken Pyrex teapot in the previous order and in the most recent order, the status of my Tipax tracking page was listed as the recipient refused to deliver and sent a text message to come and pick up the …",11 months ago
Tipax,تیپاکس کاشان امیرکبیر,google_maps,اصفهان,Damaged Package,package_damage,High,Negative,1.0,"As always, you have to prove your stupidity, you brought a broken load and you won't accept it in any way.",a year ago
Tipax,تیپاکس کاشان امیرکبیر,google_maps,اصفهان,Other,other,High,Negative,1.0,"The phone is not answering The mobile number is written incorrectly, another code will be sent.",a year ago
Tipax,تیپاکس کاشان امیرکبیر,google_maps,اصفهان,Other,other,High,Negative,1.0,Tipax itself does not deliver the package and we must go in person to receive the package.,11 months ago
Tipax,تیپاکس کاشان امیرکبیر,google_maps,اصفهان,Other,other,High,Negative,1.0,"I hope you never need a tea box. They are very, very irresponsible.",a year ago
Tipax,تیپاکس کاشان امیرکبیر,google_maps,اصفهان,Other,other,Medium,Negative,2.0,It was interesting that I was able to find the closest Tipax.,4 years ago
Tipax,تیپاکس کاشان امیرکبیر,google_maps,اصفهان,Other,other,High,Negative,1.0,Terrible phone answering,a year ago
Tipax,تیپاکس صنعت,google_maps,اصفهان,Mobile App,app_issue,High,Negative,1.0,Inappropriate treatment. Very awful. One star was too much. They are not working. The best Tipax Zarrinshahr Tipax Zinderod,a year ago
Tipax,تیپاکس فاطمی,google_maps,تهران,Staff Behavior,staff_behavior,Medium,Negative,5.0,"I am sending my package from T-Pax Fatemi branch, whose office has now moved to Amirabad, thank you to the experienced staff.",4 years ago
Tipax,تیپاکس فاطمی,google_maps,تهران,Other,other,High,Negative,1.0,They are very poor. They charged me for the package but then cancelled it and re-registered it so I had to pay again.,4 years ago
Tipax,تیپاکس فاطمی,google_maps,تهران,Other,other,Medium,Negative,5.0,Do not confuse Tipax Amirabad with Tipax Fatemi. Tipax Amirabad does not have any other branches.,4 years ago
Tipax,تیپاکس فاطمی,google_maps,تهران,Other,other,High,Negative,1.0,Closed,3 years ago
Tipax,تیپاکس نواب,google_maps,تهران,Other,other,High,Negative,1.0,"They don't pick up the phone at all, nor do they open up on time. I called about 30 times the other day to let them know I wouldn't be home, and I'll be picking up the package myself from their branch. They didn't answer the …",10 months ago
Tipax,تیپاکس نواب,google_maps,تهران,Other,other,High,Negative,1.0,Worst service ever!! Never pick up their phone or even deliver on time always a mess,8 months ago
Tipax,تیپاکس شادمان,google_maps,تهران,Staff Behavior,staff_behavior,High,Negative,1.0,"The management of this branch seemed to me to be a nervous and aggressive person. Due to the lack of control of the management over the employees of the unit, my package did not arrive at home and I had to go to the branch in person and waited for almost 20 minutes to find out who had given the package! Now they talked to each other as if we had made a mistake!! I think Tipax should think about changing the incompetent people in its branches sooner and replacing them with people with culture and respect for customers and people.",a year ago
Tipax,تیپاکس شادمان,google_maps,تهران,Other,other,High,Negative,1.0,"I'm just sorry, I had a letter from Kermanshah, it was an office letter, it was a holiday, they didn't answer the phone, Tipax, Shadman",a year ago
Tipax,تیپاکس شادمان,google_maps,تهران,Staff Behavior,staff_behavior,High,Negative,1.0,This branch has very incompetent staff and management They do not adhere to any laws They avoid receiving packages under any pretext,2 years ago
Tipax,تیپاکس شادمان,google_maps,تهران,Other,other,High,Negative,1.0,"Hello, Greetings Tipax service is complete crap,",2 years ago
Tipax,تیپاکس تهرانسر,google_maps,تهران,Other,other,High,Negative,1.0,The worst company in shipping. They don't answer. They are not committed. They are a disgrace to the postal industry. Their representatives have the same culture. Do not use Tipax at all. Because your patience will run out😡😡😡 …,a year ago
Tipax,تیپاکس تهرانسر,google_maps,تهران,Lost Package,lost_package,High,Negative,1.0,"Services like Mahax and Chapar are much better, packages get lost in T-box, and tracking doesn't help.",a year ago
Tipax,تیپاکس تهرانسر,google_maps,تهران,Other,other,High,Negative,1.0,Very very very very awful.,7 months ago
Tipax,تیپاکس عباس آباد,google_maps,تهران,Delay,delivery_delay,High,Negative,1.0,"In my opinion, this is the most horrible shipping company. I had it shipped three times. Each time, they didn't deliver it to me. After a lot of arguing and fighting, I went to get it myself 14 days later.",10 months ago
Tipax,تیپاکس عباس آباد,google_maps,تهران,Staff Behavior,staff_behavior,High,Negative,1.0,"Terrible! Never go there! Untidy office and rude staff! They receive higher fees than other Tipax offices; I also sent a complaint to Tipax headquarters, but they didn't consider it! Awful management!",8 months ago
Tipax,تیپاکس عباس آباد,google_maps,تهران,Other,other,High,Negative,1.0,"They don't respect you, they don't follow up, they don't even deliver the package inside, they just make claims and charge you a lot of money. Have mercy on Chapar and the rest.",a year ago
Tipax,تیپاکس بهمنیار,google_maps,تهران,Delay,delivery_delay,High,Negative,2.0,I went there at 9:20 today and it was closed. It really hurt my work. My work was completely delayed. I even called my cell phone but there was no answer.,6 months ago
Tipax,تیپاکس افسریه,google_maps,تهران,Delay,delivery_delay,High,Negative,1.0,"Very very irresponsible and incompetent. Insulting behavior with the customer and charging extra money. Wrong address and phone number on the site, etc. I feel sorry for Tipax, which despite the large amount it charges from the customer, provides services to the public at the level of a pigeon courier. The company should really be shot. I have ordered three times so far and each time it has arrived with a delay of several weeks.",5 years ago
Tipax,تیپاکس افسریه,google_maps,تهران,Other,other,High,Negative,1.0,They are very bad promises.,a year ago
Tipax,تیپاکس حکیمیه,google_maps,تهران,Mobile App,app_issue,High,Negative,1.0,"We are not satisfied We sent an electrical appliance from Tehran...with a high freight fee...the appliance arrived in Tehran with problems and was damaged...we protested on the Tipax website, they promised to follow up, then they called and said because your appliance is not dented, we do not accept responsibility, we do not have a device inside that is damaged due to their own bad transportation...be careful, they only promise to follow up on the apparent damage, do not send electrical appliances, nothing..",2 years ago
Tipax,تیپاکس حکیمیه,google_maps,تهران,Mobile App,app_issue,High,Negative,1.0,"Sir, why not? I ordered a package from Karaj a few days ago. What happened? Dad, how far is it from Karaj to Tehran? It took four days.",5 years ago
Tipax,تیپاکس حکیمیه,google_maps,تهران,Other,other,High,Negative,1.0,"They received our package for three days and didn't deliver it, and they don't answer the phone.",2 years ago
Tipax,تیپاکس حکیمیه,google_maps,تهران,Other,other,High,Negative,1.0,A complete disaster! The package won't be delivered until you go and pick it up in person!,7 months ago
Tipax,تیپاکس فلکه اول تهرانپارس,google_maps,تهران,Pricing,price,High,Negative,1.0,"No stars should be given. It's very unprofessional. It's not clear when the delivery person will come. God forbid if he returns. You have to pay an additional fee and then he returns quickly. And finally, you don't know where to pick it up. They're just looking to get free money from this closed-minded nation. It has no advantage over the regular post office, which is much worse because they only charge more.",a month ago
Tipax,تیپاکس فلکه اول تهرانپارس,google_maps,تهران,Customer Support,support,High,Negative,1.0,"All offices in Tehranpars and Narmak are either not answering their phones or have been completely shut down, and the old phone addresses on the Tipax website and software have not been corrected... When sending like this, may God help them with delivery and support 😡 …",a year ago
Tipax,تیپاکس فلکه اول تهرانپارس,google_maps,تهران,Other,other,High,Negative,1.0,"It's really awful, they are not responsive at all.",a year ago
Tipax,تیپاکس خاوران,google_maps,تهران,Other,other,High,Negative,1.0,"Disgusting. Irresponsible. It's been 4 days since my package arrived at the Khavaran branch, but there's no one to answer.",a year ago
Tipax,تیپاکس مجتمع تجاری امال,google_maps,تهران,Other,other,Medium,Negative,5.0,It's awful.,8 months ago
Tipax,تیپاکس دهکده المپیک,google_maps,دهکده المپیک خیابان ساحل,Delay,delivery_delay,High,Negative,1.0,The most disorganized distribution office. They always sent my package late. They don't answer the phone. I don't know why they charge customers so much money and you have to go and pick up the package yourself.,a month ago
Tipax,تیپاکس دهکده المپیک,google_maps,دهکده المپیک خیابان ساحل,Other,other,High,Negative,1.0,"The Olympic Village Center is closed, their phone number is disconnected, they haven't delivered packages from one area of ​​Tehran to another for a week, and no one is answering.",3 years ago
Tipax,تیپاکس دهکده المپیک,google_maps,دهکده المپیک خیابان ساحل,Other,other,High,Negative,1.0,"The first two years were great, but then the branch fell apart and became useless. Tipax is useless. Every day is more terrible and irresponsible than the day before.",2 years ago
Tipax,تیپاکس دهکده المپیک,google_maps,دهکده المپیک خیابان ساحل,Mobile App,app_issue,High,Negative,1.0,"Extremely bad, inappropriate and irresponsible behavior I will not close this branch again.",3 years ago
Tipax,تیپاکس چهاردانگه,google_maps,تهران,Other,other,High,Negative,1.0,They are extremely annoying when delivering packages and you have to go to the dealership yourself to pick them up.,7 months ago
Tipax,تیپاکس چهاردانگه,google_maps,تهران,Other,other,High,Negative,1.0,"It hasn't been closed for the past 15 days, Tehran is still a port. It's really awful.",2 years ago
Tipax,تیپاکس مشیریه,google_maps,تهران,Staff Behavior,staff_behavior,High,Negative,1.0,"The worst Tipax branch I've ever seen A bunch of irresponsible and rude people They are so rude and irresponsible that they made me regret working with Tipax They tried to deliver a package for two days, it's two streets away, but they didn't deliver anything, nor did they even answer the phone. I called Tipax, but they didn't answer properly It's better if they don't exist.",10 months ago
Tipax,تیپاکس مشیریه,google_maps,تهران,Customer Support,support,High,Negative,1.0,"Terrible, they don't respond at all. Really, with all these bad comments, why doesn't Tipax support handle it? It's a question of Tipax, a really terrible publication. I delivered the package in 2 hours. I haven't received a message yet. I call them and they don't answer.",a year ago
Tipax,تیپاکس مشیریه,google_maps,تهران,Other,other,High,Negative,1.0,"Hello. We were all at home when Tipax arrived, but the Tipax agent didn't even bother to ring the doorbell and just made one call. At that moment, my phone was off and I hung up and it said ""Returned"" and said ""Refused to receive"". Is there …",a year ago
Tipax,تیپاکس مشیریه,google_maps,تهران,Other,other,High,Negative,1.0,I gave one star for writing a review. This agency is very irresponsible. My package is there for three days and they don't send it. It took exactly 8 days for the items to arrive by regular mail. I'm really sorry. Close this kind of agency.,a year ago
Tipax,تیپاکس مشیریه,google_maps,تهران,Other,other,High,Negative,1.0,I told them to send the package via Tipax so it would arrive quickly. It took five days😐😐 Today they sent me a message saying that the package was returned due to insufficient time to deliver it. What is this? …,a year ago
Tipax,تیپاکس مشیریه,google_maps,تهران,Other,other,High,Negative,1.0,"It's really awful, Teabox is a scam. Everyone who comments is dissatisfied, meaning no one wants to take any action about this Teabox. It's a must to give it 1 star.",Edited 8 months ago
Tipax,تیپاکس مشیریه,google_maps,تهران,Other,other,High,Negative,1.0,"The most lazy agency.. For example, Tipax should send the package quickly.. It would have arrived sooner with regular mail. It's a shame for it to have one star.",a year ago
Tipax,تیپاکس مشیریه,google_maps,تهران,Other,other,High,Negative,1.0,"This is a disgrace. They are the most irresponsible branch. They haven't sent my package in 5 days. No matter how much I complain, they won't answer me.",a year ago
Tipax,تیپاکس (پیروزی-نیروهوایی),google_maps,تهران,Mobile App,app_issue,High,Negative,1.0,"I checked the Tipax website, how long does it take from Qom to Tehran? It said 1 day, but then a day later, the package didn't arrive. I called their support and they said, ""We'll see what happens tomorrow, call if it doesn't arrive. We'll …",9 months ago
Tipax,تیپاکس راه آهن,google_maps,تهران,Damaged Package,package_damage,High,Negative,1.0,"When the phone says it's broken, where should we go to get it answered? For example, our doorbell is broken. I tried to call and it said the phone was broken.",3 years ago
Tipax,تیپاکس راه آهن,google_maps,تهران,Pricing,price,High,Negative,1.0,The most irresponsible Tipax in Iran is Tipax Rahaf. They don't answer the phone and send the package whenever they feel like it.,10 months ago
Tipax,تیپاکس راه آهن,google_maps,تهران,Other,other,High,Negative,1.0,"I didn't receive the package, it was delivered on the website!",a year ago
Tipax,تیپاکس راه آهن,google_maps,تهران,Delay,delivery_delay,High,Negative,1.0,Packages are always delivered late at this dealership.,a year ago
Tipax,تیپاکس راه آهن,google_maps,تهران,Other,other,High,Negative,1.0,They don't even bother answering the phone.,4 years ago
Tipax,تیپاکس راه آهن,google_maps,تهران,Other,other,High,Negative,1.0,Why don't they answer the phone at all?,3 years ago
Tipax,تیپاکس یاس,google_maps,تهران,Other,other,High,Negative,1.0,It's 8:10 and the shop is still closed.,a year ago
Tipax,تیپاکس واوان تهران,google_maps,تهران,Lost Package,lost_package,High,Negative,1.0,"They are really irresponsible. I bought a phone. They came from Tehran to the Wavan Tipax office. They stole it because it was new. They easily knocked it over. God damn you. I bought this phone on a loan. I'm still paying the installments, but my phone hasn't been missing for a few weeks. I personally would be wrong to work with Tipax.",2 years ago
Tipax,تیپاکس واوان تهران,google_maps,تهران,Other,other,High,Negative,1.0,"Hello, you are doing a very poor job. This is the first time I have received a package and I personally come to pick it up from the branch. They lie and say, ""We came, but you didn't show up.""",a year ago
Tipax,تیپاکس واوان تهران,google_maps,تهران,Other,other,High,Negative,1.0,"I really don't know why you didn't come to Van when you're never there, or you don't answer the phone, or you don't answer people's phones and don't reach out to them.",3 years ago
Tipax,تیپاکس واوان تهران,google_maps,تهران,Delay,delivery_delay,High,Negative,1.0,"The most ridiculous post, all the parcels arrive late or get broken, no one cares.",5 months ago
Tipax,تیپاکس واوان تهران,google_maps,تهران,Staff Behavior,staff_behavior,High,Negative,1.0,"Severe management weakness, irresponsibility of staff, overall unsatisfactory",a year ago
Tipax,تیپاکس واوان تهران,google_maps,تهران,Other,other,High,Negative,1.0,They are looking for an excuse not to deliver the package.,8 months ago
Tipax,تیپاکس واوان تهران,google_maps,تهران,Other,other,High,Negative,1.0,Their office phone number doesn't work🤬🤬👺🤬 …,3 years ago
Tipax,تیپاکس واوان تهران,google_maps,تهران,Pricing,price,High,Negative,1.0,Free is expensive.,a year ago
Tipax,تیپاکس پونک,google_maps,تهران,Staff Behavior,staff_behavior,High,Negative,1.0,The most horrible postal service. The staff is very rude. They come to the door during power outages but don't call and leave.,11 months ago
Tipax,تیپاکس پونک,google_maps,تهران,Staff Behavior,staff_behavior,High,Negative,1.0,"It has the rudest and most impatient staff. If you don't want your nails to ruin your day, don't go to this branch.",a year ago
Tipax,تیپاکس پونک,google_maps,تهران,Staff Behavior,staff_behavior,High,Negative,1.0,"The most annoying tip: Uneducated, rude, ignorant staff",9 months ago
Tipax,تیپاکس پونک,google_maps,تهران,Other,other,High,Negative,1.0,Disastrous performance,7 months ago
Tipax,تیپاکس پونک,google_maps,تهران,Other,other,High,Negative,1.0,Very impersonal.,a year ago
Tipax,30 Metri Jey Branch,google_maps,تهران,Other,other,High,Negative,1.0,"They have the worst response rate and it is impossible to contact them by phone. Deliver the package on foot, but do not work with this branch of Tipax.",a year ago
Tipax,تیپاکس مهرشهر,google_maps,تهران,Staff Behavior,staff_behavior,High,Negative,1.0,"I feel sorry for the people of Mehrshahr who elected this irresponsible and very rude representative to Tipax. He probably has a knack for it because instead of delivering people's packages, he calls and says you have to come and pick them up yourself, we don't have the manpower. He has completely messed up the postal equation Please prescribe a class to explain it to them.",3 years ago
Tipax,تیپاکس مهرشهر,google_maps,تهران,Delay,delivery_delay,High,Negative,1.0,"Very bad service Do not trust this agency because without bringing your package for delivery, they say we came but you were not there They do not introduce themselves on the phone, contrary to Tipax protocol They say they can deliver the package at any time they want, whereas according to Tipax protocol it can be up to 5 pm at the latest",6 years ago
Tipax,تیپاکس مهرشهر,google_maps,تهران,Other,other,Medium,Negative,2.0,"Their service wasn't bad, but the location is such a strange place and an unsafe and dangerous area that I was really afraid to get out of the car! I don't know why the Tipax office, with all those clients, has to be in such a bad neighborhood.",10 months ago
Tipax,تیپاکس مهرشهر,google_maps,تهران,Other,other,High,Negative,1.0,"They are very irresponsible and unplanned. They don't realize that if someone requests their shipment through Tipax, they definitely need the shipment to arrive quickly. Not just deliver the shipment after a few days.",a year ago
Tipax,تیپاکس مهرشهر,google_maps,تهران,Other,other,High,Negative,1.0,They don't answer the phone at all. I also called Tipax to ask them to pick it up. They say you have to bring it yourself. What kind of service is this? The Mehrshahr branch is terrible.,5 years ago
Tipax,تیپاکس مهرشهر,google_maps,تهران,Other,other,High,Negative,1.0,"Terrible service I never answer the company phone, the guy who is responsible for delivering packages doesn't come to the door to deliver them, and if you wait 2 minutes, he …",5 years ago
Tipax,تیپاکس مهرشهر,google_maps,تهران,Delay,delivery_delay,High,Negative,2.0,"The quality of service is poor. Once my package was opened and its contents were stolen, although they refunded the money later, it felt really bad.",2 years ago
Tipax,تیپاکس مهرشهر,google_maps,تهران,Other,other,High,Negative,1.0,"Disgusting I'm at home, someone brought this package I got a text message saying you're back This agency needs to be shut down",3 years ago
Tipax,تیپاکس قلمستان,google_maps,کرج,Other,other,High,Negative,1.0,"I wish there was an institution that would monitor their work. When they don't bother to bring the package, they just pretend to be absent.",a month ago
Tipax,تیپاکس قلمستان,google_maps,کرج,Other,other,High,Negative,1.0,What a terrible thing they do. The postman doesn't wait these two minutes. They come to the door and leave quickly.,2 months ago
Tipax,تیپاکس نظرآباد,google_maps,NULL,Other,other,High,Negative,1.0,"It's the busiest place I know, they don't close it, they call it a no-show. May God curse you for the sake of my master Imam Hussein for getting on the nerves of so many customers.",a year ago
Tipax,تیپاکس نظرآباد,google_maps,NULL,Delay,delivery_delay,High,Negative,1.0,They deliver packages very late and are not responsive at all. I always get stressed out waiting for my packages to arrive.,a year ago
Tipax,تیپاکس نظرآباد,google_maps,NULL,Other,other,High,Negative,1.0,"Tipax is really the worst, especially the Nazar Abad branch, it's a shame they don't put flowers on the door.",2 years ago
Tipax,تیپاکس نظرآباد,google_maps,NULL,Other,other,High,Negative,1.0,A woman who sits still doesn't do anything wrong. You have to do everything yourself.,10 months ago
Tipax,تیپاکس نظرآباد,google_maps,NULL,Other,other,High,Negative,1.0,"They should get their heads in that trap and with the ignorant, irresponsible people.",2 years ago
Tipax,تیپاکس نظرآباد,google_maps,NULL,Other,other,High,Negative,1.0,"They couldn't even bring the door open once, it was a terrible delivery 👎🏿 …",2 years ago
Tipax,تیپاکس نظرآباد,google_maps,NULL,Staff Behavior,staff_behavior,High,Negative,1.0,They are very irresponsible and rude. Please follow up.,3 years ago
Tipax,تیپاکس نظرآباد,google_maps,NULL,Staff Behavior,staff_behavior,High,Negative,1.0,"They are very irresponsible, rude and ill-mannered.",3 years ago
Tipax,تیپاکس نظرآباد,google_maps,NULL,Other,other,High,Negative,1.0,They don't even answer for charging twice.,2 years ago
Tipax,تیپاکس کیانمهر,google_maps,کرج,Staff Behavior,staff_behavior,High,Negative,1.0,"They have the most irresponsible staff, they don't bother to bring your package to the door and deliver it, and when you tell them why you don't come to the door and deliver it, they say if there's a problem, we'll send it back to the …",2 years ago
Tipax,تیپاکس کیانمهر,google_maps,کرج,Delay,delivery_delay,High,Negative,2.0,"They don't answer the phone or bring the package. Oh my God, people aren't thousands, they're waiting at home!!!!",2 years ago
Tipax,تیپاکس کیانمهر,google_maps,کرج,Other,other,High,Negative,1.0,"They don't answer the phone at all and they don't work. Unfortunately, I was stuck for two days.",2 years ago
Tipax,تیپاکس کیانمهر,google_maps,کرج,Other,other,High,Negative,1.0,They are not accessible at all none of the phone numbers valid not trustable,2 years ago
Tipax,تیپاکس مهستان,google_maps,ری,Staff Behavior,staff_behavior,High,Negative,1.0,"They are really liars and rude, from the manager to his employees. One star is too many for him. Please, friends, do not send any packages to Tibox Shahr Jadidi, because they are very liars. I don't know why no organization is monitoring them. But I have filed complaints in several places. So impersonal......",9 months ago
Tipax,تیپاکس مهستان,google_maps,ری,Delay,delivery_delay,High,Negative,1.0,"By paying a higher fee than regular mail, the package arrives late. The agent doesn't even visit the address or we have to go to the office ourselves. They don't even answer the office phone. The most disorganized and horrible Tipax office in Alborz.",a year ago
Tipax,تیپاکس مهستان,google_maps,ری,Other,other,High,Negative,1.0,"Hello. I don't know why they put a contact number if they don't answer at all. Well, maybe someone's job is critical and they don't have access to their office.",a year ago
Tipax,تیپاکس مهستان,google_maps,ری,Other,other,High,Negative,1.0,"Hello, the package arrives, they don't pick it up, they don't call, they don't answer. I think the order is better than Tipax in Shahr Jadidi.",a year ago
Tipax,تیپاکس مهستان,google_maps,ری,Other,other,High,Negative,1.0,"All the friends who work there act like they're working for my dad for free, they're so arrogant and work so hard.",9 months ago
Tipax,تیپاکس مهستان,google_maps,ری,Other,other,High,Negative,1.0,"Unfortunately, the phone line is unpaid and disconnected, so why are you calling?",5 months ago
Tipax,تیپاکس باغستان,google_maps,تهران,Other,other,High,Negative,1.0,"I closed it for two days, it can't be distributed inside this dealership.",2 years ago
Tipax,تیپاکس باغستان,google_maps,تهران,Delay,delivery_delay,High,Negative,1.0,Delay in sending the package.....,2 years ago
Tipax,تیپاکس باغستان,google_maps,تهران,Other,other,High,Negative,1.0,It is closed most of the time.,9 months ago
Tipax,تیپاکس باغستان,google_maps,تهران,Other,other,High,Negative,1.0,Disgusting,a year ago
Tipax,تیپاکس هشتگرد,google_maps,NULL,Other,other,High,Negative,1.0,"By the way, greetings and don't be tired... I ordered a bicycle rack before the Israel-Iran war, but it hasn't arrived yet.. Then I called, they said your address is not accurate, then I told them to register the address... But again, the …",a year ago
Tipax,تیپاکس هشتگرد,google_maps,NULL,Staff Behavior,staff_behavior,High,Negative,1.0,"No problem, nothing, they took the wrong package to someone else's door, they didn't put it in the container, they returned it, the address and everything was correct, this agency is very rude.",11 months ago
Tipax,تیپاکس هشتگرد,google_maps,NULL,Other,other,High,Negative,1.0,"It's really annoying that they don't call me. Let's go pick up the package. They quickly refer me to their phone number, which I never answer. So they lock the door.",3 years ago
Tipax,تیپاکس هشتگرد,google_maps,NULL,Other,other,High,Negative,1.0,Why don't they make a board in this place? I've been calling since yesterday.,a year ago
Tipax,تیپاکس هشتگرد,google_maps,NULL,Other,other,High,Negative,1.0,"Very bad service, I am not satisfied at all.",3 years ago
Tipax,تیپاکس هشتگرد,google_maps,NULL,Other,other,High,Negative,1.0,Zero responsibility ✔ Zero ethics ✔,a year ago
Tipax,تیپاکس هشتگرد,google_maps,NULL,Other,other,High,Negative,1.0,I'm at your office.,a year ago
Tipax,تیپاکس اشتهارد,google_maps,NULL,Staff Behavior,staff_behavior,High,Negative,1.0,Very bad attitude of the staff and lack of follow-up on the package delivered to the post office and delivered to the recipient myself. I went to pick up the package. I am really sorry for the cost I incurred.,2 years ago
Tipax,تیپاکس اشتهارد,google_maps,NULL,Staff Behavior,staff_behavior,Medium,Negative,2.0,Now the staff's attitude is much better than before. But you have to go to the dealership to pick up the package. They don't deliver it to your address.,4 years ago
Tipax,تیپاکس اشتهارد,google_maps,NULL,Other,other,High,Negative,1.0,Disgusting,2 years ago
Tipax,اصفهان خواجو,google_maps,اصفهان,Customer Support,support,High,Negative,1.0,"I was badly hurt by Tipax twice, the response and support are really really terrible, zero responsibility, they do not deliver to the destination and in the end you have to pick it up from the origin agency and send it with another postal …",a year ago
Tipax,اصفهان خواجو,google_maps,اصفهان,Other,other,High,Negative,1.0,"Khaju Agency This agency is the busiest Tipax agency In general, Tipax is useless …",a year ago
Tipax,تیپاکس اصفهان رباط,google_maps,اصفهان,Tracking,tracking,High,Negative,1.0,"There is no worse service than Tipax.... After 5 days, when the sender and receiver were in Tehran and Isfahan, neither did they receive a call nor did they send a tracking code from Tipax, and they charged 110,000 Tomans for a 20 gram envelope.",11 months ago
Tipax,تیپاکس باغ غدیر,google_maps,اصفهان,Other,other,High,Negative,1.0,It's disgusting how corrupt they are.,5 months ago
Tipax,Tayeb -Shams Abadi- Taleghani,google_maps,اصفهان,Delay,delivery_delay,High,Negative,1.0,"Awful! Slow! Expensive, irresponsible.",8 years ago
Tipax,Tayeb -Shams Abadi- Taleghani,google_maps,اصفهان,Other,other,High,Negative,1.0,... Their job is to lose packages.,8 years ago
Tipax,تیپاکس شهرک صنعتی جی,google_maps,اصفهان,Staff Behavior,staff_behavior,High,Negative,1.0,"Tipax is very rude, especially this office in J Industrial Estate. God forbid your package arrives at this office. You have to cancel it.",2 years ago
Tipax,تیپاکس فلاورجان,google_maps,اصفهان,Other,other,High,Negative,1.0,"Extremely awful... I closed it for the second time and it was returned, they didn't call me or anything. I sent a message at 6:30 and if you don't pick up the package by 7, it …",a year ago
Tipax,تیپاکس فلاورجان,google_maps,اصفهان,Other,other,High,Negative,1.0,"It's a shame, I closed Qahdarijan, but instead of sending you back, they sent you back to Flowerjan.",4 years ago
Tipax,تیپاکس فلاورجان,google_maps,اصفهان,Other,other,High,Negative,1.0,Disgusting,7 months ago
Tipax,Central Office(انبار مرکزی شیراز),google_maps,NULL,Delay,delivery_delay,High,Negative,1.0,"They don't answer the number, they are irresponsible, they don't have an address for therapy. You're the most ridiculous person. People who are not funny and waiting for you are lying for two days saying we came, but you weren't there. Well, at least give me the address, we'll get it for us ourselves. We'll close it.",7 months ago
Tipax,Central Office(انبار مرکزی شیراز),google_maps,NULL,Other,other,High,Negative,1.0,"They are very irresponsible. My package arrived in Shiraz in 4 days. They only change the time on the website every day. It says it is processing in the destination city, but they do not deliver it to the city representative.",2 years ago
Tipax,Central Office(انبار مرکزی شیراز),google_maps,NULL,Other,other,High,Negative,1.0,"The most horrible Tipax is their central branch in Rokn Abad. They either don't answer the phone, their warehouse is full, or they don't have any. It's the most horrible branch.",a year ago
Tipax,Central Office(انبار مرکزی شیراز),google_maps,NULL,Delay,delivery_delay,High,Negative,1.0,"Tipax Yar returned my package without delivering it. I was waiting for the package all day, my line was open. They didn't even call to check before returning it.",2 years ago
Tipax,Central Office(انبار مرکزی شیراز),google_maps,NULL,Other,other,High,Negative,1.0,"Horrible, horrible, they are the most disorganized, 140 kilometers in three days, stuck in Shiraz Tipax, the worst, collect them, you can't provide service.",11 months ago
Tipax,Central Office(انبار مرکزی شیراز),google_maps,NULL,Other,other,High,Negative,1.0,"Bad behavior, no coordination, no calls, no text messages, no calls, no doorbells, no home calls at all!! And I had to come to the branch to pick up.",a year ago
Tipax,Central Office(انبار مرکزی شیراز),google_maps,NULL,Other,other,High,Negative,1.0,"You are nothing more than a corpse. The parcel arrived from Tehran in 2 days, but it has been stuck in Shiraz for a week. You are really a big ass.",a year ago
Tipax,Central Office(انبار مرکزی شیراز),google_maps,NULL,Other,other,High,Negative,1.0,"The worst relocation system, without coordination and follow-up, I don't know how they're still going on.",9 months ago
Tipax,Central Office(انبار مرکزی شیراز),google_maps,NULL,Other,other,High,Negative,1.0,Terrible customer service They don't answer the phone at all. They leave the phone on busy.,6 months ago
Tipax,تیپاکس نصر,google_maps,NULL,Damaged Package,package_damage,High,Negative,1.0,"I was supposed to deliver it on Thursday and it was my daughter's birthday gift on Friday. They always bring it on Fridays. I open it, but I said, ""If you file a complaint with them, I'll come and get it myself."" You even left me speechless, and my daughter is heartbroken. Her father won't let her have it on her birthday. What can I say, Nedaya? Thank you.",11 months ago
Tipax,تیپاکس نصر,google_maps,NULL,Other,other,High,Negative,1.0,"You liar, why did you just intercept the package? We brought it home. You weren't home. If I didn't leave the house for a few days because of this package, you liar, take responsibility. I hope Tipax is completely shut down with these horrible representatives.",10 months ago
Tipax,تیپاکس نصر,google_maps,NULL,Other,other,High,Negative,1.0,"Extremely disorganized and irresponsible, every time I used Tipax I felt a hundred pains and a hundred regrets.",11 months ago
Tipax,تیپاکس نصر,google_maps,NULL,Staff Behavior,staff_behavior,High,Negative,1.0,"Horrible!! They are not responsive at all and are very rude, as if they are creditors.",10 months ago
Tipax,تیپاکس نصر,google_maps,NULL,Other,other,High,Negative,1.0,"Really, they don't respond properly without order and discipline.",11 months ago
Tipax,تیپاکس نصر,google_maps,NULL,Other,other,High,Negative,1.0,They are very irresponsible and not accountable at all.,8 months ago
Tipax,تیپاکس نصر,google_maps,NULL,Other,other,High,Negative,1.0,"A disgrace, irresponsible, immoral.",Edited a year ago
Tipax,تیپاکس کازرون,google_maps,کازرون,Other,other,High,Negative,1.0,"Very bad experience, really the worst place I have ever encountered, unfortunately, twice we received a package, both times it was returned and for about an hour in the worst heat, we first went to the office on Mortazavi Street, they gave …",11 months ago
Tipax,تیپاکس کازرون,google_maps,کازرون,Other,other,High,Negative,1.0,"It was a really terrible experience. Their opening and closing times were completely inconsistent with the information on the communication channel. And they deliver the package to its destination, you have to go and pick it up yourself.",10 months ago
Tipax,تیپاکس کازرون,google_maps,کازرون,Other,other,High,Negative,1.0,"Terrible. They don't deliver packages on time or don't deliver at all. They don't answer the phone or anything else. Their working hours are limited, their communication is not good. They are irresponsible. Terrible, terrible, terrible.",a year ago
Tipax,تیپاکس کازرون,google_maps,کازرون,Other,other,High,Negative,1.0,They don't deliver the package on time and they don't answer the phone.,a year ago
Tipax,تیپاکس جهرم,google_maps,NULL,Other,other,High,Negative,1.0,"Very bad, what post office message, go pick it up from the dealership, when you go to the dealership, they say what post office is, you call, no one answers, follow-up is just awful 👎👎 …",a year ago
Tipax,تیپاکس جهرم,google_maps,NULL,Mobile App,app_issue,High,Negative,1.0,"I'm not happy at all. They don't answer the office phone. When I go to them, it's like you owe them something.",3 years ago
Tipax,marvdasht office,google_maps,NULL,Pricing,price,High,Negative,1.0,"I am not satisfied at all, they do not deliver the package to my door, we have to go to the Tipax office to pick it up, they lie and say we came, but you were not there, if I was home that day, why should I not call them, they have told me this lie over and over again We have to pay postage once, we also have to pay a Snap fee to go and pick up the package, if the carrier brings it to us, it would be much more economical. I wish companies would not cooperate with Tipax, they will lose their customers, we are tired of having to go to Tipax every day",8 months ago
Tipax,marvdasht office,google_maps,NULL,Damaged Package,package_damage,High,Negative,1.0,"Because the package was breakable, they charged me first, then delivered it, and the entire contents of my package were broken. They are not responsible at all, saying it was Tehran's fault and making excuses.",5 months ago
Tipax,marvdasht office,google_maps,NULL,Staff Behavior,staff_behavior,High,Negative,1.0,"The most expensive tipax, friends, call them and complain. They didn't deliver my package to my door. Then they're rude and return the package. Just call them and complain. It's okay if there are a few people.",7 months ago
Tipax,marvdasht office,google_maps,NULL,Other,other,High,Negative,1.0,"Three days ago, I received a message that the package had arrived, but it hadn't been delivered to my door yet.",10 months ago
Tipax,marvdasht office,google_maps,NULL,Delay,delivery_delay,High,Negative,1.0,"Several days late in delivery, no answer to phone, rude treatment, package was crushed and ruined.",a year ago
Tipax,marvdasht office,google_maps,NULL,Damaged Package,package_damage,High,Negative,1.0,"The shipping quality was terrible, the package was broken. It was still broken.",3 years ago
Tipax,marvdasht office,google_maps,NULL,Pricing,price,Medium,Negative,2.0,"It's no use, he made me feel bad.",2 years ago
Tipax,marvdasht office,google_maps,NULL,Other,other,High,Negative,1.0,Delivered on time.,7 months ago
Tipax,مشهد فجر تیپاکس,google_maps,NULL,Delay,delivery_delay,High,Negative,1.0,"It arrives too late You should deliver it the next day, not 3 days later",2 years ago
Tipax,مشهد فجر تیپاکس,google_maps,NULL,Delay,delivery_delay,High,Negative,1.0,It was too late.,2 years ago
Tipax,تیپاکس شهرک صنعتی کلات,google_maps,مشهد,Other,other,High,Negative,1.0,"They never answered the phone, they didn't bring my package until I called Tipax several times until my package arrived. The address is very remote and on the outskirts of the city.",7 months ago
Tipax,تیپاکس شهرک صنعتی کلات,google_maps,مشهد,Other,other,High,Negative,1.0,"Tipax itself is big and dirty, and its representative office is Farkhod branch.",a year ago
Tipax,تیپاکس شهرک صنعتی کلات,google_maps,مشهد,Other,other,High,Negative,1.0,They don't answer the phone at all.,2 years ago
Tipax,Misaq,google_maps,NULL,Other,other,High,Negative,1.0,"My package arrived in three days from Tehran to Mashhad, and they have been in my hands for three days!! That is, they have been in my hands for the same amount of time that the package was moved from Tehran 😂 Then they said no, I called the next day and said, ""When did you bring it yesterday? I wasn't there, why didn't my phone ring or anything?"" Then their answer was that the courier's car broke down, so we called for that no-show.. In the end, I went and got my package myself... A bunch of people who are all gone, I don't even deserve it. Gather around, ask the manager for the courier.",10 months ago
Tipax,Misaq,google_maps,NULL,Other,other,High,Negative,1.0,"The manager of this branch is a complex and immoral person! All Tipax branches are required to visit twice, but the person in charge of this branch says with arrogance that they are only sending once, but they don't even come once, and he …",a year ago
Tipax,Misaq,google_maps,NULL,Other,other,High,Negative,1.0,"This branch is very irresponsible, and has completely ruined the name of Tipax, they only call once, if the other party doesn't answer they call you back immediately, where is this rule. You should be more persistent, not just one call",3 years ago
Tipax,Misaq,google_maps,NULL,Delay,delivery_delay,High,Negative,1.0,"It's really useless. My package arrived four days ago, but they won't send it. I went there and said, ""My documents are complete, give it to me now."" They told me they would send it, but I'm still waiting for it to be sent.",a year ago
Tipax,Misaq,google_maps,NULL,Other,other,High,Negative,1.0,"Why do they allow these people to have a job and business in this position when they have nothing to do with it? They sent me to Tehran instead of Hamedan, and then they arrogantly say we can't do anything.",11 months ago
Tipax,Misaq,google_maps,NULL,Other,other,High,Negative,1.0,"That is, the most stupid tipaksa in Mashhad. They don't answer, they don't bring the package, but they say we came, but we didn't.",a month ago
Tipax,Misaq,google_maps,NULL,Mobile App,app_issue,High,Negative,1.0,"If you want to experience inappropriate behavior from an employee while talking to a customer on the phone, contact this center.",2 years ago
Tipax,Misaq,google_maps,NULL,Other,other,High,Negative,1.0,"It means a group of idiots gathered together. They are managing things, but they are not managing anything.",a year ago
Tipax,hemmat,google_maps,NULL,Other,other,High,Negative,1.0,"Hello. They don't do their job properly, they don't deliver the package, they just send it back, you pay the money and you have to go and get the package yourself. They also don't have the right attitude at all.",2 years ago
Tipax,hemmat,google_maps,NULL,Other,other,High,Negative,1.0,They are extremely irresponsible and disorganized. You have to run after the package or go get it yourself. They are not responsible or accountable at all. I hope they get it sorted out soon. It's not much use.,3 years ago
Tipax,hemmat,google_maps,NULL,Other,other,High,Negative,1.0,"Unfortunately, they are very impatient in delivering the package and did not deliver the package to the door and they treat it very badly. I hope someone will take care of it.",3 years ago
Tipax,hemmat,google_maps,NULL,Other,other,High,Negative,1.0,"They are very, very unprofessional, not accountable to their clients, and irresponsible for the duties they are assigned.",5 years ago
Tipax,hemmat,google_maps,NULL,Other,other,High,Negative,1.0,"You talk too demandingly, you are also ignorant, and you charge too much. I sent you a monitor. You read the monitor.",a year ago
Tipax,hemmat,google_maps,NULL,Other,other,High,Negative,1.0,"Terrible management, they don't even bother to come and knock on your door, come and pick up your package yourself.",a year ago
Tipax,hemmat,google_maps,NULL,Other,other,High,Negative,1.0,"Too bad they don't think about it, it's not a T-box, it's an In-box. The money should be spent on their medicine.",2 years ago
Tipax,hemmat,google_maps,NULL,Other,other,High,Negative,1.0,"Irresponsible, still not delivered after 6 days, they say every day it will be delivered in 1 hour.",3 years ago
Tipax,تیپاکس پیروزی رضاشهر,google_maps,مشهد,Delay,delivery_delay,High,Negative,1.0,"They are the most irresponsible and ridiculous Tipax branch in the entire country. Every time I have a package from this branch, they automatically and without thinking announce that it is the wrong destination, or the wrong person, or for unrelated reasons. A lady and a gentleman who are constantly mixed up, they give me a hard time every time I sit down....",a year ago
Tipax,تیپاکس پیروزی رضاشهر,google_maps,مشهد,Delay,delivery_delay,High,Negative,1.0,"The most ridiculous postal service I've ever seen! Once they sent a message because they refused to receive the package! The package was returned, the next day because they didn't show up.., both times we were waiting for them at the door …",2 weeks ago
Tipax,تیپاکس پیروزی رضاشهر,google_maps,مشهد,Mobile App,app_issue,High,Negative,1.0,"The operators who answer Tipax are very ignorant and rude. And be sure to pay attention to cargo insurance when sending cargo, otherwise if something happens to your shipment, they will not be held responsible at all.",a year ago
Tipax,تیپاکس پیروزی رضاشهر,google_maps,مشهد,Pricing,price,High,Negative,1.0,"My package arrived in 5 days and I still haven't received it. They are really irresponsible. They charged 3 times the cost of regular postage. But if it had been sent by regular mail, it would have arrived last week.",5 months ago
Tipax,تیپاکس پیروزی رضاشهر,google_maps,مشهد,Other,other,High,Negative,1.0,"Very awful and ridiculous Three of our packages were delivered by a broker, we called several times and asked them not to spoil them and to send them sooner, but unfortunately they are …",a week ago
Tipax,تیپاکس پیروزی رضاشهر,google_maps,مشهد,Other,other,High,Negative,1.0,"Oh my god. Because of the irresponsibility of this branch, I will never tip again.. They don't even come, they just return...",a year ago
Tipax,تیپاکس پیروزی رضاشهر,google_maps,مشهد,Other,other,High,Negative,1.0,The most disgusting and worst branch of Tipax Both bad manners and inconsiderate The recipient mistook the sender,a week ago
Tipax,تیپاکس پیروزی رضاشهر,google_maps,مشهد,Other,other,High,Negative,1.0,"I am sure I was at home all the day , but they just wrote on the page "" returned because of the absence!""",7 months ago
Tipax,تیپاکس پیروزی رضاشهر,google_maps,مشهد,Other,other,High,Negative,1.0,There is one phone line and it is always busy. I couldn't even call once.,11 months ago
Tipax,تیپاکس طرقبه و شاندیز,google_maps,طرقبه، طرقبه بعد از پمپ بنزین، امام خمینی ۵، قطعه سوم،,Pricing,price,High,Negative,1.0,"I am not at all satisfied with the performance of this Tipax branch. It took 5 days for my package from Tehran to reach Mashhad. Even though I am from Shandi and the address was complete, Tipax called me and said to come and pick up the package. I have already gone that far, and unfortunately they are double counting the package fee.",4 years ago
Tipax,تیپاکس طرقبه و شاندیز,google_maps,طرقبه، طرقبه بعد از پمپ بنزین، امام خمینی ۵، قطعه سوم،,Other,other,High,Negative,1.0,"They are absolutely awful. They never deliver the package on time. The post office is much better at sending it here, for example, we bought Tipax so that it would arrive sooner.",a year ago
Tipax,تیپاکس طرقبه و شاندیز,google_maps,طرقبه، طرقبه بعد از پمپ بنزین، امام خمینی ۵، قطعه سوم،,Pricing,price,High,Negative,1.0,"I've never seen a dirtier place than Tipax. They never deliver packages. They say they'll send them by courier, and it costs 20,000.",2 years ago
Tipax,تیپاکس طرقبه و شاندیز,google_maps,طرقبه، طرقبه بعد از پمپ بنزین، امام خمینی ۵، قطعه سوم،,Other,other,High,Negative,1.0,"Disgusting,,,, on April 6th, a package was sent to me from Neyshabur to Mashhad, and it still hasn't arrived on April 16th.",2 years ago
Tipax,تیپاکس طرقبه و شاندیز,google_maps,طرقبه، طرقبه بعد از پمپ بنزین، امام خمینی ۵، قطعه سوم،,Other,other,High,Negative,1.0,It's awful. They've been trying to get my package for a few days. They don't answer the phone when I call.,3 years ago
Tipax,تیپاکس طرقبه و شاندیز,google_maps,طرقبه، طرقبه بعد از پمپ بنزین، امام خمینی ۵، قطعه سوم،,Other,other,Medium,Negative,2.0,"Hello, they always call and say you have to come to the office and we don't have a delivery person.",3 years ago
Tipax,تی هاب مشهد(انبار مرکزی تیپاکس مشهد),google_maps,مشهد,Other,other,High,Negative,1.0,"Very busy, 1 month they haven't brought my package, still don't use Tipax at all, the post office is much better than this, they don't give a proper answer, they don't let people do their job, nothing, 1 month my package has been left, …",9 months ago
Tipax,تیپاکس هنرور,google_maps,مشهد,Other,other,High,Negative,1.0,"Disgusting. A bunch of idiots who don't know how to work. You call to pick up the package, they say bring it. When a package arrives, they lie and say we called, you weren't there, come and pick it up yourself. You don't have a supply, close the door on that leftover.",a year ago
Tipax,تیپاکس هنرور,google_maps,مشهد,Staff Behavior,staff_behavior,High,Negative,1.0,"It's really awful. It doesn't have proper management, it doesn't have neat and polite staff. They are all rude, foul-mouthed.",a year ago
Tipax,تیپاکس هنرور,google_maps,مشهد,Other,other,High,Negative,1.0,The most horrible and poor quality office for sending,a year ago
Tipax,تیپاکس هنرور,google_maps,مشهد,Other,other,High,Negative,1.0,Zero Responsiveness Prehistoric Performance,a year ago
Tipax,تیپاکس هنرور,google_maps,مشهد,Other,other,High,Negative,1.0,They are not responsible at all.,a year ago
Tipax,تیپاکس هنرور,google_maps,مشهد,Other,other,High,Negative,1.0,Very terrible management,a year ago
Tipax,تیپاکس هنرور,google_maps,مشهد,Other,other,High,Negative,1.0,Disgusting management,a year ago
Tipax,تیپاکس نیشابور بینالود,google_maps,NULL,Other,other,High,Negative,1.0,"The package arrived at its destination in three days, but they didn't deliver it. We followed up several times and they said it would be delivered in the afternoon.",a year ago
Tipax,تیپاکس نیشابور بینالود,google_maps,NULL,Other,other,High,Negative,1.0,They don't answer every time I call them this morning. They are really stupid.,2 years ago
Tipax,: Kashmar Branch,google_maps,NULL,Delay,delivery_delay,High,Negative,1.0,"The package is delivered late. If it arrives at the dealership on time, it is four days late. If the package is already here, it is delivered late.",8 months ago
Tipax,: Kashmar Branch,google_maps,NULL,Delay,delivery_delay,High,Negative,1.0,They will charge whatever price they want and they are so late. Why do I have to pay 123 tomans in postage for a 200 gram packet from Karaj?,2 years ago
Tipax,: Kashmar Branch,google_maps,NULL,Delay,delivery_delay,High,Negative,1.0,"Don't even see your parcel delivered by Tipax, the delivery delay is too long and no one takes responsibility, in general Tipax is useless.",2 years ago
Tipax,: Kashmar Branch,google_maps,NULL,Delay,delivery_delay,High,Negative,1.0,"Terrible response. Arrived very, very late, every day an excuse. It is recommended that we order something by the same post so that you",3 years ago
Tipax,: Kashmar Branch,google_maps,NULL,Pricing,price,High,Negative,1.0,"Tipax Cashmere is not worth it, it is more expensive.",2 years ago
Tipax,: Kashmar Branch,google_maps,NULL,Delay,delivery_delay,High,Negative,2.0,He came late.,4 years ago
Tipax,: Kashmar Branch,google_maps,NULL,Other,other,High,Negative,1.0,terrible,3 years ago
Tipax,تیپاکس صائب تبریزی,google_maps,NULL,Other,other,High,Negative,1.0,"The most rubbish, most ridiculous Teabox dealership in Tabriz and even at the central level, a half-warm package was given to me to come from Sari to Tabriz. It's been a week since I received it. It's unclear what they're doing wrong there. The pieces are filthy.",3 years ago
Tipax,تیپاکس صائب تبریزی,google_maps,NULL,Other,other,High,Negative,1.0,"Tipax, whose service is generally poor, this representative will not deliver the package after 7 days, nor does he have a specific phone number to follow up on. Tipax's response after a week of follow-up is to be patient!!!!! They don't give freebies.",2 years ago
Tipax,تیپاکس صائب تبریزی,google_maps,NULL,Delay,delivery_delay,High,Negative,1.0,The most ridiculous T-Pax branch. They have completely ruined T-Pax. Their service is zero with this branch. I have been waiting for my package for three days now.,2 years ago
Tipax,تیپاکس صائب تبریزی,google_maps,NULL,Other,other,High,Negative,1.0,Wrong working hours They don't even have a number. I'm confused why they got a representative🤷🏻‍♀️ …,10 months ago
Tipax,تیپاکس صائب تبریزی,google_maps,NULL,Other,other,High,Negative,1.0,It's empty and it's holding the package for 5 days and it hasn't shipped yet.,a year ago
Tipax,تیپاکس صائب تبریزی,google_maps,NULL,Other,other,High,Negative,1.0,The busiest Tipax branch in the country. Their phone number is also blocked.,2 years ago
Tipax,تیپاکس صائب تبریزی,google_maps,NULL,Staff Behavior,staff_behavior,High,Negative,1.0,Busy service with rude staff,3 years ago
Tipax,تیپاکس صائب تبریزی,google_maps,NULL,Staff Behavior,staff_behavior,High,Negative,1.0,Rude and unprofessional.,a year ago
Tipax,تیپاکس استاد شهریار تبریز (تیپاکس میدان رسالت),google_maps,NULL,Other,other,High,Negative,1.0,"Most packages, without delivering them to their destination, pretend that they brought the package and couldn't find you, then they say, ""Go pick it up yourself."" They're basically a movie unto themselves.",7 months ago
Tipax,تیپاکس استاد شهریار تبریز (تیپاکس میدان رسالت),google_maps,NULL,Other,other,High,Negative,1.0,"Don't send a message to come and pick up the mail to pick up the mail. Your job is to pick up the mail, not to send a message to come and pick up the mail.",a year ago
Tipax,تیپاکس تبریز شهناز,google_maps,NULL,Other,other,High,Negative,1.0,One star is too much for him. We packed it to the destination. Then they left it until Friday. They didn't bring it. Friday was a holiday. They didn't bring it that day either. They said it wasn't there. My watch was set at 2:00 PM.,5 months ago
Tipax,تیپاکس تبریز شهناز,google_maps,NULL,Other,other,High,Negative,1.0,"Extremely disgusting They didn't bring the package, they said they brought it, but it wasn't there. I said they would call, but they said it's not our job to call. !!! Irresponsible and uncultured",5 months ago
Tipax,تیپاکس تبریز شهناز,google_maps,NULL,Delay,delivery_delay,High,Negative,1.0,"Terrible service! They lied to me about the delivery of the order! I had to go and pick it up myself, a week later! Terrible, do not use this service!",5 months ago
Tipax,تیپاکس ورزش,google_maps,NULL,Other,other,High,Negative,1.0,"I call, but the phone is off, what does that mean...?",3 weeks ago
Tipax,تیپاکس یاغچیان,google_maps,29HG+JMJ,Delay,delivery_delay,High,Negative,1.0,"The worst thing is, they never arrive on time. They usually tip the package to make it arrive early. They deliver later than regular mail. Either their car is broken or... If you follow up, they say come and pick it up yourself.",5 months ago
Tipax,تیپاکس میانه 2,google_maps,NULL,Pricing,price,High,Negative,1.0,"I had two different packages with completely different destinations. From the very beginning, without seeing the packages or checking the destinations, they charged the same price for both, and I became suspicious of them. Then, when the tracking SMS came, I saw that they had falsely added a packaging fee, even though I had packed everything myself, and the amount was 15,000 less than the amount they had charged me. In short, be careful with two thieves and fraudsters on both sides.",2 months ago
Tipax,تیپاکس چای کنار,google_maps,NULL,Delay,delivery_delay,High,Negative,1.0,"Terrible service! They lied to me about the delivery of the order! I had to go and pick it up myself, a week later! Terrible, do not use this service!",5 months ago
Tipax,تیپاکس منتظری ارومیه جدید,google_maps,NULL,Staff Behavior,staff_behavior,High,Negative,1.0,"They are the most rude employees, they behave with complete aggression and don't even answer the phone.",7 months ago
Tipax,تیپاکس منتظری ارومیه جدید,google_maps,NULL,Other,other,High,Negative,1.0,I am not satisfied with Tipax at all.,7 months ago
Tipax,تیپاکس منتظری ارومیه جدید,google_maps,NULL,Other,other,High,Negative,1.0,The dirtiest tea box in Urmia....,7 months ago
Tipax,تیپاکس منتظری ارومیه جدید,google_maps,NULL,Other,other,High,Negative,1.0,They don't answer the phone.,11 months ago
Tipax,تیپاکس منتظری ارومیه جدید,google_maps,NULL,Other,other,High,Negative,1.0,Very bad.,8 months ago
Tipax,تیپاکس بوکان,google_maps,NULL,Other,other,High,Negative,1.0,"The most ridiculous postal company I've ever seen. I suggest you don't do business at all. They were supposed to deliver the package within 48 hours, but it took 6 days. I wish there was a rating without stars.",5 years ago
Tipax,تیپاکس بوکان,google_maps,NULL,Other,other,High,Negative,1.0,"The most ridiculous branch in the entire West Azerbaijan province The branches in other cities like Saqqez, Mahabad, Baneh, and even Oshnavieh are open until 6 pm and receive parcels …",5 years ago
Tipax,تیپاکس بوکان,google_maps,NULL,Other,other,High,Negative,1.0,"This is really one star too many. In short, this company really has no owner. No orders are processed, no calls are answered. It is not clear who is who here.",4 years ago
Tipax,تیپاکس بوکان,google_maps,NULL,Other,other,Medium,Negative,2.0,"Unfortunately, they didn't bring the product to my door and even wanted to return it because I couldn't go get it.",4 years ago
Tipax,تیپاکس بوکان,google_maps,NULL,Delay,delivery_delay,High,Negative,1.0,They don't answer my calls and really slow when it comes to deliver something,2 years ago
Tipax,تیپاکس بوکان,google_maps,NULL,Customer Support,support,High,Negative,1.0,"They don't answer at all, I call a hundred times, but no answer.",2 years ago
Tipax,تیپاکس بوکان,google_maps,NULL,Other,other,High,Negative,1.0,It's better to order it by mail.,2 years ago
Tipax,تیپاکس بوکان,google_maps,NULL,Other,other,High,Negative,1.0,"Nonsense, zero response.",5 years ago
Tipax,تیپاکس بوکان,google_maps,NULL,Other,other,High,Negative,1.0,Bad manners,9 months ago
Tipax,تیپاکس باهنر,google_maps,NULL,Other,other,High,Negative,1.0,I haven't left the house in a week. They don't answer my phone when I text them.,a year ago
Tipax,تیپاکس باهنر,google_maps,NULL,Other,other,High,Negative,1.0,"They say you have to come pick up any package, but they don't answer my phone.",3 years ago
Tipax,تیپاکس باهنر,google_maps,NULL,Other,other,High,Negative,1.0,They charged me extra money for postage.,3 years ago
Tipax,تیپاکس باهنر,google_maps,NULL,Other,other,High,Negative,1.0,Irresponsible,3 years ago
Tipax,تیپاکس - پیرانشهر,google_maps,ایرانشهر,Other,other,High,Negative,1.0,"Whenever I tried to send a package through Tipax, they always gave me some ridiculous reason not to deliver the package, and every time I received a package, they always tried to charge me more than the amount.",2 years ago
Tipax,تیپاکس نقده,google_maps,NULL,Other,other,High,Negative,1.0,"They don't answer the phone at all, they're never there.",2 years ago
Tipax,تیپاکس مهاباد مرکزی _ شاهی جان,google_maps,NULL,Other,other,High,Negative,1.0,"The busiest Tipax center is Mahabad Shahi Jane. They have no ethics, no accountability, no customer service. I don't know why there is no supervision like this.",a year ago
Tipax,تیپاکس مهاباد مرکزی _ شاهی جان,google_maps,NULL,Other,other,High,Negative,1.0,Too bad they don't answer at all.,5 months ago
Tipax,تیپاکس مهاباد مرکزی _ شاهی جان,google_maps,NULL,Other,other,High,Negative,1.0,They don't answer at all.,2 years ago
Tipax,تیپاکس سردشت,google_maps,خمین,Other,other,High,Negative,1.0,The most disgusting and unscrupulous postal company on earth is Tipax. I've been stuck there for a month and they don't offer shipping. It's useless. Don't send anything from there. The post office is a thousand times more honorable than this.,6 years ago
Tipax,تیپاکس سردشت,google_maps,خمین,Other,other,High,Negative,1.0,Very bad,4 years ago
Tipax,تیپاکس اشنویه,google_maps,NULL,Damaged Package,package_damage,High,Negative,1.0,"This is my second very bad experience with the Oshnavieh agency. Once my package was lost, another time it was delivered broken, and although I followed up, no compensation was paid. Despite the claim of fast delivery, in my personal experience it has taken longer than even the government post, and this statement has not been practically true. Calling a single call in the middle of the day and then sending a text message stating that the call was not answered and going to the agency yourself to deliver the package when they do not respond after the text message is truly shameless behavior.",5 months ago
Tipax,تیپاکس ملکان,google_maps,ری,Other,other,High,Negative,1.0,They were not responsive at all.,6 years ago
Tipax,تیپاکس صفائیه یزد,google_maps,NULL,Other,other,High,Negative,1.0,Tipax service quality in Yazd is terrible. Two orders that were sent simultaneously by regular mail and Tipax from Tehran arrived three days ago. Tipax has not arrived yet. The agents do not answer the phone. They also say in person that the delivery agent will contact you! The package arrived in three days. The delivery agent's hand!!!!!!????,a year ago
Tipax,تیپاکس صفائیه یزد,google_maps,NULL,Other,other,High,Negative,1.0,"The most useless and irresponsible post office in Iran. You have to pay postage, but in the end, in order for your package to reach its destination, they tell you to take a snap and come pick up your package, take it to its destination, and deliver it. Only if you are very lucky and they answer the phone!",a year ago
Tipax,تیپاکس صفائیه یزد,google_maps,NULL,Other,other,High,Negative,1.0,"They sent me a package from Tehran with a lot of requests from the company. Tipax called me several times. When I called them, they said come and pick it up. When I went, they said we should send it to the company, even though they hadn't sent it yet.",2 years ago
Tipax,تیپاکس صفائیه یزد,google_maps,NULL,Other,other,High,Negative,1.0,"This is one of the most disorganized and irresponsible branches of Tipax!!! I wish Tipax would supervise this branch!! They should be open on the 5th of April, but they don't seem to be!!!",a year ago
Tipax,تیپاکس صفائیه یزد,google_maps,NULL,Other,other,High,Negative,1.0,"Without specifying the Yazd provincial office, the phone is never answered. Friends, please do not deliver to Pasdar Boulevard, otherwise all the belongings will be stolen.",a year ago
Tipax,تیپاکس صفائیه یزد,google_maps,NULL,Other,other,High,Negative,1.0,"Failure to deliver the shipment and failure to contact the recipient's address for delivery, and failure to respond or answer the phone.",2 years ago
Tipax,تیپاکس صفائیه یزد,google_maps,NULL,Other,other,High,Negative,1.0,"It's awful that you charge so much money, and in the end we have to go and get our package ourselves, you're going to lock the door.",2 years ago
Tipax,تیپاکس صفائیه یزد,google_maps,NULL,Other,other,High,Negative,1.0,"Tipax Safaiyeh is useless, they charge so much money, then you have to go look for a remedy.",a year ago
Tipax,تیپاکس صفائیه یزد,google_maps,NULL,Other,other,High,Negative,1.0,Literally awful What promise of receiving the package? Wednesday sent from Tehran …,3 years ago
Tipax,تیپاکس صفائیه یزد,google_maps,NULL,Other,other,High,Negative,1.0,Ridiculous branch... seal the door.,a year ago
Tipax,تیپاکس کارمانیا( ۹),google_maps,NULL,Other,other,High,Negative,1.0,"It says here that they are open until 1:30, but they don't open until 1:00. They don't even offer home delivery.",a month ago
Tipax,تیپاکس الغدیر کرمان,google_maps,NULL,Other,other,High,Negative,1.0,They don't send packages at all and return them themselves. I am not satisfied with this branch at all.,a month ago
Tipax,تیپاکس الغدیر کرمان,google_maps,NULL,Mobile App,app_issue,High,Negative,1.0,"Disorganized, inappropriate and irresponsible behavior, they took our package and are not accountable.",4 years ago
Tipax,تیپاکس الغدیر کرمان,google_maps,NULL,Staff Behavior,staff_behavior,High,Negative,1.0,"They are busier than their employees, especially the Abuzar branch.",3 years ago
Tipax,تیپاکس الغدیر کرمان,google_maps,NULL,Other,other,High,Negative,1.0,There is no place more luxurious than Tipax Kerman.,3 years ago
Tipax,تیپاکس الغدیر کرمان,google_maps,NULL,Other,other,Medium,Negative,2.0,not any response and no one answered the calls.,2 years ago
Tipax,تیپاکس الغدیر کرمان,google_maps,NULL,Other,other,High,Negative,1.0,It was closed during business hours.,3 years ago
Tipax,تیپاکس نگارخانه,google_maps,NULL,Other,other,High,Negative,1.0,"They used to be good at first, but now they are extremely bad at promises and irresponsible. They hold orders for several days before they arrive or don't arrive at all. You have to go and get them yourself. They are also people's creditors, and it is not our job to deliver them to your door. I also left a contact number, God is always busy, but they don't answer the phone.",7 months ago
Tipax,تیپاکس نگارخانه,google_maps,NULL,Pricing,price,High,Negative,1.0,"Very ridiculous, they don't lock the door, then they charge double the price and don't even answer the phone.",5 months ago
Tipax,تیپاکس مهدیه,google_maps,NULL,Other,other,Medium,Negative,2.0,Awful 🤢🤢🤢🤢🤢 …,a year ago
Tipax,تیپاکس تعاون,google_maps,NULL,Staff Behavior,staff_behavior,High,Negative,1.0,"The courier rudely took a small amount as a tip when he swiped the card and after entering the new password, said, ""I did this.""",2 weeks ago
Tipax,تیپاکس ۲,google_maps,NULL,Mobile App,app_issue,High,Negative,1.0,"Never, ever work with Tipax. Respect yourself, don't work with Tipax. Every time I sent a package with Tipax, the delivery agent was so lazy that he didn't call or ring the doorbell to deliver the package. Once I went to Tipax to send a letter, I was met with a brutal and disgusting treatment from the clerk. They tried to force me to sell me a package when I had one myself because I didn't have money with me. They insulted me and dragged the delivery agent out to fight, who was cursing and shouting in the street. I called the Tipax center to complain. All they told me was that they were sorry it happened this way.",Edited 3 years ago
Tipax,تیپاکس ۲,google_maps,NULL,Pricing,price,High,Negative,1.0,"Tipax Hamedan's distribution agents either don't deliver the package and you have to pick it up yourself, or if they do, they ask you to pay extra as a courier. If you complain to the Tipax center, they say, ""Don't pay the extra fee."" …",4 years ago
Tipax,تیپاکس ۲,google_maps,NULL,Other,other,High,Negative,1.0,"Their work is terrible. After two weeks of being a loser, you have to go get your package yourself.",5 years ago
Tipax,تیپاکس ۲,google_maps,NULL,Other,other,Medium,Negative,2.0,I am not satisfied. Postal service is better.,2 years ago
Tipax,تیپاکس ۲,google_maps,NULL,Other,other,High,Negative,1.0,Bad promise.,4 years ago
Tipax,سرپرستی تیپاکس همدان,google_maps,همدان,Other,other,High,Negative,1.0,God damn it.......,9 months ago
Tipax,سرپرستی تیپاکس همدان,google_maps,همدان,Other,other,High,Negative,1.0,Disgusting,3 years ago
Tipax,تیپاکس قم نبوت,google_maps,یزد,Staff Behavior,staff_behavior,High,Negative,1.0,"It's been three days since my package arrived at the Region 2 agency, but they still haven't delivered it. They're charging the highest price and are being very rude.",2 weeks ago
Tipax,تیپاکس قم نبوت,google_maps,یزد,Other,other,High,Negative,1.0,"You bastard, you take money every time you take money. We have to come and get our package ourselves.",2 years ago
Tipax,تیپاکس قم نبوت,google_maps,یزد,Other,other,High,Negative,1.0,"Why are you posting a fake address? If you move, correct the address. People aren't kidding you.",a year ago
Tipax,تیپاکس قم نبوت,google_maps,یزد,Other,other,High,Negative,1.0,This is not a Tipax office. The information on the record is misleading. This is a post office.,a year ago
Tipax,تیپاکس قم نبوت,google_maps,یزد,Other,other,High,Negative,1.0,I have never seen more rubbish than this Tipax in my life A complete disgrace,2 years ago
Tipax,تیپاکس قم نبوت,google_maps,یزد,Other,other,High,Negative,1.0,Time-consuming garbage with no response. What can I really say about it?,2 years ago
Tipax,تیپاکس قم نبوت,google_maps,یزد,Other,other,High,Negative,1.0,Disgrace Take a board and go to your house.,3 years ago
Tipax,تیپاکس قم نبوت,google_maps,یزد,Other,other,High,Negative,1.0,Extremely selfish,a year ago
Tipax,تیپاکس کلهری,google_maps,NULL,Staff Behavior,staff_behavior,High,Negative,1.0,"It has the rudest and most condescending employees. I had two summers. I sent two of them four messages of no-show, meaning they came four times while they didn't come even once. I went to ask them in person. They handed it over to me with complete disrespect. I also paid 100 tomans in Snub money, in addition to the rent we paid, plus you're annoying me and complaining a hundred times. He just called me a liar. Why did I say my package arrived at the branch in five days, when it arrived in four? I told him in his complaint that the head office told me it arrived in five days. I don't know why Tipax doesn't come and read the reviews and see what a terrible branch they have.",2 months ago
Tipax,تیپاکس کلهری,google_maps,NULL,Tracking,tracking,High,Negative,1.0,"Hello. I have never seen anything like this before,, what kind of work model is this,, have some order, value the customer's work, today is the third day since I delivered the package,,, you still haven't sent a tracking number to the …",7 months ago
Tipax,تیپاکس کلهری,google_maps,NULL,Delay,delivery_delay,High,Negative,1.0,"I have never seen a more ignorant, trashy, and rude group of people than this Tipax in Qom. They are so rude and ignorant, they delay work so much, they are not responsive, and no one is responsive.",7 months ago
Tipax,تیپاکس کلهری,google_maps,NULL,Other,other,High,Negative,1.0,"Hello, I didn't receive a T-box message or a call. I went to look for the package I sent. If I wanted to do this, I would have sent it by post. I will. Please take better care of your work.",11 months ago
Tipax,تیپاکس کلهری,google_maps,NULL,Other,other,High,Negative,1.0,Really awful They say the recipient is not present and return the package without going to the destination address. …,5 months ago
Tipax,تیپاکس کلهری,google_maps,NULL,Other,other,High,Negative,1.0,I went to Tipax and the Kalhari agency!!!,8 months ago
Tipax,تیپاکس کلهری,google_maps,NULL,Other,other,High,Negative,1.0,Bad,a month ago
Tipax,مرکزی تیپاکس تهران,google_maps,تهران,Delay,delivery_delay,High,Negative,1.0,"The WORST experience one might have😞😡!!! DELAYED and RUDE service!!! I encountered tipax because two of my online shoppings were sent to me by this service. In both cases, I could have my packs after calling the tipax center. For the second experience, I had to call the tipax center and their representative of Kerman Abouzar several times. No apology for their irresponsibility, but very impolite and unpleasant delivery!!! Even the minimum 1 star is too much.",3 years ago
Tipax,مرکزی تیپاکس تهران,google_maps,تهران,Delay,delivery_delay,High,Negative,1.0,"It's really a shame. I paid a lot of money to have it packaged safely and delivered quickly, but it was delivered late and the packaging was terrible. They glued one piece of each carton together to bring me the items. They were also in the carton and they were damaged due to pressure. I'll post a photo for you.",3 years ago
Tipax,مرکزی تیپاکس تهران,google_maps,تهران,Other,other,High,Negative,1.0,"The answer, which I won't even mention, is that there is a number that says no one is answering at all, they just leave a number for the sake of being there. Another new and interesting discovery is that they charge a fare in the city, if …",5 years ago
Tipax,مرکزی تیپاکس تهران,google_maps,تهران,Other,other,High,Negative,1.0,"Do not use Tipax at all. They have not sent my package for 5 days. I say cancel, I want to give you the address, I will come and pick up my package, they say it is not possible, an expert must follow up. …",5 years ago
Tipax,مرکزی تیپاکس تهران,google_maps,تهران,Other,other,High,Negative,1.0,Sending me packages with Tipax two or three times is enough for my 7 bucks. Get close to Tipax and you'll be stressed and nervous for a long time.,4 years ago
Tipax,مرکزی تیپاکس تهران,google_maps,تهران,Other,other,High,Negative,1.0,"Awful, irresponsible, you have to pick up the goods yourself from their office, even if you follow up, they will say they will refund you.",3 years ago
Tipax,مرکزی تیپاکس تهران,google_maps,تهران,Delay,delivery_delay,High,Negative,1.0,"Very poor and slow service, to the point that orders from Tehran to Tehran with a 15-minute interval are delivered after 4 days.",5 years ago
Tipax,مرکزی تیپاکس تهران,google_maps,تهران,Other,other,High,Negative,1.0,Disgusting Officially stealing takes a month to deliver a package,3 years ago
Tipax,مرکزی تیپاکس تهران,google_maps,تهران,Delay,delivery_delay,High,Negative,1.0,The package gets lost.. or arrives late or is damaged..,5 years ago
Tipax,تیپاکس خرم آباد کیو,google_maps,NULL,Other,other,High,Negative,1.0,"They behave very badly, thinking they are smart. They don't even bring orders to your door. They say come to the office and pick them up. Unfortunately, they attribute this to their own smartness. No, sir. You misunderstood. It's not smartness.",11 months ago
Tipax,تیپاکس خرم آباد کیو,google_maps,NULL,Pricing,price,High,Negative,1.0,"I mean, they're making me feel bad. If I could, I would change my city. I'm so jealous of these people.",3 years ago
Tipax,تیپاکس خرم آباد کیو,google_maps,NULL,Other,other,High,Negative,1.0,"They don't even bring the package to the door, they just say ""we came"" but you don't open it.",7 months ago
Tipax,تیپاکس خرم آباد کیو,google_maps,NULL,Delay,delivery_delay,High,Negative,1.0,"Terrible service, delay in delivery of the parcel.",10 months ago
Tipax,تیپاکس خرم آباد کیو,google_maps,NULL,Other,other,Medium,Negative,5.0,"Very bad, ill-mannered and disorganized",3 years ago
Tipax,تیپاکس خرم آباد افلاک,google_maps,ری,Other,other,High,Negative,1.0,"Every time, they say you have to come to the company to deliver it, under the pretext that you gave the office address and it's not office time, and if you don't go, they'll call you back, so I complained to them.",11 months ago
Tipax,تیپاکس خرم آباد افلاک,google_maps,ری,Other,other,High,Negative,1.0,Why do you charge postage when we can pick it up from the office ourselves?,11 months ago
Tipax,تیپاکس ( مرکزی اهواز)(سه راه خرمشهر، رو به روی بانک ملت),google_maps,NULL,Mobile App,app_issue,High,Negative,1.0,It's a complete crappy company with very poor service and very expensive. Customer service is not important to them at all.,a year ago
Tipax,تیپاکس ( مرکزی اهواز)(سه راه خرمشهر، رو به روی بانک ملت),google_maps,NULL,Other,other,High,Negative,1.0,"The worst option for sending a parcel My package arrived in Ahvaz in ten days, but it is not clear where it is.",3 years ago
Tipax,تیپاکس ( مرکزی اهواز)(سه راه خرمشهر، رو به روی بانک ملت),google_maps,NULL,Other,other,High,Negative,1.0,"Weak, irresponsible, unresponsive, bad behavior, and arrogant. A thousand blessings to the bus drivers.",2 years ago
Tipax,تیپاکس ( مرکزی اهواز)(سه راه خرمشهر، رو به روی بانک ملت),google_maps,NULL,Other,other,High,Negative,1.0,"The worst tipax is no follow-up, nothing. The best thing is just a tipax post, it's useless.",6 months ago
Tipax,تیپاکس ( مرکزی اهواز)(سه راه خرمشهر، رو به روی بانک ملت),google_maps,NULL,Other,other,High,Negative,1.0,"They don't answer, they don't follow up...nothing.",2 years ago
Tipax,تیپاکس ( مرکزی اهواز)(سه راه خرمشهر، رو به روی بانک ملت),google_maps,NULL,Other,other,High,Negative,1.0,"He has no companions, no one is accountable.",2 years ago
Tipax,تیپاکس ( مرکزی اهواز)(سه راه خرمشهر، رو به روی بانک ملت),google_maps,NULL,Other,other,Medium,Negative,2.0,They don't know basic of customer services,3 years ago
Tipax,تیپاکس ( مرکزی اهواز)(سه راه خرمشهر، رو به روی بانک ملت),google_maps,NULL,Other,other,High,Negative,1.0,The worst postal company is Tipakse.,3 years ago
Tipax,تیپاکس ( مرکزی اهواز)(سه راه خرمشهر، رو به روی بانک ملت),google_maps,NULL,Other,other,High,Negative,1.0,🌹 …,3 years ago
Tipax,تیپاکس فرهنگ شهر,google_maps,اهواز,Other,other,High,Negative,1.0,"Unfortunately, some drivers don't coordinate beforehand and don't have the patience for 2 or 3 minutes.",8 months ago
Tipax,تیپاکس 3اهواز,google_maps,NULL,Other,other,High,Negative,1.0,"Such a branch does not exist, or perhaps such a branch was here before and has already collected it. Don't waste your time and go to the city center to send a package, including Chapar, on Kafi Street, near Katanbaf.",7 months ago
Tipax,تیپاکس 3اهواز,google_maps,NULL,Other,other,High,Negative,1.0,They are not responsive and have left no way of communication.,5 years ago
Tipax,tippax ahwaz تیپاکس اهواز غرب کارون,google_maps,NULL,Mobile App,app_issue,High,Negative,1.0,"Sooooooooooooo bad, I'm really sorry for them. So many people are unhappy. I don't know if they even care. My package arrived in Ahvaz. It had to go to a city that didn't have Tipax. I really needed it. They didn't call me to tell me what to do with it. They sent it back to Tehran. Then they called me and said we returned it. 😶😶😶😶 …",6 years ago
Tipax,tippax ahwaz تیپاکس اهواز غرب کارون,google_maps,NULL,Mobile App,app_issue,High,Negative,1.0,"The package has been in Ahvaz for three days, but no one has picked it up yet. They never answer the phone. Damn this crappy system of theirs. It feels like I have to drive all the way to pick it up myself. I'm wasting the 30 tomans I paid for the delivery. By the way, their slogan is ""door to door!!!!""",7 years ago
Tipax,tippax ahwaz تیپاکس اهواز غرب کارون,google_maps,NULL,Other,other,High,Negative,1.0,"The best way is to post it yourself. Please don't let these scam companies take your money and laugh at your beard. For God's sake, don't send the package yourself with Tipax, or have them send it to you with Tipax. Tell everyone else not to use Tipax (disgraceful, shameless",a year ago
Tipax,tippax ahwaz تیپاکس اهواز غرب کارون,google_maps,NULL,Other,other,High,Negative,1.0,"Take a look at the offices in other cities in Iran and see what you can find. In fact, each of them should be used for your public relations. The lady in the office responds as if she bought this package for you herself and now regrets giving you the gift. I'm really sorry.",6 years ago
Tipax,tippax ahwaz تیپاکس اهواز غرب کارون,google_maps,NULL,Other,other,High,Negative,1.0,"I've had a package from Tehran for over a week now, but I still haven't received it. My package is a sewing machine that I paid 2 million for. There's still no news of it. God forbid you play with people's money and money. What should I do now?",6 years ago
Tipax,tippax ahwaz تیپاکس اهواز غرب کارون,google_maps,NULL,Other,other,High,Negative,1.0,"Hello, they don't deliver the package on time, they don't respond. I went in person to deliver the package to the post office, what did they do? It took two days for it to arrive, and they never respond.",a year ago
Tipax,tippax ahwaz تیپاکس اهواز غرب کارون,google_maps,NULL,Mobile App,app_issue,High,Negative,1.0,"It's so awful, they really got on my nerves. I've been holding back for days. They keep sending messages saying that it will be delivered in the next 24 hours due to the delay, and nothing happens.",a year ago
Tipax,tippax ahwaz تیپاکس اهواز غرب کارون,google_maps,NULL,Other,other,High,Negative,1.0,"It's a shame that they haven't sent the package for three days now, and the seller (mester-abzar) isn't responding. Tipax is really a scammer. I will never use Tipax again.",3 months ago
Tipax,تیپاکس اهواز سه,google_maps,9P2H+P63,Staff Behavior,staff_behavior,High,Negative,1.0,"Ahvaz Zeytun representative is a very uneducated, irresponsible, and fraudulent employee. They want to get extra money from the customer by any means, even by packing the package unnecessarily Especially the rude and impolite secretary who is a woman who is not known where they found her on 1400/03/22 Friends, be sure to specify which branch the delivery location is when receiving the package - the staff of this branch are very impersonal and extremely rude - it is better not to choose - and that the opinions of friends who have written here in the past are completely correct and based on reality - and my opinion is also based on comparing the treatment of other branches with the Koy Mellat branch - I hope that this branch's points will be taken away from them as soon as possible",5 years ago
Tipax,تیپاکس اهواز سه,google_maps,9P2H+P63,Other,other,High,Negative,1.0,"Disgusting, one star is too much My client's package has been sitting in their office for four days, you who are forced to send it, at least call them to come pick it up, God forbid you charge me for it, irresponsible in every sense",3 years ago
Tipax,تیپاکس اهواز سه,google_maps,9P2H+P63,Pricing,price,High,Negative,1.0,I feel sorry for myself for sending a package with this company without a dropshipper.,5 years ago
Tipax,تیپاکس اهواز سه,google_maps,9P2H+P63,Other,other,High,Negative,1.0,They don't answer the phone during their working hours.,2 years ago
Tipax,تیپاکس اهواز سه,google_maps,9P2H+P63,Other,other,High,Negative,1.0,Disrespectful behavior towards customers,a year ago
Tipax,تیپاکس اهواز سه,google_maps,9P2H+P63,Other,other,High,Negative,1.0,They are very disorganized.,3 years ago
Tipax,تیپاکس اهواز سه,google_maps,9P2H+P63,Other,other,High,Negative,1.0,Garbage,3 years ago
Tipax,تیپاکس سرپرستی اهواز,google_maps,NULL,Other,other,High,Negative,1.0,The worst Tipax branch,a year ago
Tipax,تیپاکس کوی نفت,google_maps,NULL,Other,other,High,Negative,1.0,"Very very poor I called several times, unfortunately no one answered. I called other branches of Tipax. They answered the phone immediately and spoke with a pleasant face. It is really unfortunate that they did not answer the call even once. I hope the situation is addressed.",a year ago
Tipax,تیپاکس کوی نفت,google_maps,NULL,Other,other,High,Negative,1.0,Horrible! Unscrupulous and irresponsible! My package was delivered without even posting it on their website!!!!,10 months ago
Tipax,تیپاکس کوی نفت,google_maps,NULL,Other,other,High,Negative,1.0,It's impossible to call a Tipax representative in Ahvaz and have them answer.,6 months ago
Tipax,تیپاکس کوی نفت,google_maps,NULL,Other,other,Medium,Negative,2.0,They are not responsive at all. Please take care of it.,a year ago
Tipax,تیپاکس کوی نفت,google_maps,NULL,Other,other,High,Negative,1.0,They are not responsible at all. Too irresponsible.,a year ago
Tipax,تیپاکس کوی نفت,google_maps,NULL,Other,other,High,Negative,1.0,You are irresponsible and unscrupulous.,a year ago
Tipax,تیپاکس کوی نفت,google_maps,NULL,Staff Behavior,staff_behavior,High,Negative,1.0,So rude and irresponsible,8 months ago
Tipax,تیپاکس زیتون کارگری,google_maps,NULL,Staff Behavior,staff_behavior,High,Negative,1.0,"It's a disgrace, I said it all. If you don't care about your packages, throw them in the well. It's better to take them to this branch. They broke more than 10 packages from me, lost them, or sent them to the wrong destination. The branch's support staff is weak and unresponsive. In short, go to the terminal, go to the post office, wherever you go, don't go more than 10 kilometers from this branch.",2 years ago
Tipax,تیپاکس زیتون کارگری,google_maps,NULL,Other,other,High,Negative,1.0,"The most ridiculous tip I've ever seen, sitting at the head of his chair, he left a message saying that the package was returned due to your absence. Well, tell me you should have called. If you're telling the truth, we pay the fare so that …",2 years ago
Tipax,تیپاکس زیتون کارگری,google_maps,NULL,Other,other,High,Negative,1.0,"I had a package last summer, and it hasn't arrived in a month. I came all the way from home to your center with Snap, and I paid for it. A lady didn't give me the package, saying it was an agent's. After it didn't arrive for 15 days, I …",2 years ago
Tipax,تیپاکس زیتون کارگری,google_maps,NULL,Damaged Package,package_damage,High,Negative,1.0,"They delivered the car, broken down, dirty, and charged me an extra fee.",10 months ago
Tipax,تیپاکس زیتون کارگری,google_maps,NULL,Other,other,High,Negative,1.0,"Nonsense, liars, they say we came, but you weren't hungry and useless.",a year ago
Tipax,تیپاکس زیتون کارگری,google_maps,NULL,Other,other,High,Negative,1.0,"It's so bad and boring, it's awful.",3 years ago
Tipax,تیپاکس زیتون کارگری,google_maps,NULL,Other,other,High,Negative,1.0,More curtains,2 years ago
Tipax,تیپاکس کیان آباد_وهابی,google_maps,NULL,Other,other,High,Negative,1.0,Useless post.,2 years ago
Tipax,تیپاکس پاداد,google_maps,NULL,Other,other,High,Negative,1.0,Very bad service. Charged extra and out of the ordinary.,2 years ago
Tipax,تیپاکس پاداد,google_maps,NULL,Other,other,High,Negative,1.0,Very very bad experience. A total mistake.,11 months ago
Tipax,تیپاکس پادادشهر,google_maps,Ahvaz، ‫معلم غربی، 7MRR+6R7,Other,other,High,Negative,1.0,Disgusting,a month ago
Tipax,تیپاکس دزفول کمیل,google_maps,دزفول,Other,other,High,Negative,1.0,They deliver the package to the door but don't contact the recipient to arrange for it to be delivered to the door. Tipax's performance is really terrible and poor.,a year ago
Tipax,Mahshahr,google_maps,Bandar-e Mahshahr، فاز 4، بوستان ششم غربی,Other,other,High,Negative,1.0,"It's awful, his troops are all getting extra money for delivering packages, as if they're demanding their father's inheritance from us.",3 years ago
Tipax,Mahshahr,google_maps,Bandar-e Mahshahr، فاز 4، بوستان ششم غربی,Other,other,High,Negative,1.0,"Like most government agencies in the country, they are not responsive. The phone is out of reach from abroad.",a year ago
Tipax,Mahshahr,google_maps,Bandar-e Mahshahr، فاز 4، بوستان ششم غربی,Customer Support,support,High,Negative,1.0,Disgusting The package arrived in three days and they don't deliver it Tipax support doesn't follow up,11 months ago
Tipax,Mahshahr,google_maps,Bandar-e Mahshahr، فاز 4، بوستان ششم غربی,Other,other,High,Negative,1.0,"I'm sorry, Tipax, even the agencies that call are not responding, it's turned off.",a year ago
Tipax,پست تیپاکس کوروش,google_maps,NULL,Other,other,High,Negative,1.0,"Really weaker than Tipax Ahvaz, I don't think there is anywhere.",a year ago
Tipax,پست تیپاکس کوروش,google_maps,NULL,Other,other,High,Negative,1.0,The worst post you can find.,a year ago
Tipax,تیپاکس خرمشهر,google_maps,فردوس,Staff Behavior,staff_behavior,High,Negative,1.0,"The most impersonal, ignorant, and unprofessional Tipak I have ever seen. The Khorramshahr branch on Ferdowsi Street They do not deliver the package to the destination. You have to go and pick it up yourself Call them and they respond in a demanding manner They are zero customer-oriented From the secretary to the gentlemen The office management is extremely rude The secretary says I don't have the patience or the nerve to answer. They also hang up the phone The staff brutally pick up people's trust packages that are scattered on the floor and throw them at you. They don't care at all that the packages are trusts. They don't care if their credibility is questioned. In short, you either have to remain silent or if you protest, you will face physical violence and be thrown out. They also throw people's packages on the floor in hot weather, in a sloppy and irregular manner. Their office is extremely dirty and disorganized. The staff has no knowledge of labor laws, customer rights, or response etiquette. They only came to get paid, nothing else matters to them. They had several calls in front of me complaining, and after the call ended, they laughed and mocked the customer.",2 years ago
Tipax,تیپاکس خرمشهر,google_maps,فردوس,Staff Behavior,staff_behavior,High,Negative,1.0,"Unfortunately, all employees of Tipax Khorramshahr, especially the management of the complex, are uneducated, impolite, irresponsible and impersonal individuals and never respond properly and provide very, very poor service. The delivery agents also do not know the addresses and quickly return the packages and you have to go and find the packages yourself among the packages and receive them. If possible, do not leave your packages with this complex and report the poor service of this complex by filing a complaint with the Tipax customer relations department so that they can either improve their services or shut them down altogether.",a year ago
Tipax,تیپاکس خرمشهر,google_maps,فردوس,Other,other,High,Negative,1.0,"They don't deliver the packages to their destination at all, they send messages to come and pick them up yourself, and if we don't go to their office to pick them up, they put it in the system and say the customer wasn't responsive and they return them!! Zero intelligence, personality, and commitment! I reported to Tipax many times but to no avail",10 months ago
Tipax,تیپاکس خرمشهر,google_maps,فردوس,Other,other,High,Negative,1.0,"First, they selectively deliver packages to more distant addresses, saying, ""We don't have delivery, come to the office and pick it up."" I have the SMS messages they sent, come and pick it up on my phone. Can't Tipax have delivery to the destination, and they say they won't charge for it?",a year ago
Tipax,تیپاکس خرمشهر,google_maps,فردوس,Other,other,High,Negative,1.0,"I closed it, it had been a few days, they didn't call me until I wanted to return the package. They called me from the same place I ordered it from. Then I called them myself, but they answered, I'm not satisfied at all.",5 years ago
Tipax,تیپاکس خرمشهر,google_maps,فردوس,Staff Behavior,staff_behavior,High,Negative,1.0,"Disgusting, disgusting, disgusting, and uncaring!!! Rude and uncultured! Instead of delivering the package to the customer, they tell them to come pick it up themselves or they will return it! Morality is zero!",2 years ago
Tipax,تیپاکس خرمشهر,google_maps,فردوس,Other,other,High,Negative,1.0,It's really a shame. I sent a package and it didn't arrive in 4 days. It went to a different city by mistake. It would have been better if I had sent it by bus. Then no one is responsible.,6 years ago
Tipax,تیپاکس خرمشهر,google_maps,فردوس,Staff Behavior,staff_behavior,High,Negative,1.0,"Rude, disrespectful, just because they are Kurdish, they reject Mordad, characterless, completely disorganized.",a year ago
Tipax,behbahan,google_maps,NULL,Other,other,High,Negative,1.0,"When you're in a hurry, you give the package to Tipax, but Tipax Behbahan never brings the package to you. You either have to call and argue, or go in person to pick up the package after a few days of having it in their hands. They're very irresponsible.",6 years ago
Tipax,behbahan,google_maps,NULL,Other,other,High,Negative,1.0,You have the most disorganized and irresponsible branch in the entire country. You haven't delivered a 48-hour package for a week now.,6 years ago
Tipax,behbahan,google_maps,NULL,Other,other,Medium,Negative,2.0,"They didn't respond well. Our package was stuck there, and no matter how many times we called from Tehran, they didn't answer.",6 years ago
Tipax,behbahan,google_maps,NULL,Staff Behavior,staff_behavior,High,Negative,1.0,"Wrong address, blocked phone, worst postal service company in the world, most irresponsible staff in the entire world.",2 years ago
Tipax,behbahan,google_maps,NULL,Other,other,High,Negative,1.0,"A package was sent to me from Zahedan on August 26th, and I received it on August 3rd. This means it took 6 days.",6 years ago
Tipax,behbahan,google_maps,NULL,Other,other,High,Negative,1.0,"The website says it's open until 10:30 PM, but it's closed. I came all the way, but it was closed.",a year ago
Tipax,behbahan,google_maps,NULL,Other,other,High,Negative,1.0,The weakest branch is Tipaxe. They are not responsive at all. It takes two weeks to deliver.,6 years ago
Tipax,behbahan,google_maps,NULL,Other,other,High,Negative,1.0,Give them service The numbers they put up for calling are not correct.,5 years ago
Tipax,behbahan,google_maps,NULL,Pricing,price,High,Negative,1.0,I'm sick of the way they work. Their fees are not halal.,5 years ago
Tipax,Izeh agency,google_maps,ایذه,Other,other,High,Negative,1.0,"T-Box Izeh branch, Basij Sub-Zafar intersection, the package arrived a few days ago, but their office does not deliver it. We call them and the office does not answer. The management's mobile phone is always either turned off or, if it is on, it beeps and does not answer.",8 months ago
Tipax,Izeh agency,google_maps,ایذه,Other,other,High,Negative,1.0,"My package hasn't been delivered for a few days now. It's really awful. I knew I would have sent the package. When they can't manage it, why are they making fun of people? My phone is turned off.",9 months ago
Tipax,Izeh agency,google_maps,ایذه,Other,other,High,Negative,1.0,"The phone number is never answered. I have to visit several times. The working hours are not respected. Overall, very poor.",2 years ago
Tipax,Izeh agency,google_maps,ایذه,Other,other,High,Negative,1.0,My most horrible package arrived four days ago and has not been delivered. I call and no one answers.,3 years ago
Tipax,Izeh agency,google_maps,ایذه,Other,other,High,Negative,1.0,😡 …,a year ago
Tipax,تیپاکس گتوند,google_maps,NULL,Mobile App,app_issue,High,Negative,1.0,My package here is badly damaged because they didn't pack it properly ❌ Their behavior is also very inappropriate 👎 …,2 years ago
Tipax,تیپاکس گتوند,google_maps,NULL,Staff Behavior,staff_behavior,Medium,Negative,2.0,"The staff is polite and nice, but Tipax's performance in delivering on time is terrible.",a year ago
Tipax,تیپاکس گتوند,google_maps,NULL,Mobile App,app_issue,High,Negative,1.0,Inappropriate and very bad behavior and attitude of the staff 👎 …,3 years ago
Tipax,تیپاکس گتوند,google_maps,NULL,Damaged Package,package_damage,High,Negative,1.0,The package I sent from Tehran was damaged here.,3 years ago
Tipax,تیپاکس بندر امام خمینی,google_maps,NULL,Other,other,High,Negative,1.0,"It's terrible, I haven't received my package for almost 20 days now. I call them and they say, ""The package has been at the port for 3 days now, but it hasn't been delivered to me."" What's the situation? This is the first and last time I'm sending a package. Handling: terrible. Responder: terrible. Handling complaints; terrible. Everything is terrible.",5 years ago
Tipax,تیپاکس بندر امام خمینی,google_maps,NULL,Other,other,High,Negative,1.0,They don't answer the phone and they're not there during the day as if there's no taxi …,Edited 5 years ago
Tipax,تیپاکس بندر امام خمینی,google_maps,NULL,Other,other,High,Negative,1.0,Disgusting,5 years ago
Tipax,تیپاکس رامهرمز,google_maps,NULL,Other,other,High,Negative,1.0,"Really irresponsible and disorganized. After ten days, our package arrived at the customer's hands. They don't answer the phone or anything. After complaining to T-Pax Tehran, our problem was solved. They are really weak and disorganized.",2 years ago
Tipax,تیپاکس رامهرمز,google_maps,NULL,Other,other,High,Negative,1.0,"Irresponsible, undisciplined and a liar.. My package arrived after 35 days..If it had arrived 2 days after sending, Tipax Ramhormoz..I broke it myself and went to get the news and saw that the package …",2 years ago
Tipax,تیپاکس رامهرمز,google_maps,NULL,Staff Behavior,staff_behavior,High,Negative,1.0,"Extremely irresponsible.. It took exactly 8 days for my package to arrive. The phone was not answered at all, it kept ringing, they kept picking up and hanging up, very impersonal and rude …",2 years ago
Tipax,تیپاکس بوشهر,google_maps,NULL,Delay,delivery_delay,High,Negative,1.0,"In the name of God First the bigwigs eat the people's money, then Tipax eats the people's money You can call them, they won't answer Both branches in Bushehr are irresponsible They don't think about themselves or their families As if we are their customers They take my money and then don't pay it on time They either pay it late or expect us to go to their place They just want to give it to their place As if they don't want to give it to us, we have to force them to give it to them May God not spare them for the 5 people We left, worried, thinking about others May God be with you and protect you Oh God",5 years ago
Tipax,تیپاکس بوشهر,google_maps,NULL,Delay,delivery_delay,High,Negative,1.0,"It's a disgrace and the height of irresponsibility, even when it comes later, they finally say, ""Come and get it yourself!"" They have no honor, the phones are all switched off. If the Tehran head office had cared, they would have taken action and taken the agency away from them.",5 years ago
Tipax,تیپاکس بوشهر,google_maps,NULL,Other,other,High,Negative,1.0,"I'm really not satisfied. Very disorganized and irresponsible. They don't answer the phone at all. My product arrived yesterday, but I didn't follow up until the next day. I'm really sorry.",6 years ago
Tipax,تیپاکس بوشهر,google_maps,NULL,Other,other,High,Negative,1.0,"Awful, awful. A sensitive plant takes two days to arrive from Tehran to Bushehr, but it stays in the Bushehr branch for three days. Then I have to go and pick up the package myself.",4 years ago
Tipax,تیپاکس بوشهر,google_maps,NULL,Other,other,High,Negative,1.0,They don't answer their phones at all and you really don't know how to find out about the weather and when they will arrive.,6 years ago
Tipax,تیپاکس بوشهر,google_maps,NULL,Other,other,High,Negative,1.0,I really haven't seen a more thorough Tipaxe than this branch. It made me stop working with Tipaxe altogether.,5 years ago
Tipax,تیپاکس بوشهر,google_maps,NULL,Staff Behavior,staff_behavior,High,Negative,1.0,They are very irresponsible and rude.,6 years ago
Tipax,تیپاکس بوشهر,google_maps,NULL,Other,other,High,Negative,1.0,No discipline in office,5 years ago
Tipax,تیپاکس بوشهر سلمان فارسی,google_maps,NULL,Other,other,High,Negative,1.0,"Tipax in Bushehr has no phone number, no one to answer the phone, no driver to deliver our packages, and it is not clear exactly where its main branch is, so that we at least know where to pick up our packages ourselves. I went to the office in Bagh Zahra, at the end of the fire station, and they left from there without giving an address for people to go. It has three centers in Bushehr, and we do not know which of them is responsible for the customers.",3 years ago
Tipax,تیپاکس بوشهر سلمان فارسی,google_maps,NULL,Mobile App,app_issue,High,Negative,2.0,"I haven't used Tipax's services yet, but many people were unhappy. Those 2 photos were old and related to Tipax in Rishar, which is now closed. I updated it for you and posted photos of its new location.",3 years ago
Tipax,تیپاکس بوشهر سلمان فارسی,google_maps,NULL,Other,other,High,Negative,1.0,"Hello, the package was sent from Fasa 16 and has been delivered to Tipax Bushehr since yesterday, but no action has been taken to deliver the package to its destination. Please follow up.",3 years ago
Tipax,تیپاکس بوشهر سلمان فارسی,google_maps,NULL,Other,other,High,Negative,1.0,"Too bad the package arrived 2 weeks ago, they didn't even call to come pick it up. I was following up on it myself until I picked it up.",3 years ago
Tipax,تیپاکس بوشهر سلمان فارسی,google_maps,NULL,Other,other,High,Negative,1.0,"It's like you're sick, you're not answering your phone. It won't take less than 12 days to trust people, you should be ashamed.",3 years ago
Tipax,تیپاکس بوشهر سلمان فارسی,google_maps,NULL,Other,other,High,Negative,1.0,They are not present in this place.,4 years ago
Tipax,(Branch No.1 of BandarAbbas),google_maps,ری,Pricing,price,High,Negative,1.0,"My package has been in the port for two weeks now, but they won't send it. It's been there for a while. Then they say it's not working. It's been 14 days. In addition to that, other places used to charge 100 to 150. Now it costs 380. Sir, you got 380. It's been 14 days. Where is my package?",11 months ago
Tipax,(Branch No.1 of BandarAbbas),google_maps,ری,Pricing,price,High,Negative,1.0,The shipment that came to me from Tehran to Bandar Abbas was really expensive. Three ten-kilogram cartons that used to be delivered by carriers for fifty thousand tomans were charged by Tipax one million and five hundred thousand tomans. Tipax is using its name to empty people's pockets.,a year ago
Tipax,(Branch No.1 of BandarAbbas),google_maps,ری,Other,other,High,Negative,1.0,"The response was not good at all. After an hour in the text message, I realized that the destination city and province were registered incorrectly. I went back because it had not been sent. The address was still corrected, but they are very bad at their job.",9 months ago
Tipax,(Branch No.1 of BandarAbbas),google_maps,ری,Other,other,High,Negative,1.0,"Three hundred and fifty thousand tomans for a laptop from Tehran to Bandar Abbas! There has been no news for five days, all the dealerships have had their phones disconnected due to debt, and only Seyyed Kamel's dealership's phone rings, …",a year ago
Tipax,(Branch No.1 of BandarAbbas),google_maps,ری,Other,other,High,Negative,1.0,"Hello, I ordered a package named Rasoul Zarei, it's been almost a month now, it's in Bandar Abbas, why isn't it being sent? Hashtbandi 3142920260616152018525 …",a month ago
Tipax,(Branch No.1 of BandarAbbas),google_maps,ری,Other,other,High,Negative,1.0,They just remember to take money They told me your package will arrive in 2 days It took 6 days for it to be delivered to me From Mashhad to Bandar Abbas,a year ago
Tipax,تیپاکس ملوان,google_maps,NULL,Other,other,High,Negative,1.0,"I wasn't satisfied, so I had to go in person to pick up my package every time, and they still haven't delivered it to my door yet. They don't care about customer satisfaction at all.",11 months ago
Tipax,تیپاکس ملوان,google_maps,NULL,Other,other,High,Negative,1.0,"There are too many stars, they even forcefully answer the phone.",a year ago
Tipax,تیپاکس ملوان,google_maps,NULL,Other,other,High,Negative,1.0,No submissions,a year ago
Tipax,تیپاکس ایثار,google_maps,اراک,Staff Behavior,staff_behavior,High,Negative,1.0,"It's a shame how many ladies here are so rude that they don't even bother to answer the phone or come in person. They answer the phone, but you call them, they reject your call, and they close at noon. When other places are open until 8, you pick up a package, and they say, ""No, you can't pick up the same package, they'll send it to another branch."" It's unclear if anyone even monitors the quality of their services.",9 months ago
Tipax,تیپاکس ایثار,google_maps,اراک,Other,other,High,Negative,1.0,"Garbage, every time we go, it's closed, we call, they say we're going to the store, it's closed. I went 8 times, it was closed. I went 6 times, it was closed.",a year ago
Tipax,تیپاکس ایثار,google_maps,اراک,Other,other,High,Negative,1.0,They haven't delivered my order for eighteen days May God truly forgive you.,2 years ago
Tipax,تیپاکس ایثار,google_maps,اراک,Other,other,High,Negative,1.0,It has no credibility or security.,2 years ago
Tipax,تیپاکس شهرک نبوت,google_maps,69Q3+5GP,Other,other,High,Negative,1.0,"You really should get a job. They answer every call you make. They act like they're going to get you. They put people like you in charge. When you can't do something right, you make a mistake and accept responsibility. People like you only care about money.",a year ago
Tipax,تیپاکس شهرک نبوت,google_maps,69Q3+5GP,Other,other,High,Negative,1.0,"Completely irresponsible, they don't even deliver the packages themselves, you have to go and pick them up yourself.",a year ago
Tipax,تیپاکس شهرک نبوت,google_maps,69Q3+5GP,Other,other,High,Negative,1.0,Really irresponsible.,7 months ago
Tipax,تیپاکس ( جاسک),google_maps,NULL,Other,other,High,Negative,1.0,"When the package arrives, no text message is sent or a call is made, this is really bad!",3 years ago
Tipax,تیپاکس ( جاسک),google_maps,NULL,Mobile App,app_issue,High,Negative,1.0,Very poor service Inappropriate attitude of staff,2 years ago
Tipax,تیپاکس درگهان (استان هرمزگان),google_maps,NULL,Damaged Package,package_damage,High,Negative,1.0,"Horrible. We had this story a few times. I call when the package will arrive, they say in a few days, and then the next day I see a message saying that the package was sent back due to not being present at the delivery... When I call, the line is either busy or completely off. My package was damaged. They wouldn't pick it up, even though the sender had sent a video confirming that it was delivered and that it was intact.",a year ago
Tipax,تیپاکس درگهان (استان هرمزگان),google_maps,NULL,Other,other,High,Negative,1.0,The most disgusting and irresponsible. I haven't received my package in 20 days. They don't respond at all. Their lines are always busy. Tipax Tehran also doesn't answer every time I call them.,a year ago
Tipax,تیپاکس درگهان (استان هرمزگان),google_maps,NULL,Other,other,High,Negative,1.0,"It's really awful. When the package arrives at the house, they don't even call us to pick it up. Then we get a text message back.",11 months ago
Tipax,تیپاکس درگهان (استان هرمزگان),google_maps,NULL,Other,other,High,Negative,1.0,I'm really sorry. They returned my package without calling or bringing it to my address. The recipient was not at the location.,10 months ago
Tipax,تیپاکس درگهان (استان هرمزگان),google_maps,NULL,Other,other,High,Negative,1.0,"No matter how many times I called, they wouldn't answer. I sent a taxi to their office and they said they were closed.",4 years ago
Tipax,تیپاکس درگهان (استان هرمزگان),google_maps,NULL,Lost Package,lost_package,High,Negative,1.0,"If you want your package to get lost or you want to be charged more money, come to Tipax.",2 years ago
Tipax,تیپاکس درگهان (استان هرمزگان),google_maps,NULL,Other,other,High,Negative,1.0,Disgusting,3 years ago
Tipax,پست تیپاکس سرپرستی,google_maps,ری,Other,other,High,Negative,1.0,"After a week, my package hadn't arrived, so I called Tehran and they said you have to wait three business days for your complaint to be reviewed. So why did you charge me 100,000 tomans for a 100-gram package?",3 years ago
Tipax,پست تیپاکس سرپرستی,google_maps,ری,Other,other,High,Negative,1.0,The most useless postal organization in the world,2 years ago
Tipax,پست تیپاکس سرپرستی,google_maps,ری,Other,other,High,Negative,1.0,It's so ridiculous.,3 years ago
Tipax,تیپاکس بندرلنگه,google_maps,NULL,Other,other,High,Negative,1.0,I am not satisfied at all. They don't answer when you call them and they don't even let you know when your package arrives. I gave them one star so that my opinion can be recorded.,7 months ago
Tipax,تیپاکس بندرلنگه,google_maps,NULL,Lost Package,lost_package,High,Negative,1.0,"Google gave me the wrong address and took me to the neighborhood, but Tipax was in the city center. I was lost for an hour.",a month ago
Tipax,تیپاکس قشم ساحل,google_maps,NULL,Pricing,price,High,Negative,1.0,"I have never seen anything better than this agency They want 3 times the amount On the Tipax website, the cost of sending my package was 228 thousand Tomans, but they charged me 750 thousand Tomans I feel sorry for this agency that is ruining the name of Tipax with their dirty work You should go to this company, these dirty agencies, ............",2 years ago
Tipax,تیپاکس قشم ساحل,google_maps,NULL,Staff Behavior,staff_behavior,High,Negative,1.0,"They have no commitment to delivery on time. When the package does not arrive on time, their respectful behavior becomes rude. I was fined a heavy bank fine by Tipax for not delivering my documents on time and got into trouble. The Post Office has the honor to do so. They drove me to the brink of bankruptcy. May God bankrupt them.",2 years ago
Tipax,تیپاکس قشم ساحل,google_maps,NULL,Delay,delivery_delay,High,Negative,1.0,"Terrible response, they never answer the phone. My package is delayed for 15 days and I have to walk a long way to get there. Unfortunately, I don't even get a proper answer. They just say, ""It's unclear what the situation is. I don't know what to do with Tipax. At least they should call so that people can answer.""",2 years ago
Tipax,تیپاکس قشم ساحل,google_maps,NULL,Other,other,High,Negative,1.0,"Unfortunately, their phone is always busy, their response rate is below zero, they are not really responsive to customers, and they have no commitment to customer service at all.",a year ago
Tipax,تیپاکس قشم ساحل,google_maps,NULL,Lost Package,lost_package,High,Negative,1.0,"You hand over your package to this agency for a missing package and then they don't answer you at all, it's that simple.",8 months ago
Tipax,تیپاکس قشم ساحل,google_maps,NULL,Delay,delivery_delay,High,Negative,1.0,Very expensive. The staff is also very irresponsible. They deliver the shipment late. Post is much better.,2 years ago
Tipax,تیپاکس قشم ساحل,google_maps,NULL,Other,other,High,Negative,1.0,They are homeless. They don't answer the phone and their work is not organized.,2 years ago
Tipax,تیپاکس قشم ساحل,google_maps,NULL,Other,other,Medium,Negative,2.0,All calls miss out,a year ago
Tipax,تیپاکس شهرک های صنعتی,google_maps,NULL,Other,other,High,Negative,1.0,You are the most disgusting and irresponsible person in your cartoon. It's really a shame 🙂 I even gave you one star too many. …,a year ago
Tipax,تیپاکس توکهور هشتبندی,google_maps,NULL,Other,other,High,Negative,1.0,Hello What agency is this? I went there at 12 noon and it was closed and there is no phone number to contact them. Then it says on the website that it is open until 13:00. Please collect when you can't start people's work.,2 years ago
Tipax,تیپاکس توکهور هشتبندی,google_maps,NULL,Other,other,High,Negative,1.0,It's always closed.,a year ago
Tipax,تیپاکس توکهور هشتبندی,google_maps,NULL,Other,other,High,Negative,1.0,Nonsense,a year ago
Tipax,zabol,google_maps,زابل,Damaged Package,package_damage,High,Negative,1.0,"I have never seen such irresponsible Tipax. It does not have a valid contact number. Its office is open during regular hours. It does not deliver packages on time. So what is this extra money you are getting? You have already paid for the damages that you did not pay. Your cars are changing every day. I called Tehran and filed a complaint. Nothing. They are scammers. They have no horns or tails. God willing, they will spend their money on your wife and children. The money you get is for the package we order and we have to come ourselves. How many times is the office open? Is that okay? So what are you getting paid for? I am really sorry for you.",a year ago
Tipax,zabol,google_maps,زابل,Pricing,price,High,Negative,1.0,"The most unorganized, the most illiterate, the most immoral, and... the Zabol office is a shame. I feel sorry for the CEO of Tipax who chooses the worst. The behavior of a shepherd is better than that of a representative of the Tipax Zabol office. It's a shame, one star. I wish there was a negative star too.",4 years ago
Tipax,zabol,google_maps,زابل,Other,other,High,Negative,1.0,"One of the most irresponsible branches of Tipax, which unfortunately cannot be handled at all. It is truly lawless... The package was delivered a month ago, but after 24 days, it has not moved. It is still sitting in the branch. Maybe this …",4 years ago
Tipax,zabol,google_maps,زابل,Other,other,High,Negative,1.0,"The most irresponsible, most disgusting thing I've ever seen. They don't have a phone number to call, nor an opening to go and pick it up. What's this situation? The package stays for 5 days, they don't call, then they send a message that …",3 years ago
Tipax,zabol,google_maps,زابل,Other,other,High,Negative,1.0,"The worst post office in history, I will never send any more packages with Tipax, nor will I tell them to send them, they are not responsive, no package has arrived yet, I am tired, I have checked many times and it still hasn't arrived.",2 years ago
Tipax,zabol,google_maps,زابل,Other,other,High,Negative,1.0,"I ordered the equipment myself from the city. He said, ""Go get it from T-Box, which has been closed for two months."" He didn't even have a phone number. ""You're the one who gave me a number.""",2 years ago
Tipax,zabol,google_maps,زابل,Other,other,High,Negative,1.0,"They are not accountable, and it is not known where they are located. It is a shame to give them this money. At least someone with a conscience will be found at the post office.",a year ago
Tipax,zabol,google_maps,زابل,Other,other,High,Negative,5.0,"The worst is T-Box, my package arrived at 8am, it's now 5pm and they still haven't delivered it. I was in a hurry and said, ""With T-Box, have mercy on the postal packages.""",2 years ago
Tipax,zabol,google_maps,زابل,Other,other,High,Negative,1.0,"I mean, God forbid, my eyes dried up and I closed the door, but it didn't reach the Middle Ages. You would have left a phone number at least.",2 years ago
Tipax,تیپاکس ایرانشهر,google_maps,NULL,Delay,delivery_delay,High,Negative,5.0,"First, Tipax, contrary to its claims, has a very slow system and even a very bad response system. For example, they can't even track which distributor they deliver their cargo to. The Iranshahr Tipax branch is also in a fight, and God …",a year ago
Tipax,تیپاکس ایرانشهر,google_maps,NULL,Other,other,High,Negative,1.0,"They bring my package to the address in a few days, but they don't call to come pick it up, they don't knock on the door, they just bring it and then take it back💔 …",7 months ago
Tipax,تیپاکس ایرانشهر,google_maps,NULL,Other,other,High,Negative,1.0,"They are very unhelpful, only looking for their own benefit. Zero ethics. No follow-up on my package being stolen.",2 weeks ago
Tipax,تیپاکس ایرانشهر,google_maps,NULL,Other,other,High,Negative,1.0,The phone number is completely switched off.,a year ago
Tipax,تیپاکس ایرانشهر,google_maps,NULL,Other,other,High,Negative,1.0,Scandal,8 months ago
Tipax,تیپاکس سراوان,google_maps,NULL,Other,other,High,Negative,1.0,"The package arrived at night, and in the morning they returned it without calling or asking to pick it up. The working hours are stated as 9am to 6pm. I was there and it was closed. You don't know how to take responsibility. Don't accept anything.",2 years ago
Tipax,تیپاکس سراوان,google_maps,NULL,Other,other,High,Negative,1.0,"They are really irresponsible. My package arrived in the morning. They sent me a message saying, ""Your package has arrived."" Come pick it up. I didn't have time to go pick it up. They sent me a message in the evening saying, ""Your package …",a year ago
Tipax,تیپاکس سراوان,google_maps,NULL,Other,other,High,Negative,1.0,"We paid for the shipping on the website, went to pick up the package, and they still charged for the shipping, but they don't contact the customer to say that the package has arrived.",2 years ago
Tipax,تیپاکس سراوان,google_maps,NULL,Other,other,High,Negative,1.0,The phone of the Tipax manager is always off and they quickly want to return the package that they did not deliver themselves. The destination agency is irresponsible.,a year ago
Tipax,تیپاکس سراوان,google_maps,NULL,Other,other,High,Negative,1.0,"It's better to seal it in a ziplock bag. I'll deliver the package to you without them calling or texting, and that's the same day.",7 months ago
Tipax,تیپاکس سراوان,google_maps,NULL,Other,other,High,Negative,1.0,"You don't call, you don't text, you don't give any information. You always block the door depending on what the problem is.",a year ago
Tipax,تیپاکس سراوان,google_maps,NULL,Other,other,High,Negative,1.0,"Sir, they didn't call me at all, your package arrived, they sent it back again, I don't know what to say.",5 months ago
Tipax,تیپاکس سراوان,google_maps,NULL,Other,other,High,Negative,1.0,They returned our customer's package without a visit and 3 hours after it arrived at the dealership.,a year ago
Tipax,تیپاکس سراوان,google_maps,NULL,Staff Behavior,staff_behavior,High,Negative,1.0,Tipax Saravan is the most rude and unorganized place I've ever seen.,a year ago
Tipax,تیپاکس زیباشهر,google_maps,FV47+X35,Other,other,High,Negative,1.0,Hello A very valuable customer and you have a day in the customer's hands. Why don't you deliver the package that was delivered to the customer in three days? No one answered the phone.,4 years ago
Tipax,تیپاکس زیباشهر,google_maps,FV47+X35,Other,other,High,Negative,1.0,"After 2 weeks, they still haven't delivered the package.",2 years ago
Tipax,تیپاکس زیباشهر,google_maps,FV47+X35,Other,other,High,Negative,1.0,"Very, very poor quality and useless.",2 years ago
Tipax,تیپاکس زیباشهر,google_maps,FV47+X35,Other,other,High,Negative,1.0,Leave a contact number.,3 years ago
Tipax,شرکت تیپاکس,google_maps,خمین,Other,other,High,Negative,1.0,Don't trust this.,3 years ago
Tipax,سرویس پوینت تیپاکس رزمجو,google_maps,NULL,Delay,delivery_delay,High,Negative,1.0,You're always busy and late. You're not annoying.,2 years ago
Tipax,تیپاکس خاش,google_maps,Khash، خیابان نیکبخت، 66F7+576,Other,other,High,Negative,1.0,"Why don't they deliver packages on time? They don't answer the phone or the Tipax phone. Yesterday and today I paid 160,000 Kyats. It was closed. I didn't get an answer. They say, ""Call me and I'll check."" Then they don't answer the office or the phone. Their phone is turned off. You people are ridiculous.",3 years ago
Tipax,تیپاکس خاش,google_maps,Khash، خیابان نیکبخت، 66F7+576,Other,other,High,Negative,1.0,The Khash dealership does not have the correct phone number.,2 years ago
Tipax,تیپاکس خاش,google_maps,Khash، خیابان نیکبخت، 66F7+576,Other,other,High,Negative,1.0,"Unfortunately, I call and they don't answer at all.",7 months ago
Tipax,تیپاکس خاش,google_maps,Khash، خیابان نیکبخت، 66F7+576,Other,other,High,Negative,1.0,You close early.,2 years ago
Tipax,تیپاکس خاش,google_maps,Khash، خیابان نیکبخت، 66F7+576,Other,other,High,Negative,1.0,Always closed,3 years ago
Tipax,تیپاکس بنجار,google_maps,خمین,Other,other,High,Negative,1.0,"Irresponsible, zero customer focus",3 years ago
Tipax,تیپاکس ۲ سنندج,google_maps,NULL,Staff Behavior,staff_behavior,High,Negative,1.0,"Extremely rude, irresponsible and greedy, they still charge money for delivering a package that was already prepaid. And I feel sorry for Tipax company that has no supervision over these extortionate, rude and greedy representatives. And despite numerous complaints, they promise to follow up and do nothing. That was the last time I will use Tipax.",a year ago
Tipax,تیپاکس ۲ سنندج,google_maps,NULL,Staff Behavior,staff_behavior,High,Negative,1.0,Very poor service. Rude. Truly awful.,a year ago
Tipax,تیپاکس ۲ سنندج,google_maps,NULL,Other,other,Medium,Negative,2.0,Send immediately,3 years ago
Tipax,تیپاکس کامیاران,google_maps,NULL,Other,other,High,Negative,1.0,Irresponsible and uncommitted have no discipline.,7 months ago
Tipax,تیپاکس کامیاران,google_maps,NULL,Other,other,High,Negative,1.0,The most irresponsible,11 months ago
Tipax,تیپاکس ،ارسال سریع پستی,google_maps,NULL,Staff Behavior,staff_behavior,High,Negative,1.0,"These are employees or scumbags, who knows what they are doing? I said, ""I'm done."" He said, ""When will we get the number of our superior or manager?"" He kicked me out. I will never use T-Box again. I will also make this suggestion to you.",3 years ago
Tipax,تیپاکس ،ارسال سریع پستی,google_maps,NULL,Staff Behavior,staff_behavior,High,Negative,1.0,"Hello. I suggest you give this quota to someone who at least has an understanding of how to deal with customers. They are rude, don't answer the phone at all, and are very expensive for the service they don't provide.",2 years ago
Tipax,تیپاکس ،ارسال سریع پستی,google_maps,NULL,Other,other,High,Negative,1.0,"The most disgusting place I've seen in all of Iran, it's really sad. The postmen who used to ride bicycles in the past don't answer the phone or in person. Where did they give them permission? This is the post office.",3 years ago
Tipax,تیپاکس ،ارسال سریع پستی,google_maps,NULL,Staff Behavior,staff_behavior,High,Negative,1.0,"Oh my God, the delivery guys are no different from thieves and knife-wielders. Rude and impolite. The biggest mistake was choosing Teabox Saqqez on Vahdat Boulevard.",2 years ago
Tipax,تیپاکس ،ارسال سریع پستی,google_maps,NULL,Other,other,High,Negative,1.0,They are not active at all. It takes a month for a package to arrive. Your father is so burned out that he doesn't answer the phone.,a year ago
Tipax,تیپاکس ،ارسال سریع پستی,google_maps,NULL,Other,other,High,Negative,1.0,"Answer that damn phone, which idiot put you in charge there? I mean, the post office and T-boxes in Iran are completely unreadable.",4 years ago
Tipax,تیپاکس ،ارسال سریع پستی,google_maps,NULL,Other,other,High,Negative,1.0,"😦 I mean, g.... your service and shipping, it's been 5 days now and my package still hasn't been delivered to its destination... …",6 years ago
Tipax,تیپاکس ،ارسال سریع پستی,google_maps,NULL,Staff Behavior,staff_behavior,High,Negative,1.0,"Horrible, useless The senders are rude The response center is weak and it's like they're making fun of us …",a year ago
Tipax,تیپاکس ،ارسال سریع پستی,google_maps,NULL,Other,other,High,Negative,1.0,"It takes just a few minutes to change this song, so you can sing it in just a few minutes.",a year ago
Tipax,تیپاکس ،ارسال سریع پستی,google_maps,NULL,Other,other,High,Negative,1.0,They are not responsible at all Shame on them,Edited 7 months ago
Tipax,تیپاکس بیجار,google_maps,NULL,Other,other,High,Negative,1.0,Non-delivery of the parcel to the address,2 months ago
Tipax,تیپاکس,google_maps,ری,Other,other,High,Negative,1.0,"I don't know why they put this phone there. I've called a thousand times and they haven't answered once. I mean, every time I get a package sent to me by Tipax, I have to walk seven blocks to get it. Now I've got the origin and destination addresses wrong, and they're not answering either.",11 months ago
Tipax,تیپاکس,google_maps,ری,Other,other,High,Negative,1.0,"I had the worst experience Their tone of voice and attitude towards the customer was very harsh Then we sent the order to send it, the person said we will not package it, it will be sent to you as you sent it You can deliver it anywhere except this Tipax branch",2 years ago
Tipax,تیپاکس,google_maps,ری,Other,other,High,Negative,1.0,"The postman never delivers the package to you and they falsely write on the site that the recipient is not present. They are the worst possible branch. The purchase I was making was not sent by post, otherwise I would never have gotten involved in this.",7 months ago
Tipax,تیپاکس,google_maps,ری,Other,other,High,Negative,1.0,The most stupid shipping company in the world The most irresponsible The most pretentious and outrageous I am the representative of Ilam,a year ago
Tipax,Tipax,google_maps,ری,Pricing,price,High,Negative,1.0,"Very very ridiculous and useless. They don't answer, there are only four people on the answering phones of the branches. I haven't received my package for 15 days, no one is answering. The price of my package is 25 million. I don't know who to get it from.",6 years ago
Tipax,Tipax,google_maps,ری,Staff Behavior,staff_behavior,High,Negative,1.0,"I feel sorry for the provincial capital with this weak support and rude postal service. After 8 days, they brought the package to me and even though I paid online, they tried to extort me and said that I had not paid.",3 years ago
Tipax,Tipax,google_maps,ری,Other,other,High,Negative,1.0,"They're making fun of people, they don't answer the phone, no one calls us, we don't know where our package is, this is the first time I've ordered from Tipax, I'll regret it forever.",2 years ago
Tipax,Tipax,google_maps,ری,Delay,delivery_delay,High,Negative,2.0,The lack of responsiveness of the Yasuj Tipax office and the failure to deliver packages on time has slowed down the process of sending and receiving parcels.,5 years ago
Tipax,Tipax,google_maps,ری,Other,other,High,Negative,1.0,It's so pointless that no one is answering us. It's been a few days since we received it. I don't think anyone should post from Tipax.,6 years ago
Tipax,Tipax,google_maps,ری,Delay,delivery_delay,High,Negative,1.0,"Why do you deliver packages late? The package arrives in Yasuj in one day, but you don't even bother to deliver it quickly.",5 years ago
Tipax,Tipax,google_maps,ری,Customer Support,support,High,Negative,1.0,"Poor support, phone not responding, poor handling Not delivering to address",4 years ago
Tipax,Tipax,google_maps,ری,Tracking,tracking,Medium,Negative,2.0,"Friendly, very poor online tracking capability",6 years ago
Tipax,تیپاکس زاگرس / میرآباد,google_maps,اهر,Other,other,High,Negative,1.0,"I had an envelope that was sent to me. They had thrown it in the rain, it was wet and dirty. They weren't careful.",7 months ago
Tipax,تیپاکس زاگرس / میرآباد,google_maps,اهر,Delay,delivery_delay,High,Negative,1.0,Very bad and delayed delivery and rude delivery people,a year ago
Tipax,باربری تیپاکس,google_maps,اهر,Pricing,price,High,Negative,1.0,Tipax is expensive.,6 years ago
Tipax,تیپاکس رشت رشتیان,google_maps,NULL,Pricing,price,High,Negative,1.0,The Tipax Rashtian dealership is a disaster. They will give you a no-show ticket twice so you have to go and get it from the dealership yourself so that their costs can be reduced. They have a parasitic lifestyle.,a year ago
Tipax,تیپاکس رشت رشتیان,google_maps,NULL,Other,other,High,Negative,1.0,Their attitude is very casual and they have little sense of responsibility. The package was sent the next day and it took 8 days to receive it in another city.,6 months ago
Tipax,تیپاکس رشت رشتیان,google_maps,NULL,Other,other,High,Negative,1.0,It's so ridiculous. They've had my package with them for seven days. They don't even answer the phone. I don't know why they keep the packages with them.,10 months ago
Tipax,تیپاکس رشت رشتیان,google_maps,NULL,Delay,delivery_delay,High,Negative,1.0,"The most disorganized Tipax branch in Rasht, and unfortunately we passed by this agency. They always deliver packages late and very late.",a year ago
Tipax,تیپاکس رشت رشتیان,google_maps,NULL,Other,other,High,Negative,1.0,I closed it two days ago. It came from Tehran. Why doesn't Vahab Rasht send it to the province? We must be in a hurry to get it.,a year ago
Tipax,تیپاکس رشت رشتیان,google_maps,NULL,Other,other,High,Negative,1.0,The guy doesn't bother and just sits in the office and records the absence of the recipient. The most ridiculous branch,11 months ago
Tipax,تیپاکس رشت رشتیان,google_maps,NULL,Other,other,High,Negative,1.0,"Worst branch, didn't deliver the package for three days.",7 months ago
Tipax,تیپاکس گلسار رشت,google_maps,NULL,Damaged Package,package_damage,High,Negative,1.0,"Due to their carelessness in entering the information, a package that I had a week to return has been lost for a month and all Tipax has done is apologize. Apart from the damage I caused, they haven't even returned the package to me yet, and there's no word on the damage.",a year ago
Tipax,تیپاکس گلسار رشت,google_maps,NULL,Other,other,High,Negative,1.0,"There is no contact number, where can you find them?",3 years ago
Tipax,تیپاکس رستم آباد,google_maps,NULL,Other,other,Medium,Negative,2.0,"Responsibility and speed should be the difference between Tipax and regular mail, I don't think reforming the structure would be a bad idea.",5 years ago
Tipax,تیپاکس جانبازان رشت,google_maps,NULL,Other,other,High,Negative,1.0,"It's awful, they keep coming back as if the recipient's number is on the box, sorry.",2 years ago
Tipax,تیپاکس حمیدیان,google_maps,Rasht، خیابان امام رضا جنب دفتر پیشخوان، چهارراه جمهوری، 7H82+4R4,Delay,delivery_delay,High,Negative,1.0,"They don't think at all about how important it is for a package to arrive. They call you when the package has arrived. They bring you a direct address. How big is a park? Then when the package doesn't arrive, you go somewhere and track it down. It says the package was returned to the agency. Why? The postal officer came. It wasn't me at all. I've been working since morning until midnight. Everyone comes to see me. When did the officer come? I didn't see him. They're invisible. Otherwise, I've been waiting since morning. When did he come? Why do some employees do this? I wonder if they understand the importance of the package. Think about it. Maybe the medicine is inside. Why don't you come? Then they say, ""The office is back. What do you mean, I have to stay until Saturday?"" Oh, oh, oh. 😡😡😡😡😡😡😡😡😡😡",7 months ago
Tipax,تیپاکس کوچصفهان,google_maps,NULL,Other,other,High,Negative,1.0,The most ridiculous Tipax in my life Where in the world do they pay the postage and then go and get the product themselves The post office charges 50 Tomans and brings the package to your door Then Tipax charges 180 Tomans and says come and pick it up yourself,a year ago
Tipax,تیپاکس کوچصفهان,google_maps,NULL,Other,other,High,Negative,1.0,"Oh my god, they never respond. This was the last time I took the package to Tipax.",a year ago
Tipax,تیپاکس فومن,google_maps,NULL,Other,other,Medium,Negative,2.0,Tipax's general management doesn't care about customer service at all.,3 years ago
Tipax,تیپاکس سیاهکل,google_maps,NULL,Other,other,High,Negative,1.0,"This means that there is really no one to take care of this Tipax agency. Everyone who says you have to come to the agency to pick up your package, a city that can be covered from start to finish in ten minutes by car, no matter whether it …",Edited 2 years ago
Tipax,تیپاکس سیاهکل,google_maps,NULL,Pricing,price,High,Negative,1.0,"You should call when the package arrives, not just let it call you whenever you feel like it. It's not our job to follow up to see if it's arrived or not. Your cartoon is not true.",a year ago
Tipax,تیپاکس سیاهکل,google_maps,NULL,Other,other,High,Negative,1.0,"It was awful, they really didn't give themselves a hard time getting into the city.",3 years ago
Tipax,تیپاکس ماسال,google_maps,NULL,Other,other,High,Negative,1.0,They don't answer the phone at all.,9 months ago
Tipax,تیپاکس کلاچای,google_maps,NULL,Other,other,High,Negative,1.0,"They don't deliver the parcel to its destination and send a message asking someone to go and pick up the parcel. What's interesting is that in their message they threaten me that if I come, they will return it to the sender. Even though I live 200 meters away from Tipax, they don't deliver it to me.",4 years ago
Tipax,تیپاکس کلاچای,google_maps,NULL,Other,other,High,Negative,1.0,"The package must be picked up from the agency, they will not be delivered to the destination.",a year ago
Tipax,تیپاکس نور,google_maps,NULL,Pricing,price,High,Negative,1.0,"I am Fardin Mohseni, a resident of Noor, and I have a history of managing an online store office in the city. I was shopping online from Torbat Jam. My home and work are close together. From the first day the goods arrived until the last day, no calls or deliveries. I am in the store. My phone receives a message saying that the package will be returned to the agency due to your absence. The interesting thing is that I even call Tipax with several mobile and landline numbers, they do not answer, then they return it to the sender. The Tipax fee is with me. Returning the package is very easy. They do not have any proof in their phone that they called me or if they did not come and I did not come, they should take a photo or video to determine the date of delivery. They say they do not have that either, but I have proof. The camera outside the store recorded the video from the moment the goods arrived in Noor until the moment they returned. No Tipax Mazandaran Noor violation report and complaint about non-distribution were made to Tipax Tehran itself. Both phone calls and online chats were made, but no action was taken. The best service I have worked with in Noor is Chapar. If you make an online purchase somewhere like Tehran at 4 p.m. Tomorrow at 9 am they will be at your house and call you from their cell phone and then don't answer the doorbell. In any case, they will deliver. They won't go through the postal system. I have to register a return like Tipax. I have an online store office in the city for several years. With a history of buying and selling in all cities, Chapar is the best service. In the end, it was not possible. Don't go to Tipax at all. Maybe other cities are better. I don't know, but Tipax Noor is really terrible.",a year ago
Tipax,تیپاکس نور,google_maps,NULL,Other,other,Medium,Negative,2.0,They are not responsive and do not answer the phone.,2 years ago
Tipax,تیپاکس نور,google_maps,NULL,Other,other,High,Negative,1.0,It was closed.,4 years ago
Tipax,تیپاکس بابل,google_maps,NULL,Staff Behavior,staff_behavior,High,Negative,1.0,"The staff is very rude. Even though they are supposed to bring the package to your door, they never do. They sent my package to Karaj by mistake. It's been a week since I received it. Then, a year ago, their courier called me at my door without any coordination and I wasn't home. Even though Tipax itself said twice that the courier was supposed to bring the package, I called them a second time and they were in debt and rudely told me to get the courier to bring the package to you. Most of the time, the packages are damaged. I will no longer buy from stores that send packages with Tipax.",5 months ago
Tipax,تیپاکس بابل,google_maps,NULL,Other,other,High,Negative,1.0,"It's so shameless... They charge you for shipping the package, but not only don't they deliver it to you, they don't even bother to let you know that your package has arrived and to bring it back... It's so senseless.",3 years ago
Tipax,تیپاکس بابل,google_maps,NULL,Other,other,High,Negative,1.0,"It's a shame, I don't know why there's no monitoring. It's all personal expenses, the agency or yourself. Come and take their word for it. Everyone gave the same opinion. Tipax, look into it!",5 years ago
Tipax,تیپاکس بابل,google_maps,NULL,Pricing,price,High,Negative,1.0,"Tipax is a ridiculous thing. It costs twice as much as postage, it takes longer to arrive, and you have to go to the branch to pick it up yourself. Ridiculous, ridiculous, ridiculous.",5 years ago
Tipax,تیپاکس بابل,google_maps,NULL,Other,other,High,Negative,1.0,"They send a text message, ""Come and pick up at the office,"" so why do you charge for door-to-door delivery and address?",3 years ago
Tipax,تیپاکس بابل,google_maps,NULL,Other,other,High,Negative,1.0,"They didn't answer the phone. I called ten times, even once their phone was busy.",2 years ago
Tipax,تیپاکس بابل,google_maps,NULL,Other,other,High,Negative,1.0,"Busy, every time you call, it's busy, finally I'll pack it back and send it back.",4 years ago
Tipax,تیپاکس بابلسر,google_maps,NULL,Other,other,High,Negative,1.0,"Unfortunately, whenever we have a package that is sent to us by Tipax and arrives at this Babolsar branch, we get a message that the package came to your house, you were not present and it was returned. …",a month ago
Tipax,تیپاکس بابلسر,google_maps,NULL,Other,other,Medium,Negative,5.0,"Tipax Tehran is full of bad language and irresponsibility, but this Babolsar branch informs me on time when I send a package or it is sent to me. I am really grateful for their service.",3 years ago
Tipax,تیپاکس بابلسر,google_maps,NULL,Delay,delivery_delay,High,Negative,1.0,"They deliver the package late and say the car broke down. Well, the car broke down, go rent another car.",5 months ago
Tipax,تیپاکس بابلسر,google_maps,NULL,Other,other,High,Negative,1.0,"I wasn't satisfied at all, they didn't even answer the phone.",6 years ago
Tipax,TePox,google_maps,نوشهر,Delay,delivery_delay,High,Negative,1.0,"Horrible, horrible, no phone to register, no text message to say your order has arrived, no way to get to the location, zero service, no parking space where they are located, many times the package got lost and was found a few days later, and they charge a lot. I think Mahax and Chapar provide much better service and their costs are more affordable, they also deliver to your door and it is really cheaper and most importantly it arrives very quickly.",9 months ago
Tipax,TePox,google_maps,نوشهر,Other,other,High,Negative,1.0,"Disorganized, chaotic, irresponsible. There is a Tipax in Nowshahr, but it does not cover areas like Taze Abad. Many times they do not even register the package that has arrived... and I have to go there myself. The courier does not deliver at all. I have visited in person many times.",a year ago
Tipax,TePox,google_maps,نوشهر,Staff Behavior,staff_behavior,High,Negative,1.0,"I'm sorry you have a bunch of hearts in your heart, Tipax office, how rude you are, you don't call to say the package has arrived, your phone doesn't ring, you don't deliver it, you just know how to charge 6 times the money, they send it by regular mail, it's just now reaching me.",a year ago
Tipax,TePox,google_maps,نوشهر,Other,other,High,Negative,1.0,"The situation is really chaotic. Without going to the destination, they receive an SMS that the cargo is being returned due to non-attendance. It used to be much more organized, but it has become like this since the management changed.",a year ago
Tipax,TePox,google_maps,نوشهر,Other,other,High,Negative,1.0,"A complete disaster, they don't deliver the package to your door, it takes about half an hour to pick up the package... there is no parking space, it is extremely crowded and chaotic and a disaster …",a year ago
Tipax,TePox,google_maps,نوشهر,Other,other,High,Negative,1.0,"I hung up, they didn't answer, I barely had time to complain to the police station, my documents, my medicine, my card, everything is in there.",7 months ago
Tipax,TePox,google_maps,نوشهر,Other,other,High,Negative,1.0,"It's been terrible since the new management came in. It used to be great. It was a well-mannered, professional, and efficient team.",2 years ago
Tipax,تیپاکس محمودآباد,google_maps,NULL,Staff Behavior,staff_behavior,High,Negative,1.0,"It is one of the dirtiest and most unprofessional post offices I have ever seen. The staff is extremely rude and uneducated, and because of their culture, they cannot speak properly to customers. They are demanding of customers. They do not give any proper answers to customers. Their words end in a tone of disdain and demanding. Especially a female secretary with an unpleasant demeanor, her breasts sticking out, and her way of speaking reminds one of street urchins.",3 years ago
Tipax,تیپاکس محمودآباد,google_maps,NULL,Staff Behavior,staff_behavior,High,Negative,1.0,"Not only are the staff working poorly, but Tipax is generally below zero in terms of quality of work, price, and delivery.",2 years ago
Tipax,تیپاکس محمودآباد,google_maps,NULL,Other,other,High,Negative,1.0,"He has very bad, insulting and demanding behavior. Tipax Mahmudabad",a year ago
Tipax,تیپاکس رامسر,google_maps,NULL,Other,other,High,Negative,1.0,"Tipax is the most irresponsible postal system in Iran in its normal state. The Rams branch is even worse. They answer calls one in a thousand. The working hours are posted on the website until 8 pm in the summer, when we went in person, …",10 months ago
Tipax,تیپاکس رامسر,google_maps,NULL,Tracking,tracking,High,Negative,1.0,"I checked the tracking code on the website a day ago. The package has arrived. Tipax Ramsar has picked it up, but it hasn't arrived yet. They are very disorganized.",5 years ago
Tipax,تیپاکس رامسر,google_maps,NULL,Other,other,Medium,Negative,2.0,"A clumsy office! No phone answer, No in-time delivery, No NOTHING! I just gave them TWO stars because they are working after all these!",5 years ago
Tipax,تیپاکس رامسر,google_maps,NULL,Staff Behavior,staff_behavior,Medium,Negative,2.0,Rude and impatient staff never come to your home and lie saying you weren't home and you have to go to the branch.,2 years ago
Tipax,تیپاکس رامسر,google_maps,NULL,Other,other,High,Negative,1.0,"I came to get a package, it was already closed My heart sank I wanted a package, but they didn't give it to me",9 months ago
Tipax,تیپاکس رامسر,google_maps,NULL,Other,other,High,Negative,1.0,They wait for the package to arrive so they can quickly get back to you. They don't wait a few days.,10 months ago
Tipax,تیپاکس جویبار,google_maps,NULL,Other,other,High,Negative,1.0,"They never bring the package to your door. They don't even call to say that the package has arrived, and they don't follow up on it even if it stays in the office for ten days. You have to go look for the package yourself! While other …",5 months ago
Tipax,تیپاکس جویبار,google_maps,NULL,Other,other,High,Negative,1.0,"Irresponsible, uncommitted and deceitful. It takes two days from the destination to Tipax, and more than three days from the Joobar dealership to delivery to the customer. In the most optimistic case.",9 months ago
Tipax,تیپاکس جویبار,google_maps,NULL,Other,other,High,Negative,1.0,We always have to pick up the package ourselves from the Tipax office. The package is either not delivered to the location or it takes a very long time.,a year ago
Tipax,تیپاکس جویبار,google_maps,NULL,Other,other,High,Negative,1.0,They always call to say pick up the package!! Shouldn't the package be sent?,a year ago
Tipax,تیپاکس جویبار,google_maps,NULL,Other,other,High,Negative,1.0,Disgusting hahaha they never deliver,a year ago
Tipax,تیپاکس فریدونکنار,google_maps,ری,Other,other,High,Negative,1.0,"There are too many stars, they change management, one worse than the other, they take so much money, and in the end, with a thousand misfortunes, we have to go to Babolsar to get the package.",a year ago
Tipax,تیپاکس نواب,google_maps,بابل,Delay,delivery_delay,High,Negative,1.0,"There are a lot of unscrupulous people. My package was supposed to arrive between 1 and 4 o'clock, but it's now past 4 and there's no news. They called me at 12 o'clock to bring a package home. It's now 5 hours later and there's no news. …",a year ago
Tipax,تیپاکس نواب,google_maps,بابل,Delay,delivery_delay,High,Negative,1.0,It's so ridiculous. I ordered a package once and it was delayed for a day. Then they called me and said they don't have a courier. Come and pick it up yourself. It really needs to be addressed.,a year ago
Tipax,تیپاکس نواب,google_maps,بابل,Staff Behavior,staff_behavior,High,Negative,1.0,Very rude I had to call at 8am to post a package due to my work situation. Very bad response. I'm really sorry.,a year ago
Tipax,تیپاکس نواب,google_maps,بابل,Other,other,High,Negative,1.0,They returned the package without delivering it. No one is responsible😐😐😐😐 …,8 months ago
Tipax,تیپاکس نواب,google_maps,بابل,Other,other,High,Negative,1.0,"Always messy, irresponsible, and unplanned.",4 years ago
Tipax,تیپاکس نواب,google_maps,بابل,Other,other,High,Negative,1.0,Zero service..,3 years ago
Tipax,تیپاکس بابل (میدان ولایت),google_maps,بابل,Other,other,High,Negative,1.0,"I sent a very important package with Tipax, but unfortunately Tipax Babylon kept it in the office for 2 days, and the package had passed the delivery date, and it had not been delivered to the address, so unfortunately I suffered a lot of losses. I am very sorry.",7 months ago
Tipax,تیپاکس بابل (میدان ولایت),google_maps,بابل,Other,other,High,Negative,1.0,"The most ridiculous and irresponsible branch of Tipax is here, even after a month my package hasn't arrived at its destination, they don't answer me and talk nonsense.",a year ago
Tipax,تیپاکس بابل (میدان ولایت),google_maps,بابل,Other,other,Medium,Negative,2.0,"Unfortunately, the tipaxes in Babylon don't lock their doors and you have to go and pick them up yourself.",Edited 2 months ago
Tipax,تیپاکس بابل (میدان ولایت),google_maps,بابل,Other,other,High,Negative,1.0,"It's worthless when they don't deliver to your door, Tipax has the worst service.",3 years ago
Tipax,تیپاکس بابل (میدان ولایت),google_maps,بابل,Other,other,High,Negative,1.0,"Worse, no one is responsible.",2 years ago
Tipax,تیپاکس بابل (میدان ولایت),google_maps,بابل,Other,other,High,Negative,1.0,Why is no one answering?,3 years ago
Tipax,سرویس پوینت تیپاکس رویان,google_maps,NULL,Tracking,tracking,High,Negative,1.0,"Unfortunately, this branch is weak. I go there myself. The tracking says it arrived. They say it didn't arrive. I went there three times. A young lady in charge said it didn't arrive. Then, when I insisted, she bothered to go and find it herself. In short, they have a problem.",a month ago
Tipax,سرویس پوینت تیپاکس رویان,google_maps,NULL,Other,other,High,Negative,1.0,It was closed.,4 years ago
Tipax,Monfared,google_maps,NULL,Other,other,High,Negative,1.0,"This office is no longer a Tipax representative, and they fraudulently receive people's packages without their knowledge and send them via Babylon Express. This is a clear violation. They received my package under the pretext that there was …",11 months ago
Tipax,تیپاکس سرخرود,google_maps,سرخرود،,Other,other,Medium,Negative,2.0,Delivering packages to your home with a trusted courier,2 days ago
Tipax,تیپاکس سمنان 1 قدیمی ترین تیپاکس درشهرسمنان,google_maps,NULL,Delay,delivery_delay,High,Negative,1.0,"They are thieves and scammers. My package was 1/5, they registered 4/5. The cashier in charge of the branch told me to count it later, file a complaint, and get your money back. No one followed up at all, and a bunch of irresponsible people gathered around.",a year ago
Tipax,تیپاکس سمنان 1 قدیمی ترین تیپاکس درشهرسمنان,google_maps,NULL,Other,other,High,Negative,1.0,Horrible Extremely irresponsible and a liar I always had my packages with Tipax but from now on I will not work with Tipax …,3 years ago
Tipax,تیپاکس سمنان 1 قدیمی ترین تیپاکس درشهرسمنان,google_maps,NULL,Other,other,High,Negative,1.0,Poor quality and irresponsible like Tipax... They won't distribute my package at the dealership for a week.,2 years ago
Tipax,تیپاکس سمنان 1 قدیمی ترین تیپاکس درشهرسمنان,google_maps,NULL,Other,other,High,Negative,1.0,Very bad word and lack of discipline. There is also no good response from the management.,4 years ago
Tipax,تیپاکس گلشهر کاظمیه زنجان,google_maps,NULL,Staff Behavior,staff_behavior,High,Negative,1.0,"The owner is very rude, ill-mannered, and unfeeling. I really feel sorry for him, Tipax.",5 months ago
Tipax,تیپاکس گلشهر کاظمیه زنجان,google_maps,NULL,Delay,delivery_delay,High,Negative,1.0,Always say lie and sending delay 😡😐 and bad reaction …,10 months ago
Tipax,تیپاکس فاروج,google_maps,NULL,Damaged Package,package_damage,High,Negative,1.0,"It only took a week to get it from their dealership in Mashhad, and it took two weeks from there. The package was also damaged when it arrived. At first they lied and said it would arrive in two days, then they didn't respond at all.",7 months ago
Tipax,تیپاکس فاروج,google_maps,NULL,Other,other,High,Negative,1.0,Irregular working hours They are not good at delivering packages The afternoon working hours are their own. They come to the store whenever they want Totally awful. They don't bring the package to the house.,7 months ago
Tipax,تیپاکس فاروج,google_maps,NULL,Other,other,High,Negative,1.0,"Really irresponsible and disorganized I received the package 15 days ago, they said it would arrive in 3 days, but now after 15 days the package has not arrived and they are not answering the phone.",7 months ago
Tipax,تیپاکس فاروج,google_maps,NULL,Staff Behavior,staff_behavior,High,Negative,1.0,"This is the most broken, unorganized, rude Tipax agency in all of Iran. They don't answer the phone or have specific business hours. They just returned the package without bringing it home.",7 months ago
Tipax,تیپاکس فاروج,google_maps,NULL,Customer Support,support,High,Negative,1.0,"Don't trust T-Box at all, especially this dealership. I even called support and they just lie.",7 months ago
Tipax,تیپاکس حکیم بیرجند,google_maps,NULL,Delay,delivery_delay,High,Negative,1.0,"They are literally awful, they are completely late. They brought the package to the house once and then forgot about it. I went looking for it and they couldn't find it. When I thanked them, they seemed to be lying. The rest of the branch was in disarray.",4 years ago
Tipax,تیپاکس حکیم بیرجند,google_maps,NULL,Other,other,High,Negative,1.0,They are not organized at all. I have ordered twice so far and had to follow up in person and receive the package.,a year ago
Tipax,تیپاکس حکیم بیرجند,google_maps,NULL,Other,other,High,Negative,1.0,"They take money, they call, come and pick up your device yourself.",a year ago
Tipax,تیپاکس حکیم بیرجند,google_maps,NULL,Other,other,High,Negative,1.0,This dealership has become a Chapar dealership.,2 years ago
Tipax,تیپاکس بیرجند,google_maps,ری,Delay,delivery_delay,High,Negative,1.0,"Tipax has a very bad service. The main problem is that your package arrives late in the city and then it takes up to two or three days for the package to reach you. Many times, people go and get it themselves so that the package reaches them sooner. Then you have to wait a long time for them to find it. And then, if they don't say it's gone in the van! I myself would say use Tipax if there is any other way other than Tipax.",5 years ago
Tipax,تیپاکس بیرجند,google_maps,ری,Delay,delivery_delay,High,Negative,1.0,"Bring your cargo with livestock, but don't give it to Tipax, especially this Birjand branch. It's terrible. They deliver so late that your father will pay twice the shipping cost. Zero responsiveness and delivery speed.",5 years ago
Tipax,تیپاکس بیرجند,google_maps,ری,Other,other,High,Negative,1.0,"Unless you go and get it yourself, you'll get it quickly, otherwise you'll have to wait 2-3 days.",4 years ago
Tipax,تیپاکس بیرجند,google_maps,ری,Other,other,High,Negative,1.0,"To file a complaint, call 0218457.",4 years ago
Tipax,تیپاکس بیرجند,google_maps,ری,Delay,delivery_delay,High,Negative,2.0,Extremely late delivery,5 years ago
Tipax,تیپاکس,google_maps,تهران,Pricing,price,High,Negative,1.0,"I really feel sorry for myself that I got caught in such a postal system A week ago, a package was supposed to be sent to me, and at 11 pm I received a text message that we delivered it Is such a thing even possible???????!!!!! Then, after thousands of follow-ups, we reach out to so-and-so, they contact you, and still, no follow-up has been done for my package!!!! Officially, my package has been stolen and no one is as surprised as they think.",9 months ago
Tipax,تیپاکس,google_maps,تهران,Other,other,High,Negative,1.0,"On the Elki website, the package arrives in 1 day Now Tehran to Tehran, it has been 4 business days and it has not arrived They don't even know when, when, what time it will arrive They say the volume of packages is large, it should arrive by now Well, have a schedule, say for example, it will arrive on a certain day in two weeks Why do you say one day?",2 months ago
Tipax,تیپاکس,google_maps,تهران,Other,other,High,Negative,1.0,"I was home the whole time but it said no, I'm really sorry for your irresponsibility, it was 2 million in remittances, even if I wasn't there, you couldn't have called!? The most base and false collection,",5 months ago
Tipax,تیپاکس,google_maps,تهران,Other,other,High,Negative,1.0,"The most awful thing is, if you didn't have to, you would never have delivered. It really can't get any worse than this.",2 months ago
Tipax,تیپاکس,google_maps,تهران,Damaged Package,package_damage,High,Negative,1.0,It has the most broken and unorganized administrative system. Close the door here.,2 months ago
Tipax,Tipax,google_maps,تهران,Other,other,High,Negative,1.0,"Tipax is terrible. I gave them two hundred packages of Nowruz gifts to send to Tehran. They either stole the packages or returned them to me and charged us for the return. This person who gave a good review that the management has changed and... he is the head of this branch, doesn't he say that my yogurt is sour?",4 years ago
Tipax,Tipax,google_maps,تهران,Other,other,High,Negative,1.0,"It took six days to ship from Tehran to Tehran, and they filed two complaints. This performance shows commitment and customer service, which they forgot about because of the large package. It is these customers who should be able to survive with commitment and on-time delivery.",9 months ago
Tipax,Tipax,google_maps,تهران,Other,other,High,Negative,1.0,"The service has become very poor and irresponsible. Tipax Zanjan called and said either come and pick it up from the office or I will return it to the sender. Tell them to fuck off if you don't want to serve the people and are trying to hurt them. Go die, you filthy bastard.",3 years ago
Tipax,Tipax,google_maps,تهران,Other,other,High,Negative,1.0,Tipax's slogan is that we are with you with one call I have been calling its various branches for 3 days I finally realized that I should call Fatemi …,8 years ago
Tipax,Tipax,google_maps,تهران,Customer Support,support,High,Negative,1.0,"Overall, it's a very poor site with insufficient support. And the online support unit they have is not at all proficient in their work.",a year ago
Tipax,Tipax,google_maps,تهران,Delay,delivery_delay,High,Negative,1.0,BY FAR THE WORST TIPAX BRANCH. No phone answer. I am still waiting for my box after three days. Sheer CHAOS there.,5 years ago
Tipax,Tipax,google_maps,تهران,Other,other,Medium,Negative,2.0,zero responsibility,3 years ago
Tipax,HQ,google_maps,تهران,Delay,delivery_delay,High,Negative,1.0,Worst delivery delay and package damage. Tracking never updated. (Tehran),2026-07-23
Tipax,HQ,google_maps,تهران,Pricing,price,High,Negative,1.0,Expensive pricing and awful customer service in the branch. (Tehran),2026-06-07
Tipax,HQ,google_maps,تهران,Delay,delivery_delay,High,Negative,2.0,Slow delivery speed and bad professionalism from staff. (Tehran),2026-06-12
Tipax,HQ,google_maps,تهران,Damaged Package,package_damage,High,Negative,2.0,Package arrived damaged and tracking quality was bad. (Tehran),2026-07-28
Tipax,Vanak,google_maps,تهران,Delay,delivery_delay,High,Negative,1.0,Worst delivery delay and package damage. Tracking never updated. (Tehran),2026-07-04
Tipax,Vanak,google_maps,تهران,Pricing,price,High,Negative,1.0,Expensive pricing and awful customer service in the branch. (Tehran),2026-05-23
Tipax,Vanak,google_maps,تهران,Delay,delivery_delay,High,Negative,2.0,Slow delivery speed and bad professionalism from staff. (Tehran),2026-06-25
Tipax,Vanak,google_maps,تهران,Damaged Package,package_damage,High,Negative,2.0,Package arrived damaged and tracking quality was bad. (Tehran),2026-06-15
Tipax,Mashhad,google_maps,مشهد,Pricing,price,High,Negative,1.0,Expensive pricing and awful customer service in the branch. (Mashhad),2026-07-17
Tipax,Mashhad,google_maps,مشهد,Delay,delivery_delay,High,Negative,2.0,Slow delivery speed and bad professionalism from staff. (Mashhad),2026-06-19
Tipax,Mashhad,google_maps,مشهد,Damaged Package,package_damage,High,Negative,2.0,Package arrived damaged and tracking quality was bad. (Mashhad),2026-07-09
Tipax,Isfahan,google_maps,اصفهان,Delay,delivery_delay,High,Negative,1.0,Worst delivery delay and package damage. Tracking never updated. (Isfahan),2026-07-05
Tipax,Isfahan,google_maps,اصفهان,Pricing,price,High,Negative,1.0,Expensive pricing and awful customer service in the branch. (Isfahan),2026-07-21
Tipax,Isfahan,google_maps,اصفهان,Delay,delivery_delay,High,Negative,2.0,Slow delivery speed and bad professionalism from staff. (Isfahan),2026-05-15
Tipax,Isfahan,google_maps,اصفهان,Damaged Package,package_damage,High,Negative,2.0,Package arrived damaged and tracking quality was bad. (Isfahan),2026-06-12
Chapar,Chaparnet,google_maps,تهران,Staff Behavior,staff_behavior,High,Negative,1.0,"The most irresponsible shipping company, when I ordered express shipping on Tuesday, they invoiced me for 45 kilos, and I got four million and five hundred. I went to the destination on Saturday and saw that the shipment had not arrived and no one at the head office or Mehrabad representative office would answer. Finally, they said that one of your shipments was missing, that's why we didn't send it. We attended a two hundred million exhibition, so we sent it a few days earlier so we wouldn't get stuck. If they didn't send the shipment and no one answers, they won't. The head office in Tehran has the dirtiest, most irresponsible and most arrogant staff.",7 months ago
Chapar,Chaparnet,google_maps,تهران,Mobile App,app_issue,High,Negative,1.0,"My experience with this company was very disappointing and I will definitely not use their services again. It was the first and last time I contacted them. The support operator was not only not polite, but instead of helping, he shouted at me. The reason for my call was to solve the problem with my package, but he only shouted back and made no attempt to guide or convince me. Their job is to respond and help the customer, even if it means explaining things several times, but unfortunately that did not happen. It was very disappointing.",11 months ago
Chapar,Chaparnet,google_maps,تهران,Staff Behavior,staff_behavior,High,Negative,1.0,"It has the rudest explainers, it is unclear what filters they are working through, it has a complaints unit, it is unclear who is there to follow up. I will definitely follow up with the authorities in person. With this amount of dissatisfaction, why do people still trust working with these companies?",5 months ago
Chapar,Chaparnet,google_maps,تهران,Other,other,High,Negative,1.0,"The most irresponsible company. It's been a week since my package arrived. Today is January 13th. It was sent on January 9th. I haven't received it yet. If it had been sent by regular mail, it would have arrived by now. What's the situation? No matter how much I try, no one answers or follows up.",7 months ago
Chapar,Chaparnet,google_maps,تهران,Delay,delivery_delay,High,Negative,2.0,I am really wondering why Chapar did not come today to deliver my stuff … I have been waiting from morning till now to send the necessary stuff to another city. If anyone does not respond why do you write that you have back assistance till the 22?,a year ago
Chapar,Chaparnet,google_maps,تهران,Delay,delivery_delay,High,Negative,1.0,"the shittiest company to choose for your packages. if you want to have your packages late or you want to face irresponsble people and many other negative aspects, feel free to let them have your packages.",a year ago
Chapar,کالا رسانان چاپار,google_maps,تهران,Other,other,High,Negative,1.0,"The worst, most ridiculous and irresponsible postal company. Parcel from Tehran to Karaj still hasn't arrived after 10 days. Phone is not answered. Website is not responsive. I left a comment on Instagram. Why did you receive more orders and packages than you can handle? They blocked you so you can't be responsive now. I'm really sorry.",2 years ago
Chapar,کالا رسانان چاپار,google_maps,تهران,Other,other,High,Negative,1.0,"Well, when you don't have supply and you don't have power, why do you run a company? You didn't answer any of the numbers, you didn't even bother to call, you didn't even bother to deliver because of the wrong address. The most famous shop in my area, my friend, didn't even bother to come. You are the most disgusting by far.",2 years ago
Chapar,کالا رسانان چاپار,google_maps,تهران,Other,other,High,Negative,1.0,"In my opinion, government mail is much better than this company. My package took four days to arrive from Tehran to Karaj. They sent it by pigeon. It had arrived by now. You can't even tell what's what from their website. Just click on ""Scan in"" and ""Scan out""!",a year ago
Chapar,کالا رسانان چاپار,google_maps,تهران,Other,other,High,Negative,1.0,"They really act badly and don't deliver the package. You have to give them time to go and pick it up, otherwise they threaten to return it. Why is it like this in Iran? Why don't they fulfill their duties? I mean, there's no one to take care of it?????",2 years ago
Chapar,کالا رسانان چاپار,google_maps,تهران,Tracking,tracking,Medium,Negative,2.0,"The package was sent for nearly ten days, today I clicked on the tracking link and it was delivered safely. If I haven't received the package, no phone calls are answered from the Karaj and Baghestan Karaj representative offices, wow!",2 years ago
Chapar,کالا رسانان چاپار,google_maps,تهران,Other,other,High,Negative,1.0,"Unfortunately, it's really awful and they don't fulfill their commitments at all. My package was supposed to arrive in 48 hours, but unfortunately it took 4 days.",3 years ago
Chapar,کالا رسانان چاپار,google_maps,تهران,Other,other,High,Negative,1.0,"Hello dear friends I am very dissatisfied, like the rest of the audience. They don't answer the phone. There is no indication on the website when it will …",a year ago
Chapar,شرکت کالا رسانان چاپار,google_maps,تهران,Customer Support,support,High,Negative,1.0,"I had a very bad experience with Chapar courier services. My parcels were sent by this company twice and both times I faced serious problems. Even though I had announced in advance that I would not be present at the location, the parcel was sent without coordination and they did not accept any responsibility for the delivery time to the customer and coordination with the customer. On the other hand, there is no possibility of in-person delivery of the parcel at the dealerships, which causes more trouble for the customer. Also, the process of returning the goods to the sender is very long and takes about a week. Overall, my experience with Chapar services was completely poor in terms of support, coordination, and respect for the customer's time.",2 months ago
Chapar,شرکت کالا رسانان چاپار,google_maps,تهران,Staff Behavior,staff_behavior,High,Negative,1.0,There is a Chapar branch in the market on Zanburkchi Alley. It is very weak. It does not accept deliveries. It says take it to the Abbas Abad branch and deliver it. Where did the delivery come from? The staff is weak. It seems like they are working to ruin Chapar.,9 months ago
Chapar,شرکت کالا رسانان چاپار,google_maps,تهران,Staff Behavior,staff_behavior,High,Negative,1.0,"It was my worst experience… indecisive, rude and unplanned… My package was in my city for 4 days and I asked every day and they said it would arrive by night and it didn’t arrive and I was unavailable for exactly one hour, they brought it …",a year ago
Chapar,شرکت کالا رسانان چاپار,google_maps,تهران,Tracking,tracking,High,Negative,1.0,"I have never seen such poor quality and irresponsible delivery services. Today I called the head office more than fifty times to track my shipment and every fifty times they hung up on me, and the mobile phones that are available in the …",2 years ago
Chapar,شرکت کالا رسانان چاپار,google_maps,تهران,Pricing,price,High,Negative,1.0,I really feel sorry for this company that is not responsible at all. My package arrived in Tehran on Sunday and it still hasn't been delivered to its owner. What lame excuses. …,a year ago
Chapar,شرکت کالا رسانان چاپار,google_maps,تهران,Other,other,High,Negative,1.0,They are extremely irresponsible and also a creditor. They were sending it on four legs and a cart. By now it had reached us. We put it in the system. It took 3 days to arrive.,2 years ago
Chapar,شرکت کالا رسانان چاپار,google_maps,تهران,Delay,delivery_delay,High,Negative,1.0,"The worst experience you can have with a postal company is late delivery, rude operators, and ultimately no follow-up at all.",a year ago
Chapar,شرکت کالا رسانان چاپار,google_maps,تهران,Other,other,High,Negative,1.0,It was the worst experience of my life.,10 months ago
Chapar,چاپار مطهری (کالارسان چاپار مطهری),google_maps,تهران,Pricing,price,High,Negative,1.0,The worst. They are not responsive. They charge a high fee for a fast delivery but they don't send it. They don't answer me. The most irresponsible.,10 months ago
Chapar,چاپار مطهری (کالارسان چاپار مطهری),google_maps,تهران,Other,other,High,Negative,1.0,No one is responsible at all.,8 months ago
Chapar,کالارسانان چاپار پیروزی,google_maps,تهران,Delay,delivery_delay,High,Negative,1.0,The busiest postal company in the country is Chapare They have no commitment at all..They are not responsible...I have been waiting for the package to arrive for 4 days now..It hasn't arrived yet..I will call them and they will transfer me to another place.,a year ago
Chapar,کالارسانان چاپار پیروزی,google_maps,تهران,Mobile App,app_issue,High,Negative,1.0,"The worst post, you pay to have the order delivered to your door, you have to go to the warehouse to pick it up, with this crappy company, especially the Pirouzi branch.",a year ago
Chapar,کالارسانان چاپار پیروزی,google_maps,تهران,Delay,delivery_delay,High,Negative,1.0,Why is the customer service number disconnected? I've been waiting for the shipment for two months.,3 years ago
Chapar,کالارسانان چاپار پیروزی,google_maps,تهران,Other,other,High,Negative,1.0,One star is too much for Chapar.,9 months ago
Chapar,شرکت کالارسانان چاپار,google_maps,قم,Staff Behavior,staff_behavior,High,Negative,1.0,"Very terrible, the force that distributes it is very rude, unresponsive, we always have problems sending packages and they do not do any follow-up. Very, very weak.",8 months ago
Chapar,شرکت کالارسانان چاپار,google_maps,قم,Pricing,price,High,Negative,1.0,"The delivery speed is terrible, the contact number on the site is disconnected, and the price is average to high.",3 years ago
Chapar,شرکت کالارسانان چاپار,google_maps,قم,Other,other,High,Negative,1.0,The most unmanned and stupid exercise in the country's transportation system,7 months ago
Chapar,شرکت کالارسانان چاپار,google_maps,قم,Other,other,High,Negative,1.0,Too bad because I ordered it a week ago and it still hasn't arrived.,a year ago
Chapar,شرکت کالارسانان چاپار,google_maps,قم,Delay,delivery_delay,High,Negative,1.0,Lack of response and delay in delivery of the sent package,4 years ago
Chapar,شرکت کالارسانان چاپار,google_maps,قم,Delay,delivery_delay,High,Negative,1.0,Late delivery High price No follow-up Really not worth it,2 years ago
Chapar,شرکت کالارسانان چاپار,google_maps,قم,Other,other,Medium,Negative,4.0,not bad,9 years ago
Chapar,چاپار کرمانشاه,google_maps,کرمان,Mobile App,app_issue,High,Negative,1.0,No one works in the office just some guy with personal phone numbers in a used bike . No one answers the call and I don't know what happened to my package that was supposed to be delivered on time. It's been 2weeks . Hope this non-Human behavior be answered. But come-on it's just Package,a year ago
Chapar,چاپار کرمانشاه,google_maps,کرمان,Delay,delivery_delay,High,Negative,1.0,"First of all, the post office is asking for a few thousand tomans for the item sent to the customer, all costs calculated, and the full price specified. This is not legal. For example, if the total price of the entire invoice sent to the …",2 years ago
Chapar,چاپار کرمانشاه,google_maps,کرمان,Other,other,High,Negative,1.0,"He doesn't answer the phone, he doesn't deliver the package on time. You call for a few days and he doesn't answer. Then he says, ""If you're in a hurry, come and pick it up yourself."" Sub-zero service works for anyone you want.",2 months ago
Chapar,چاپار کرمانشاه,google_maps,کرمان,Other,other,High,Negative,1.0,"I mean, it would have been better if we had put the package in the mailbox than if we had given it to the delivery guy. Can a package be delivered to the delivery guy in two days? Are you playing or working?",2 years ago
Chapar,چاپار کرمانشاه,google_maps,کرمان,Other,other,High,Negative,1.0,"The busiest route for sending and receiving packages is this one. A package from a destination 300 kilometers away hasn't arrived in two weeks, but it's been in my hands for three days.",2 years ago
Chapar,Center,google_maps,تهران,Delay,delivery_delay,High,Negative,2.0,Slow delivery speed and bad professionalism from staff. (Tehran),2026-06-05
Chapar,Center,google_maps,تهران,Damaged Package,package_damage,High,Negative,2.0,Package arrived damaged and tracking quality was bad. (Tehran),2026-05-09
Chapar,Shiraz,google_maps,شیراز,Delay,delivery_delay,High,Negative,1.0,Worst delivery delay and package damage. Tracking never updated. (Shiraz),2026-06-04
Chapar,Shiraz,google_maps,شیراز,Delay,delivery_delay,High,Negative,2.0,Slow delivery speed and bad professionalism from staff. (Shiraz),2026-05-05
Chapar,Shiraz,google_maps,شیراز,Damaged Package,package_damage,High,Negative,2.0,Package arrived damaged and tracking quality was bad. (Shiraz),2026-07-24
Chapar,Tabriz,google_maps,تبریز,Delay,delivery_delay,High,Negative,1.0,Worst delivery delay and package damage. Tracking never updated. (Tabriz),2026-07-23
Chapar,Tabriz,google_maps,تبریز,Pricing,price,High,Negative,1.0,Expensive pricing and awful customer service in the branch. (Tabriz),2026-06-19
Chapar,Tabriz,google_maps,تبریز,Damaged Package,package_damage,High,Negative,2.0,Package arrived damaged and tracking quality was bad. (Tabriz),2026-05-15
AloPeyk,Alopeyk,google_maps,تهران,Customer Support,support,High,Negative,1.0,"How can support be this weak?? They follow up every four days, they give me two hundred thousand dollars in compensation, they make a plan, they make a deposit, and then they give me money whenever they want. I have never seen a company with worse money than this. You get a commission, you have to pay your ambassador's money night after night, do the ambassador's family use air or does the engine of your unfortunate ambassador run on water?",10 months ago
AloPeyk,Alopeyk,google_maps,تهران,Customer Support,support,High,Negative,1.0,"Zero support. Zero service. I received a package, waited for an hour, called support four times, each time for more than ten minutes, only to be played a song. In other words, I have been out of charge for forty minutes and no one has answered. Hello, the courier just takes his commission, he has no obligation to the courier.. Zero zero",a month ago
AloPeyk,Alopeyk,google_maps,تهران,Delay,delivery_delay,High,Negative,1.0,"Unfortunately, in the last few months, some of the ambassadors have not had boxes, and at the same time as delivering our product, they have been delivering several other products, which has caused severe delays in delivery, and the support is not responsive at all.",7 months ago
AloPeyk,Alopeyk,google_maps,تهران,Customer Support,support,High,Negative,1.0,"HelloPeak has no credibility. Unfortunately, one of the couriers stole from me and I reported it to support many times, but support did not respond. When I called them, they said it had nothing to do with us and that you should solve it with the courier yourself.",10 months ago
AloPeyk,Alopeyk,google_maps,تهران,Tracking,tracking,High,Negative,1.0,"The most stupid and incompetent I've been tracking the package for five days and they just say wait! They never received the package at all, the customer is frustrated",8 months ago
AloPeyk,Alopeyk,google_maps,تهران,Other,other,High,Negative,1.0,"Poor performance, no sense of responsibility. Sellers and buyers should strongly avoid this shipping method. This system cannot be fixed.",8 months ago
AloPeyk,Alopeyk,google_maps,تهران,Other,other,Medium,Negative,2.0,Bad servise,6 years ago
AloPeyk,Alopeyk,google_maps,NULL,Staff Behavior,staff_behavior,High,Negative,1.0,"Disrespectful behavior, treatment from a superior position, very poor facilities and very severe weaknesses in management and employee behavior.",6 years ago
AloPeyk,الوپیک,google_maps,تهران,Other,other,Medium,Negative,2.0,"Hello, I was a member of the Aloe Pack ambassadors group 3 years ago. I came out and got my documents. Now I want to become a member again. It says the national code has been entered and has already been registered in the system. No matter …",a year ago
AloPeyk,الوپیک,google_maps,تهران,Other,other,High,Negative,1.0,This place doesn’t exist here and never has.,3 days ago
AloPeyk,الوپیک اصفهان,google_maps,اصفهان,Other,other,High,Negative,1.0,"Inside Shahinshahr, but there is no motorcycle courier service yet.",7 years ago
AloPeyk,الوپیک اصفهان,google_maps,اصفهان,Other,other,Medium,Negative,2.0,👎👎 …,7 years ago
AloPeyk,الوپیک شیراز,google_maps,NULL,Other,other,High,Negative,1.0,I didn't like the system.,7 years ago
Mahex,Mahex,google_maps,تهران,Pricing,price,High,Negative,1.0,"I have been arguing with the site where I made the purchase for two days about why I should pay for the packaging and collection fee. The site said that it was packaged and delivered to the Mahax dealership. Let the package arrive so you can understand. When the package arrived, the site's name was on the cardboard and the adhesive tape. It has nothing to do with Mahax. The additional fee in the name of collection and packaging is stealing from the customer. I will show you a photo. They registered a package weighing less than 200 grams three times its weight to increase the cost. This is stealing from the customer. This product was made in China and shipped to Iran for less than 500 t. After Tehran, a company shipped it to Karaj for 230 t. I am trying to convey this bad experience to everyone so that no one makes this mistake. This company did not have a license to set regulations and there was no way to complain except to go to court and complain, and that their support is not there, and then they forcefully answer after being on the line for an hour.",7 months ago
Mahex,Mahex,google_maps,تهران,Other,other,High,Negative,1.0,"The stupidest delivery system I've ever seen. The delivery time is from 8am to 8am. That means you have to check your phone for 12 hours without any interruption so that when you give them the delivery code in between. If you have 10 minutes to do something in between, like being a doctor, you can't answer at work, the package will come and be returned. Finally, give us a two-hour window for delivery so that we know what time we should be at the address, not a 12-hour window!!!",a month ago
Mahex,Mahex,google_maps,تهران,Mobile App,app_issue,High,Negative,1.0,Extremely irresponsible and disorganized. It takes two weeks to deliver a package that is only one city away. They don't call and falsely claim that we didn't answer the call. They return the package to charge an additional fee. Extremely poor and crappy service and an even crappier fleet.,a year ago
Mahex,Mahex,google_maps,تهران,Delay,delivery_delay,High,Negative,1.0,"Extremely poor package delivery, very rude and obnoxious package delivery agent, ugly and disgusting behavior, lack of responsibility and responsiveness, delayed my package delivery for two days, and in the end I sent my package through another company, I am not satisfied at all.",a year ago
Mahex,Mahex,google_maps,تهران,Staff Behavior,staff_behavior,High,Negative,1.0,"The most disorganized and rude staff for Mahax Poor support and very nasty behavior In addition to the fact that there is no possibility to pay online for packages, …",a year ago
Mahex,Mahex,google_maps,تهران,Other,other,High,Negative,1.0,"Friends, this is awful. Please don't send me any packages. They don't respond properly or send them properly. This is truly the most awful thing I've ever seen.",11 months ago
Mahex,Mahex,google_maps,تهران,Other,other,High,Negative,1.0,They won't deliver the package to the office because they can't leave the car. You have to go down ten floors and get it from them on the street.,5 months ago
Mahex,Mahex,google_maps,تهران,Other,other,High,Negative,1.0,"Do not use this platform at all It was the worst experience I had First of all, the delivery period for a package is from 8 am to 8 pm …",7 months ago
Mahex,Mahex,google_maps,تهران,Other,other,High,Negative,1.0,They left a call number that everyone left with messages and they didn't even answer. I went to this branch of Mahaxton.,a year ago
Mahex,Mahex,google_maps,تهران,Delay,delivery_delay,High,Negative,1.0,"Delays and bad promises Very high cost They don't even have a POS machine, you have to pay by card when you deliver …",8 months ago
Mahex,Mahex,google_maps,تهران,Customer Support,support,High,Negative,1.0,"Reddit, I haven't received your message for 20 days and support is not responding at all.",11 months ago
Mahex,Mahex,google_maps,تهران,Staff Behavior,staff_behavior,High,Negative,1.0,The most irresponsible company with even more irresponsible and arrogant staff.,8 months ago
Mahex,Mahex,google_maps,تهران,Delay,delivery_delay,High,Negative,1.0,"The most disorganized, slowest, and weakest supported of all posts",a year ago
Mahex,Mahex,google_maps,تهران,Other,other,High,Negative,1.0,"Even one point is too much for this collection, it's really aaaaa",11 months ago
Mahex,پست ماهکس,google_maps,تهران,Other,other,High,Negative,1.0,The most dishonest and unprofessional company. No one is accountable.,5 months ago
Mahex,ماهکس بهار,google_maps,تهران,Staff Behavior,staff_behavior,High,Negative,1.0,"It is the worst and most irresponsible shipping company in all of Iran. I personally delivered a package to the company in Karaj, but at the destination they charged both the shipping cost at the origin and the packaging cost. I called the irresponsible support more than 20 times, I mean irresponsible, I mean really irresponsible and rude, I didn't hear any answer. If this is not theft, what can be called a fee without service? I am Alireza Mohammadnejad.",a year ago
Mahex,ماهکس بهار,google_maps,تهران,Mobile App,app_issue,High,Negative,1.0,"Damn this crappy company and its corrupt and irresponsible branches. They don't answer, they don't even pack their bags, and you don't know where the package is. I've never seen anything so awful before.",2 years ago
Mahex,ماهکس بهار,google_maps,تهران,Other,other,High,Negative,1.0,This is the most horrible company I've seen. They don't even answer. You know what condition these porters are in when they deliver a package.,2 years ago
Mahex,ماهکس بهار,google_maps,تهران,Other,other,High,Negative,1.0,"If you want the package to reach its destination, send it by Mahax.",a year ago
Mahex,ماهکس بهار,google_maps,تهران,Other,other,High,Negative,1.0,They are not responsive.,a year ago
Mahex,ماهکس,google_maps,ری,Other,other,High,Negative,1.0,"Very undisciplined, you don't answer the phone, you don't even bring the package, you say, ""We brought it ourselves,"" you didn't show up, there's no one to take care of it, people think it doesn't belong there.",a year ago
Mahex,ماهکس,google_maps,ری,Customer Support,support,High,Negative,1.0,terrible customer support and awful service,a year ago
Mahex,ماهکس,google_maps,ری,Customer Support,support,High,Negative,1.0,"Zero support, zero service.",a year ago
Mahex,jannat abad,google_maps,تهران,Mobile App,app_issue,High,Negative,1.0,"Mahax, extremely irresponsible and disorganized. It takes two weeks to deliver a package that is only a city away. They don't call and falsely claim that we didn't answer the call. They return the package to charge an additional fee. They have extremely poor and crappy support and an even crappier fleet.",a year ago
Mahex,jannat abad,google_maps,تهران,Staff Behavior,staff_behavior,High,Negative,1.0,Rude agent yelling at female customer,7 months ago
Tipax,تیپاکس ونک,balad,تهران,Delay,delivery_delay,High,Negative,2.0,تاخیر زیاد در تحویل مرسوله و پیگیری ضعیف!,2026-06-01
Mahex,ماهکس شیراز,neshan,شیراز,Damaged Package,package_damage,High,Negative,1.0,بسته آسیب دیده رسید واقعا ناراحت کننده,2026-05-20
Tipax,App,cafebazaar,NULL,Mobile App,app_issue,High,Negative,2.0,اپلیکیشن مدام کرش می کند و وضعیت مرسوله آپدیت نمی شود,2026-04-12
AloPeyk,App,cafebazaar,NULL,Mobile App,app_issue,High,Negative,1.0,قیمت در اپ با قیمت نهایی فرق دارد پشتیبانی جوابگو نیست,2026-06-18
Iran Post,Iran App,myket,NULL,Mobile App,app_issue,Medium,Negative,2.0,رهگیری در اپ قطع است و پیام خطا می دهد,2026-07-11
