id,source,brand,branch,province,city,latitude,longitude,rating,review,review_date,reviewer,reply,reply_date,photos_count,url,scraped_at
1,google_maps,Tipax,TIHUB,تهران,تهران,35.7047292,51.2295103,1.0,"The most irresponsible company you can entrust your goods to and be sure that they will not reach the recipient is Tipax. No matter how much you follow up, no one will be held accountable. The only answer that is likely to be given is to ""be patient"" for an unknown period of time, of course!!",5 months ago,Amirshahin Shahinnejad,NULL,NULL,NULL,https://www.google.com/maps/place/TIHUB/data=!4m7!3m6!1s0x3f8dfb266d4dd54f:0x344a63f89052fc23!8m2!3d35.7047292!4d51.2295103!16s%2Fg%2F11g22yzb_w!19sChIJT9VNbSb7jT8RI_xSkPhjSjQ?authuser=0&hl=en&rclk=1,2026-08-02T22:19:03.197885+00:00
2,google_maps,Tipax,TIHUB,تهران,تهران,35.7047292,51.2295103,1.0,The most rubbish post in Iran. Use the government post office if you can and boycott it. Packages are usually lost and no compensation is given. The most rubbish post in Iran. Use the government post office if you can and boycott it. Packages are usually lost and no compensation is given.,6 months ago,feri tanha,NULL,NULL,NULL,https://www.google.com/maps/place/TIHUB/data=!4m7!3m6!1s0x3f8dfb266d4dd54f:0x344a63f89052fc23!8m2!3d35.7047292!4d51.2295103!16s%2Fg%2F11g22yzb_w!19sChIJT9VNbSb7jT8RI_xSkPhjSjQ?authuser=0&hl=en&rclk=1,2026-08-02T22:19:03.197885+00:00
3,google_maps,Tipax,TIHUB,تهران,تهران,35.7047292,51.2295103,1.0,"The most ridiculous company charges more than anywhere else, for example, they say they ship fast, but the package is still in the processing stage in two days, while they say it will arrive in one day. So you can't do what you say, pack up your bags.",Edited 7 months ago,soma s,NULL,NULL,NULL,https://www.google.com/maps/place/TIHUB/data=!4m7!3m6!1s0x3f8dfb266d4dd54f:0x344a63f89052fc23!8m2!3d35.7047292!4d51.2295103!16s%2Fg%2F11g22yzb_w!19sChIJT9VNbSb7jT8RI_xSkPhjSjQ?authuser=0&hl=en&rclk=1,2026-08-02T22:19:03.197885+00:00
4,google_maps,Tipax,TIHUB,تهران,تهران,35.7047292,51.2295103,1.0,"Your most horrible choice for sending packages is Tipax. They don't care about anything. They don't deliver the package, they just say they're not there. They don't care about the customer. Post is 100 times better than this shitty company.",a year ago,shayan q,NULL,NULL,NULL,https://www.google.com/maps/place/TIHUB/data=!4m7!3m6!1s0x3f8dfb266d4dd54f:0x344a63f89052fc23!8m2!3d35.7047292!4d51.2295103!16s%2Fg%2F11g22yzb_w!19sChIJT9VNbSb7jT8RI_xSkPhjSjQ?authuser=0&hl=en&rclk=1,2026-08-02T22:19:03.197885+00:00
5,google_maps,Tipax,TIHUB,تهران,تهران,35.7047292,51.2295103,1.0,Doesn't this stall have a phone number to answer? Four irresponsible people answered the phone? What did we do wrong that we got caught in your business???,7 months ago,Masi Mirmo,NULL,NULL,NULL,https://www.google.com/maps/place/TIHUB/data=!4m7!3m6!1s0x3f8dfb266d4dd54f:0x344a63f89052fc23!8m2!3d35.7047292!4d51.2295103!16s%2Fg%2F11g22yzb_w!19sChIJT9VNbSb7jT8RI_xSkPhjSjQ?authuser=0&hl=en&rclk=1,2026-08-02T22:19:03.197885+00:00
6,google_maps,Tipax,TIHUB,تهران,تهران,35.7047292,51.2295103,1.0,What's the situation with work? We depend on Tipax to get it to us quickly. It's been 4 days late. You're not even answering. I'm suing you.,a year ago,Amir Sayadi,NULL,NULL,NULL,https://www.google.com/maps/place/TIHUB/data=!4m7!3m6!1s0x3f8dfb266d4dd54f:0x344a63f89052fc23!8m2!3d35.7047292!4d51.2295103!16s%2Fg%2F11g22yzb_w!19sChIJT9VNbSb7jT8RI_xSkPhjSjQ?authuser=0&hl=en&rclk=1,2026-08-02T22:19:03.197885+00:00
7,google_maps,Tipax,TIHUB,تهران,تهران,35.7047292,51.2295103,1.0,"If you send it by regular mail, it will arrive much sooner. You are irresponsible about the company's practice.",2 months ago,Ali Musavi,NULL,NULL,NULL,https://www.google.com/maps/place/TIHUB/data=!4m7!3m6!1s0x3f8dfb266d4dd54f:0x344a63f89052fc23!8m2!3d35.7047292!4d51.2295103!16s%2Fg%2F11g22yzb_w!19sChIJT9VNbSb7jT8RI_xSkPhjSjQ?authuser=0&hl=en&rclk=1,2026-08-02T22:19:03.197885+00:00
8,google_maps,Tipax,TIHUB,تهران,تهران,35.7047292,51.2295103,1.0,"I mean, I'm not more stupid than Tipax Nadim in my life. Pick up your bowl and jug.",7 months ago,علی یوسفی,NULL,NULL,NULL,https://www.google.com/maps/place/TIHUB/data=!4m7!3m6!1s0x3f8dfb266d4dd54f:0x344a63f89052fc23!8m2!3d35.7047292!4d51.2295103!16s%2Fg%2F11g22yzb_w!19sChIJT9VNbSb7jT8RI_xSkPhjSjQ?authuser=0&hl=en&rclk=1,2026-08-02T22:19:03.197885+00:00
9,google_maps,Tipax,TIHUB,تهران,تهران,35.7047292,51.2295103,1.0,Bad delivery in the all the time,7 months ago,Abbas Reza,NULL,NULL,NULL,https://www.google.com/maps/place/TIHUB/data=!4m7!3m6!1s0x3f8dfb266d4dd54f:0x344a63f89052fc23!8m2!3d35.7047292!4d51.2295103!16s%2Fg%2F11g22yzb_w!19sChIJT9VNbSb7jT8RI_xSkPhjSjQ?authuser=0&hl=en&rclk=1,2026-08-02T22:19:03.197885+00:00
10,google_maps,Tipax,TIHUB,تهران,تهران,35.7047292,51.2295103,1.0,Ok,2 years ago,Yaser Heydari,NULL,NULL,NULL,https://www.google.com/maps/place/TIHUB/data=!4m7!3m6!1s0x3f8dfb266d4dd54f:0x344a63f89052fc23!8m2!3d35.7047292!4d51.2295103!16s%2Fg%2F11g22yzb_w!19sChIJT9VNbSb7jT8RI_xSkPhjSjQ?authuser=0&hl=en&rclk=1,2026-08-02T22:19:03.197885+00:00
11,google_maps,Tipax,Tipax,خراسان شمالی,NULL,37.4785541,57.3317339,1.0,"The service at the Ghorban branch is terrible. I'm sorry, they charge three times more than the post office. I haven't received my order in ten days. They are not responsive either.",2 years ago,maryam zakaria sany,NULL,NULL,NULL,https://www.google.com/maps/place/Tipax/data=!4m7!3m6!1s0x3f709688c8262afb:0x2bb392456b9429eb!8m2!3d37.4785541!4d57.3317339!16s%2Fg%2F11c75x9zwb!19sChIJ-yomyIiWcD8R6ymUa0WSsys?authuser=0&hl=en&rclk=1,2026-08-03T00:53:15.191200+00:00
12,google_maps,Tipax,Tipax,خراسان شمالی,NULL,37.4785541,57.3317339,1.0,"Really poor service and slow speed, very high fees, always extra money, especially if it's a rental fee, they are not reliable at all.",4 years ago,سمیه مظفری,NULL,NULL,NULL,https://www.google.com/maps/place/Tipax/data=!4m7!3m6!1s0x3f709688c8262afb:0x2bb392456b9429eb!8m2!3d37.4785541!4d57.3317339!16s%2Fg%2F11c75x9zwb!19sChIJ-yomyIiWcD8R6ymUa0WSsys?authuser=0&hl=en&rclk=1,2026-08-03T00:53:15.191200+00:00
13,google_maps,Tipax,Tipax,خراسان شمالی,NULL,37.4785541,57.3317339,1.0,"I've been waiting for a week now for my broadcast from Tehran, and it hasn't arrived.",6 years ago,hamed torkanlo,NULL,NULL,NULL,https://www.google.com/maps/place/Tipax/data=!4m7!3m6!1s0x3f709688c8262afb:0x2bb392456b9429eb!8m2!3d37.4785541!4d57.3317339!16s%2Fg%2F11c75x9zwb!19sChIJ-yomyIiWcD8R6ymUa0WSsys?authuser=0&hl=en&rclk=1,2026-08-03T00:53:15.191200+00:00
14,google_maps,Tipax,Tipax,خراسان شمالی,NULL,37.4785541,57.3317339,3.0,"Much more expensive than shipping and, worse, much slower!😡 …",6 years ago,حمید رضا جهانی,NULL,NULL,NULL,https://www.google.com/maps/place/Tipax/data=!4m7!3m6!1s0x3f709688c8262afb:0x2bb392456b9429eb!8m2!3d37.4785541!4d57.3317339!16s%2Fg%2F11c75x9zwb!19sChIJ-yomyIiWcD8R6ymUa0WSsys?authuser=0&hl=en&rclk=1,2026-08-03T00:53:15.191200+00:00
15,google_maps,Tipax,Tipax,خراسان شمالی,NULL,37.4785541,57.3317339,1.0,"Unfortunately, they do not distribute Golestan Town.",4 years ago,رادمان ام جی,NULL,NULL,NULL,https://www.google.com/maps/place/Tipax/data=!4m7!3m6!1s0x3f709688c8262afb:0x2bb392456b9429eb!8m2!3d37.4785541!4d57.3317339!16s%2Fg%2F11c75x9zwb!19sChIJ-yomyIiWcD8R6ymUa0WSsys?authuser=0&hl=en&rclk=1,2026-08-03T00:53:15.191200+00:00
16,google_maps,Tipax,Tipax,خراسان شمالی,NULL,37.4785541,57.3317339,5.0,Hello. The service was good.,6 years ago,Mohamad Piltan,NULL,NULL,NULL,https://www.google.com/maps/place/Tipax/data=!4m7!3m6!1s0x3f709688c8262afb:0x2bb392456b9429eb!8m2!3d37.4785541!4d57.3317339!16s%2Fg%2F11c75x9zwb!19sChIJ-yomyIiWcD8R6ymUa0WSsys?authuser=0&hl=en&rclk=1,2026-08-03T00:53:15.191200+00:00
17,google_maps,Tipax,Tipax,خراسان شمالی,NULL,37.4785541,57.3317339,5.0,"Good manners, high speed",3 years ago,yahya azemi,NULL,NULL,NULL,https://www.google.com/maps/place/Tipax/data=!4m7!3m6!1s0x3f709688c8262afb:0x2bb392456b9429eb!8m2!3d37.4785541!4d57.3317339!16s%2Fg%2F11c75x9zwb!19sChIJ-yomyIiWcD8R6ymUa0WSsys?authuser=0&hl=en&rclk=1,2026-08-03T00:53:15.191200+00:00
18,google_maps,Tipax,Tipax,خراسان شمالی,NULL,37.4785541,57.3317339,5.0,Excellent service.,2 years ago,فرید سبحانی,NULL,NULL,NULL,https://www.google.com/maps/place/Tipax/data=!4m7!3m6!1s0x3f709688c8262afb:0x2bb392456b9429eb!8m2!3d37.4785541!4d57.3317339!16s%2Fg%2F11c75x9zwb!19sChIJ-yomyIiWcD8R6ymUa0WSsys?authuser=0&hl=en&rclk=1,2026-08-03T00:53:15.191200+00:00
19,google_maps,Tipax,Tipax,خراسان شمالی,NULL,37.4785541,57.3317339,5.0,It was good.,Edited 7 years ago,Javad Yazdani,NULL,NULL,NULL,https://www.google.com/maps/place/Tipax/data=!4m7!3m6!1s0x3f709688c8262afb:0x2bb392456b9429eb!8m2!3d37.4785541!4d57.3317339!16s%2Fg%2F11c75x9zwb!19sChIJ-yomyIiWcD8R6ymUa0WSsys?authuser=0&hl=en&rclk=1,2026-08-03T00:53:15.191200+00:00
20,google_maps,Tipax,Tipax,خراسان شمالی,NULL,37.4785541,57.3317339,5.0,Very good.,2 years ago,امین قنواتی,NULL,NULL,NULL,https://www.google.com/maps/place/Tipax/data=!4m7!3m6!1s0x3f709688c8262afb:0x2bb392456b9429eb!8m2!3d37.4785541!4d57.3317339!16s%2Fg%2F11c75x9zwb!19sChIJ-yomyIiWcD8R6ymUa0WSsys?authuser=0&hl=en&rclk=1,2026-08-03T00:53:15.191200+00:00
21,google_maps,Tipax,tipax,همدان,NULL,34.8121589,48.5166731,3.0,Puppet,3 years ago,مجتبی اکبری,NULL,NULL,NULL,https://www.google.com/maps/place/tipax/data=!4m7!3m6!1s0x3ff193df82de6ebd:0x7d5ccbfa269a8029!8m2!3d34.8121589!4d48.5166731!16s%2Fg%2F11sht4dvv_!19sChIJvW7egt-T8T8RKYCaJvrLXH0?authuser=0&hl=en&rclk=1,2026-08-02T23:55:52.815096+00:00
22,google_maps,Tipax,tipax,همدان,NULL,34.8121589,48.5166731,2.0,Hey,7 months ago,محمدرضا شاهمحمدی ایزد,NULL,NULL,NULL,https://www.google.com/maps/place/tipax/data=!4m7!3m6!1s0x3ff193df82de6ebd:0x7d5ccbfa269a8029!8m2!3d34.8121589!4d48.5166731!16s%2Fg%2F11sht4dvv_!19sChIJvW7egt-T8T8RKYCaJvrLXH0?authuser=0&hl=en&rclk=1,2026-08-02T23:55:52.815096+00:00
23,google_maps,Tipax,تیپاکس 4,Bandar Abbas,58J3+Q8R نصر 1,27.1819782,56.3032636,1.0,"Hello, I had a package to send to Tehran. But it ended up being very expensive for me, meaning a baby swing with some items like medicine and a phone, which was the size of a double blanket, but they charged me 290,000 tomans. I don't know why other people were saying that it would cost a lot, not more than 100 tomans. I mean, I wasn't happy with this high cost.",3 years ago,Fanoshafarahmand,NULL,NULL,NULL,https://www.google.com/maps/place/%D8%AA%DB%8C%D9%BE%D8%A7%DA%A9%D8%B3+%D8%B4%D8%B9%D8%A8%D9%87+4%E2%80%AD/data=!4m7!3m6!1s0x3ef9d7adf4e42669:0x3422e2db7cb5bdf2!8m2!3d27.1819782!4d56.3032636!16s%2Fg%2F11rwyjft4x!19sChIJaSbk9K3X-T4R8r21fNviIjQ?authuser=0&hl=en&rclk=1,2026-08-02T22:19:20.634400+00:00
24,google_maps,Tipax,تیپاکس 4,Bandar Abbas,58J3+Q8R نصر 1,27.1819782,56.3032636,1.0,"It's all lies, don't go to this Tipax. For example, I ordered a case and a monitor, and it cost me at least a million from Tehran to Bandar... The truth is, if you give me a terminal, it would be better for you.",2 years ago,قرآن کریم,NULL,NULL,NULL,https://www.google.com/maps/place/%D8%AA%DB%8C%D9%BE%D8%A7%DA%A9%D8%B3+%D8%B4%D8%B9%D8%A8%D9%87+4%E2%80%AD/data=!4m7!3m6!1s0x3ef9d7adf4e42669:0x3422e2db7cb5bdf2!8m2!3d27.1819782!4d56.3032636!16s%2Fg%2F11rwyjft4x!19sChIJaSbk9K3X-T4R8r21fNviIjQ?authuser=0&hl=en&rclk=1,2026-08-02T22:19:20.634400+00:00
25,google_maps,Tipax,تیپاکس 4,Bandar Abbas,58J3+Q8R نصر 1,27.1819782,56.3032636,1.0,"The only city where Tipax does not have a delivery address and they lie about not being there, it is like a consignment graveyard, Tipax Port.",3 years ago,Mahsa Alemzadeh,NULL,NULL,NULL,https://www.google.com/maps/place/%D8%AA%DB%8C%D9%BE%D8%A7%DA%A9%D8%B3+%D8%B4%D8%B9%D8%A8%D9%87+4%E2%80%AD/data=!4m7!3m6!1s0x3ef9d7adf4e42669:0x3422e2db7cb5bdf2!8m2!3d27.1819782!4d56.3032636!16s%2Fg%2F11rwyjft4x!19sChIJaSbk9K3X-T4R8r21fNviIjQ?authuser=0&hl=en&rclk=1,2026-08-02T22:19:20.634400+00:00
26,google_maps,Tipax,تیپاکس 4,Bandar Abbas,58J3+Q8R نصر 1,27.1819782,56.3032636,1.0,Their performance is really terrible. They call once or don't pick up and immediately return the package so you have to pay again.,9 months ago,Jana Schnider,NULL,NULL,NULL,https://www.google.com/maps/place/%D8%AA%DB%8C%D9%BE%D8%A7%DA%A9%D8%B3+%D8%B4%D8%B9%D8%A8%D9%87+4%E2%80%AD/data=!4m7!3m6!1s0x3ef9d7adf4e42669:0x3422e2db7cb5bdf2!8m2!3d27.1819782!4d56.3032636!16s%2Fg%2F11rwyjft4x!19sChIJaSbk9K3X-T4R8r21fNviIjQ?authuser=0&hl=en&rclk=1,2026-08-02T22:19:20.634400+00:00
27,google_maps,Tipax,تیپاکس 4,Bandar Abbas,58J3+Q8R نصر 1,27.1819782,56.3032636,1.0,The most irresponsible tipax. Don't go to this tipax.,Edited 2 years ago,reza reza,NULL,NULL,NULL,https://www.google.com/maps/place/%D8%AA%DB%8C%D9%BE%D8%A7%DA%A9%D8%B3+%D8%B4%D8%B9%D8%A8%D9%87+4%E2%80%AD/data=!4m7!3m6!1s0x3ef9d7adf4e42669:0x3422e2db7cb5bdf2!8m2!3d27.1819782!4d56.3032636!16s%2Fg%2F11rwyjft4x!19sChIJaSbk9K3X-T4R8r21fNviIjQ?authuser=0&hl=en&rclk=1,2026-08-02T22:19:20.634400+00:00
28,google_maps,Tipax,تیپاکس,خراسان شمالی,NULL,37.3902984,57.93314,1.0,"Zero zero in terms of service. My brother has mobility issues and is always in a wheelchair. When the Tipax courier comes, he rings the bell and sits in the car on the street. The courier's job is to come in the alley, ring the doorbell, …",a year ago,Reza Eskandri,NULL,NULL,NULL,https://www.google.com/maps/place/%D8%AA%DB%8C%D9%BE%D8%A7%DA%A9%D8%B3%E2%80%AD/data=!4m7!3m6!1s0x3f7048db61068f53:0x26ffd9913508e000!8m2!3d37.3902984!4d57.93314!16s%2Fg%2F11c59_5ztl!19sChIJU48GYdtIcD8RAOAINZHZ_yY?authuser=0&hl=en&rclk=1,2026-08-03T00:53:23.810796+00:00
29,google_maps,Tipax,تیپاکس,خراسان شمالی,NULL,37.3902984,57.93314,1.0,It's not interesting at all. They don't have a postal agent. You have to go and get the package yourself.,2 months ago,Adeleh Fadaii00,NULL,NULL,NULL,https://www.google.com/maps/place/%D8%AA%DB%8C%D9%BE%D8%A7%DA%A9%D8%B3%E2%80%AD/data=!4m7!3m6!1s0x3f7048db61068f53:0x26ffd9913508e000!8m2!3d37.3902984!4d57.93314!16s%2Fg%2F11c59_5ztl!19sChIJU48GYdtIcD8RAOAINZHZ_yY?authuser=0&hl=en&rclk=1,2026-08-03T00:53:23.810796+00:00
30,google_maps,Tipax,تیپاکس,خراسان شمالی,NULL,37.3902984,57.93314,5.0,The post speed is excellent.,4 years ago,ali derakhsh,NULL,NULL,NULL,https://www.google.com/maps/place/%D8%AA%DB%8C%D9%BE%D8%A7%DA%A9%D8%B3%E2%80%AD/data=!4m7!3m6!1s0x3f7048db61068f53:0x26ffd9913508e000!8m2!3d37.3902984!4d57.93314!16s%2Fg%2F11c59_5ztl!19sChIJU48GYdtIcD8RAOAINZHZ_yY?authuser=0&hl=en&rclk=1,2026-08-03T00:53:23.810796+00:00
31,google_maps,Tipax,تیپاکس,خراسان شمالی,NULL,37.3902984,57.93314,4.0,Their work is not bad.,3 years ago,Mohammad Reza Abbas Zadeh,NULL,NULL,NULL,https://www.google.com/maps/place/%D8%AA%DB%8C%D9%BE%D8%A7%DA%A9%D8%B3%E2%80%AD/data=!4m7!3m6!1s0x3f7048db61068f53:0x26ffd9913508e000!8m2!3d37.3902984!4d57.93314!16s%2Fg%2F11c59_5ztl!19sChIJU48GYdtIcD8RAOAINZHZ_yY?authuser=0&hl=en&rclk=1,2026-08-03T00:53:23.810796+00:00
32,google_maps,Tipax,تیپاکس کشاورز,اصفهان,اصفهان,32.6231012,51.6122667,1.0,"I am really sorry for the existence of this branch because since I have known Tipax and visited its branches, they were very excellent, punctual and respectful. That is why I had crossed out the government post office and was doing all my postal work with Tipax. But this branch made me cold and doubtful about choosing Tipax. They were really right that in any field, one person can ruin that entire job or brand and question a lifetime of service and integrity. Like the old proverb that says that one stray goat makes the whole herd stray. I am sorry for Tipax that chooses people like this to serve the people and operates within its branches. Their behavior is disrespectful and their only criterion is money and they are extremely false and duplicitous in their work. I will never use Tipax again in my life, and with the high social connections I have, I will discourage everyone around me from using Tipax. This company should realize that when a virus infiltrates the company, it should remove it, not let it harm others.",7 months ago,Hamed abbasi,NULL,NULL,NULL,https://www.google.com/maps/place/%D8%AA%DB%8C%D9%BE%D8%A7%DA%A9%D8%B3+%D8%B4%D8%B9%D8%A8%D9%87+%DA%A9%D8%B4%D8%A7%D9%88%D8%B1%D8%B2%E2%80%AD/data=!4m7!3m6!1s0x3fbc371500132a3d:0x7fdd6eaa1199ba5d!8m2!3d32.6231012!4d51.6122667!16s%2Fg%2F11k43429j_!19sChIJPSoTABU3vD8RXbqZEapu3X8?authuser=0&hl=en&rclk=1,2026-08-02T22:19:37.795418+00:00
33,google_maps,Tipax,تیپاکس کشاورز,اصفهان,اصفهان,32.6231012,51.6122667,1.0,"This branch of Tipax is completely irresponsible, unreliable and incompetent and I am sorry for the Tipax company that has represented anyone. Every time they delay the delivery of the equipment and are not accountable and every time we …",3 years ago,Hi Ku,NULL,NULL,NULL,https://www.google.com/maps/place/%D8%AA%DB%8C%D9%BE%D8%A7%DA%A9%D8%B3+%D8%B4%D8%B9%D8%A8%D9%87+%DA%A9%D8%B4%D8%A7%D9%88%D8%B1%D8%B2%E2%80%AD/data=!4m7!3m6!1s0x3fbc371500132a3d:0x7fdd6eaa1199ba5d!8m2!3d32.6231012!4d51.6122667!16s%2Fg%2F11k43429j_!19sChIJPSoTABU3vD8RXbqZEapu3X8?authuser=0&hl=en&rclk=1,2026-08-02T22:19:37.795418+00:00
34,google_maps,Tipax,تیپاکس کشاورز,اصفهان,اصفهان,32.6231012,51.6122667,1.0,"It was awful, the courier didn't deliver the package, I had to go and get it myself, the number was blocked I packed a laptop that he had put under a bunch of other things Irresponsible in the truest sense",2 years ago,shahriyar af,NULL,NULL,NULL,https://www.google.com/maps/place/%D8%AA%DB%8C%D9%BE%D8%A7%DA%A9%D8%B3+%D8%B4%D8%B9%D8%A8%D9%87+%DA%A9%D8%B4%D8%A7%D9%88%D8%B1%D8%B2%E2%80%AD/data=!4m7!3m6!1s0x3fbc371500132a3d:0x7fdd6eaa1199ba5d!8m2!3d32.6231012!4d51.6122667!16s%2Fg%2F11k43429j_!19sChIJPSoTABU3vD8RXbqZEapu3X8?authuser=0&hl=en&rclk=1,2026-08-02T22:19:37.795418+00:00
35,google_maps,Tipax,تیپاکس کشاورز,اصفهان,اصفهان,32.6231012,51.6122667,1.0,Very awful and bad promise. Regular mail is a thousand times better. They are also rude and arrogant. I really feel sorry for Tipax for such a representative office.,7 months ago,Roya,NULL,NULL,NULL,https://www.google.com/maps/place/%D8%AA%DB%8C%D9%BE%D8%A7%DA%A9%D8%B3+%D8%B4%D8%B9%D8%A8%D9%87+%DA%A9%D8%B4%D8%A7%D9%88%D8%B1%D8%B2%E2%80%AD/data=!4m7!3m6!1s0x3fbc371500132a3d:0x7fdd6eaa1199ba5d!8m2!3d32.6231012!4d51.6122667!16s%2Fg%2F11k43429j_!19sChIJPSoTABU3vD8RXbqZEapu3X8?authuser=0&hl=en&rclk=1,2026-08-02T22:19:37.795418+00:00
36,google_maps,Tipax,تیپاکس کشاورز,اصفهان,اصفهان,32.6231012,51.6122667,1.0,The most horrible Tipax branch in Iran. The employees are the most liars and the worst. They only lie to you and try to hurt you.,a year ago,Alireza Qolamianpour,NULL,NULL,NULL,https://www.google.com/maps/place/%D8%AA%DB%8C%D9%BE%D8%A7%DA%A9%D8%B3+%D8%B4%D8%B9%D8%A8%D9%87+%DA%A9%D8%B4%D8%A7%D9%88%D8%B1%D8%B2%E2%80%AD/data=!4m7!3m6!1s0x3fbc371500132a3d:0x7fdd6eaa1199ba5d!8m2!3d32.6231012!4d51.6122667!16s%2Fg%2F11k43429j_!19sChIJPSoTABU3vD8RXbqZEapu3X8?authuser=0&hl=en&rclk=1,2026-08-02T22:19:37.795418+00:00
37,google_maps,Tipax,تیپاکس کشاورز,اصفهان,اصفهان,32.6231012,51.6122667,1.0,"Terrible Terrible Terrible The phone is blocked, I ordered it myself after several days of delay, I feel sorry for them",2 years ago,Zahra B,NULL,NULL,NULL,https://www.google.com/maps/place/%D8%AA%DB%8C%D9%BE%D8%A7%DA%A9%D8%B3+%D8%B4%D8%B9%D8%A8%D9%87+%DA%A9%D8%B4%D8%A7%D9%88%D8%B1%D8%B2%E2%80%AD/data=!4m7!3m6!1s0x3fbc371500132a3d:0x7fdd6eaa1199ba5d!8m2!3d32.6231012!4d51.6122667!16s%2Fg%2F11k43429j_!19sChIJPSoTABU3vD8RXbqZEapu3X8?authuser=0&hl=en&rclk=1,2026-08-02T22:19:37.795418+00:00
38,google_maps,Tipax,تیپاکس کشاورز,اصفهان,اصفهان,32.6231012,51.6122667,1.0,They deliver packages very late. They are not accountable either! I don't know why Tipax doesn't monitor its branches?,3 years ago,Peyman,NULL,NULL,NULL,https://www.google.com/maps/place/%D8%AA%DB%8C%D9%BE%D8%A7%DA%A9%D8%B3+%D8%B4%D8%B9%D8%A8%D9%87+%DA%A9%D8%B4%D8%A7%D9%88%D8%B1%D8%B2%E2%80%AD/data=!4m7!3m6!1s0x3fbc371500132a3d:0x7fdd6eaa1199ba5d!8m2!3d32.6231012!4d51.6122667!16s%2Fg%2F11k43429j_!19sChIJPSoTABU3vD8RXbqZEapu3X8?authuser=0&hl=en&rclk=1,2026-08-02T22:19:37.795418+00:00
39,google_maps,Tipax,تیپاکس کشاورز,اصفهان,اصفهان,32.6231012,51.6122667,1.0,"The most disgusting, the most absurd, the most rude, the most uncultured",a year ago,Fate-meh -Ghd,NULL,NULL,NULL,https://www.google.com/maps/place/%D8%AA%DB%8C%D9%BE%D8%A7%DA%A9%D8%B3+%D8%B4%D8%B9%D8%A8%D9%87+%DA%A9%D8%B4%D8%A7%D9%88%D8%B1%D8%B2%E2%80%AD/data=!4m7!3m6!1s0x3fbc371500132a3d:0x7fdd6eaa1199ba5d!8m2!3d32.6231012!4d51.6122667!16s%2Fg%2F11k43429j_!19sChIJPSoTABU3vD8RXbqZEapu3X8?authuser=0&hl=en&rclk=1,2026-08-02T22:19:37.795418+00:00
40,google_maps,Tipax,تیپاکس کشاورز,اصفهان,اصفهان,32.6231012,51.6122667,5.0,"It was very good, delivered very quickly and on time.",a year ago,Ali Saberi,NULL,NULL,NULL,https://www.google.com/maps/place/%D8%AA%DB%8C%D9%BE%D8%A7%DA%A9%D8%B3+%D8%B4%D8%B9%D8%A8%D9%87+%DA%A9%D8%B4%D8%A7%D9%88%D8%B1%D8%B2%E2%80%AD/data=!4m7!3m6!1s0x3fbc371500132a3d:0x7fdd6eaa1199ba5d!8m2!3d32.6231012!4d51.6122667!16s%2Fg%2F11k43429j_!19sChIJPSoTABU3vD8RXbqZEapu3X8?authuser=0&hl=en&rclk=1,2026-08-02T22:19:37.795418+00:00
41,google_maps,Tipax,تیپاکس کشاورز,اصفهان,اصفهان,32.6231012,51.6122667,1.0,Officially Ridin,Edited 2 years ago,Ali Bakrani,NULL,NULL,NULL,https://www.google.com/maps/place/%D8%AA%DB%8C%D9%BE%D8%A7%DA%A9%D8%B3+%D8%B4%D8%B9%D8%A8%D9%87+%DA%A9%D8%B4%D8%A7%D9%88%D8%B1%D8%B2%E2%80%AD/data=!4m7!3m6!1s0x3fbc371500132a3d:0x7fdd6eaa1199ba5d!8m2!3d32.6231012!4d51.6122667!16s%2Fg%2F11k43429j_!19sChIJPSoTABU3vD8RXbqZEapu3X8?authuser=0&hl=en&rclk=1,2026-08-02T22:19:37.795418+00:00
42,google_maps,Tipax,تیپاکس فیاض بخش,تهران,تهران,35.6851472,51.4385858,1.0,Occupation,a year ago,Saeed Ezati,NULL,NULL,NULL,https://www.google.com/maps/place/%D8%AA%DB%8C%D9%BE%D8%A7%DA%A9%D8%B3+%D9%81%DB%8C%D8%A7%D8%B6+%D8%A8%D8%AE%D8%B4%E2%80%AD/data=!4m7!3m6!1s0x3f8e03003ee2a203:0x5294f4d00d887e0b!8m2!3d35.6851472!4d51.4385858!16s%2Fg%2F11x6t9bwvl!19sChIJA6LiPgADjj8RC36IDdD0lFI?authuser=0&hl=en&rclk=1,2026-08-02T22:19:54.783200+00:00
43,google_maps,Tipax,سالن سورتینگ تیپاکس ( تی هاب ),اصفهان,اصفهان,32.7412812,51.7452476,1.0,"Hello everyone If I had the space and could, I would definitely give less than one star. I mean, how can a place be so mismanaged and so uncaring? I mean, I don't know how to really treat the staff of this company. Besides, Tipax operators really messed up with this follow-up; they keep saying we'll call you, then they don't call you, then they call you ten times, you have to tell them what the contents of the package are, so the package is clear, so you should open your eyes and see. When I look at the comments and opinions, I wonder how you couldn't make this company work in a year or two; how can you make a package that can be delivered in a week take so long? Well, if I knew it would take so long, I would have sent it by mail. At least I knew it would come faster. The more I say about Tipax's lack of planning and badness, the less I said; I personally don't move anything through Tipax anymore.",Edited 5 months ago,Sina Parhizkari,NULL,NULL,NULL,https://www.google.com/maps/place/%D8%B3%D8%A7%D9%84%D9%86+%D8%B3%D9%88%D8%B1%D8%AA%DB%8C%D9%86%DA%AF+%D8%AA%DB%8C%D9%BE%D8%A7%DA%A9%D8%B3+%28+%D8%AA%DB%8C+%D9%87%D8%A7%D8%A8+%29%E2%80%AD/data=!4m7!3m6!1s0x3fbc4b344e622037:0x31788158f39b69ee!8m2!3d32.7412812!4d51.7452476!16s%2Fg%2F11v13cdmsz!19sChIJNyBiTjRLvD8R7mmb81iBeDE?authuser=0&hl=en&rclk=1,2026-08-02T22:20:12.026143+00:00
44,google_maps,Tipax,سالن سورتینگ تیپاکس ( تی هاب ),اصفهان,اصفهان,32.7412812,51.7452476,1.0,"Awful, awful, my package arrived from Tehran on December 5th. It's still taking 4 days to process. What are you doing? We need it, and we put our devices in a T-box. The post office will deliver it sooner. What are you doing? God forbid.",7 months ago,Marjan Sharifi,NULL,NULL,NULL,https://www.google.com/maps/place/%D8%B3%D8%A7%D9%84%D9%86+%D8%B3%D9%88%D8%B1%D8%AA%DB%8C%D9%86%DA%AF+%D8%AA%DB%8C%D9%BE%D8%A7%DA%A9%D8%B3+%28+%D8%AA%DB%8C+%D9%87%D8%A7%D8%A8+%29%E2%80%AD/data=!4m7!3m6!1s0x3fbc4b344e622037:0x31788158f39b69ee!8m2!3d32.7412812!4d51.7452476!16s%2Fg%2F11v13cdmsz!19sChIJNyBiTjRLvD8R7mmb81iBeDE?authuser=0&hl=en&rclk=1,2026-08-02T22:20:12.026143+00:00
45,google_maps,Tipax,سالن سورتینگ تیپاکس ( تی هاب ),اصفهان,اصفهان,32.7412812,51.7452476,1.0,"How many days does the package have to be in the warehouse before you can deliver it to the customer? For example, we choose Tipax and pay more to get it to us quickly, oh my God, the post is much faster and better.",a year ago,Fsadat T,NULL,NULL,NULL,https://www.google.com/maps/place/%D8%B3%D8%A7%D9%84%D9%86+%D8%B3%D9%88%D8%B1%D8%AA%DB%8C%D9%86%DA%AF+%D8%AA%DB%8C%D9%BE%D8%A7%DA%A9%D8%B3+%28+%D8%AA%DB%8C+%D9%87%D8%A7%D8%A8+%29%E2%80%AD/data=!4m7!3m6!1s0x3fbc4b344e622037:0x31788158f39b69ee!8m2!3d32.7412812!4d51.7452476!16s%2Fg%2F11v13cdmsz!19sChIJNyBiTjRLvD8R7mmb81iBeDE?authuser=0&hl=en&rclk=1,2026-08-02T22:20:12.026143+00:00
46,google_maps,Tipax,سالن سورتینگ تیپاکس ( تی هاب ),اصفهان,اصفهان,32.7412812,51.7452476,1.0,Very disorganized and expensive. I ask them to send me packages wherever they send them. They don't send Tipax. They say that all the people of Isfahan say the same thing. Isfahan has a bad performance.,a year ago,Mehrnoosh Mirhadi,NULL,NULL,NULL,https://www.google.com/maps/place/%D8%B3%D8%A7%D9%84%D9%86+%D8%B3%D9%88%D8%B1%D8%AA%DB%8C%D9%86%DA%AF+%D8%AA%DB%8C%D9%BE%D8%A7%DA%A9%D8%B3+%28+%D8%AA%DB%8C+%D9%87%D8%A7%D8%A8+%29%E2%80%AD/data=!4m7!3m6!1s0x3fbc4b344e622037:0x31788158f39b69ee!8m2!3d32.7412812!4d51.7452476!16s%2Fg%2F11v13cdmsz!19sChIJNyBiTjRLvD8R7mmb81iBeDE?authuser=0&hl=en&rclk=1,2026-08-02T22:20:12.026143+00:00
47,google_maps,Tipax,سالن سورتینگ تیپاکس ( تی هاب ),اصفهان,اصفهان,32.7412812,51.7452476,1.0,They are very careless. My package has been in Tipax Isfahan for 15 days. No one is responsible. They just want to take money and do nothing. This money is not worth eating.,a year ago,محمد قربانی,NULL,NULL,NULL,https://www.google.com/maps/place/%D8%B3%D8%A7%D9%84%D9%86+%D8%B3%D9%88%D8%B1%D8%AA%DB%8C%D9%86%DA%AF+%D8%AA%DB%8C%D9%BE%D8%A7%DA%A9%D8%B3+%28+%D8%AA%DB%8C+%D9%87%D8%A7%D8%A8+%29%E2%80%AD/data=!4m7!3m6!1s0x3fbc4b344e622037:0x31788158f39b69ee!8m2!3d32.7412812!4d51.7452476!16s%2Fg%2F11v13cdmsz!19sChIJNyBiTjRLvD8R7mmb81iBeDE?authuser=0&hl=en&rclk=1,2026-08-02T22:20:12.026143+00:00
48,google_maps,Tipax,سالن سورتینگ تیپاکس ( تی هاب ),اصفهان,اصفهان,32.7412812,51.7452476,1.0,"Order from Amazon and they will deliver it to you sooner than this, don't waste your money, Priority Mail is much faster. It will deliver it to you at a fifth of the price.",11 months ago,Ahmadreza Hasankhani,NULL,NULL,NULL,https://www.google.com/maps/place/%D8%B3%D8%A7%D9%84%D9%86+%D8%B3%D9%88%D8%B1%D8%AA%DB%8C%D9%86%DA%AF+%D8%AA%DB%8C%D9%BE%D8%A7%DA%A9%D8%B3+%28+%D8%AA%DB%8C+%D9%87%D8%A7%D8%A8+%29%E2%80%AD/data=!4m7!3m6!1s0x3fbc4b344e622037:0x31788158f39b69ee!8m2!3d32.7412812!4d51.7452476!16s%2Fg%2F11v13cdmsz!19sChIJNyBiTjRLvD8R7mmb81iBeDE?authuser=0&hl=en&rclk=1,2026-08-02T22:20:12.026143+00:00
49,google_maps,Tipax,سالن سورتینگ تیپاکس ( تی هاب ),اصفهان,اصفهان,32.7412812,51.7452476,1.0,"It took 8 days to get a package from Kashan to Isfahan The last time Tipax Dolatabad called, we don't have a courier at all, you have to come and pick it up yourself :-|",a year ago,Abolfazl Davari,NULL,NULL,NULL,https://www.google.com/maps/place/%D8%B3%D8%A7%D9%84%D9%86+%D8%B3%D9%88%D8%B1%D8%AA%DB%8C%D9%86%DA%AF+%D8%AA%DB%8C%D9%BE%D8%A7%DA%A9%D8%B3+%28+%D8%AA%DB%8C+%D9%87%D8%A7%D8%A8+%29%E2%80%AD/data=!4m7!3m6!1s0x3fbc4b344e622037:0x31788158f39b69ee!8m2!3d32.7412812!4d51.7452476!16s%2Fg%2F11v13cdmsz!19sChIJNyBiTjRLvD8R7mmb81iBeDE?authuser=0&hl=en&rclk=1,2026-08-02T22:20:12.026143+00:00
50,google_maps,Tipax,سالن سورتینگ تیپاکس ( تی هاب ),اصفهان,اصفهان,32.7412812,51.7452476,1.0,"The most irresponsible postal company in the world means that if I make any online purchase and see that it is shipped with Tipax, I will delete it.",9 months ago,محسن اسماعیلی,NULL,NULL,NULL,https://www.google.com/maps/place/%D8%B3%D8%A7%D9%84%D9%86+%D8%B3%D9%88%D8%B1%D8%AA%DB%8C%D9%86%DA%AF+%D8%AA%DB%8C%D9%BE%D8%A7%DA%A9%D8%B3+%28+%D8%AA%DB%8C+%D9%87%D8%A7%D8%A8+%29%E2%80%AD/data=!4m7!3m6!1s0x3fbc4b344e622037:0x31788158f39b69ee!8m2!3d32.7412812!4d51.7452476!16s%2Fg%2F11v13cdmsz!19sChIJNyBiTjRLvD8R7mmb81iBeDE?authuser=0&hl=en&rclk=1,2026-08-02T22:20:12.026143+00:00
51,google_maps,Tipax,سالن سورتینگ تیپاکس ( تی هاب ),اصفهان,اصفهان,32.7412812,51.7452476,1.0,"Rude, rude and long-tongued operators Delay in sending packages Collecting express fees from people and sending packages normally …",10 months ago,hiler hiler,NULL,NULL,NULL,https://www.google.com/maps/place/%D8%B3%D8%A7%D9%84%D9%86+%D8%B3%D9%88%D8%B1%D8%AA%DB%8C%D9%86%DA%AF+%D8%AA%DB%8C%D9%BE%D8%A7%DA%A9%D8%B3+%28+%D8%AA%DB%8C+%D9%87%D8%A7%D8%A8+%29%E2%80%AD/data=!4m7!3m6!1s0x3fbc4b344e622037:0x31788158f39b69ee!8m2!3d32.7412812!4d51.7452476!16s%2Fg%2F11v13cdmsz!19sChIJNyBiTjRLvD8R7mmb81iBeDE?authuser=0&hl=en&rclk=1,2026-08-02T22:20:12.026143+00:00
52,google_maps,Tipax,سالن سورتینگ تیپاکس ( تی هاب ),اصفهان,اصفهان,32.7412812,51.7452476,4.0,Some operators talk impatiently Why shouldn't there be any active numbers from T-Hub Isfahan?,6 months ago,Majedeh Nabiooor,NULL,NULL,NULL,https://www.google.com/maps/place/%D8%B3%D8%A7%D9%84%D9%86+%D8%B3%D9%88%D8%B1%D8%AA%DB%8C%D9%86%DA%AF+%D8%AA%DB%8C%D9%BE%D8%A7%DA%A9%D8%B3+%28+%D8%AA%DB%8C+%D9%87%D8%A7%D8%A8+%29%E2%80%AD/data=!4m7!3m6!1s0x3fbc4b344e622037:0x31788158f39b69ee!8m2!3d32.7412812!4d51.7452476!16s%2Fg%2F11v13cdmsz!19sChIJNyBiTjRLvD8R7mmb81iBeDE?authuser=0&hl=en&rclk=1,2026-08-02T22:20:12.026143+00:00
53,google_maps,Tipax,تیپاکس ملاصدرا,فارس,NULL,29.6235117,52.5158739,1.0,"Unfortunately, they are not responsive at all. I just don't know the reason for registering the phone, what is it??? Every time the shipment is sent to us, they never deliver it to our door, we have to go to the dealer's door to pick it up. I'm sorry, you are very, very awful in terms of public relations and customer response",2 years ago,naeim sabet,NULL,NULL,NULL,https://www.google.com/maps/place/%D8%AA%DB%8C%D9%BE%D8%A7%DA%A9%D8%B3+%D8%B4%D8%B9%D8%A8%D9%87+%D9%85%D9%84%D8%A7%D8%B5%D8%AF%D8%B1%D8%A7%E2%80%AD/data=!4m7!3m6!1s0x3fb21309d8ce8ea5:0xe665ff903a701277!8m2!3d29.6235117!4d52.5158739!16s%2Fg%2F11rhl94l2h!19sChIJpY7O2AkTsj8RdxJwOpD_ZeY?authuser=0&hl=en&rclk=1,2026-08-02T22:20:20.614574+00:00
54,google_maps,Tipax,تیپاکس ملاصدرا,فارس,NULL,29.6235117,52.5158739,1.0,"He didn't bring the package to the address because my phone rang once and it wasn't available. The next day, he sent it again to register it in his notebook, but the delivery agent was late and the recipient wasn't there again. Lies and deception at their worst.",6 months ago,miras fars,NULL,NULL,NULL,https://www.google.com/maps/place/%D8%AA%DB%8C%D9%BE%D8%A7%DA%A9%D8%B3+%D8%B4%D8%B9%D8%A8%D9%87+%D9%85%D9%84%D8%A7%D8%B5%D8%AF%D8%B1%D8%A7%E2%80%AD/data=!4m7!3m6!1s0x3fb21309d8ce8ea5:0xe665ff903a701277!8m2!3d29.6235117!4d52.5158739!16s%2Fg%2F11rhl94l2h!19sChIJpY7O2AkTsj8RdxJwOpD_ZeY?authuser=0&hl=en&rclk=1,2026-08-02T22:20:20.614574+00:00
55,google_maps,Tipax,تیپاکس ملاصدرا,فارس,NULL,29.6235117,52.5158739,1.0,"I sent a package from Tehran to Shiraz on Tuesday. On Wednesday, the package arrived in Shiraz and was received by this agency. Today, as I am typing this comment, it is Monday and I have been following up on the package every day. The …",a month ago,Zohre Zare,NULL,NULL,NULL,https://www.google.com/maps/place/%D8%AA%DB%8C%D9%BE%D8%A7%DA%A9%D8%B3+%D8%B4%D8%B9%D8%A8%D9%87+%D9%85%D9%84%D8%A7%D8%B5%D8%AF%D8%B1%D8%A7%E2%80%AD/data=!4m7!3m6!1s0x3fb21309d8ce8ea5:0xe665ff903a701277!8m2!3d29.6235117!4d52.5158739!16s%2Fg%2F11rhl94l2h!19sChIJpY7O2AkTsj8RdxJwOpD_ZeY?authuser=0&hl=en&rclk=1,2026-08-02T22:20:20.614574+00:00
56,google_maps,Tipax,تیپاکس ملاصدرا,فارس,NULL,29.6235117,52.5158739,1.0,"Tipax branches are a complete mess. No matter how many times we called, no one picked up, and the prices are skyrocketing.",a year ago,Masoud B (MB),NULL,NULL,NULL,https://www.google.com/maps/place/%D8%AA%DB%8C%D9%BE%D8%A7%DA%A9%D8%B3+%D8%B4%D8%B9%D8%A8%D9%87+%D9%85%D9%84%D8%A7%D8%B5%D8%AF%D8%B1%D8%A7%E2%80%AD/data=!4m7!3m6!1s0x3fb21309d8ce8ea5:0xe665ff903a701277!8m2!3d29.6235117!4d52.5158739!16s%2Fg%2F11rhl94l2h!19sChIJpY7O2AkTsj8RdxJwOpD_ZeY?authuser=0&hl=en&rclk=1,2026-08-02T22:20:20.614574+00:00
57,google_maps,Tipax,تیپاکس ملاصدرا,فارس,NULL,29.6235117,52.5158739,1.0,"Never use Tipax. High packaging costs, late delivery and damage to the item. Really awful.",a year ago,sina zarei,NULL,NULL,NULL,https://www.google.com/maps/place/%D8%AA%DB%8C%D9%BE%D8%A7%DA%A9%D8%B3+%D8%B4%D8%B9%D8%A8%D9%87+%D9%85%D9%84%D8%A7%D8%B5%D8%AF%D8%B1%D8%A7%E2%80%AD/data=!4m7!3m6!1s0x3fb21309d8ce8ea5:0xe665ff903a701277!8m2!3d29.6235117!4d52.5158739!16s%2Fg%2F11rhl94l2h!19sChIJpY7O2AkTsj8RdxJwOpD_ZeY?authuser=0&hl=en&rclk=1,2026-08-02T22:20:20.614574+00:00
58,google_maps,Tipax,تیپاکس ملاصدرا,فارس,NULL,29.6235117,52.5158739,1.0,No commitment to deliver parcels,6 months ago,Panoman virtual tours (‫تور مجازی پانومن‬‎),NULL,NULL,NULL,https://www.google.com/maps/place/%D8%AA%DB%8C%D9%BE%D8%A7%DA%A9%D8%B3+%D8%B4%D8%B9%D8%A8%D9%87+%D9%85%D9%84%D8%A7%D8%B5%D8%AF%D8%B1%D8%A7%E2%80%AD/data=!4m7!3m6!1s0x3fb21309d8ce8ea5:0xe665ff903a701277!8m2!3d29.6235117!4d52.5158739!16s%2Fg%2F11rhl94l2h!19sChIJpY7O2AkTsj8RdxJwOpD_ZeY?authuser=0&hl=en&rclk=1,2026-08-02T22:20:20.614574+00:00
59,google_maps,Tipax,تیپاکس ملاصدرا,فارس,NULL,29.6235117,52.5158739,5.0,Excellent,2 years ago,مهدی موزیری,NULL,NULL,NULL,https://www.google.com/maps/place/%D8%AA%DB%8C%D9%BE%D8%A7%DA%A9%D8%B3+%D8%B4%D8%B9%D8%A8%D9%87+%D9%85%D9%84%D8%A7%D8%B5%D8%AF%D8%B1%D8%A7%E2%80%AD/data=!4m7!3m6!1s0x3fb21309d8ce8ea5:0xe665ff903a701277!8m2!3d29.6235117!4d52.5158739!16s%2Fg%2F11rhl94l2h!19sChIJpY7O2AkTsj8RdxJwOpD_ZeY?authuser=0&hl=en&rclk=1,2026-08-02T22:20:20.614574+00:00
60,google_maps,Tipax,تیپاکس ملاصدرا,فارس,NULL,29.6235117,52.5158739,5.0,Nice,a year ago,Arash Firoozpoor,NULL,NULL,NULL,https://www.google.com/maps/place/%D8%AA%DB%8C%D9%BE%D8%A7%DA%A9%D8%B3+%D8%B4%D8%B9%D8%A8%D9%87+%D9%85%D9%84%D8%A7%D8%B5%D8%AF%D8%B1%D8%A7%E2%80%AD/data=!4m7!3m6!1s0x3fb21309d8ce8ea5:0xe665ff903a701277!8m2!3d29.6235117!4d52.5158739!16s%2Fg%2F11rhl94l2h!19sChIJpY7O2AkTsj8RdxJwOpD_ZeY?authuser=0&hl=en&rclk=1,2026-08-02T22:20:20.614574+00:00
61,google_maps,Tipax,تیپاکس قم| مرکزی,قم,NULL,34.6346026,50.8732812,1.0,"Hello, what kind of support is this? When you call the center in Tehran, there are 90 people waiting. When you chat online, no one answers at all. The system just says, ""Please wait."" The number for the central office in Qom is also completely disconnected. Then they say, ""Why don't you support domestic production?"" (You can't even compare it to the postal company, let alone foreign examples like Amazon.) This is a clear example of domestic service. It's been 6 days since the package was supposed to arrive from Isfahan to Qom. Even though it's only 300 kilometers away, it's been raining and the weather conditions are bad. But it shouldn't take this long...",7 months ago,Reza Tayebi,NULL,NULL,NULL,https://www.google.com/maps/place/%D8%AA%DB%8C%D9%BE%D8%A7%DA%A9%D8%B3+%D9%82%D9%85%7C%D8%B4%D8%B9%D8%A8%D9%87+%D9%85%D8%B1%DA%A9%D8%B2%DB%8C%E2%80%AD/data=!4m7!3m6!1s0x3f93bb0e10bbb229:0xc6ecef86f38933c!8m2!3d34.6346026!4d50.8732812!16s%2Fg%2F11hk3_h1pw!19sChIJKbK7EA67kz8RPJM4b_jObgw?authuser=0&hl=en&rclk=1,2026-08-02T22:20:37.769636+00:00
62,google_maps,Tipax,تیپاکس قم| مرکزی,قم,NULL,34.6346026,50.8732812,1.0,"They are really useless. They returned my package to the bank, which had not delivered it, and they had not called me. I called and they said, ""Come and get it yourself, we'll bring it back."" Their attitude was inappropriate. 😤☹️ …",a year ago,Zahra k.,NULL,NULL,NULL,https://www.google.com/maps/place/%D8%AA%DB%8C%D9%BE%D8%A7%DA%A9%D8%B3+%D9%82%D9%85%7C%D8%B4%D8%B9%D8%A8%D9%87+%D9%85%D8%B1%DA%A9%D8%B2%DB%8C%E2%80%AD/data=!4m7!3m6!1s0x3f93bb0e10bbb229:0xc6ecef86f38933c!8m2!3d34.6346026!4d50.8732812!16s%2Fg%2F11hk3_h1pw!19sChIJKbK7EA67kz8RPJM4b_jObgw?authuser=0&hl=en&rclk=1,2026-08-02T22:20:37.769636+00:00
63,google_maps,Tipax,تیپاکس قم| مرکزی,قم,NULL,34.6346026,50.8732812,1.0,"The most ridiculous post is this Tipax, especially Qom. They only care about money and give representation to everyone. They are rude and have inhumane behavior. They never answer calls when I am not there at all.",a year ago,وحید صالحی,NULL,NULL,NULL,https://www.google.com/maps/place/%D8%AA%DB%8C%D9%BE%D8%A7%DA%A9%D8%B3+%D9%82%D9%85%7C%D8%B4%D8%B9%D8%A8%D9%87+%D9%85%D8%B1%DA%A9%D8%B2%DB%8C%E2%80%AD/data=!4m7!3m6!1s0x3f93bb0e10bbb229:0xc6ecef86f38933c!8m2!3d34.6346026!4d50.8732812!16s%2Fg%2F11hk3_h1pw!19sChIJKbK7EA67kz8RPJM4b_jObgw?authuser=0&hl=en&rclk=1,2026-08-02T22:20:37.769636+00:00
64,google_maps,Tipax,تیپاکس قم| مرکزی,قم,NULL,34.6346026,50.8732812,1.0,"Qom Teabox is a complete nonsense. The cost is high and the service is zero. It depends on the destination city and the delivery to the customer is very, very late. My previous package had a hole in the cardboard.",a year ago,Sadegh Hassanzadeh,NULL,NULL,NULL,https://www.google.com/maps/place/%D8%AA%DB%8C%D9%BE%D8%A7%DA%A9%D8%B3+%D9%82%D9%85%7C%D8%B4%D8%B9%D8%A8%D9%87+%D9%85%D8%B1%DA%A9%D8%B2%DB%8C%E2%80%AD/data=!4m7!3m6!1s0x3f93bb0e10bbb229:0xc6ecef86f38933c!8m2!3d34.6346026!4d50.8732812!16s%2Fg%2F11hk3_h1pw!19sChIJKbK7EA67kz8RPJM4b_jObgw?authuser=0&hl=en&rclk=1,2026-08-02T22:20:37.769636+00:00
65,google_maps,Tipax,تیپاکس قم| مرکزی,قم,NULL,34.6346026,50.8732812,1.0,The worst possible agency. They pick up the package in the morning and register it at night. The customer thinks they got it and delivered it at night.,a year ago,Mohamad Nasiry,NULL,NULL,NULL,https://www.google.com/maps/place/%D8%AA%DB%8C%D9%BE%D8%A7%DA%A9%D8%B3+%D9%82%D9%85%7C%D8%B4%D8%B9%D8%A8%D9%87+%D9%85%D8%B1%DA%A9%D8%B2%DB%8C%E2%80%AD/data=!4m7!3m6!1s0x3f93bb0e10bbb229:0xc6ecef86f38933c!8m2!3d34.6346026!4d50.8732812!16s%2Fg%2F11hk3_h1pw!19sChIJKbK7EA67kz8RPJM4b_jObgw?authuser=0&hl=en&rclk=1,2026-08-02T22:20:37.769636+00:00
66,google_maps,Tipax,تیپاکس قم| مرکزی,قم,NULL,34.6346026,50.8732812,1.0,"They only know how to take money. They don't answer calls, they don't send tracking codes, and they charge a lot of shipping fees.",a year ago,Hasan Mohamadi,NULL,NULL,NULL,https://www.google.com/maps/place/%D8%AA%DB%8C%D9%BE%D8%A7%DA%A9%D8%B3+%D9%82%D9%85%7C%D8%B4%D8%B9%D8%A8%D9%87+%D9%85%D8%B1%DA%A9%D8%B2%DB%8C%E2%80%AD/data=!4m7!3m6!1s0x3f93bb0e10bbb229:0xc6ecef86f38933c!8m2!3d34.6346026!4d50.8732812!16s%2Fg%2F11hk3_h1pw!19sChIJKbK7EA67kz8RPJM4b_jObgw?authuser=0&hl=en&rclk=1,2026-08-02T22:20:37.769636+00:00
67,google_maps,Tipax,تیپاکس قم| مرکزی,قم,NULL,34.6346026,50.8732812,1.0,It's awful. You could have taken seventy-two people and sent them to a passing car. It's better than this.,6 months ago,Mhmdsadegh,NULL,NULL,NULL,https://www.google.com/maps/place/%D8%AA%DB%8C%D9%BE%D8%A7%DA%A9%D8%B3+%D9%82%D9%85%7C%D8%B4%D8%B9%D8%A8%D9%87+%D9%85%D8%B1%DA%A9%D8%B2%DB%8C%E2%80%AD/data=!4m7!3m6!1s0x3f93bb0e10bbb229:0xc6ecef86f38933c!8m2!3d34.6346026!4d50.8732812!16s%2Fg%2F11hk3_h1pw!19sChIJKbK7EA67kz8RPJM4b_jObgw?authuser=0&hl=en&rclk=1,2026-08-02T22:20:37.769636+00:00
68,google_maps,Tipax,تیپاکس قم| مرکزی,قم,NULL,34.6346026,50.8732812,5.0,It was great. Thank you very much for your good response. The staff's behavior was also really good.,8 months ago,Helma Moghadam,NULL,NULL,NULL,https://www.google.com/maps/place/%D8%AA%DB%8C%D9%BE%D8%A7%DA%A9%D8%B3+%D9%82%D9%85%7C%D8%B4%D8%B9%D8%A8%D9%87+%D9%85%D8%B1%DA%A9%D8%B2%DB%8C%E2%80%AD/data=!4m7!3m6!1s0x3f93bb0e10bbb229:0xc6ecef86f38933c!8m2!3d34.6346026!4d50.8732812!16s%2Fg%2F11hk3_h1pw!19sChIJKbK7EA67kz8RPJM4b_jObgw?authuser=0&hl=en&rclk=1,2026-08-02T22:20:37.769636+00:00
69,google_maps,Tipax,تیپاکس قم| مرکزی,قم,NULL,34.6346026,50.8732812,1.0,"The most rubbish post possible, send it by camel and pigeon, it's 100 times better!",9 months ago,Prs A,NULL,NULL,NULL,https://www.google.com/maps/place/%D8%AA%DB%8C%D9%BE%D8%A7%DA%A9%D8%B3+%D9%82%D9%85%7C%D8%B4%D8%B9%D8%A8%D9%87+%D9%85%D8%B1%DA%A9%D8%B2%DB%8C%E2%80%AD/data=!4m7!3m6!1s0x3f93bb0e10bbb229:0xc6ecef86f38933c!8m2!3d34.6346026!4d50.8732812!16s%2Fg%2F11hk3_h1pw!19sChIJKbK7EA67kz8RPJM4b_jObgw?authuser=0&hl=en&rclk=1,2026-08-02T22:20:37.769636+00:00
70,google_maps,Tipax,تیپاکس قم| مرکزی,قم,NULL,34.6346026,50.8732812,3.0,"I'll fuck you alive, you shameless bastard.",7 months ago,رضا عامری صافکاری پی دی آر,NULL,NULL,NULL,https://www.google.com/maps/place/%D8%AA%DB%8C%D9%BE%D8%A7%DA%A9%D8%B3+%D9%82%D9%85%7C%D8%B4%D8%B9%D8%A8%D9%87+%D9%85%D8%B1%DA%A9%D8%B2%DB%8C%E2%80%AD/data=!4m7!3m6!1s0x3f93bb0e10bbb229:0xc6ecef86f38933c!8m2!3d34.6346026!4d50.8732812!16s%2Fg%2F11hk3_h1pw!19sChIJKbK7EA67kz8RPJM4b_jObgw?authuser=0&hl=en&rclk=1,2026-08-02T22:20:37.769636+00:00
71,google_maps,Tipax,تیپاکس خواجو اصفهان,اصفهان,اصفهان,32.6499079,51.7007432,1.0,I delivered a parcel from Isfahan to Tehran to Tipax and it was clearly stated that the parcel would arrive at its destination the next day. Now three days have passed since the announced date and no delivery has taken place. This level of misrepresentation and irresponsibility is unacceptable and it is expected that the status of the parcel will be immediately clarified and a transparent response will be provided.,7 months ago,zahra derakhshan,NULL,NULL,NULL,https://www.google.com/maps/place/%D8%AA%DB%8C%D9%BE%D8%A7%DA%A9%D8%B3+%D8%AE%D9%88%D8%A7%D8%AC%D9%88+%D8%A7%D8%B5%D9%81%D9%87%D8%A7%D9%86%E2%80%AD/data=!4m7!3m6!1s0x3fbc4900434606cd:0xdc2e1e3de1a0f041!8m2!3d32.6499079!4d51.7007432!16s%2Fg%2F11mlv47_t8!19sChIJzQZGQwBJvD8RQfCg4T0eLtw?authuser=0&hl=en&rclk=1,2026-08-02T22:21:12.104749+00:00
72,google_maps,Tipax,تیپاکس وحدت,تهران,تهران,35.6779701,51.4086499,1.0,"Today, as I write this message, it has been exactly 5 days since the original shipment was processed and the package has not been shipped. What kind of agency is this? They even changed their contact number and did not register it so that I can follow up.",a year ago,Karo Shahani 7,NULL,NULL,NULL,https://www.google.com/maps/place/%D8%AA%DB%8C%D9%BE%D8%A7%DA%A9%D8%B3+%D8%B4%D8%B9%D8%A8%D9%87+%D9%88%D8%AD%D8%AF%D8%AA%E2%80%AD/data=!4m7!3m6!1s0x3f8e010badb69a5b:0xd82b9bf8bad23fb8!8m2!3d35.6779701!4d51.4086499!16s%2Fg%2F11rgbqctgg!19sChIJW5q2rQsBjj8RuD_SuvibK9g?authuser=0&hl=en&rclk=1,2026-08-02T22:21:54.900467+00:00
73,google_maps,Tipax,تیپاکس وحدت,تهران,تهران,35.6779701,51.4086499,1.0,"Rude, rude, ignorant",5 years ago,Sam Sami,NULL,NULL,NULL,https://www.google.com/maps/place/%D8%AA%DB%8C%D9%BE%D8%A7%DA%A9%D8%B3+%D8%B4%D8%B9%D8%A8%D9%87+%D9%88%D8%AD%D8%AF%D8%AA%E2%80%AD/data=!4m7!3m6!1s0x3f8e010badb69a5b:0xd82b9bf8bad23fb8!8m2!3d35.6779701!4d51.4086499!16s%2Fg%2F11rgbqctgg!19sChIJW5q2rQsBjj8RuD_SuvibK9g?authuser=0&hl=en&rclk=1,2026-08-02T22:21:54.900467+00:00
74,google_maps,Tipax,تیپاکس رهنان,اصفهان,اصفهان,32.6818385,51.6077128,1.0,"It's not worth a single rial. This Tipax says 2-3 business days. They haven't delivered the package to me in 5 days. I keep calling and they say you can't call this number. If I had given it to the post office, I would have received it by now. The other agencies I call are creditors, like Tipax Kaveh, as if it's his father's inheritance. Tipax Just give it to the post office and they'll bring your package.",a year ago,مهدی رهنما,NULL,NULL,NULL,https://www.google.com/maps/place/%D9%86%D9%85%D8%A7%DB%8C%D9%86%D8%AF%DA%AF%DB%8C+%D8%AA%DB%8C%D9%BE%D8%A7%DA%A9%D8%B3+%D8%B1%D9%87%D9%86%D8%A7%D9%86%E2%80%AD/data=!4m7!3m6!1s0x3fbc33bdb6f28a29:0x38d2353464291552!8m2!3d32.6818385!4d51.6077128!16s%2Fg%2F11t59ljfgt!19sChIJKYrytr0zvD8RUhUpZDQ10jg?authuser=0&hl=en&rclk=1,2026-08-02T22:22:20.828445+00:00
75,google_maps,Tipax,تیپاکس رهنان,اصفهان,اصفهان,32.6818385,51.6077128,1.0,"They don't even know how to speak properly. I've been waiting for three days and they're answering me with nonsense that we haven't received. The driver has gone to the roads of Habad and I don't know what else to do, but I'm not just going to ruin this place with my opinion. I'll follow up.",a year ago,ابوالفضل احمدی,NULL,NULL,NULL,https://www.google.com/maps/place/%D9%86%D9%85%D8%A7%DB%8C%D9%86%D8%AF%DA%AF%DB%8C+%D8%AA%DB%8C%D9%BE%D8%A7%DA%A9%D8%B3+%D8%B1%D9%87%D9%86%D8%A7%D9%86%E2%80%AD/data=!4m7!3m6!1s0x3fbc33bdb6f28a29:0x38d2353464291552!8m2!3d32.6818385!4d51.6077128!16s%2Fg%2F11t59ljfgt!19sChIJKYrytr0zvD8RUhUpZDQ10jg?authuser=0&hl=en&rclk=1,2026-08-02T22:22:20.828445+00:00
76,google_maps,Tipax,تیپاکس رهنان,اصفهان,اصفهان,32.6818385,51.6077128,1.0,"My package has been sent twice so far with Tipax, both times it was terrible, the behavior of the agent is very bad, the number I found for them is not responding at all, they don't know my address, maybe they don't feel like finding it. I'm sorry, you don't know how to satisfy a customer.",2 years ago,Reyhoon 1024,NULL,NULL,NULL,https://www.google.com/maps/place/%D9%86%D9%85%D8%A7%DB%8C%D9%86%D8%AF%DA%AF%DB%8C+%D8%AA%DB%8C%D9%BE%D8%A7%DA%A9%D8%B3+%D8%B1%D9%87%D9%86%D8%A7%D9%86%E2%80%AD/data=!4m7!3m6!1s0x3fbc33bdb6f28a29:0x38d2353464291552!8m2!3d32.6818385!4d51.6077128!16s%2Fg%2F11t59ljfgt!19sChIJKYrytr0zvD8RUhUpZDQ10jg?authuser=0&hl=en&rclk=1,2026-08-02T22:22:20.828445+00:00
77,google_maps,Tipax,تیپاکس رهنان,اصفهان,اصفهان,32.6818385,51.6077128,1.0,"My package was sent 5 days ago and I still haven't received it and no one is responding. I went in person to pick it up before, but they don't deliver anything to my door. This is nonsense.",2 years ago,owen RAHIM,NULL,NULL,NULL,https://www.google.com/maps/place/%D9%86%D9%85%D8%A7%DB%8C%D9%86%D8%AF%DA%AF%DB%8C+%D8%AA%DB%8C%D9%BE%D8%A7%DA%A9%D8%B3+%D8%B1%D9%87%D9%86%D8%A7%D9%86%E2%80%AD/data=!4m7!3m6!1s0x3fbc33bdb6f28a29:0x38d2353464291552!8m2!3d32.6818385!4d51.6077128!16s%2Fg%2F11t59ljfgt!19sChIJKYrytr0zvD8RUhUpZDQ10jg?authuser=0&hl=en&rclk=1,2026-08-02T22:22:20.828445+00:00
78,google_maps,Tipax,تیپاکس رهنان,اصفهان,اصفهان,32.6818385,51.6077128,5.0,"The new Tipax branch of Rahanan is very excellent and responsible. No matter how irresponsible and terrible the previous branch was, this branch is just as excellent and unique 👌🏻 …",9 months ago,heli A,NULL,NULL,NULL,https://www.google.com/maps/place/%D9%86%D9%85%D8%A7%DB%8C%D9%86%D8%AF%DA%AF%DB%8C+%D8%AA%DB%8C%D9%BE%D8%A7%DA%A9%D8%B3+%D8%B1%D9%87%D9%86%D8%A7%D9%86%E2%80%AD/data=!4m7!3m6!1s0x3fbc33bdb6f28a29:0x38d2353464291552!8m2!3d32.6818385!4d51.6077128!16s%2Fg%2F11t59ljfgt!19sChIJKYrytr0zvD8RUhUpZDQ10jg?authuser=0&hl=en&rclk=1,2026-08-02T22:22:20.828445+00:00
79,google_maps,Tipax,تیپاکس رهنان,اصفهان,اصفهان,32.6818385,51.6077128,5.0,"The new Rahanan dealership is the best branch. I have worked with Tipax a lot, but this new branch is the best. Unfortunately, the old branch was very bad and weak.",Edited a year ago,hilda goli,NULL,NULL,NULL,https://www.google.com/maps/place/%D9%86%D9%85%D8%A7%DB%8C%D9%86%D8%AF%DA%AF%DB%8C+%D8%AA%DB%8C%D9%BE%D8%A7%DA%A9%D8%B3+%D8%B1%D9%87%D9%86%D8%A7%D9%86%E2%80%AD/data=!4m7!3m6!1s0x3fbc33bdb6f28a29:0x38d2353464291552!8m2!3d32.6818385!4d51.6077128!16s%2Fg%2F11t59ljfgt!19sChIJKYrytr0zvD8RUhUpZDQ10jg?authuser=0&hl=en&rclk=1,2026-08-02T22:22:20.828445+00:00
80,google_maps,Tipax,تیپاکس رهنان,اصفهان,اصفهان,32.6818385,51.6077128,1.0,"Whatever I say, I have said little about their irresponsibility.",2 years ago,mohammad gooyesh,NULL,NULL,NULL,https://www.google.com/maps/place/%D9%86%D9%85%D8%A7%DB%8C%D9%86%D8%AF%DA%AF%DB%8C+%D8%AA%DB%8C%D9%BE%D8%A7%DA%A9%D8%B3+%D8%B1%D9%87%D9%86%D8%A7%D9%86%E2%80%AD/data=!4m7!3m6!1s0x3fbc33bdb6f28a29:0x38d2353464291552!8m2!3d32.6818385!4d51.6077128!16s%2Fg%2F11t59ljfgt!19sChIJKYrytr0zvD8RUhUpZDQ10jg?authuser=0&hl=en&rclk=1,2026-08-02T22:22:20.828445+00:00
81,google_maps,Tipax,تیپاکس رهنان,اصفهان,اصفهان,32.6818385,51.6077128,1.0,The most disgusting tea box I've ever seen in my life.,3 years ago,Arezoo Beheshti,NULL,NULL,NULL,https://www.google.com/maps/place/%D9%86%D9%85%D8%A7%DB%8C%D9%86%D8%AF%DA%AF%DB%8C+%D8%AA%DB%8C%D9%BE%D8%A7%DA%A9%D8%B3+%D8%B1%D9%87%D9%86%D8%A7%D9%86%E2%80%AD/data=!4m7!3m6!1s0x3fbc33bdb6f28a29:0x38d2353464291552!8m2!3d32.6818385!4d51.6077128!16s%2Fg%2F11t59ljfgt!19sChIJKYrytr0zvD8RUhUpZDQ10jg?authuser=0&hl=en&rclk=1,2026-08-02T22:22:20.828445+00:00
82,google_maps,Tipax,تیپاکس رهنان,اصفهان,اصفهان,32.6818385,51.6077128,1.0,There is no phone number to communicate.,a year ago,عبدالله حسینی,NULL,NULL,NULL,https://www.google.com/maps/place/%D9%86%D9%85%D8%A7%DB%8C%D9%86%D8%AF%DA%AF%DB%8C+%D8%AA%DB%8C%D9%BE%D8%A7%DA%A9%D8%B3+%D8%B1%D9%87%D9%86%D8%A7%D9%86%E2%80%AD/data=!4m7!3m6!1s0x3fbc33bdb6f28a29:0x38d2353464291552!8m2!3d32.6818385!4d51.6077128!16s%2Fg%2F11t59ljfgt!19sChIJKYrytr0zvD8RUhUpZDQ10jg?authuser=0&hl=en&rclk=1,2026-08-02T22:22:20.828445+00:00
83,google_maps,Tipax,تیپاکس رهنان,اصفهان,اصفهان,32.6818385,51.6077128,1.0,The busiest Teabox branch in history,3 years ago,Mohammad Hossein Soltani,NULL,NULL,NULL,https://www.google.com/maps/place/%D9%86%D9%85%D8%A7%DB%8C%D9%86%D8%AF%DA%AF%DB%8C+%D8%AA%DB%8C%D9%BE%D8%A7%DA%A9%D8%B3+%D8%B1%D9%87%D9%86%D8%A7%D9%86%E2%80%AD/data=!4m7!3m6!1s0x3fbc33bdb6f28a29:0x38d2353464291552!8m2!3d32.6818385!4d51.6077128!16s%2Fg%2F11t59ljfgt!19sChIJKYrytr0zvD8RUhUpZDQ10jg?authuser=0&hl=en&rclk=1,2026-08-02T22:22:20.828445+00:00
84,google_maps,Tipax,تیپاکس امام خمینی,اصفهان,اصفهان,32.7246444,51.5845745,5.0,Good,2 years ago,Hossein Majidi (Homayon),NULL,NULL,NULL,https://www.google.com/maps/place/%D8%AA%DB%8C%D9%BE%D8%A7%DA%A9%D8%B3+%D8%A7%D9%85%D8%A7%D9%85+%D8%AE%D9%85%DB%8C%D9%86%DB%8C%E2%80%AD/data=!4m7!3m6!1s0x3fbdcd4525b3c3ab:0xa872d2c4987acb1f!8m2!3d32.7246444!4d51.5845745!16s%2Fg%2F11shfwjwyd!19sChIJq8OzJUXNvT8RH8t6mMTScqg?authuser=0&hl=en&rclk=1,2026-08-02T22:22:37.884187+00:00
85,google_maps,Tipax,تیپاکس نقش جهان,اصفهان,اصفهان,32.6591849,51.6840203,1.0,Sauce,2 years ago,Milad Omidian,NULL,NULL,NULL,https://www.google.com/maps/place/%D8%AA%DB%8C%D9%BE%D8%A7%DA%A9%D8%B3+%D9%86%D9%82%D8%B4+%D8%AC%D9%87%D8%A7%D9%86%E2%80%AD/data=!4m7!3m6!1s0x3fbc4be4e61db595:0x427cf397a497c796!8m2!3d32.6591849!4d51.6840203!16s%2Fg%2F11rpq9nqth!19sChIJlbUd5uRLvD8RlseXpJfzfEI?authuser=0&hl=en&rclk=1,2026-08-02T22:22:46.352013+00:00
86,google_maps,Tipax,ارسال با تیپاکس. نگارسرام,تهران,تهران,35.6958372,51.4257068,1.0,It's a new rule that we have to prove the value of the package at the time of delivery to the Tipax agent. I prefer to send it by other methods.,a week ago,XLarge Label,NULL,NULL,NULL,https://www.google.com/maps/place/%D8%A7%D8%B1%D8%B3%D8%A7%D9%84+%D8%A8%D8%A7+%D8%AA%DB%8C%D9%BE%D8%A7%DA%A9%D8%B3.+%D9%86%DA%AF%D8%A7%D8%B1%D8%B3%D8%B1%D8%A7%D9%85%E2%80%AD/data=!4m7!3m6!1s0x3f8e017a416e2353:0xa25f610a4253d8d!8m2!3d35.6958372!4d51.4257068!16s%2Fg%2F11s_xr3cqr!19sChIJUyNuQXoBjj8RjT0lpBD2JQo?authuser=0&hl=en&rclk=1,2026-08-02T22:23:01.924270+00:00
87,google_maps,Tipax,ارسال با تیپاکس. نگارسرام,تهران,تهران,35.6958372,51.4257068,5.0,Sanitary accessories Construction sanitary accessories,a year ago,Noushin Hajizadeh,NULL,NULL,NULL,https://www.google.com/maps/place/%D8%A7%D8%B1%D8%B3%D8%A7%D9%84+%D8%A8%D8%A7+%D8%AA%DB%8C%D9%BE%D8%A7%DA%A9%D8%B3.+%D9%86%DA%AF%D8%A7%D8%B1%D8%B3%D8%B1%D8%A7%D9%85%E2%80%AD/data=!4m7!3m6!1s0x3f8e017a416e2353:0xa25f610a4253d8d!8m2!3d35.6958372!4d51.4257068!16s%2Fg%2F11s_xr3cqr!19sChIJUyNuQXoBjj8RjT0lpBD2JQo?authuser=0&hl=en&rclk=1,2026-08-02T22:23:01.924270+00:00
88,google_maps,Tipax,ارسال با تیپاکس. نگارسرام,تهران,تهران,35.6958372,51.4257068,1.0,Charging unusual fees for packaging,3 years ago,navid navidi,NULL,NULL,NULL,https://www.google.com/maps/place/%D8%A7%D8%B1%D8%B3%D8%A7%D9%84+%D8%A8%D8%A7+%D8%AA%DB%8C%D9%BE%D8%A7%DA%A9%D8%B3.+%D9%86%DA%AF%D8%A7%D8%B1%D8%B3%D8%B1%D8%A7%D9%85%E2%80%AD/data=!4m7!3m6!1s0x3f8e017a416e2353:0xa25f610a4253d8d!8m2!3d35.6958372!4d51.4257068!16s%2Fg%2F11s_xr3cqr!19sChIJUyNuQXoBjj8RjT0lpBD2JQo?authuser=0&hl=en&rclk=1,2026-08-02T22:23:01.924270+00:00
89,google_maps,Tipax,ارسال با تیپاکس. نگارسرام,تهران,تهران,35.6958372,51.4257068,1.0,It's expensive and it's late.,8 years ago,موسی نیکخو,NULL,NULL,NULL,https://www.google.com/maps/place/%D8%A7%D8%B1%D8%B3%D8%A7%D9%84+%D8%A8%D8%A7+%D8%AA%DB%8C%D9%BE%D8%A7%DA%A9%D8%B3.+%D9%86%DA%AF%D8%A7%D8%B1%D8%B3%D8%B1%D8%A7%D9%85%E2%80%AD/data=!4m7!3m6!1s0x3f8e017a416e2353:0xa25f610a4253d8d!8m2!3d35.6958372!4d51.4257068!16s%2Fg%2F11s_xr3cqr!19sChIJUyNuQXoBjj8RjT0lpBD2JQo?authuser=0&hl=en&rclk=1,2026-08-02T22:23:01.924270+00:00
90,google_maps,Tipax,ارسال با تیپاکس. نگارسرام,تهران,تهران,35.6958372,51.4257068,5.0,Excellent,a week ago,هیوندای پارت,NULL,NULL,NULL,https://www.google.com/maps/place/%D8%A7%D8%B1%D8%B3%D8%A7%D9%84+%D8%A8%D8%A7+%D8%AA%DB%8C%D9%BE%D8%A7%DA%A9%D8%B3.+%D9%86%DA%AF%D8%A7%D8%B1%D8%B3%D8%B1%D8%A7%D9%85%E2%80%AD/data=!4m7!3m6!1s0x3f8e017a416e2353:0xa25f610a4253d8d!8m2!3d35.6958372!4d51.4257068!16s%2Fg%2F11s_xr3cqr!19sChIJUyNuQXoBjj8RjT0lpBD2JQo?authuser=0&hl=en&rclk=1,2026-08-02T22:23:01.924270+00:00
91,google_maps,Tipax,تیپاکس آرژانتین,تهران,تهران,35.7288757,51.4156631,1.0,"Very disorganized and irresponsible. The package was registered for two days and delivered to the recipient. The recipient says he didn't receive anything. I called and they said they registered it just like that! We'll take it and deliver it. It's not clear when they'll deliver it. They don't know how to work, the people they should be. This is not a tradition of trust. They're very annoying. I don't even know if the package is intact, is it really theirs or if they delivered it by mistake.",a year ago,Nafise Jamialahmadi,NULL,NULL,NULL,https://www.google.com/maps/place/%D8%AA%DB%8C%D9%BE%D8%A7%DA%A9%D8%B3+%D8%B4%D8%B9%D8%A8%D9%87+%D8%A2%D8%B1%DA%98%D8%A7%D9%86%D8%AA%DB%8C%D9%86%E2%80%AD/data=!4m7!3m6!1s0x3f8e01c4fc2082b5:0x8eb4ed8e8fda4d7d!8m2!3d35.7288757!4d51.4156631!16s%2Fg%2F11n0cjxtxg!19sChIJtYIg_MQBjj8RfU3aj47ttI4?authuser=0&hl=en&rclk=1,2026-08-02T22:23:10.904907+00:00
92,google_maps,Tipax,تیپاکس آرژانتین,تهران,تهران,35.7288757,51.4156631,1.0,It was the worst shipping experience. The package was damaged.. I called them and they treated me very badly and two weeks later they said you won't be reimbursed for the damage!! I'll post pictures so you can see how many places the Tipax …,2 years ago,Mojdeh Arjmandnia,NULL,NULL,NULL,https://www.google.com/maps/place/%D8%AA%DB%8C%D9%BE%D8%A7%DA%A9%D8%B3+%D8%B4%D8%B9%D8%A8%D9%87+%D8%A2%D8%B1%DA%98%D8%A7%D9%86%D8%AA%DB%8C%D9%86%E2%80%AD/data=!4m7!3m6!1s0x3f8e01c4fc2082b5:0x8eb4ed8e8fda4d7d!8m2!3d35.7288757!4d51.4156631!16s%2Fg%2F11n0cjxtxg!19sChIJtYIg_MQBjj8RfU3aj47ttI4?authuser=0&hl=en&rclk=1,2026-08-02T22:23:10.904907+00:00
93,google_maps,Tipax,تیپاکس آرژانتین,تهران,تهران,35.7288757,51.4156631,1.0,Very bad and irresponsible behavior. They don't answer the phone at all. They keep the packages for a week so that they don't have a hard time taking them together to pick up flowers.,5 years ago,Selma Feizi,NULL,NULL,NULL,https://www.google.com/maps/place/%D8%AA%DB%8C%D9%BE%D8%A7%DA%A9%D8%B3+%D8%B4%D8%B9%D8%A8%D9%87+%D8%A2%D8%B1%DA%98%D8%A7%D9%86%D8%AA%DB%8C%D9%86%E2%80%AD/data=!4m7!3m6!1s0x3f8e01c4fc2082b5:0x8eb4ed8e8fda4d7d!8m2!3d35.7288757!4d51.4156631!16s%2Fg%2F11n0cjxtxg!19sChIJtYIg_MQBjj8RfU3aj47ttI4?authuser=0&hl=en&rclk=1,2026-08-02T22:23:10.904907+00:00
94,google_maps,Tipax,تیپاکس آرژانتین,تهران,تهران,35.7288757,51.4156631,1.0,"Disgusting in responding, sending and informing They just ruined Tipax's reputation You can't get a representative, collect",7 months ago,Javid Farhadi,NULL,NULL,NULL,https://www.google.com/maps/place/%D8%AA%DB%8C%D9%BE%D8%A7%DA%A9%D8%B3+%D8%B4%D8%B9%D8%A8%D9%87+%D8%A2%D8%B1%DA%98%D8%A7%D9%86%D8%AA%DB%8C%D9%86%E2%80%AD/data=!4m7!3m6!1s0x3f8e01c4fc2082b5:0x8eb4ed8e8fda4d7d!8m2!3d35.7288757!4d51.4156631!16s%2Fg%2F11n0cjxtxg!19sChIJtYIg_MQBjj8RfU3aj47ttI4?authuser=0&hl=en&rclk=1,2026-08-02T22:23:10.904907+00:00
95,google_maps,Tipax,تیپاکس آرژانتین,تهران,تهران,35.7288757,51.4156631,1.0,They are not responsible at all. Horrible.,9 months ago,sepideh ghelichi,NULL,NULL,NULL,https://www.google.com/maps/place/%D8%AA%DB%8C%D9%BE%D8%A7%DA%A9%D8%B3+%D8%B4%D8%B9%D8%A8%D9%87+%D8%A2%D8%B1%DA%98%D8%A7%D9%86%D8%AA%DB%8C%D9%86%E2%80%AD/data=!4m7!3m6!1s0x3f8e01c4fc2082b5:0x8eb4ed8e8fda4d7d!8m2!3d35.7288757!4d51.4156631!16s%2Fg%2F11n0cjxtxg!19sChIJtYIg_MQBjj8RfU3aj47ttI4?authuser=0&hl=en&rclk=1,2026-08-02T22:23:10.904907+00:00
96,google_maps,Tipax,تیپاکس آرژانتین,تهران,تهران,35.7288757,51.4156631,1.0,Very messy. Regular post is much better.,4 years ago,oneness A.,NULL,NULL,NULL,https://www.google.com/maps/place/%D8%AA%DB%8C%D9%BE%D8%A7%DA%A9%D8%B3+%D8%B4%D8%B9%D8%A8%D9%87+%D8%A2%D8%B1%DA%98%D8%A7%D9%86%D8%AA%DB%8C%D9%86%E2%80%AD/data=!4m7!3m6!1s0x3f8e01c4fc2082b5:0x8eb4ed8e8fda4d7d!8m2!3d35.7288757!4d51.4156631!16s%2Fg%2F11n0cjxtxg!19sChIJtYIg_MQBjj8RfU3aj47ttI4?authuser=0&hl=en&rclk=1,2026-08-02T22:23:10.904907+00:00
97,google_maps,Tipax,تیپاکس آرژانتین,تهران,تهران,35.7288757,51.4156631,1.0,They charge extra.,4 years ago,Behrouz Dolatyari,NULL,NULL,NULL,https://www.google.com/maps/place/%D8%AA%DB%8C%D9%BE%D8%A7%DA%A9%D8%B3+%D8%B4%D8%B9%D8%A8%D9%87+%D8%A2%D8%B1%DA%98%D8%A7%D9%86%D8%AA%DB%8C%D9%86%E2%80%AD/data=!4m7!3m6!1s0x3f8e01c4fc2082b5:0x8eb4ed8e8fda4d7d!8m2!3d35.7288757!4d51.4156631!16s%2Fg%2F11n0cjxtxg!19sChIJtYIg_MQBjj8RfU3aj47ttI4?authuser=0&hl=en&rclk=1,2026-08-02T22:23:10.904907+00:00
98,google_maps,Tipax,تیپاکس آرژانتین,تهران,تهران,35.7288757,51.4156631,5.0,Fast and friendly,4 years ago,قاسم واحدی,NULL,NULL,NULL,https://www.google.com/maps/place/%D8%AA%DB%8C%D9%BE%D8%A7%DA%A9%D8%B3+%D8%B4%D8%B9%D8%A8%D9%87+%D8%A2%D8%B1%DA%98%D8%A7%D9%86%D8%AA%DB%8C%D9%86%E2%80%AD/data=!4m7!3m6!1s0x3f8e01c4fc2082b5:0x8eb4ed8e8fda4d7d!8m2!3d35.7288757!4d51.4156631!16s%2Fg%2F11n0cjxtxg!19sChIJtYIg_MQBjj8RfU3aj47ttI4?authuser=0&hl=en&rclk=1,2026-08-02T22:23:10.904907+00:00
99,google_maps,Tipax,تیپاکس آرژانتین,تهران,تهران,35.7288757,51.4156631,1.0,Don't answer,a year ago,Majid,NULL,NULL,NULL,https://www.google.com/maps/place/%D8%AA%DB%8C%D9%BE%D8%A7%DA%A9%D8%B3+%D8%B4%D8%B9%D8%A8%D9%87+%D8%A2%D8%B1%DA%98%D8%A7%D9%86%D8%AA%DB%8C%D9%86%E2%80%AD/data=!4m7!3m6!1s0x3f8e01c4fc2082b5:0x8eb4ed8e8fda4d7d!8m2!3d35.7288757!4d51.4156631!16s%2Fg%2F11n0cjxtxg!19sChIJtYIg_MQBjj8RfU3aj47ttI4?authuser=0&hl=en&rclk=1,2026-08-02T22:23:10.904907+00:00
100,google_maps,Tipax,تیپاکس آرژانتین,تهران,تهران,35.7288757,51.4156631,5.0,The best,a year ago,Yousef 999,NULL,NULL,NULL,https://www.google.com/maps/place/%D8%AA%DB%8C%D9%BE%D8%A7%DA%A9%D8%B3+%D8%B4%D8%B9%D8%A8%D9%87+%D8%A2%D8%B1%DA%98%D8%A7%D9%86%D8%AA%DB%8C%D9%86%E2%80%AD/data=!4m7!3m6!1s0x3f8e01c4fc2082b5:0x8eb4ed8e8fda4d7d!8m2!3d35.7288757!4d51.4156631!16s%2Fg%2F11n0cjxtxg!19sChIJtYIg_MQBjj8RfU3aj47ttI4?authuser=0&hl=en&rclk=1,2026-08-02T22:23:10.904907+00:00
101,google_maps,Tipax,تیپاکس سبلان,تهران,تهران,35.7194248,51.4754155,1.0,"In a word, it was terrible in October and November 1403. I had two packages at Tipax for delivery at the same time. The first one arrived with a ten-day delay and a lot of follow-up and complaints with extremely dirty and torn packaging, which I posted a photo of. The second package also took ten days from Tehran to Tehran to find out where it was. In the end, even though I was there the whole time and filed a complaint and followed up and was told to wait at the exchange center, we will let you know and I was waiting for the package to be delivered, it was returned to the sender again with a dirty and torn packaging, this time without going to the recipient's address, as the recipient was not present. I had to pick up the package again with a courier. I paid for Tipax and wasted a lot of time, and in the end it did not arrive. It caused financial loss and the follow-ups were of no use and I spent a lot of energy.",a year ago,Yasaman Mobarhan,NULL,NULL,NULL,https://www.google.com/maps/place/%D8%AA%DB%8C%D9%BE%D8%A7%DA%A9%D8%B3+%D8%B3%D8%A8%D9%84%D8%A7%D9%86%E2%80%AD/data=!4m7!3m6!1s0x3f8e03438218eb11:0xb8713a469835cbf2!8m2!3d35.7194248!4d51.4754155!16s%2Fg%2F11tr__m2x1!19sChIJEesYgkMDjj8R8ss1mEY6cbg?authuser=0&hl=en&rclk=1,2026-08-02T22:23:19.561798+00:00
102,google_maps,Tipax,تیپاکس سبلان,تهران,تهران,35.7194248,51.4754155,1.0,Disgusting / They said it would arrive in one day but it arrived in 4 days / They lied and said we will follow up / They did not follow up and did not provide any compensation / It is recommended that you do not visit T-Box at all Disgusting,a year ago,alireza noorisefat,NULL,NULL,NULL,https://www.google.com/maps/place/%D8%AA%DB%8C%D9%BE%D8%A7%DA%A9%D8%B3+%D8%B3%D8%A8%D9%84%D8%A7%D9%86%E2%80%AD/data=!4m7!3m6!1s0x3f8e03438218eb11:0xb8713a469835cbf2!8m2!3d35.7194248!4d51.4754155!16s%2Fg%2F11tr__m2x1!19sChIJEesYgkMDjj8R8ss1mEY6cbg?authuser=0&hl=en&rclk=1,2026-08-02T22:23:19.561798+00:00
103,google_maps,Tipax,تیپاکس سبلان,تهران,تهران,35.7194248,51.4754155,1.0,"I haven't received my package from Tehran to Tehran since January 23rd and today is January 29th. Tracking has no results either, they just keep saying it will arrive today and there is no news. Horrible and rubbish",a year ago,sahar tavakoli,NULL,NULL,NULL,https://www.google.com/maps/place/%D8%AA%DB%8C%D9%BE%D8%A7%DA%A9%D8%B3+%D8%B3%D8%A8%D9%84%D8%A7%D9%86%E2%80%AD/data=!4m7!3m6!1s0x3f8e03438218eb11:0xb8713a469835cbf2!8m2!3d35.7194248!4d51.4754155!16s%2Fg%2F11tr__m2x1!19sChIJEesYgkMDjj8R8ss1mEY6cbg?authuser=0&hl=en&rclk=1,2026-08-02T22:23:19.561798+00:00
104,google_maps,Tipax,تیپاکس سبلان,تهران,تهران,35.7194248,51.4754155,1.0,"They have one more point A filthy, disgusting center, they threw all the packages here and there, they were playing by the door, our package didn't arrive for ten days",a year ago,menoo art,NULL,NULL,NULL,https://www.google.com/maps/place/%D8%AA%DB%8C%D9%BE%D8%A7%DA%A9%D8%B3+%D8%B3%D8%A8%D9%84%D8%A7%D9%86%E2%80%AD/data=!4m7!3m6!1s0x3f8e03438218eb11:0xb8713a469835cbf2!8m2!3d35.7194248!4d51.4754155!16s%2Fg%2F11tr__m2x1!19sChIJEesYgkMDjj8R8ss1mEY6cbg?authuser=0&hl=en&rclk=1,2026-08-02T22:23:19.561798+00:00
105,google_maps,Tipax,تیپاکس سبلان,تهران,تهران,35.7194248,51.4754155,5.0,thats great,2 weeks ago,sumshop net,NULL,NULL,NULL,https://www.google.com/maps/place/%D8%AA%DB%8C%D9%BE%D8%A7%DA%A9%D8%B3+%D8%B3%D8%A8%D9%84%D8%A7%D9%86%E2%80%AD/data=!4m7!3m6!1s0x3f8e03438218eb11:0xb8713a469835cbf2!8m2!3d35.7194248!4d51.4754155!16s%2Fg%2F11tr__m2x1!19sChIJEesYgkMDjj8R8ss1mEY6cbg?authuser=0&hl=en&rclk=1,2026-08-02T22:23:19.561798+00:00
106,google_maps,Tipax,مرکزی تیپاکس,اصفهان,اصفهان,32.7430854,51.5873593,1.0,"My package is in Isfahan for 24 hours now, but it has not yet been delivered to the address 53442025891758328.",11 months ago,Mohammad Ahmadnian,NULL,NULL,NULL,https://www.google.com/maps/place/%D8%AF%D9%81%D8%AA%D8%B1+%D9%85%D8%B1%DA%A9%D8%B2%DB%8C+%D8%AA%DB%8C%D9%BE%D8%A7%DA%A9%D8%B3%E2%80%AD/data=!4m7!3m6!1s0x3fbdcd007642250f:0xe436f8ff3da59274!8m2!3d32.7430854!4d51.5873593!16s%2Fg%2F11wjd3ysp7!19sChIJDyVCdgDNvT8RdJKlPf_4NuQ?authuser=0&hl=en&rclk=1,2026-08-02T22:24:02.470106+00:00
107,google_maps,Tipax,تیپاکس فیض اصفهان,Feiz St,روبروی مسجد رکن الملک،,32.6292675,51.6854294,1.0,"One of the worst postal services available, they falsely advertise that they will deliver the package to your door and always call you to deliver it and lie that we brought the package and you were not there and you have to find the company yourself to receive the package or it will be sent to you by courier at an additional cost. I have sent the package with Tipax several times and I have always had problems. This company's system is very basic and there is a possibility that your package will get lost. Sending the package by post and post message and also the carriers are much better than Tipax and this company is a clear example of disrespect for the customer.",Edited 6 years ago,ehsan j,NULL,NULL,NULL,https://www.google.com/maps/place/%D8%AA%DB%8C%D9%BE%D8%A7%DA%A9%D8%B3+%D9%86%D9%85%D8%A7%DB%8C%D9%86%D8%AF%DA%AF%DB%8C+%D9%81%DB%8C%D8%B6+%D8%A7%D8%B5%D9%81%D9%87%D8%A7%D9%86%E2%80%AD/data=!4m7!3m6!1s0x3fbc49df03d49acf:0x68bf94bdc7d76d4e!8m2!3d32.6292675!4d51.6854294!16s%2Fg%2F11dxrxs5_x!19sChIJz5rUA99JvD8RTm3Xx72Uv2g?authuser=0&hl=en&rclk=1,2026-08-02T22:24:11.205281+00:00
108,google_maps,Tipax,تیپاکس فیض اصفهان,Feiz St,روبروی مسجد رکن الملک،,32.6292675,51.6854294,5.0,"Tipax is an international and well-known company that provides international postal and shipping services. The company operates in various areas including priority mail, express, special, economy and special services. Tipax operates in more than 220 countries and regions of the world and has international postal and shipping services.",2 years ago,H. Thi,NULL,NULL,NULL,https://www.google.com/maps/place/%D8%AA%DB%8C%D9%BE%D8%A7%DA%A9%D8%B3+%D9%86%D9%85%D8%A7%DB%8C%D9%86%D8%AF%DA%AF%DB%8C+%D9%81%DB%8C%D8%B6+%D8%A7%D8%B5%D9%81%D9%87%D8%A7%D9%86%E2%80%AD/data=!4m7!3m6!1s0x3fbc49df03d49acf:0x68bf94bdc7d76d4e!8m2!3d32.6292675!4d51.6854294!16s%2Fg%2F11dxrxs5_x!19sChIJz5rUA99JvD8RTm3Xx72Uv2g?authuser=0&hl=en&rclk=1,2026-08-02T22:24:11.205281+00:00
109,google_maps,Tipax,تیپاکس فیض اصفهان,Feiz St,روبروی مسجد رکن الملک،,32.6292675,51.6854294,1.0,"They are very rude and unkind. They don't answer calls. They say be home by 10am and we'll bring the package, but they'll bring it at 8pm. Or they say we came but you weren't there.",6 years ago,mozhdeh khodaygan,NULL,NULL,NULL,https://www.google.com/maps/place/%D8%AA%DB%8C%D9%BE%D8%A7%DA%A9%D8%B3+%D9%86%D9%85%D8%A7%DB%8C%D9%86%D8%AF%DA%AF%DB%8C+%D9%81%DB%8C%D8%B6+%D8%A7%D8%B5%D9%81%D9%87%D8%A7%D9%86%E2%80%AD/data=!4m7!3m6!1s0x3fbc49df03d49acf:0x68bf94bdc7d76d4e!8m2!3d32.6292675!4d51.6854294!16s%2Fg%2F11dxrxs5_x!19sChIJz5rUA99JvD8RTm3Xx72Uv2g?authuser=0&hl=en&rclk=1,2026-08-02T22:24:11.205281+00:00
110,google_maps,Tipax,تیپاکس فیض اصفهان,Feiz St,روبروی مسجد رکن الملک،,32.6292675,51.6854294,5.0,"The best Tipax branch in Isfahan, the very respectful attitude of Mr. Haqqani, the manager of the Feiz branch, and their good staff have always been valuable to me.",5 months ago,majid salimian,NULL,NULL,NULL,https://www.google.com/maps/place/%D8%AA%DB%8C%D9%BE%D8%A7%DA%A9%D8%B3+%D9%86%D9%85%D8%A7%DB%8C%D9%86%D8%AF%DA%AF%DB%8C+%D9%81%DB%8C%D8%B6+%D8%A7%D8%B5%D9%81%D9%87%D8%A7%D9%86%E2%80%AD/data=!4m7!3m6!1s0x3fbc49df03d49acf:0x68bf94bdc7d76d4e!8m2!3d32.6292675!4d51.6854294!16s%2Fg%2F11dxrxs5_x!19sChIJz5rUA99JvD8RTm3Xx72Uv2g?authuser=0&hl=en&rclk=1,2026-08-02T22:24:11.205281+00:00
111,google_maps,Tipax,تیپاکس فیض اصفهان,Feiz St,روبروی مسجد رکن الملک،,32.6292675,51.6854294,1.0,"In every sense of the word, awful Irresponsible and everything a bad and awful post can have They didn't even bother to bring the package in person",9 months ago,zahra abbasi,NULL,NULL,NULL,https://www.google.com/maps/place/%D8%AA%DB%8C%D9%BE%D8%A7%DA%A9%D8%B3+%D9%86%D9%85%D8%A7%DB%8C%D9%86%D8%AF%DA%AF%DB%8C+%D9%81%DB%8C%D8%B6+%D8%A7%D8%B5%D9%81%D9%87%D8%A7%D9%86%E2%80%AD/data=!4m7!3m6!1s0x3fbc49df03d49acf:0x68bf94bdc7d76d4e!8m2!3d32.6292675!4d51.6854294!16s%2Fg%2F11dxrxs5_x!19sChIJz5rUA99JvD8RTm3Xx72Uv2g?authuser=0&hl=en&rclk=1,2026-08-02T22:24:11.205281+00:00
112,google_maps,Tipax,تیپاکس فیض اصفهان,Feiz St,روبروی مسجد رکن الملک،,32.6292675,51.6854294,1.0,"Horrible, disorganized, irresponsible I really don't know why Tipax is so disorganized and doesn't work on its customer service. …",5 years ago,mahtab torki,NULL,NULL,NULL,https://www.google.com/maps/place/%D8%AA%DB%8C%D9%BE%D8%A7%DA%A9%D8%B3+%D9%86%D9%85%D8%A7%DB%8C%D9%86%D8%AF%DA%AF%DB%8C+%D9%81%DB%8C%D8%B6+%D8%A7%D8%B5%D9%81%D9%87%D8%A7%D9%86%E2%80%AD/data=!4m7!3m6!1s0x3fbc49df03d49acf:0x68bf94bdc7d76d4e!8m2!3d32.6292675!4d51.6854294!16s%2Fg%2F11dxrxs5_x!19sChIJz5rUA99JvD8RTm3Xx72Uv2g?authuser=0&hl=en&rclk=1,2026-08-02T22:24:11.205281+00:00
113,google_maps,Tipax,تیپاکس فیض اصفهان,Feiz St,روبروی مسجد رکن الملک،,32.6292675,51.6854294,1.0,The worst Tipax office I've ever seen They never answer the phone They deliver packages late. …,6 years ago,Amir M,NULL,NULL,NULL,https://www.google.com/maps/place/%D8%AA%DB%8C%D9%BE%D8%A7%DA%A9%D8%B3+%D9%86%D9%85%D8%A7%DB%8C%D9%86%D8%AF%DA%AF%DB%8C+%D9%81%DB%8C%D8%B6+%D8%A7%D8%B5%D9%81%D9%87%D8%A7%D9%86%E2%80%AD/data=!4m7!3m6!1s0x3fbc49df03d49acf:0x68bf94bdc7d76d4e!8m2!3d32.6292675!4d51.6854294!16s%2Fg%2F11dxrxs5_x!19sChIJz5rUA99JvD8RTm3Xx72Uv2g?authuser=0&hl=en&rclk=1,2026-08-02T22:24:11.205281+00:00
114,google_maps,Tipax,تیپاکس فیض اصفهان,Feiz St,روبروی مسجد رکن الملک،,32.6292675,51.6854294,1.0,Was really hard to find them!,7 years ago,Peyman Jahanbin,NULL,NULL,NULL,https://www.google.com/maps/place/%D8%AA%DB%8C%D9%BE%D8%A7%DA%A9%D8%B3+%D9%86%D9%85%D8%A7%DB%8C%D9%86%D8%AF%DA%AF%DB%8C+%D9%81%DB%8C%D8%B6+%D8%A7%D8%B5%D9%81%D9%87%D8%A7%D9%86%E2%80%AD/data=!4m7!3m6!1s0x3fbc49df03d49acf:0x68bf94bdc7d76d4e!8m2!3d32.6292675!4d51.6854294!16s%2Fg%2F11dxrxs5_x!19sChIJz5rUA99JvD8RTm3Xx72Uv2g?authuser=0&hl=en&rclk=1,2026-08-02T22:24:11.205281+00:00
115,google_maps,Tipax,تیپاکس فیض اصفهان,Feiz St,روبروی مسجد رکن الملک،,32.6292675,51.6854294,5.0,Nice atmosphere,6 years ago,Iman Azarbayejani,NULL,NULL,NULL,https://www.google.com/maps/place/%D8%AA%DB%8C%D9%BE%D8%A7%DA%A9%D8%B3+%D9%86%D9%85%D8%A7%DB%8C%D9%86%D8%AF%DA%AF%DB%8C+%D9%81%DB%8C%D8%B6+%D8%A7%D8%B5%D9%81%D9%87%D8%A7%D9%86%E2%80%AD/data=!4m7!3m6!1s0x3fbc49df03d49acf:0x68bf94bdc7d76d4e!8m2!3d32.6292675!4d51.6854294!16s%2Fg%2F11dxrxs5_x!19sChIJz5rUA99JvD8RTm3Xx72Uv2g?authuser=0&hl=en&rclk=1,2026-08-02T22:24:11.205281+00:00
116,google_maps,Tipax,تیپاکس فیض اصفهان,Feiz St,روبروی مسجد رکن الملک،,32.6292675,51.6854294,5.0,Ok,Edited 2 years ago,Arkan customs آرکان کاستوم,NULL,NULL,NULL,https://www.google.com/maps/place/%D8%AA%DB%8C%D9%BE%D8%A7%DA%A9%D8%B3+%D9%86%D9%85%D8%A7%DB%8C%D9%86%D8%AF%DA%AF%DB%8C+%D9%81%DB%8C%D8%B6+%D8%A7%D8%B5%D9%81%D9%87%D8%A7%D9%86%E2%80%AD/data=!4m7!3m6!1s0x3fbc49df03d49acf:0x68bf94bdc7d76d4e!8m2!3d32.6292675!4d51.6854294!16s%2Fg%2F11dxrxs5_x!19sChIJz5rUA99JvD8RTm3Xx72Uv2g?authuser=0&hl=en&rclk=1,2026-08-02T22:24:11.205281+00:00
117,google_maps,Tipax,تیپاکس شیراز شهرک صنعتی,فارس,NULL,29.481074,52.5563379,1.0,"The worst and most irresponsible branch of Tipax in the country, the Shiraz Industrial City branch, represented by Reza Bayat... I mean, leave your luggage to the four-legged ones, they will arrive faster than this... They are not responsible at all and are very, very irresponsible.",2 years ago,محسن بیات,NULL,NULL,NULL,https://www.google.com/maps/place/%D9%86%D9%85%D8%A7%DB%8C%D9%86%D8%AF%DA%AF%DB%8C+%D8%AA%DB%8C%D9%BE%D8%A7%DA%A9%D8%B3+%D8%B4%DB%8C%D8%B1%D8%A7%D8%B2+%D8%B4%D9%87%D8%B1%DA%A9+%D8%B5%D9%86%D8%B9%D8%AA%DB%8C%E2%80%AD/data=!4m7!3m6!1s0x3fb271b984067783:0x8e2e4e5be9159c65!8m2!3d29.481074!4d52.5563379!16s%2Fg%2F11mtrmy3g_!19sChIJg3cGhLlxsj8RZZwV6VtOLo4?authuser=0&hl=en&rclk=1,2026-08-02T22:24:36.960040+00:00
118,google_maps,Tipax,تیپاکس شیراز شهرک صنعتی,فارس,NULL,29.481074,52.5563379,1.0,"As a post office, Tipax does not know their job at all. They treat the recipient unprofessionally and rudely. They do not deliver the package to the door and force you to visit their office under various pretexts. I will definitely follow up on my complaint about this behavior.",a month ago,Sara Bahari,NULL,NULL,NULL,https://www.google.com/maps/place/%D9%86%D9%85%D8%A7%DB%8C%D9%86%D8%AF%DA%AF%DB%8C+%D8%AA%DB%8C%D9%BE%D8%A7%DA%A9%D8%B3+%D8%B4%DB%8C%D8%B1%D8%A7%D8%B2+%D8%B4%D9%87%D8%B1%DA%A9+%D8%B5%D9%86%D8%B9%D8%AA%DB%8C%E2%80%AD/data=!4m7!3m6!1s0x3fb271b984067783:0x8e2e4e5be9159c65!8m2!3d29.481074!4d52.5563379!16s%2Fg%2F11mtrmy3g_!19sChIJg3cGhLlxsj8RZZwV6VtOLo4?authuser=0&hl=en&rclk=1,2026-08-02T22:24:36.960040+00:00
119,google_maps,Tipax,تیپاکس شیراز شهرک صنعتی,فارس,NULL,29.481074,52.5563379,1.0,Tipax means irresponsible. Awful. They lost my 460 million checks. It's not even their imagination.,Edited 3 years ago,Siamak,NULL,NULL,NULL,https://www.google.com/maps/place/%D9%86%D9%85%D8%A7%DB%8C%D9%86%D8%AF%DA%AF%DB%8C+%D8%AA%DB%8C%D9%BE%D8%A7%DA%A9%D8%B3+%D8%B4%DB%8C%D8%B1%D8%A7%D8%B2+%D8%B4%D9%87%D8%B1%DA%A9+%D8%B5%D9%86%D8%B9%D8%AA%DB%8C%E2%80%AD/data=!4m7!3m6!1s0x3fb271b984067783:0x8e2e4e5be9159c65!8m2!3d29.481074!4d52.5563379!16s%2Fg%2F11mtrmy3g_!19sChIJg3cGhLlxsj8RZZwV6VtOLo4?authuser=0&hl=en&rclk=1,2026-08-02T22:24:36.960040+00:00
120,google_maps,Tipax,تیپاکس شیراز شهرک صنعتی,فارس,NULL,29.481074,52.5563379,1.0,"The worst dealership I've ever seen, interestingly, you have to give it a star to post it.",3 years ago,معصومه مسرور,NULL,NULL,NULL,https://www.google.com/maps/place/%D9%86%D9%85%D8%A7%DB%8C%D9%86%D8%AF%DA%AF%DB%8C+%D8%AA%DB%8C%D9%BE%D8%A7%DA%A9%D8%B3+%D8%B4%DB%8C%D8%B1%D8%A7%D8%B2+%D8%B4%D9%87%D8%B1%DA%A9+%D8%B5%D9%86%D8%B9%D8%AA%DB%8C%E2%80%AD/data=!4m7!3m6!1s0x3fb271b984067783:0x8e2e4e5be9159c65!8m2!3d29.481074!4d52.5563379!16s%2Fg%2F11mtrmy3g_!19sChIJg3cGhLlxsj8RZZwV6VtOLo4?authuser=0&hl=en&rclk=1,2026-08-02T22:24:36.960040+00:00
121,google_maps,Tipax,تیپاکس شیراز شهرک صنعتی,فارس,NULL,29.481074,52.5563379,1.0,"It's a shame I got it too late. With that high fare, I'm not at all satisfied with Tipax.",4 years ago,Raha Raha,NULL,NULL,NULL,https://www.google.com/maps/place/%D9%86%D9%85%D8%A7%DB%8C%D9%86%D8%AF%DA%AF%DB%8C+%D8%AA%DB%8C%D9%BE%D8%A7%DA%A9%D8%B3+%D8%B4%DB%8C%D8%B1%D8%A7%D8%B2+%D8%B4%D9%87%D8%B1%DA%A9+%D8%B5%D9%86%D8%B9%D8%AA%DB%8C%E2%80%AD/data=!4m7!3m6!1s0x3fb271b984067783:0x8e2e4e5be9159c65!8m2!3d29.481074!4d52.5563379!16s%2Fg%2F11mtrmy3g_!19sChIJg3cGhLlxsj8RZZwV6VtOLo4?authuser=0&hl=en&rclk=1,2026-08-02T22:24:36.960040+00:00
122,google_maps,Tipax,تیپاکس شیراز شهرک صنعتی,فارس,NULL,29.481074,52.5563379,1.0,I went at 5:28 pm and they were closed.,8 months ago,Mehrdad Farzamfar,NULL,NULL,NULL,https://www.google.com/maps/place/%D9%86%D9%85%D8%A7%DB%8C%D9%86%D8%AF%DA%AF%DB%8C+%D8%AA%DB%8C%D9%BE%D8%A7%DA%A9%D8%B3+%D8%B4%DB%8C%D8%B1%D8%A7%D8%B2+%D8%B4%D9%87%D8%B1%DA%A9+%D8%B5%D9%86%D8%B9%D8%AA%DB%8C%E2%80%AD/data=!4m7!3m6!1s0x3fb271b984067783:0x8e2e4e5be9159c65!8m2!3d29.481074!4d52.5563379!16s%2Fg%2F11mtrmy3g_!19sChIJg3cGhLlxsj8RZZwV6VtOLo4?authuser=0&hl=en&rclk=1,2026-08-02T22:24:36.960040+00:00
123,google_maps,Tipax,تیپاکس شیراز شهرک صنعتی,فارس,NULL,29.481074,52.5563379,5.0,Appropriate treatment,2 years ago,Hossein,NULL,NULL,NULL,https://www.google.com/maps/place/%D9%86%D9%85%D8%A7%DB%8C%D9%86%D8%AF%DA%AF%DB%8C+%D8%AA%DB%8C%D9%BE%D8%A7%DA%A9%D8%B3+%D8%B4%DB%8C%D8%B1%D8%A7%D8%B2+%D8%B4%D9%87%D8%B1%DA%A9+%D8%B5%D9%86%D8%B9%D8%AA%DB%8C%E2%80%AD/data=!4m7!3m6!1s0x3fb271b984067783:0x8e2e4e5be9159c65!8m2!3d29.481074!4d52.5563379!16s%2Fg%2F11mtrmy3g_!19sChIJg3cGhLlxsj8RZZwV6VtOLo4?authuser=0&hl=en&rclk=1,2026-08-02T22:24:36.960040+00:00
124,google_maps,Tipax,تیپاکس شیراز شهرک صنعتی,فارس,NULL,29.481074,52.5563379,5.0,Good,4 years ago,Hamid Tavana,NULL,NULL,NULL,https://www.google.com/maps/place/%D9%86%D9%85%D8%A7%DB%8C%D9%86%D8%AF%DA%AF%DB%8C+%D8%AA%DB%8C%D9%BE%D8%A7%DA%A9%D8%B3+%D8%B4%DB%8C%D8%B1%D8%A7%D8%B2+%D8%B4%D9%87%D8%B1%DA%A9+%D8%B5%D9%86%D8%B9%D8%AA%DB%8C%E2%80%AD/data=!4m7!3m6!1s0x3fb271b984067783:0x8e2e4e5be9159c65!8m2!3d29.481074!4d52.5563379!16s%2Fg%2F11mtrmy3g_!19sChIJg3cGhLlxsj8RZZwV6VtOLo4?authuser=0&hl=en&rclk=1,2026-08-02T22:24:36.960040+00:00
125,google_maps,Tipax,اکسس پوینت تیپاکس شیراز خیابان فلاح,فارس,NULL,29.6192406,52.4757122,5.0,They have Tipax delivery. They are nice.,2 years ago,Hosein Saber,NULL,NULL,NULL,https://www.google.com/maps/place/%D8%A7%DA%A9%D8%B3%D8%B3+%D9%BE%D9%88%DB%8C%D9%86%D8%AA+%D8%AA%DB%8C%D9%BE%D8%A7%DA%A9%D8%B3+%D8%B4%DB%8C%D8%B1%D8%A7%D8%B2+%D8%AE%DB%8C%D8%A7%D8%A8%D8%A7%D9%86+%D9%81%D9%84%D8%A7%D8%AD%E2%80%AD/data=!4m7!3m6!1s0x3fb213479ca2fa4f:0x99ba010a5d726214!8m2!3d29.6192406!4d52.4757122!16s%2Fg%2F11rp890yrw!19sChIJT_qinEcTsj8RFGJyXQoBupk?authuser=0&hl=en&rclk=1,2026-08-02T22:24:45.473196+00:00
126,google_maps,Tipax,تیپاکس قادرآباد,Boulevard Imam,Qaderabad,30.2806334,53.2619237,1.0,"They are very rude, they don't answer or respond. There are problems. Our package has been delivered to Qaderabad for a week. Every day they say, ""You're on your way, answer your phone, man.""",5 months ago,mohammad niazi,NULL,NULL,NULL,https://www.google.com/maps/place/%D8%AA%DB%8C%D9%BE%D8%A7%DA%A9%D8%B3+%D9%82%D8%A7%D8%AF%D8%B1%D8%A2%D8%A8%D8%A7%D8%AF%E2%80%AD/data=!4m7!3m6!1s0x3fae7b238d87b08d:0x3aa5a9ed528cbe92!8m2!3d30.2806334!4d53.2619237!16s%2Fg%2F11s55jg2vx!19sChIJjbCHjSN7rj8Rkr6MUu2ppTo?authuser=0&hl=en&rclk=1,2026-08-02T22:25:02.594564+00:00
127,google_maps,Tipax,تیپاکس قادرآباد,Boulevard Imam,Qaderabad,30.2806334,53.2619237,5.0,Excellent and fast,3 years ago,رضا خسروی,NULL,NULL,NULL,https://www.google.com/maps/place/%D8%AA%DB%8C%D9%BE%D8%A7%DA%A9%D8%B3+%D9%82%D8%A7%D8%AF%D8%B1%D8%A2%D8%A8%D8%A7%D8%AF%E2%80%AD/data=!4m7!3m6!1s0x3fae7b238d87b08d:0x3aa5a9ed528cbe92!8m2!3d30.2806334!4d53.2619237!16s%2Fg%2F11s55jg2vx!19sChIJjbCHjSN7rj8Rkr6MUu2ppTo?authuser=0&hl=en&rclk=1,2026-08-02T22:25:02.594564+00:00
128,google_maps,Tipax,تیپاکس سمیرم,اصفهان,اصفهان,31.4140372,51.5722271,3.0,"Although its existence is necessary and should be, its scope of services must be expanded.",a year ago,Tourist Ai,NULL,NULL,NULL,https://www.google.com/maps/place/%D8%AA%DB%8C%D9%BE%D8%A7%DA%A9%D8%B3+%D9%86%D9%85%D8%A7%DB%8C%D9%86%D8%AF%DA%AF%DB%8C+%D8%B3%D9%85%DB%8C%D8%B1%D9%85%E2%80%AD/data=!4m7!3m6!1s0x3fba339be6aa6271:0x468b19be03f54957!8m2!3d31.4140372!4d51.5722271!16s%2Fg%2F11sfgbycxk!19sChIJcWKq5pszuj8RV0n1A74Zi0Y?authuser=0&hl=en&rclk=1,2026-08-02T22:25:16.032271+00:00
129,google_maps,Tipax,تیپاکس بهارستان غربی,اصفهان,اصفهان,32.7122905,51.6135281,1.0,"Opening in every sense of the word, irresponsible website What a waste of money I paid for T-Pax And irresponsible staff who have no responsibility for delivering the package Extremely bad They have one star too many😡😡😡",a year ago,کتایون سلام,NULL,NULL,NULL,https://www.google.com/maps/place/%D8%AA%DB%8C%D9%BE%D8%A7%DA%A9%D8%B3+%D8%A8%D9%87%D8%A7%D8%B1%D8%B3%D8%AA%D8%A7%D9%86+%D8%BA%D8%B1%D8%A8%DB%8C%E2%80%AD/data=!4m7!3m6!1s0x3fbdcb0002b03bab:0x2348870af4b93692!8m2!3d32.7122905!4d51.6135281!16s%2Fg%2F11y58xwr91!19sChIJqzuwAgDLvT8Rkja59AqHSCM?authuser=0&hl=en&rclk=1,2026-08-02T22:25:33.583049+00:00
130,google_maps,Tipax,تیپاکس بهارستان غربی,اصفهان,اصفهان,32.7122905,51.6135281,1.0,"The staff is extremely unprofessional, rude and disrespectful. They are just a little too rude to those who come to them! Disorganized/irresponsible/inappropriate behavior",11 months ago,Saba Slhshri,NULL,NULL,NULL,https://www.google.com/maps/place/%D8%AA%DB%8C%D9%BE%D8%A7%DA%A9%D8%B3+%D8%A8%D9%87%D8%A7%D8%B1%D8%B3%D8%AA%D8%A7%D9%86+%D8%BA%D8%B1%D8%A8%DB%8C%E2%80%AD/data=!4m7!3m6!1s0x3fbdcb0002b03bab:0x2348870af4b93692!8m2!3d32.7122905!4d51.6135281!16s%2Fg%2F11y58xwr91!19sChIJqzuwAgDLvT8Rkja59AqHSCM?authuser=0&hl=en&rclk=1,2026-08-02T22:25:33.583049+00:00
131,google_maps,Tipax,تیپاکس بهارستان غربی,اصفهان,اصفهان,32.7122905,51.6135281,1.0,"Extremely poor, it's a shame that people pay so much money for T-Pax, especially the staff at this branch.",a year ago,Sara Kiani,NULL,NULL,NULL,https://www.google.com/maps/place/%D8%AA%DB%8C%D9%BE%D8%A7%DA%A9%D8%B3+%D8%A8%D9%87%D8%A7%D8%B1%D8%B3%D8%AA%D8%A7%D9%86+%D8%BA%D8%B1%D8%A8%DB%8C%E2%80%AD/data=!4m7!3m6!1s0x3fbdcb0002b03bab:0x2348870af4b93692!8m2!3d32.7122905!4d51.6135281!16s%2Fg%2F11y58xwr91!19sChIJqzuwAgDLvT8Rkja59AqHSCM?authuser=0&hl=en&rclk=1,2026-08-02T22:25:33.583049+00:00
132,google_maps,Tipax,تیپاکس بهارستان غربی,اصفهان,اصفهان,32.7122905,51.6135281,1.0,I peed all over the person who founded Tipax.,2 years ago,Mojtaba Sh,NULL,NULL,NULL,https://www.google.com/maps/place/%D8%AA%DB%8C%D9%BE%D8%A7%DA%A9%D8%B3+%D8%A8%D9%87%D8%A7%D8%B1%D8%B3%D8%AA%D8%A7%D9%86+%D8%BA%D8%B1%D8%A8%DB%8C%E2%80%AD/data=!4m7!3m6!1s0x3fbdcb0002b03bab:0x2348870af4b93692!8m2!3d32.7122905!4d51.6135281!16s%2Fg%2F11y58xwr91!19sChIJqzuwAgDLvT8Rkja59AqHSCM?authuser=0&hl=en&rclk=1,2026-08-02T22:25:33.583049+00:00
133,google_maps,Tipax,تیپاکس بهارستان غربی,اصفهان,اصفهان,32.7122905,51.6135281,1.0,Disgusting and unresponsive,a year ago,kamran sadeghi,NULL,NULL,NULL,https://www.google.com/maps/place/%D8%AA%DB%8C%D9%BE%D8%A7%DA%A9%D8%B3+%D8%A8%D9%87%D8%A7%D8%B1%D8%B3%D8%AA%D8%A7%D9%86+%D8%BA%D8%B1%D8%A8%DB%8C%E2%80%AD/data=!4m7!3m6!1s0x3fbdcb0002b03bab:0x2348870af4b93692!8m2!3d32.7122905!4d51.6135281!16s%2Fg%2F11y58xwr91!19sChIJqzuwAgDLvT8Rkja59AqHSCM?authuser=0&hl=en&rclk=1,2026-08-02T22:25:33.583049+00:00
134,google_maps,Tipax,تیپاکس آریا,اصفهان,اصفهان,32.7099851,51.676553,2.0,"Hello, it's interesting, I went on a trip, we had a few cars, we were going to the village at night, we were going to go somewhere. It seems like we would have been lost if it weren't for this program, we wouldn't have found it.",a year ago,Ali Kasiri,NULL,NULL,NULL,https://www.google.com/maps/place/%D8%AA%DB%8C%D9%BE%D8%A7%DA%A9%D8%B3+%D8%A2%D8%B1%DB%8C%D8%A7%E2%80%AD/data=!4m7!3m6!1s0x3fbc4b004bedb029:0xbd71a56d9d8ebd78!8m2!3d32.7099851!4d51.676553!16s%2Fg%2F11lw36zfsh!19sChIJKbDtSwBLvD8ReL2OnW2lcb0?authuser=0&hl=en&rclk=1,2026-08-02T22:25:42.155117+00:00
135,google_maps,Tipax,تیپاکس آریا,اصفهان,اصفهان,32.7099851,51.676553,5.0,Excellent,8 months ago,Alireza Davari,NULL,NULL,NULL,https://www.google.com/maps/place/%D8%AA%DB%8C%D9%BE%D8%A7%DA%A9%D8%B3+%D8%A2%D8%B1%DB%8C%D8%A7%E2%80%AD/data=!4m7!3m6!1s0x3fbc4b004bedb029:0xbd71a56d9d8ebd78!8m2!3d32.7099851!4d51.676553!16s%2Fg%2F11lw36zfsh!19sChIJKbDtSwBLvD8ReL2OnW2lcb0?authuser=0&hl=en&rclk=1,2026-08-02T22:25:42.155117+00:00
136,google_maps,Tipax,تیپاکس آریا,اصفهان,اصفهان,32.7099851,51.676553,5.0,Very good,a year ago,yeganeh rahmani,NULL,NULL,NULL,https://www.google.com/maps/place/%D8%AA%DB%8C%D9%BE%D8%A7%DA%A9%D8%B3+%D8%A2%D8%B1%DB%8C%D8%A7%E2%80%AD/data=!4m7!3m6!1s0x3fbc4b004bedb029:0xbd71a56d9d8ebd78!8m2!3d32.7099851!4d51.676553!16s%2Fg%2F11lw36zfsh!19sChIJKbDtSwBLvD8ReL2OnW2lcb0?authuser=0&hl=en&rclk=1,2026-08-02T22:25:42.155117+00:00
137,google_maps,Tipax,تیپاکس محله کوجان,اصفهان,اصفهان,32.6983979,51.6368997,5.0,Fast and great. Thank you for being here in the afternoon.,a year ago,هیتلر ایرانی,NULL,NULL,NULL,https://www.google.com/maps/place/%D8%AA%DB%8C%D9%BE%D8%A7%DA%A9%D8%B3+%D9%85%D8%AD%D9%84%D9%87+%DA%A9%D9%88%D8%AC%D8%A7%D9%86%E2%80%AD/data=!4m7!3m6!1s0x3fbc35de62407679:0x558c7fe1b4004139!8m2!3d32.6983979!4d51.6368997!16s%2Fg%2F11vj3g81rh!19sChIJeXZAYt41vD8ROUEAtOF_jFU?authuser=0&hl=en&rclk=1,2026-08-02T22:25:55.459756+00:00
138,google_maps,Tipax,تیپاکس محله کوجان,اصفهان,اصفهان,32.6983979,51.6368997,5.0,Fast and great,a year ago,خانوادگی,NULL,NULL,NULL,https://www.google.com/maps/place/%D8%AA%DB%8C%D9%BE%D8%A7%DA%A9%D8%B3+%D9%85%D8%AD%D9%84%D9%87+%DA%A9%D9%88%D8%AC%D8%A7%D9%86%E2%80%AD/data=!4m7!3m6!1s0x3fbc35de62407679:0x558c7fe1b4004139!8m2!3d32.6983979!4d51.6368997!16s%2Fg%2F11vj3g81rh!19sChIJeXZAYt41vD8ROUEAtOF_jFU?authuser=0&hl=en&rclk=1,2026-08-02T22:25:55.459756+00:00
139,google_maps,Tipax,تیپاکس محله کوجان,اصفهان,اصفهان,32.6983979,51.6368997,5.0,Excellent,2 years ago,Hde,NULL,NULL,NULL,https://www.google.com/maps/place/%D8%AA%DB%8C%D9%BE%D8%A7%DA%A9%D8%B3+%D9%85%D8%AD%D9%84%D9%87+%DA%A9%D9%88%D8%AC%D8%A7%D9%86%E2%80%AD/data=!4m7!3m6!1s0x3fbc35de62407679:0x558c7fe1b4004139!8m2!3d32.6983979!4d51.6368997!16s%2Fg%2F11vj3g81rh!19sChIJeXZAYt41vD8ROUEAtOF_jFU?authuser=0&hl=en&rclk=1,2026-08-02T22:25:55.459756+00:00
140,google_maps,Tipax,تیپاکس آتشگاه اصفهان,اصفهان,اصفهان,32.6684307,51.6381062,1.0,"They are so rude, all the branches make me feel bad about them, and the packaging is so expensive... A week later, they came to my door, didn't even call me, we haven't seen them, they're gone. I really feel sorry for them, I'm with them, calling them, it's like we inherited their father's inheritance😒 …",2 years ago,مریم امامی,NULL,NULL,NULL,https://www.google.com/maps/place/%D9%86%D9%85%D8%A7%DB%8C%D9%86%D8%AF%DA%AF%DB%8C+%D8%AA%DB%8C%D9%BE%D8%A7%DA%A9%D8%B3+%D8%A2%D8%AA%D8%B4%DA%AF%D8%A7%D9%87+%D8%A7%D8%B5%D9%81%D9%87%D8%A7%D9%86%E2%80%AD/data=!4m7!3m6!1s0x3fbc3567367b07d1:0xb3d2e6606b519b86!8m2!3d32.6684307!4d51.6381062!16s%2Fg%2F11r2r3gkrk!19sChIJ0Qd7Nmc1vD8RhptRa2Dm0rM?authuser=0&hl=en&rclk=1,2026-08-02T22:27:55.427988+00:00
141,google_maps,Tipax,تیپاکس آتشگاه اصفهان,اصفهان,اصفهان,32.6684307,51.6381062,1.0,"In general, Tipax's service is terrible, and this agency is even worse! They charge for Tipax's service, and delivery takes 4-5 days like regular mail! When we call to follow up, they either don't answer or speak so badly, and the creditor …",a year ago,mehrnaz,NULL,NULL,NULL,https://www.google.com/maps/place/%D9%86%D9%85%D8%A7%DB%8C%D9%86%D8%AF%DA%AF%DB%8C+%D8%AA%DB%8C%D9%BE%D8%A7%DA%A9%D8%B3+%D8%A2%D8%AA%D8%B4%DA%AF%D8%A7%D9%87+%D8%A7%D8%B5%D9%81%D9%87%D8%A7%D9%86%E2%80%AD/data=!4m7!3m6!1s0x3fbc3567367b07d1:0xb3d2e6606b519b86!8m2!3d32.6684307!4d51.6381062!16s%2Fg%2F11r2r3gkrk!19sChIJ0Qd7Nmc1vD8RhptRa2Dm0rM?authuser=0&hl=en&rclk=1,2026-08-02T22:27:55.427988+00:00
142,google_maps,Tipax,تیپاکس آتشگاه اصفهان,اصفهان,اصفهان,32.6684307,51.6381062,1.0,"He's a better person than Tipax himself 😂😂😂 He's a better person than the person who works with Tipax himself 😁 😁 😁 😁 Sir, they're all doing this shit, you're going to see them again, that means you're such a piece of shit …",3 years ago,M M,NULL,NULL,NULL,https://www.google.com/maps/place/%D9%86%D9%85%D8%A7%DB%8C%D9%86%D8%AF%DA%AF%DB%8C+%D8%AA%DB%8C%D9%BE%D8%A7%DA%A9%D8%B3+%D8%A2%D8%AA%D8%B4%DA%AF%D8%A7%D9%87+%D8%A7%D8%B5%D9%81%D9%87%D8%A7%D9%86%E2%80%AD/data=!4m7!3m6!1s0x3fbc3567367b07d1:0xb3d2e6606b519b86!8m2!3d32.6684307!4d51.6381062!16s%2Fg%2F11r2r3gkrk!19sChIJ0Qd7Nmc1vD8RhptRa2Dm0rM?authuser=0&hl=en&rclk=1,2026-08-02T22:27:55.427988+00:00
143,google_maps,Tipax,تیپاکس آتشگاه اصفهان,اصفهان,اصفهان,32.6684307,51.6381062,1.0,"The worst post is expensive, the delivery schedule is terrible, they don't deliver to you unless you follow up, and they damage the packages.",3 years ago,meysam shahsanaie,NULL,NULL,NULL,https://www.google.com/maps/place/%D9%86%D9%85%D8%A7%DB%8C%D9%86%D8%AF%DA%AF%DB%8C+%D8%AA%DB%8C%D9%BE%D8%A7%DA%A9%D8%B3+%D8%A2%D8%AA%D8%B4%DA%AF%D8%A7%D9%87+%D8%A7%D8%B5%D9%81%D9%87%D8%A7%D9%86%E2%80%AD/data=!4m7!3m6!1s0x3fbc3567367b07d1:0xb3d2e6606b519b86!8m2!3d32.6684307!4d51.6381062!16s%2Fg%2F11r2r3gkrk!19sChIJ0Qd7Nmc1vD8RhptRa2Dm0rM?authuser=0&hl=en&rclk=1,2026-08-02T22:27:55.427988+00:00
144,google_maps,Tipax,تیپاکس آتشگاه اصفهان,اصفهان,اصفهان,32.6684307,51.6381062,1.0,"Disgusting / They don't even come to deliver the package, but they say they came, but you weren't there.",a year ago,Mohammad Reza,NULL,NULL,NULL,https://www.google.com/maps/place/%D9%86%D9%85%D8%A7%DB%8C%D9%86%D8%AF%DA%AF%DB%8C+%D8%AA%DB%8C%D9%BE%D8%A7%DA%A9%D8%B3+%D8%A2%D8%AA%D8%B4%DA%AF%D8%A7%D9%87+%D8%A7%D8%B5%D9%81%D9%87%D8%A7%D9%86%E2%80%AD/data=!4m7!3m6!1s0x3fbc3567367b07d1:0xb3d2e6606b519b86!8m2!3d32.6684307!4d51.6381062!16s%2Fg%2F11r2r3gkrk!19sChIJ0Qd7Nmc1vD8RhptRa2Dm0rM?authuser=0&hl=en&rclk=1,2026-08-02T22:27:55.427988+00:00
145,google_maps,Tipax,تیپاکس آتشگاه اصفهان,اصفهان,اصفهان,32.6684307,51.6381062,1.0,The most expensive way without quality of service. I'm wondering how they're still working!,a year ago,amirhossein mehrvarzi,NULL,NULL,NULL,https://www.google.com/maps/place/%D9%86%D9%85%D8%A7%DB%8C%D9%86%D8%AF%DA%AF%DB%8C+%D8%AA%DB%8C%D9%BE%D8%A7%DA%A9%D8%B3+%D8%A2%D8%AA%D8%B4%DA%AF%D8%A7%D9%87+%D8%A7%D8%B5%D9%81%D9%87%D8%A7%D9%86%E2%80%AD/data=!4m7!3m6!1s0x3fbc3567367b07d1:0xb3d2e6606b519b86!8m2!3d32.6684307!4d51.6381062!16s%2Fg%2F11r2r3gkrk!19sChIJ0Qd7Nmc1vD8RhptRa2Dm0rM?authuser=0&hl=en&rclk=1,2026-08-02T22:27:55.427988+00:00
146,google_maps,Tipax,تیپاکس آتشگاه اصفهان,اصفهان,اصفهان,32.6684307,51.6381062,4.0,"Nice and helpful person,At the same time, you will be provided with accurate services.",a year ago,ARI JAM,NULL,NULL,NULL,https://www.google.com/maps/place/%D9%86%D9%85%D8%A7%DB%8C%D9%86%D8%AF%DA%AF%DB%8C+%D8%AA%DB%8C%D9%BE%D8%A7%DA%A9%D8%B3+%D8%A2%D8%AA%D8%B4%DA%AF%D8%A7%D9%87+%D8%A7%D8%B5%D9%81%D9%87%D8%A7%D9%86%E2%80%AD/data=!4m7!3m6!1s0x3fbc3567367b07d1:0xb3d2e6606b519b86!8m2!3d32.6684307!4d51.6381062!16s%2Fg%2F11r2r3gkrk!19sChIJ0Qd7Nmc1vD8RhptRa2Dm0rM?authuser=0&hl=en&rclk=1,2026-08-02T22:27:55.427988+00:00
147,google_maps,Tipax,تیپاکس آتشگاه اصفهان,اصفهان,اصفهان,32.6684307,51.6381062,1.0,Disgusting Irresponsible They don't respond They are late and lie about sending,a year ago,Mahtab Mir,NULL,NULL,NULL,https://www.google.com/maps/place/%D9%86%D9%85%D8%A7%DB%8C%D9%86%D8%AF%DA%AF%DB%8C+%D8%AA%DB%8C%D9%BE%D8%A7%DA%A9%D8%B3+%D8%A2%D8%AA%D8%B4%DA%AF%D8%A7%D9%87+%D8%A7%D8%B5%D9%81%D9%87%D8%A7%D9%86%E2%80%AD/data=!4m7!3m6!1s0x3fbc3567367b07d1:0xb3d2e6606b519b86!8m2!3d32.6684307!4d51.6381062!16s%2Fg%2F11r2r3gkrk!19sChIJ0Qd7Nmc1vD8RhptRa2Dm0rM?authuser=0&hl=en&rclk=1,2026-08-02T22:27:55.427988+00:00
148,google_maps,Tipax,تیپاکس آتشگاه اصفهان,اصفهان,اصفهان,32.6684307,51.6381062,5.0,They deliver packages on time and are very responsive.,a year ago,Mamad Abri,NULL,NULL,NULL,https://www.google.com/maps/place/%D9%86%D9%85%D8%A7%DB%8C%D9%86%D8%AF%DA%AF%DB%8C+%D8%AA%DB%8C%D9%BE%D8%A7%DA%A9%D8%B3+%D8%A2%D8%AA%D8%B4%DA%AF%D8%A7%D9%87+%D8%A7%D8%B5%D9%81%D9%87%D8%A7%D9%86%E2%80%AD/data=!4m7!3m6!1s0x3fbc3567367b07d1:0xb3d2e6606b519b86!8m2!3d32.6684307!4d51.6381062!16s%2Fg%2F11r2r3gkrk!19sChIJ0Qd7Nmc1vD8RhptRa2Dm0rM?authuser=0&hl=en&rclk=1,2026-08-02T22:27:55.427988+00:00
149,google_maps,Tipax,تیپاکس آتشگاه اصفهان,اصفهان,اصفهان,32.6684307,51.6381062,5.0,I am very satisfied with Tipax.,3 months ago,میلاد شفیعی,NULL,NULL,NULL,https://www.google.com/maps/place/%D9%86%D9%85%D8%A7%DB%8C%D9%86%D8%AF%DA%AF%DB%8C+%D8%AA%DB%8C%D9%BE%D8%A7%DA%A9%D8%B3+%D8%A2%D8%AA%D8%B4%DA%AF%D8%A7%D9%87+%D8%A7%D8%B5%D9%81%D9%87%D8%A7%D9%86%E2%80%AD/data=!4m7!3m6!1s0x3fbc3567367b07d1:0xb3d2e6606b519b86!8m2!3d32.6684307!4d51.6381062!16s%2Fg%2F11r2r3gkrk!19sChIJ0Qd7Nmc1vD8RhptRa2Dm0rM?authuser=0&hl=en&rclk=1,2026-08-02T22:27:55.427988+00:00
150,google_maps,Tipax,تیپاکس مشتاق,اصفهان,اصفهان,32.6330501,51.7211697,1.0,They don't deserve to be rated at all. It's a disgrace. Please don't send anything. They are not responsible. They don't answer the phone. They say on the website that they open at 9 and come at 10. They don't have any information about the dealerships.,9 months ago,Banafsheh Keshvar,NULL,NULL,NULL,https://www.google.com/maps/place/%D8%AA%DB%8C%D9%BE%D8%A7%DA%A9%D8%B3+%D9%85%D8%B4%D8%AA%D8%A7%D9%82%E2%80%AD/data=!4m7!3m6!1s0x3fbc490076545a79:0xaf0c6fff39f25b37!8m2!3d32.6330501!4d51.7211697!16s%2Fg%2F11xgl0r0kk!19sChIJeVpUdgBJvD8RN1vyOf9vDK8?authuser=0&hl=en&rclk=1,2026-08-02T22:28:15.352724+00:00
151,google_maps,Tipax,تیپاکس مشتاق,اصفهان,اصفهان,32.6330501,51.7211697,5.0,My opinion about Tipax has really changed. Their cooperation is wonderful and their speed is unparalleled. Thank you for your kindness.,a year ago,مرتضی حسینی,NULL,NULL,NULL,https://www.google.com/maps/place/%D8%AA%DB%8C%D9%BE%D8%A7%DA%A9%D8%B3+%D9%85%D8%B4%D8%AA%D8%A7%D9%82%E2%80%AD/data=!4m7!3m6!1s0x3fbc490076545a79:0xaf0c6fff39f25b37!8m2!3d32.6330501!4d51.7211697!16s%2Fg%2F11xgl0r0kk!19sChIJeVpUdgBJvD8RN1vyOf9vDK8?authuser=0&hl=en&rclk=1,2026-08-02T22:28:15.352724+00:00
152,google_maps,Tipax,تیپاکس مشتاق,اصفهان,اصفهان,32.6330501,51.7211697,5.0,Excellent,a year ago,Papillon petshop,NULL,NULL,NULL,https://www.google.com/maps/place/%D8%AA%DB%8C%D9%BE%D8%A7%DA%A9%D8%B3+%D9%85%D8%B4%D8%AA%D8%A7%D9%82%E2%80%AD/data=!4m7!3m6!1s0x3fbc490076545a79:0xaf0c6fff39f25b37!8m2!3d32.6330501!4d51.7211697!16s%2Fg%2F11xgl0r0kk!19sChIJeVpUdgBJvD8RN1vyOf9vDK8?authuser=0&hl=en&rclk=1,2026-08-02T22:28:15.352724+00:00
153,google_maps,Tipax,تیپاکس نازی آباد,تهران,تهران,35.6353739,51.4071935,1.0,"Hello friends, you said it right and right. I was going through a difficult time and had to send a package to Fars province. They charged 40,000 tomans for the box and packaging and 36,000 tomans for the freight from the destination. Mashallah, there are three ladies there with one or two gentlemen. It seems like their expenses are very high, while others and..... Personally, I am not satisfied at all.",3 years ago,Saeed Rosta,NULL,NULL,NULL,https://www.google.com/maps/place/%D9%86%D9%85%D8%A7%DB%8C%D9%86%D8%AF%DA%AF%DB%8C+%D8%AA%DB%8C%D9%BE%D8%A7%DA%A9%D8%B3+%D9%86%D8%A7%D8%B2%DB%8C+%D8%A2%D8%A8%D8%A7%D8%AF%E2%80%AD/data=!4m7!3m6!1s0x3f91ff9c2a146c6b:0xcf5dd9e501f0a362!8m2!3d35.6353739!4d51.4071935!16s%2Fg%2F11j2zbkvgg!19sChIJa2wUKpz_kT8RYqPwAeXZXc8?authuser=0&hl=en&rclk=1,2026-08-02T22:28:32.691582+00:00
154,google_maps,Tipax,تیپاکس نازی آباد,تهران,تهران,35.6353739,51.4071935,1.0,"You can get the worst possible service from this branch, they don't even answer the phone, all the packages sent are scattered on the floor, torn and probably broken.",5 years ago,Pooste Man,NULL,NULL,NULL,https://www.google.com/maps/place/%D9%86%D9%85%D8%A7%DB%8C%D9%86%D8%AF%DA%AF%DB%8C+%D8%AA%DB%8C%D9%BE%D8%A7%DA%A9%D8%B3+%D9%86%D8%A7%D8%B2%DB%8C+%D8%A2%D8%A8%D8%A7%D8%AF%E2%80%AD/data=!4m7!3m6!1s0x3f91ff9c2a146c6b:0xcf5dd9e501f0a362!8m2!3d35.6353739!4d51.4071935!16s%2Fg%2F11j2zbkvgg!19sChIJa2wUKpz_kT8RYqPwAeXZXc8?authuser=0&hl=en&rclk=1,2026-08-02T22:28:32.691582+00:00
155,google_maps,Tipax,تیپاکس نازی آباد,تهران,تهران,35.6353739,51.4071935,1.0,"Irresponsible, demanding, useless, and many other things that cannot be mentioned here. Do not work with Tipax at all, especially this branch.",5 years ago,Mohammad Javad Khodaei,NULL,NULL,NULL,https://www.google.com/maps/place/%D9%86%D9%85%D8%A7%DB%8C%D9%86%D8%AF%DA%AF%DB%8C+%D8%AA%DB%8C%D9%BE%D8%A7%DA%A9%D8%B3+%D9%86%D8%A7%D8%B2%DB%8C+%D8%A2%D8%A8%D8%A7%D8%AF%E2%80%AD/data=!4m7!3m6!1s0x3f91ff9c2a146c6b:0xcf5dd9e501f0a362!8m2!3d35.6353739!4d51.4071935!16s%2Fg%2F11j2zbkvgg!19sChIJa2wUKpz_kT8RYqPwAeXZXc8?authuser=0&hl=en&rclk=1,2026-08-02T22:28:32.691582+00:00
156,google_maps,Tipax,تیپاکس نازی آباد,تهران,تهران,35.6353739,51.4071935,1.0,"It's no use, you have to be lazy every morning, these storks will come and open the door.",a year ago,Hamid Rostami,NULL,NULL,NULL,https://www.google.com/maps/place/%D9%86%D9%85%D8%A7%DB%8C%D9%86%D8%AF%DA%AF%DB%8C+%D8%AA%DB%8C%D9%BE%D8%A7%DA%A9%D8%B3+%D9%86%D8%A7%D8%B2%DB%8C+%D8%A2%D8%A8%D8%A7%D8%AF%E2%80%AD/data=!4m7!3m6!1s0x3f91ff9c2a146c6b:0xcf5dd9e501f0a362!8m2!3d35.6353739!4d51.4071935!16s%2Fg%2F11j2zbkvgg!19sChIJa2wUKpz_kT8RYqPwAeXZXc8?authuser=0&hl=en&rclk=1,2026-08-02T22:28:32.691582+00:00
157,google_maps,Tipax,تیپاکس نازی آباد,تهران,تهران,35.6353739,51.4071935,3.0,It was a small branch. Good to start. I liked staff. They were helpful and patient.,3 years ago,Sadra Parsa,NULL,NULL,NULL,https://www.google.com/maps/place/%D9%86%D9%85%D8%A7%DB%8C%D9%86%D8%AF%DA%AF%DB%8C+%D8%AA%DB%8C%D9%BE%D8%A7%DA%A9%D8%B3+%D9%86%D8%A7%D8%B2%DB%8C+%D8%A2%D8%A8%D8%A7%D8%AF%E2%80%AD/data=!4m7!3m6!1s0x3f91ff9c2a146c6b:0xcf5dd9e501f0a362!8m2!3d35.6353739!4d51.4071935!16s%2Fg%2F11j2zbkvgg!19sChIJa2wUKpz_kT8RYqPwAeXZXc8?authuser=0&hl=en&rclk=1,2026-08-02T22:28:32.691582+00:00
158,google_maps,Tipax,تیپاکس نازی آباد,تهران,تهران,35.6353739,51.4071935,5.0,Very great and accessible😎❤️ …,3 years ago,Armin Rostamzadeh,NULL,NULL,NULL,https://www.google.com/maps/place/%D9%86%D9%85%D8%A7%DB%8C%D9%86%D8%AF%DA%AF%DB%8C+%D8%AA%DB%8C%D9%BE%D8%A7%DA%A9%D8%B3+%D9%86%D8%A7%D8%B2%DB%8C+%D8%A2%D8%A8%D8%A7%D8%AF%E2%80%AD/data=!4m7!3m6!1s0x3f91ff9c2a146c6b:0xcf5dd9e501f0a362!8m2!3d35.6353739!4d51.4071935!16s%2Fg%2F11j2zbkvgg!19sChIJa2wUKpz_kT8RYqPwAeXZXc8?authuser=0&hl=en&rclk=1,2026-08-02T22:28:32.691582+00:00
159,google_maps,Tipax,تیپاکس نازی آباد,تهران,تهران,35.6353739,51.4071935,5.0,We went and it was closed.,6 years ago,Mohsen Behnam,NULL,NULL,NULL,https://www.google.com/maps/place/%D9%86%D9%85%D8%A7%DB%8C%D9%86%D8%AF%DA%AF%DB%8C+%D8%AA%DB%8C%D9%BE%D8%A7%DA%A9%D8%B3+%D9%86%D8%A7%D8%B2%DB%8C+%D8%A2%D8%A8%D8%A7%D8%AF%E2%80%AD/data=!4m7!3m6!1s0x3f91ff9c2a146c6b:0xcf5dd9e501f0a362!8m2!3d35.6353739!4d51.4071935!16s%2Fg%2F11j2zbkvgg!19sChIJa2wUKpz_kT8RYqPwAeXZXc8?authuser=0&hl=en&rclk=1,2026-08-02T22:28:32.691582+00:00
160,google_maps,Tipax,تیپاکس نازی آباد,تهران,تهران,35.6353739,51.4071935,1.0,Don't be useless.,6 years ago,Haman Mohamadi,NULL,NULL,NULL,https://www.google.com/maps/place/%D9%86%D9%85%D8%A7%DB%8C%D9%86%D8%AF%DA%AF%DB%8C+%D8%AA%DB%8C%D9%BE%D8%A7%DA%A9%D8%B3+%D9%86%D8%A7%D8%B2%DB%8C+%D8%A2%D8%A8%D8%A7%D8%AF%E2%80%AD/data=!4m7!3m6!1s0x3f91ff9c2a146c6b:0xcf5dd9e501f0a362!8m2!3d35.6353739!4d51.4071935!16s%2Fg%2F11j2zbkvgg!19sChIJa2wUKpz_kT8RYqPwAeXZXc8?authuser=0&hl=en&rclk=1,2026-08-02T22:28:32.691582+00:00
161,google_maps,Tipax,تیپاکس نازی آباد,تهران,تهران,35.6353739,51.4071935,5.0,Excellent,a year ago,Rafeenia رفیع نیا تهران,NULL,NULL,NULL,https://www.google.com/maps/place/%D9%86%D9%85%D8%A7%DB%8C%D9%86%D8%AF%DA%AF%DB%8C+%D8%AA%DB%8C%D9%BE%D8%A7%DA%A9%D8%B3+%D9%86%D8%A7%D8%B2%DB%8C+%D8%A2%D8%A8%D8%A7%D8%AF%E2%80%AD/data=!4m7!3m6!1s0x3f91ff9c2a146c6b:0xcf5dd9e501f0a362!8m2!3d35.6353739!4d51.4071935!16s%2Fg%2F11j2zbkvgg!19sChIJa2wUKpz_kT8RYqPwAeXZXc8?authuser=0&hl=en&rclk=1,2026-08-02T22:28:32.691582+00:00
162,google_maps,Tipax,تیپاکس گلستان,گلستان,NULL,31.2907772,48.6424296,1.0,"They're not doing a good job at all. The package arrived yesterday at 3pm and they still haven't delivered it today. The package had arrived together before, but it was still in my hands. I went to pick it up myself.",7 months ago,علی ابو یوس,NULL,NULL,NULL,https://www.google.com/maps/place/%D8%AA%DB%8C%D9%BE%D8%A7%DA%A9%D8%B3+%DA%AF%D9%84%D8%B3%D8%AA%D8%A7%D9%86%E2%80%AD/data=!4m7!3m6!1s0x3fc3df4ec2cc59bf:0xd7e12300c6e01022!8m2!3d31.2907772!4d48.6424296!16s%2Fg%2F11lfgvzq7j!19sChIJv1nMwk7fwz8RIhDgxgAj4dc?authuser=0&hl=en&rclk=1,2026-08-02T22:28:46.101494+00:00
163,google_maps,Tipax,تیپاکس گلستان,گلستان,NULL,31.2907772,48.6424296,1.0,I'm really sorry. They have no responsibility for their work. They returned my package within a minute and their postal agent didn't even answer. They charge a lot of money considering the way they work.,a year ago,Fati,NULL,NULL,NULL,https://www.google.com/maps/place/%D8%AA%DB%8C%D9%BE%D8%A7%DA%A9%D8%B3+%DA%AF%D9%84%D8%B3%D8%AA%D8%A7%D9%86%E2%80%AD/data=!4m7!3m6!1s0x3fc3df4ec2cc59bf:0xd7e12300c6e01022!8m2!3d31.2907772!4d48.6424296!16s%2Fg%2F11lfgvzq7j!19sChIJv1nMwk7fwz8RIhDgxgAj4dc?authuser=0&hl=en&rclk=1,2026-08-02T22:28:46.101494+00:00
164,google_maps,Tipax,تیپاکس گلستان,گلستان,NULL,31.2907772,48.6424296,1.0,It offers the most expensive and weakest postal service. They charge a lot of money but deliver the items late. Their packaging is absolutely terrible. They don't even answer the phone.,a year ago,F NP,NULL,NULL,NULL,https://www.google.com/maps/place/%D8%AA%DB%8C%D9%BE%D8%A7%DA%A9%D8%B3+%DA%AF%D9%84%D8%B3%D8%AA%D8%A7%D9%86%E2%80%AD/data=!4m7!3m6!1s0x3fc3df4ec2cc59bf:0xd7e12300c6e01022!8m2!3d31.2907772!4d48.6424296!16s%2Fg%2F11lfgvzq7j!19sChIJv1nMwk7fwz8RIhDgxgAj4dc?authuser=0&hl=en&rclk=1,2026-08-02T22:28:46.101494+00:00
165,google_maps,Tipax,تیپاکس گلستان,گلستان,NULL,31.2907772,48.6424296,1.0,"It's outrageous, they charge so much, but their postal service charges another 15 tomans! We say we paid the Roazlink fee, but it says this is a domestic fee and that's it!",Edited a year ago,tooba jahangiri,NULL,NULL,NULL,https://www.google.com/maps/place/%D8%AA%DB%8C%D9%BE%D8%A7%DA%A9%D8%B3+%DA%AF%D9%84%D8%B3%D8%AA%D8%A7%D9%86%E2%80%AD/data=!4m7!3m6!1s0x3fc3df4ec2cc59bf:0xd7e12300c6e01022!8m2!3d31.2907772!4d48.6424296!16s%2Fg%2F11lfgvzq7j!19sChIJv1nMwk7fwz8RIhDgxgAj4dc?authuser=0&hl=en&rclk=1,2026-08-02T22:28:46.101494+00:00
166,google_maps,Tipax,تیپاکس گلستان,گلستان,NULL,31.2907772,48.6424296,1.0,My package has been returned twice and they don't answer the phone at all. At least leave a contact number so we don't have to pay so much for not delivering our package.,2 years ago,Sahar Zaboli,NULL,NULL,NULL,https://www.google.com/maps/place/%D8%AA%DB%8C%D9%BE%D8%A7%DA%A9%D8%B3+%DA%AF%D9%84%D8%B3%D8%AA%D8%A7%D9%86%E2%80%AD/data=!4m7!3m6!1s0x3fc3df4ec2cc59bf:0xd7e12300c6e01022!8m2!3d31.2907772!4d48.6424296!16s%2Fg%2F11lfgvzq7j!19sChIJv1nMwk7fwz8RIhDgxgAj4dc?authuser=0&hl=en&rclk=1,2026-08-02T22:28:46.101494+00:00
167,google_maps,Tipax,تیپاکس گلستان,گلستان,NULL,31.2907772,48.6424296,1.0,"The worst is inside Ahvaz Now they only call once for the second time and don't answer anymore, they call back They never answer.",9 months ago,behroz hatami,NULL,NULL,NULL,https://www.google.com/maps/place/%D8%AA%DB%8C%D9%BE%D8%A7%DA%A9%D8%B3+%DA%AF%D9%84%D8%B3%D8%AA%D8%A7%D9%86%E2%80%AD/data=!4m7!3m6!1s0x3fc3df4ec2cc59bf:0xd7e12300c6e01022!8m2!3d31.2907772!4d48.6424296!16s%2Fg%2F11lfgvzq7j!19sChIJv1nMwk7fwz8RIhDgxgAj4dc?authuser=0&hl=en&rclk=1,2026-08-02T22:28:46.101494+00:00
168,google_maps,Tipax,تیپاکس گلستان,گلستان,NULL,31.2907772,48.6424296,5.0,Tipax Golestan Thank you for being here I am sending spice packages all over Iran @advie_jonob_rezwan Instagram Sarbzan,3 years ago,Zeinab Ssso,NULL,NULL,NULL,https://www.google.com/maps/place/%D8%AA%DB%8C%D9%BE%D8%A7%DA%A9%D8%B3+%DA%AF%D9%84%D8%B3%D8%AA%D8%A7%D9%86%E2%80%AD/data=!4m7!3m6!1s0x3fc3df4ec2cc59bf:0xd7e12300c6e01022!8m2!3d31.2907772!4d48.6424296!16s%2Fg%2F11lfgvzq7j!19sChIJv1nMwk7fwz8RIhDgxgAj4dc?authuser=0&hl=en&rclk=1,2026-08-02T22:28:46.101494+00:00
169,google_maps,Tipax,تیپاکس گلستان,گلستان,NULL,31.2907772,48.6424296,1.0,"The worst tipax is in Ahvaz, they are very bad manners and behave badly.",a year ago,ali a,NULL,NULL,NULL,https://www.google.com/maps/place/%D8%AA%DB%8C%D9%BE%D8%A7%DA%A9%D8%B3+%DA%AF%D9%84%D8%B3%D8%AA%D8%A7%D9%86%E2%80%AD/data=!4m7!3m6!1s0x3fc3df4ec2cc59bf:0xd7e12300c6e01022!8m2!3d31.2907772!4d48.6424296!16s%2Fg%2F11lfgvzq7j!19sChIJv1nMwk7fwz8RIhDgxgAj4dc?authuser=0&hl=en&rclk=1,2026-08-02T22:28:46.101494+00:00
170,google_maps,Tipax,تیپاکس گلستان,گلستان,NULL,31.2907772,48.6424296,1.0,Worst customer service.,5 months ago,Nader Hamadi,NULL,NULL,NULL,https://www.google.com/maps/place/%D8%AA%DB%8C%D9%BE%D8%A7%DA%A9%D8%B3+%DA%AF%D9%84%D8%B3%D8%AA%D8%A7%D9%86%E2%80%AD/data=!4m7!3m6!1s0x3fc3df4ec2cc59bf:0xd7e12300c6e01022!8m2!3d31.2907772!4d48.6424296!16s%2Fg%2F11lfgvzq7j!19sChIJv1nMwk7fwz8RIhDgxgAj4dc?authuser=0&hl=en&rclk=1,2026-08-02T22:28:46.101494+00:00
171,google_maps,Tipax,تیپاکس گلستان,گلستان,NULL,31.2907772,48.6424296,5.0,good packing,3 years ago,s Soltani,NULL,NULL,NULL,https://www.google.com/maps/place/%D8%AA%DB%8C%D9%BE%D8%A7%DA%A9%D8%B3+%DA%AF%D9%84%D8%B3%D8%AA%D8%A7%D9%86%E2%80%AD/data=!4m7!3m6!1s0x3fc3df4ec2cc59bf:0xd7e12300c6e01022!8m2!3d31.2907772!4d48.6424296!16s%2Fg%2F11lfgvzq7j!19sChIJv1nMwk7fwz8RIhDgxgAj4dc?authuser=0&hl=en&rclk=1,2026-08-02T22:28:46.101494+00:00
172,google_maps,Tipax,تیپاکس شیراز پاسارگاد,فارس,NULL,29.6070977,52.4804898,1.0,"You registered the wrong phone number Tipaks Yar won't even bring the package Bolt the door shut The post office is much better than yours You've made a mess I have to stay home every day so that maybe one dayTipaks Yar will feel like bringing the package Put it together, dad",3 years ago,Pouya Azadi,NULL,NULL,NULL,https://www.google.com/maps/place/%D9%86%D9%85%D8%A7%DB%8C%D9%86%D8%AF%DA%AF%DB%8C+%D8%AA%DB%8C%D9%BE%D8%A7%DA%A9%D8%B3+%D8%B4%DB%8C%D8%B1%D8%A7%D8%B2+%D9%BE%D8%A7%D8%B3%D8%A7%D8%B1%DA%AF%D8%A7%D8%AF%E2%80%AD/data=!4m7!3m6!1s0x3fb213d4c4a77e57:0xf5640ea26f1e8f7e!8m2!3d29.6070977!4d52.4804898!16s%2Fg%2F11k5b7m33x!19sChIJV36nxNQTsj8Rfo8eb6IOZPU?authuser=0&hl=en&rclk=1,2026-08-02T22:29:03.383398+00:00
173,google_maps,Tipax,تیپاکس شیراز پاسارگاد,فارس,NULL,29.6070977,52.4804898,1.0,"I have nothing to do with Tipax. Tipax does its job well, but its employees' behavior towards customers is not right. They behave very badly and are not good people, especially at this branch.",4 years ago,reza mohammadi,NULL,NULL,NULL,https://www.google.com/maps/place/%D9%86%D9%85%D8%A7%DB%8C%D9%86%D8%AF%DA%AF%DB%8C+%D8%AA%DB%8C%D9%BE%D8%A7%DA%A9%D8%B3+%D8%B4%DB%8C%D8%B1%D8%A7%D8%B2+%D9%BE%D8%A7%D8%B3%D8%A7%D8%B1%DA%AF%D8%A7%D8%AF%E2%80%AD/data=!4m7!3m6!1s0x3fb213d4c4a77e57:0xf5640ea26f1e8f7e!8m2!3d29.6070977!4d52.4804898!16s%2Fg%2F11k5b7m33x!19sChIJV36nxNQTsj8Rfo8eb6IOZPU?authuser=0&hl=en&rclk=1,2026-08-02T22:29:03.383398+00:00
174,google_maps,Tipax,تیپاکس شیراز پاسارگاد,فارس,NULL,29.6070977,52.4804898,1.0,This branch is truly the most horrible Tipax branch. They neither answer the phone nor deliver the package.,3 years ago,علی ترابی,NULL,NULL,NULL,https://www.google.com/maps/place/%D9%86%D9%85%D8%A7%DB%8C%D9%86%D8%AF%DA%AF%DB%8C+%D8%AA%DB%8C%D9%BE%D8%A7%DA%A9%D8%B3+%D8%B4%DB%8C%D8%B1%D8%A7%D8%B2+%D9%BE%D8%A7%D8%B3%D8%A7%D8%B1%DA%AF%D8%A7%D8%AF%E2%80%AD/data=!4m7!3m6!1s0x3fb213d4c4a77e57:0xf5640ea26f1e8f7e!8m2!3d29.6070977!4d52.4804898!16s%2Fg%2F11k5b7m33x!19sChIJV36nxNQTsj8Rfo8eb6IOZPU?authuser=0&hl=en&rclk=1,2026-08-02T22:29:03.383398+00:00
175,google_maps,Tipax,تیپاکس شیراز پاسارگاد,فارس,NULL,29.6070977,52.4804898,1.0,My package hasn't arrived in three days. They won't deliver it and they won't answer the phone.,4 years ago,mohsen nezam,NULL,NULL,NULL,https://www.google.com/maps/place/%D9%86%D9%85%D8%A7%DB%8C%D9%86%D8%AF%DA%AF%DB%8C+%D8%AA%DB%8C%D9%BE%D8%A7%DA%A9%D8%B3+%D8%B4%DB%8C%D8%B1%D8%A7%D8%B2+%D9%BE%D8%A7%D8%B3%D8%A7%D8%B1%DA%AF%D8%A7%D8%AF%E2%80%AD/data=!4m7!3m6!1s0x3fb213d4c4a77e57:0xf5640ea26f1e8f7e!8m2!3d29.6070977!4d52.4804898!16s%2Fg%2F11k5b7m33x!19sChIJV36nxNQTsj8Rfo8eb6IOZPU?authuser=0&hl=en&rclk=1,2026-08-02T22:29:03.383398+00:00
176,google_maps,Tipax,تیپاکس شیراز پاسارگاد,فارس,NULL,29.6070977,52.4804898,1.0,"A bunch of selfish people, their business hours are not even open, they are missing one star.",7 months ago,amir Bordbar,NULL,NULL,NULL,https://www.google.com/maps/place/%D9%86%D9%85%D8%A7%DB%8C%D9%86%D8%AF%DA%AF%DB%8C+%D8%AA%DB%8C%D9%BE%D8%A7%DA%A9%D8%B3+%D8%B4%DB%8C%D8%B1%D8%A7%D8%B2+%D9%BE%D8%A7%D8%B3%D8%A7%D8%B1%DA%AF%D8%A7%D8%AF%E2%80%AD/data=!4m7!3m6!1s0x3fb213d4c4a77e57:0xf5640ea26f1e8f7e!8m2!3d29.6070977!4d52.4804898!16s%2Fg%2F11k5b7m33x!19sChIJV36nxNQTsj8Rfo8eb6IOZPU?authuser=0&hl=en&rclk=1,2026-08-02T22:29:03.383398+00:00
177,google_maps,Tipax,تیپاکس شیراز پاسارگاد,فارس,NULL,29.6070977,52.4804898,5.0,"Mr. Karami and his colleagues are very warm, friendly and professional.",3 years ago,Amin Karimi,NULL,NULL,NULL,https://www.google.com/maps/place/%D9%86%D9%85%D8%A7%DB%8C%D9%86%D8%AF%DA%AF%DB%8C+%D8%AA%DB%8C%D9%BE%D8%A7%DA%A9%D8%B3+%D8%B4%DB%8C%D8%B1%D8%A7%D8%B2+%D9%BE%D8%A7%D8%B3%D8%A7%D8%B1%DA%AF%D8%A7%D8%AF%E2%80%AD/data=!4m7!3m6!1s0x3fb213d4c4a77e57:0xf5640ea26f1e8f7e!8m2!3d29.6070977!4d52.4804898!16s%2Fg%2F11k5b7m33x!19sChIJV36nxNQTsj8Rfo8eb6IOZPU?authuser=0&hl=en&rclk=1,2026-08-02T22:29:03.383398+00:00
178,google_maps,Tipax,تیپاکس شیراز پاسارگاد,فارس,NULL,29.6070977,52.4804898,5.0,It's a very good office for those of us who have packages to send.,2 years ago,Ali Mohammadi,NULL,NULL,NULL,https://www.google.com/maps/place/%D9%86%D9%85%D8%A7%DB%8C%D9%86%D8%AF%DA%AF%DB%8C+%D8%AA%DB%8C%D9%BE%D8%A7%DA%A9%D8%B3+%D8%B4%DB%8C%D8%B1%D8%A7%D8%B2+%D9%BE%D8%A7%D8%B3%D8%A7%D8%B1%DA%AF%D8%A7%D8%AF%E2%80%AD/data=!4m7!3m6!1s0x3fb213d4c4a77e57:0xf5640ea26f1e8f7e!8m2!3d29.6070977!4d52.4804898!16s%2Fg%2F11k5b7m33x!19sChIJV36nxNQTsj8Rfo8eb6IOZPU?authuser=0&hl=en&rclk=1,2026-08-02T22:29:03.383398+00:00
179,google_maps,Tipax,تیپاکس شیراز پاسارگاد,فارس,NULL,29.6070977,52.4804898,1.0,Not answering the phone Inappropriate behavior Non-follow-up …,2 years ago,Haniyeh Zakerzadeh,NULL,NULL,NULL,https://www.google.com/maps/place/%D9%86%D9%85%D8%A7%DB%8C%D9%86%D8%AF%DA%AF%DB%8C+%D8%AA%DB%8C%D9%BE%D8%A7%DA%A9%D8%B3+%D8%B4%DB%8C%D8%B1%D8%A7%D8%B2+%D9%BE%D8%A7%D8%B3%D8%A7%D8%B1%DA%AF%D8%A7%D8%AF%E2%80%AD/data=!4m7!3m6!1s0x3fb213d4c4a77e57:0xf5640ea26f1e8f7e!8m2!3d29.6070977!4d52.4804898!16s%2Fg%2F11k5b7m33x!19sChIJV36nxNQTsj8Rfo8eb6IOZPU?authuser=0&hl=en&rclk=1,2026-08-02T22:29:03.383398+00:00
180,google_maps,Tipax,تیپاکس شیراز پاسارگاد,فارس,NULL,29.6070977,52.4804898,1.0,"It will be delivered very late, thanks to the national post.",a year ago,Majid Jaf,NULL,NULL,NULL,https://www.google.com/maps/place/%D9%86%D9%85%D8%A7%DB%8C%D9%86%D8%AF%DA%AF%DB%8C+%D8%AA%DB%8C%D9%BE%D8%A7%DA%A9%D8%B3+%D8%B4%DB%8C%D8%B1%D8%A7%D8%B2+%D9%BE%D8%A7%D8%B3%D8%A7%D8%B1%DA%AF%D8%A7%D8%AF%E2%80%AD/data=!4m7!3m6!1s0x3fb213d4c4a77e57:0xf5640ea26f1e8f7e!8m2!3d29.6070977!4d52.4804898!16s%2Fg%2F11k5b7m33x!19sChIJV36nxNQTsj8Rfo8eb6IOZPU?authuser=0&hl=en&rclk=1,2026-08-02T22:29:03.383398+00:00
181,google_maps,Tipax,تیپاکس شیراز پاسارگاد,فارس,NULL,29.6070977,52.4804898,1.0,Still the weakest Tipax representation.,7 months ago,Amin Karimi,NULL,NULL,NULL,https://www.google.com/maps/place/%D9%86%D9%85%D8%A7%DB%8C%D9%86%D8%AF%DA%AF%DB%8C+%D8%AA%DB%8C%D9%BE%D8%A7%DA%A9%D8%B3+%D8%B4%DB%8C%D8%B1%D8%A7%D8%B2+%D9%BE%D8%A7%D8%B3%D8%A7%D8%B1%DA%AF%D8%A7%D8%AF%E2%80%AD/data=!4m7!3m6!1s0x3fb213d4c4a77e57:0xf5640ea26f1e8f7e!8m2!3d29.6070977!4d52.4804898!16s%2Fg%2F11k5b7m33x!19sChIJV36nxNQTsj8Rfo8eb6IOZPU?authuser=0&hl=en&rclk=1,2026-08-02T22:29:03.383398+00:00
182,google_maps,Tipax,تیپاکس خمینی شهر همایون,اصفهان,اصفهان,32.6978816,51.5247011,1.0,"Disgusting in every sense of the word, they keep the package for a day or more and make people sick or they open it whenever they want, please put four responsible and honest people in this branch.",11 months ago,AmirAli Nazari,NULL,NULL,NULL,https://www.google.com/maps/place/%D8%AA%DB%8C%D9%BE%D8%A7%DA%A9%D8%B3+%D8%AE%D9%85%DB%8C%D9%86%DB%8C+%D8%B4%D9%87%D8%B1+%D8%B4%D8%B9%D8%A8%D9%87+%D9%87%D9%85%D8%A7%DB%8C%D9%88%D9%86%E2%80%AD/data=!4m7!3m6!1s0x3fbdcd003adae82d:0x9a15eddb855d37c1!8m2!3d32.6978816!4d51.5247011!16s%2Fg%2F11x39p9zlv!19sChIJLejaOgDNvT8RwTddhdvtFZo?authuser=0&hl=en&rclk=1,2026-08-02T22:29:11.959725+00:00
183,google_maps,Tipax,تیپاکس خمینی شهر همایون,اصفهان,اصفهان,32.6978816,51.5247011,1.0,"Worst agency in every way Very disorganized, rude and irresponsible employees They hold packages every time and deliver them two or three days late. Terrible. Terrible. Terrible.",6 months ago,Zohre Taghavi,NULL,NULL,NULL,https://www.google.com/maps/place/%D8%AA%DB%8C%D9%BE%D8%A7%DA%A9%D8%B3+%D8%AE%D9%85%DB%8C%D9%86%DB%8C+%D8%B4%D9%87%D8%B1+%D8%B4%D8%B9%D8%A8%D9%87+%D9%87%D9%85%D8%A7%DB%8C%D9%88%D9%86%E2%80%AD/data=!4m7!3m6!1s0x3fbdcd003adae82d:0x9a15eddb855d37c1!8m2!3d32.6978816!4d51.5247011!16s%2Fg%2F11x39p9zlv!19sChIJLejaOgDNvT8RwTddhdvtFZo?authuser=0&hl=en&rclk=1,2026-08-02T22:29:11.959725+00:00
184,google_maps,Tipax,تیپاکس خمینی شهر همایون,اصفهان,اصفهان,32.6978816,51.5247011,1.0,"The employees at this Tipax branch are very irresponsible, incompetent, rude, and in a word, awful in every sense of the word. I do not recommend at all",a year ago,Zand,NULL,NULL,NULL,https://www.google.com/maps/place/%D8%AA%DB%8C%D9%BE%D8%A7%DA%A9%D8%B3+%D8%AE%D9%85%DB%8C%D9%86%DB%8C+%D8%B4%D9%87%D8%B1+%D8%B4%D8%B9%D8%A8%D9%87+%D9%87%D9%85%D8%A7%DB%8C%D9%88%D9%86%E2%80%AD/data=!4m7!3m6!1s0x3fbdcd003adae82d:0x9a15eddb855d37c1!8m2!3d32.6978816!4d51.5247011!16s%2Fg%2F11x39p9zlv!19sChIJLejaOgDNvT8RwTddhdvtFZo?authuser=0&hl=en&rclk=1,2026-08-02T22:29:11.959725+00:00
185,google_maps,Tipax,تیپاکس خمینی شهر همایون,اصفهان,اصفهان,32.6978816,51.5247011,1.0,"They are rude, rude, and do not answer my questions. They make people angry.",a year ago,Reza Heydari,NULL,NULL,NULL,https://www.google.com/maps/place/%D8%AA%DB%8C%D9%BE%D8%A7%DA%A9%D8%B3+%D8%AE%D9%85%DB%8C%D9%86%DB%8C+%D8%B4%D9%87%D8%B1+%D8%B4%D8%B9%D8%A8%D9%87+%D9%87%D9%85%D8%A7%DB%8C%D9%88%D9%86%E2%80%AD/data=!4m7!3m6!1s0x3fbdcd003adae82d:0x9a15eddb855d37c1!8m2!3d32.6978816!4d51.5247011!16s%2Fg%2F11x39p9zlv!19sChIJLejaOgDNvT8RwTddhdvtFZo?authuser=0&hl=en&rclk=1,2026-08-02T22:29:11.959725+00:00
186,google_maps,Tipax,تیپاکس آزادشهر,یزد,NULL,31.8810458,54.3131812,1.0,"They don't offer door-to-door delivery, but they'll even bring you a representative under the pretext of doing so.",7 months ago,sobhan 1355 Uthfjf,NULL,NULL,NULL,https://www.google.com/maps/place/%D8%AA%DB%8C%D9%BE%D8%A7%DA%A9%D8%B3+%D8%A2%D8%B2%D8%A7%D8%AF%D8%B4%D9%87%D8%B1%E2%80%AD/data=!4m7!3m6!1s0x3fa61b0019bbdbef:0x9aecea4c4aac88cd!8m2!3d31.8810458!4d54.3131812!16s%2Fg%2F11wngs4l_h!19sChIJ79u7GQAbpj8RzYisSkzq7Jo?authuser=0&hl=en&rclk=1,2026-08-02T22:29:20.473112+00:00
187,google_maps,Tipax,تیپاکس آزادشهر,یزد,NULL,31.8810458,54.3131812,1.0,"The most filthy and rude teabox, this Azadshahr teabox, one star too many.",a year ago,Akila Barekzehi,NULL,NULL,NULL,https://www.google.com/maps/place/%D8%AA%DB%8C%D9%BE%D8%A7%DA%A9%D8%B3+%D8%A2%D8%B2%D8%A7%D8%AF%D8%B4%D9%87%D8%B1%E2%80%AD/data=!4m7!3m6!1s0x3fa61b0019bbdbef:0x9aecea4c4aac88cd!8m2!3d31.8810458!4d54.3131812!16s%2Fg%2F11wngs4l_h!19sChIJ79u7GQAbpj8RzYisSkzq7Jo?authuser=0&hl=en&rclk=1,2026-08-02T22:29:20.473112+00:00
188,google_maps,Tipax,تیپاکس آزادشهر,یزد,NULL,31.8810458,54.3131812,5.0,Fast and secure shipping,5 months ago,کیان روشنی,NULL,NULL,NULL,https://www.google.com/maps/place/%D8%AA%DB%8C%D9%BE%D8%A7%DA%A9%D8%B3+%D8%A2%D8%B2%D8%A7%D8%AF%D8%B4%D9%87%D8%B1%E2%80%AD/data=!4m7!3m6!1s0x3fa61b0019bbdbef:0x9aecea4c4aac88cd!8m2!3d31.8810458!4d54.3131812!16s%2Fg%2F11wngs4l_h!19sChIJ79u7GQAbpj8RzYisSkzq7Jo?authuser=0&hl=en&rclk=1,2026-08-02T22:29:20.473112+00:00
189,google_maps,Tipax,تیپاکس ورزنه,اصفهان,اصفهان,32.4188517,52.6481383,5.0,Good experience sending and receiving postal items,2 years ago,hossein izadi,NULL,NULL,NULL,https://www.google.com/maps/place/%D8%AA%DB%8C%D9%BE%D8%A7%DA%A9%D8%B3+%D9%88%D8%B1%D8%B2%D9%86%D9%87%E2%80%AD/data=!4m7!3m6!1s0x3fbb551f6f841ec1:0x820be039b5a51a4d!8m2!3d32.4188517!4d52.6481383!16s%2Fg%2F11t2vn31vl!19sChIJwR6Ebx9Vuz8RTRqltTngC4I?authuser=0&hl=en&rclk=1,2026-08-02T22:29:37.528874+00:00
190,google_maps,Tipax,تیپاکس هرات,یزد,NULL,30.042869,54.3788031,5.0,Good,3 years ago,Amir Hossein Mohabat,NULL,NULL,NULL,https://www.google.com/maps/place/%D9%86%D9%85%D8%A7%DB%8C%D9%86%D8%AF%DA%AF%DB%8C+%D8%AA%DB%8C%D9%BE%D8%A7%DA%A9%D8%B3+%D9%87%D8%B1%D8%A7%D8%AA%E2%80%AD/data=!4m7!3m6!1s0x3fab976f9255b67f:0xae8cc99d83a2e48!8m2!3d30.042869!4d54.3788031!16s%2Fg%2F11smwfy7k8!19sChIJf7ZVkm-Xqz8RSC462JnM6Ao?authuser=0&hl=en&rclk=1,2026-08-02T22:30:03.305571+00:00
191,google_maps,Tipax,انبار تیپاکس,اصفهان,اصفهان,32.4960489,51.7239068,1.0,Their warehouse location has changed and they are now in Habibabad. Don't go to Baharstaneh because it's closed.,a year ago,benyamin6823 tabar,NULL,NULL,NULL,https://www.google.com/maps/place/%D8%A7%D9%86%D8%A8%D8%A7%D8%B1+%D8%AA%DB%8C%D9%BE%D8%A7%DA%A9%D8%B3%E2%80%AD/data=!4m7!3m6!1s0x3fbc4153242487ad:0x9a801803b25b765f!8m2!3d32.4960489!4d51.7239068!16s%2Fg%2F11jbfk1w2k!19sChIJrYckJFNBvD8RX3ZbsgMYgJo?authuser=0&hl=en&rclk=1,2026-08-02T22:30:11.783176+00:00
192,google_maps,Tipax,انبار تیپاکس,اصفهان,اصفهان,32.4960489,51.7239068,1.0,Dirty,4 years ago,آرش امین الساداتی,NULL,NULL,NULL,https://www.google.com/maps/place/%D8%A7%D9%86%D8%A8%D8%A7%D8%B1+%D8%AA%DB%8C%D9%BE%D8%A7%DA%A9%D8%B3%E2%80%AD/data=!4m7!3m6!1s0x3fbc4153242487ad:0x9a801803b25b765f!8m2!3d32.4960489!4d51.7239068!16s%2Fg%2F11jbfk1w2k!19sChIJrYckJFNBvD8RX3ZbsgMYgJo?authuser=0&hl=en&rclk=1,2026-08-02T22:30:11.783176+00:00
193,google_maps,Tipax,TIPAX,اصفهان,اصفهان,32.6512625,51.6862656,1.0,"Dear friends, this is very good what you say. I am the sender. In April 1403, after 20 days of follow-up, they said your package was confiscated. Now what was in the package? An Iranian inverter. After 40 days, they found out that the package was not smuggled. I sent it from Rasht to Khuzestan. They opened the package in Isfahan and were suspicious. Then they sent the police without my knowledge. They said it was not smuggled. The package was returned to Isfahan Hub again. They did not ask where to send it, but they did not return it. They called from the destination and said, ""Come and pick up your package."" Now I was the seller and the customer who was the destination said, ""I don't want it. I have bought 4 inverters so far."" Finally, they returned it to Rasht and said you have to pay for the return and shipping.",a year ago,Mohamadreza Seifolahi,NULL,NULL,NULL,https://www.google.com/maps/place/TIPAX/data=!4m7!3m6!1s0x3fbc4b692050cbd9:0x4e6236d6b5deb931!8m2!3d32.6512625!4d51.6862656!16s%2Fg%2F11qnknmb21!19sChIJ2ctQIGlLvD8RMbnetdY2Yk4?authuser=0&hl=en&rclk=1,2026-08-02T22:30:29.081184+00:00
194,google_maps,Tipax,TIPAX,اصفهان,اصفهان,32.6512625,51.6862656,1.0,Really...it's like a missile! The caller says come downstairs and pick up your package... 5 minutes later I went downstairs and the person wasn't there...then I got a message saying your package was returned due to the wrong address! What is this really like?,3 years ago,RNR A.17,NULL,NULL,NULL,https://www.google.com/maps/place/TIPAX/data=!4m7!3m6!1s0x3fbc4b692050cbd9:0x4e6236d6b5deb931!8m2!3d32.6512625!4d51.6862656!16s%2Fg%2F11qnknmb21!19sChIJ2ctQIGlLvD8RMbnetdY2Yk4?authuser=0&hl=en&rclk=1,2026-08-02T22:30:29.081184+00:00
195,google_maps,Tipax,TIPAX,اصفهان,اصفهان,32.6512625,51.6862656,1.0,"If you don't care about the parcel being torn, if you don't care about the parcel arriving, or if you don't care about being treated disrespectfully, definitely use this agency. Tehran's support is even worse. No stars are too many to rate this agency.",2 years ago,Mehran Omoumi,NULL,NULL,NULL,https://www.google.com/maps/place/TIPAX/data=!4m7!3m6!1s0x3fbc4b692050cbd9:0x4e6236d6b5deb931!8m2!3d32.6512625!4d51.6862656!16s%2Fg%2F11qnknmb21!19sChIJ2ctQIGlLvD8RMbnetdY2Yk4?authuser=0&hl=en&rclk=1,2026-08-02T22:30:29.081184+00:00
196,google_maps,Tipax,TIPAX,اصفهان,اصفهان,32.6512625,51.6862656,1.0,"I was badly hurt by Tipax twice, the response and support are really really terrible, zero responsibility, they do not deliver to the destination and in the end you have to pick it up from the origin agency and send it with another postal …",a year ago,Mohamadmehdi,NULL,NULL,NULL,https://www.google.com/maps/place/TIPAX/data=!4m7!3m6!1s0x3fbc4b692050cbd9:0x4e6236d6b5deb931!8m2!3d32.6512625!4d51.6862656!16s%2Fg%2F11qnknmb21!19sChIJ2ctQIGlLvD8RMbnetdY2Yk4?authuser=0&hl=en&rclk=1,2026-08-02T22:30:29.081184+00:00
197,google_maps,Tipax,TIPAX,اصفهان,اصفهان,32.6512625,51.6862656,1.0,"It's worth the hassle and expense and all that to deal with these people. A bunch of stupid, disorganized, uneducated people who don't know how to do anything and don't even have a proper tracking number. Fuck you and your startup.",4 years ago,Kimia Khaki,NULL,NULL,NULL,https://www.google.com/maps/place/TIPAX/data=!4m7!3m6!1s0x3fbc4b692050cbd9:0x4e6236d6b5deb931!8m2!3d32.6512625!4d51.6862656!16s%2Fg%2F11qnknmb21!19sChIJ2ctQIGlLvD8RMbnetdY2Yk4?authuser=0&hl=en&rclk=1,2026-08-02T22:30:29.081184+00:00
198,google_maps,Tipax,TIPAX,اصفهان,اصفهان,32.6512625,51.6862656,1.0,"My door is closed now and Google says it's open. I called last night and they said it's 8:30. I'm stuck with my stuff behind the door and my work is late. I prefer the post office, but the customer himself insisted on Tipax.",a year ago,fariba azamzadeh,NULL,NULL,NULL,https://www.google.com/maps/place/TIPAX/data=!4m7!3m6!1s0x3fbc4b692050cbd9:0x4e6236d6b5deb931!8m2!3d32.6512625!4d51.6862656!16s%2Fg%2F11qnknmb21!19sChIJ2ctQIGlLvD8RMbnetdY2Yk4?authuser=0&hl=en&rclk=1,2026-08-02T22:30:29.081184+00:00
199,google_maps,Tipax,TIPAX,اصفهان,اصفهان,32.6512625,51.6862656,1.0,"Horrible, no call, no delivery to other units like others who bring packages, even got a message saying they will send it the next day even though it was Friday, no delivery or call …",3 years ago,Shaghayegh Alishahi,NULL,NULL,NULL,https://www.google.com/maps/place/TIPAX/data=!4m7!3m6!1s0x3fbc4b692050cbd9:0x4e6236d6b5deb931!8m2!3d32.6512625!4d51.6862656!16s%2Fg%2F11qnknmb21!19sChIJ2ctQIGlLvD8RMbnetdY2Yk4?authuser=0&hl=en&rclk=1,2026-08-02T22:30:29.081184+00:00
200,google_maps,Tipax,TIPAX,اصفهان,اصفهان,32.6512625,51.6862656,1.0,I had a package sent to me from Tehran via Tipax. This company's services are really ridiculous. They caused me a problem that I will explain to you briefly here. …,4 years ago,Mohammadhassan Esmaeili,NULL,NULL,NULL,https://www.google.com/maps/place/TIPAX/data=!4m7!3m6!1s0x3fbc4b692050cbd9:0x4e6236d6b5deb931!8m2!3d32.6512625!4d51.6862656!16s%2Fg%2F11qnknmb21!19sChIJ2ctQIGlLvD8RMbnetdY2Yk4?authuser=0&hl=en&rclk=1,2026-08-02T22:30:29.081184+00:00
201,google_maps,Tipax,TIPAX,اصفهان,اصفهان,32.6512625,51.6862656,1.0,This was the worst hotel we stayed in during our trip. The rooms were old and useless.,2 years ago,Mohammad koruzhdehi,NULL,NULL,NULL,https://www.google.com/maps/place/TIPAX/data=!4m7!3m6!1s0x3fbc4b692050cbd9:0x4e6236d6b5deb931!8m2!3d32.6512625!4d51.6862656!16s%2Fg%2F11qnknmb21!19sChIJ2ctQIGlLvD8RMbnetdY2Yk4?authuser=0&hl=en&rclk=1,2026-08-02T22:30:29.081184+00:00
202,google_maps,Tipax,TIPAX,اصفهان,اصفهان,32.6512625,51.6862656,1.0,"Khaju Agency This agency is the busiest Tipax agency In general, Tipax is useless …",a year ago,Soroor2313,NULL,NULL,NULL,https://www.google.com/maps/place/TIPAX/data=!4m7!3m6!1s0x3fbc4b692050cbd9:0x4e6236d6b5deb931!8m2!3d32.6512625!4d51.6862656!16s%2Fg%2F11qnknmb21!19sChIJ2ctQIGlLvD8RMbnetdY2Yk4?authuser=0&hl=en&rclk=1,2026-08-02T22:30:29.081184+00:00
203,google_maps,Tipax,تیپاکس نورآباد,فارس,NULL,30.1182004,51.5193514,4.0,"Good service, customer service 19👌👌 A psychologist was asked: What is the best role model to follow in life? He said: Children are the best role models. They said: Children who know nothing, he said: #You are wrong, children have six characteristics that you should never forget.... The first is that they are always #happy for no reason. The second is that they are always #busy with work. The third is that when they want something, they do not stop insisting on it until they get it. The fourth is that: they do not #set their hearts on anything. Fifth: When they argue, they quickly make up and do not hold grudges against each other. Sixth: They cry easily. Live like children.",7 years ago,hamid Pmosafer,NULL,NULL,NULL,https://www.google.com/maps/place/%D8%AA%DB%8C%D9%BE%D8%A7%DA%A9%D8%B3+%D8%B4%D8%B9%D8%A8%D9%87+%D9%86%D9%88%D8%B1%D8%A2%D8%A8%D8%A7%D8%AF%E2%80%AD/data=!4m7!3m6!1s0x3fb12771d6ced291:0xbff49c4e15f7ad9a!8m2!3d30.1182004!4d51.5193514!16s%2Fg%2F11g_x6dp42!19sChIJkdLO1nEnsT8Rmq33FU6c9L8?authuser=0&hl=en&rclk=1,2026-08-02T22:30:42.502274+00:00
204,google_maps,Tipax,تیپاکس نورآباد,فارس,NULL,30.1182004,51.5193514,5.0,"Greetings Thank you to Mr. Rahmani and the officials of the Noorabad Momsani T-Box, which is completely reliable in the delivery of mail and respectful treatment. We are very grateful and grateful, hoping for increasing success.",3 years ago,محمد شمس الدینی,NULL,NULL,NULL,https://www.google.com/maps/place/%D8%AA%DB%8C%D9%BE%D8%A7%DA%A9%D8%B3+%D8%B4%D8%B9%D8%A8%D9%87+%D9%86%D9%88%D8%B1%D8%A2%D8%A8%D8%A7%D8%AF%E2%80%AD/data=!4m7!3m6!1s0x3fb12771d6ced291:0xbff49c4e15f7ad9a!8m2!3d30.1182004!4d51.5193514!16s%2Fg%2F11g_x6dp42!19sChIJkdLO1nEnsT8Rmq33FU6c9L8?authuser=0&hl=en&rclk=1,2026-08-02T22:30:42.502274+00:00
205,google_maps,Tipax,تیپاکس نورآباد,فارس,NULL,30.1182004,51.5193514,2.0,"I haven't received the package I ordered for 5 days yet. They said it would arrive in 72 hours, but I haven't received it yet.",6 years ago,میلاد احمدی,NULL,NULL,NULL,https://www.google.com/maps/place/%D8%AA%DB%8C%D9%BE%D8%A7%DA%A9%D8%B3+%D8%B4%D8%B9%D8%A8%D9%87+%D9%86%D9%88%D8%B1%D8%A2%D8%A8%D8%A7%D8%AF%E2%80%AD/data=!4m7!3m6!1s0x3fb12771d6ced291:0xbff49c4e15f7ad9a!8m2!3d30.1182004!4d51.5193514!16s%2Fg%2F11g_x6dp42!19sChIJkdLO1nEnsT8Rmq33FU6c9L8?authuser=0&hl=en&rclk=1,2026-08-02T22:30:42.502274+00:00
206,google_maps,Tipax,تیپاکس نورآباد,فارس,NULL,30.1182004,51.5193514,5.0,"Excellent response, excellent delivery.. Their only problem is that they are late with their overseas shipping every time.",4 years ago,hossein fazell,NULL,NULL,NULL,https://www.google.com/maps/place/%D8%AA%DB%8C%D9%BE%D8%A7%DA%A9%D8%B3+%D8%B4%D8%B9%D8%A8%D9%87+%D9%86%D9%88%D8%B1%D8%A2%D8%A8%D8%A7%D8%AF%E2%80%AD/data=!4m7!3m6!1s0x3fb12771d6ced291:0xbff49c4e15f7ad9a!8m2!3d30.1182004!4d51.5193514!16s%2Fg%2F11g_x6dp42!19sChIJkdLO1nEnsT8Rmq33FU6c9L8?authuser=0&hl=en&rclk=1,2026-08-02T22:30:42.502274+00:00
207,google_maps,Tipax,تیپاکس نورآباد,فارس,NULL,30.1182004,51.5193514,5.0,Excellent service . Excellent responsiveness,6 years ago,معصومه مطهری,NULL,NULL,NULL,https://www.google.com/maps/place/%D8%AA%DB%8C%D9%BE%D8%A7%DA%A9%D8%B3+%D8%B4%D8%B9%D8%A8%D9%87+%D9%86%D9%88%D8%B1%D8%A2%D8%A8%D8%A7%D8%AF%E2%80%AD/data=!4m7!3m6!1s0x3fb12771d6ced291:0xbff49c4e15f7ad9a!8m2!3d30.1182004!4d51.5193514!16s%2Fg%2F11g_x6dp42!19sChIJkdLO1nEnsT8Rmq33FU6c9L8?authuser=0&hl=en&rclk=1,2026-08-02T22:30:42.502274+00:00
208,google_maps,Tipax,تیپاکس نورآباد,فارس,NULL,30.1182004,51.5193514,5.0,Excellent customer response,6 years ago,Parvin Hashempoor,NULL,NULL,NULL,https://www.google.com/maps/place/%D8%AA%DB%8C%D9%BE%D8%A7%DA%A9%D8%B3+%D8%B4%D8%B9%D8%A8%D9%87+%D9%86%D9%88%D8%B1%D8%A2%D8%A8%D8%A7%D8%AF%E2%80%AD/data=!4m7!3m6!1s0x3fb12771d6ced291:0xbff49c4e15f7ad9a!8m2!3d30.1182004!4d51.5193514!16s%2Fg%2F11g_x6dp42!19sChIJkdLO1nEnsT8Rmq33FU6c9L8?authuser=0&hl=en&rclk=1,2026-08-02T22:30:42.502274+00:00
209,google_maps,Tipax,تیپاکس نورآباد,فارس,NULL,30.1182004,51.5193514,5.0,Polite and organized staff,2 years ago,Reza Behzadi,NULL,NULL,NULL,https://www.google.com/maps/place/%D8%AA%DB%8C%D9%BE%D8%A7%DA%A9%D8%B3+%D8%B4%D8%B9%D8%A8%D9%87+%D9%86%D9%88%D8%B1%D8%A2%D8%A8%D8%A7%D8%AF%E2%80%AD/data=!4m7!3m6!1s0x3fb12771d6ced291:0xbff49c4e15f7ad9a!8m2!3d30.1182004!4d51.5193514!16s%2Fg%2F11g_x6dp42!19sChIJkdLO1nEnsT8Rmq33FU6c9L8?authuser=0&hl=en&rclk=1,2026-08-02T22:30:42.502274+00:00
210,google_maps,Tipax,تیپاکس نورآباد,فارس,NULL,30.1182004,51.5193514,5.0,Handcrafted and reliable,3 years ago,Ali Yousefi,NULL,NULL,NULL,https://www.google.com/maps/place/%D8%AA%DB%8C%D9%BE%D8%A7%DA%A9%D8%B3+%D8%B4%D8%B9%D8%A8%D9%87+%D9%86%D9%88%D8%B1%D8%A2%D8%A8%D8%A7%D8%AF%E2%80%AD/data=!4m7!3m6!1s0x3fb12771d6ced291:0xbff49c4e15f7ad9a!8m2!3d30.1182004!4d51.5193514!16s%2Fg%2F11g_x6dp42!19sChIJkdLO1nEnsT8Rmq33FU6c9L8?authuser=0&hl=en&rclk=1,2026-08-02T22:30:42.502274+00:00
211,google_maps,Tipax,اکسس پوینت تیپاکس ابوذر غفاری,فارس,شیراز,29.5730197,52.5534697,4.0,"In general, Tipax charges higher fees than before, but overall it's not bad. They don't insure valuables or they only insure them up to 2 million, which is a lot of money in this country.",2 years ago,Ehsan Nezampour,NULL,NULL,NULL,https://www.google.com/maps/place/%D8%A7%DA%A9%D8%B3%D8%B3+%D9%BE%D9%88%DB%8C%D9%86%D8%AA+%D8%AA%DB%8C%D9%BE%D8%A7%DA%A9%D8%B3+%D8%A7%D8%A8%D9%88%D8%B0%D8%B1+%D8%BA%D9%81%D8%A7%D8%B1%DB%8C%E2%80%AD/data=!4m7!3m6!1s0x3fb273658d93076f:0x7b58e1b7b0539cdf!8m2!3d29.5730197!4d52.5534697!16s%2Fg%2F11pv77bjcr!19sChIJbweTjWVzsj8R35xTsLfhWHs?authuser=0&hl=en&rclk=1,2026-08-02T22:30:59.579015+00:00
212,google_maps,Tipax,اکسس پوینت تیپاکس ابوذر غفاری,فارس,شیراز,29.5730197,52.5534697,5.0,"Good treatment, complete guidance, various options for sending",9 months ago,Aylar Ghasemi,NULL,NULL,NULL,https://www.google.com/maps/place/%D8%A7%DA%A9%D8%B3%D8%B3+%D9%BE%D9%88%DB%8C%D9%86%D8%AA+%D8%AA%DB%8C%D9%BE%D8%A7%DA%A9%D8%B3+%D8%A7%D8%A8%D9%88%D8%B0%D8%B1+%D8%BA%D9%81%D8%A7%D8%B1%DB%8C%E2%80%AD/data=!4m7!3m6!1s0x3fb273658d93076f:0x7b58e1b7b0539cdf!8m2!3d29.5730197!4d52.5534697!16s%2Fg%2F11pv77bjcr!19sChIJbweTjWVzsj8R35xTsLfhWHs?authuser=0&hl=en&rclk=1,2026-08-02T22:30:59.579015+00:00
213,google_maps,Tipax,تیپاکس شاهپور جدید,اصفهان,اصفهان,32.7343961,51.5862544,5.0,👌🏻 …,a week ago,User-map,NULL,NULL,NULL,https://www.google.com/maps/place/%D8%AA%DB%8C%D9%BE%D8%A7%DA%A9%D8%B3+%D8%B4%D8%A7%D9%87%D9%BE%D9%88%D8%B1+%D8%AC%D8%AF%DB%8C%D8%AF%E2%80%AD/data=!4m7!3m6!1s0x3fbdcd000f764cfd:0xb5f8db14cbcc6cad!8m2!3d32.7343961!4d51.5862544!16s%2Fg%2F11wjqsqmmj!19sChIJ_Ux2DwDNvT8RrWzMyxTb-LU?authuser=0&hl=en&rclk=1,2026-08-02T22:31:08.080269+00:00
214,google_maps,Tipax,تیپاکس زینبیه,اصفهان,اصفهان,32.703805,51.7141445,2.0,There is no taxi inside Laleh Park.,2 years ago,javad ghazi,NULL,NULL,NULL,https://www.google.com/maps/place/%D8%AA%DB%8C%D9%BE%D8%A7%DA%A9%D8%B3+%D8%B2%DB%8C%D9%86%D8%A8%DB%8C%D9%87%E2%80%AD/data=!4m7!3m6!1s0x3fbc4b002ce56c39:0xb460c48f260b8bd4!8m2!3d32.703805!4d51.7141445!16s%2Fg%2F11vq25ws70!19sChIJOWzlLABLvD8R1IsLJo_EYLQ?authuser=0&hl=en&rclk=1,2026-08-02T22:31:21.401190+00:00
215,google_maps,Tipax,تیپاکس قرچک,تهران,تهران,35.4259648,51.58037,1.0,"We always ask sellers not to send our packages through the irregular company Tipax. Unfortunately, we get caught up in this company every time. We have had problems with this company every time. My package was sent through a store in Abiq, Qazvin. Today, it is the 10th, and it is still on its way. Really, a 170-kilometer route that takes two hours should take 5 days and the package will not reach Tehran? The interesting thing is that I had purchased from another store in the same city that was sent through Mahges. It arrived on the 9th, which means in two days.",a year ago,سعید گودرزی,NULL,NULL,NULL,https://www.google.com/maps/place/%D9%86%D9%85%D8%A7%DB%8C%D9%86%D8%AF%DA%AF%DB%8C+%D8%AA%DB%8C%D9%BE%D8%A7%DA%A9%D8%B3+%D9%82%D8%B1%DA%86%DA%A9%E2%80%AD/data=!4m7!3m6!1s0x3f91ed0878b8bc45:0x16f3e6d8ba2da560!8m2!3d35.4259648!4d51.58037!16s%2Fg%2F11j37lc4gd!19sChIJRby4eAjtkT8RYKUtutjm8xY?authuser=0&hl=en&rclk=1,2026-08-02T22:31:43.532480+00:00
216,google_maps,Tipax,تیپاکس قرچک,تهران,تهران,35.4259648,51.58037,5.0,"This is my first time ordering from here, but it was a good experience. I called the Tipax representative to follow up, but the person who brought my package was also nice, and I received my package intact and safe. Thank you for following up 💛 …",2 years ago,Aram Akbari,NULL,NULL,NULL,https://www.google.com/maps/place/%D9%86%D9%85%D8%A7%DB%8C%D9%86%D8%AF%DA%AF%DB%8C+%D8%AA%DB%8C%D9%BE%D8%A7%DA%A9%D8%B3+%D9%82%D8%B1%DA%86%DA%A9%E2%80%AD/data=!4m7!3m6!1s0x3f91ed0878b8bc45:0x16f3e6d8ba2da560!8m2!3d35.4259648!4d51.58037!16s%2Fg%2F11j37lc4gd!19sChIJRby4eAjtkT8RYKUtutjm8xY?authuser=0&hl=en&rclk=1,2026-08-02T22:31:43.532480+00:00
217,google_maps,Tipax,تیپاکس قرچک,تهران,تهران,35.4259648,51.58037,1.0,"Why doesn't anyone address their irresponsibility? It's really wrong to send a package with Tipax even though the post office exists. They don't deliver the package, they just announce that you weren't at home.",2 years ago,Usef N,NULL,NULL,NULL,https://www.google.com/maps/place/%D9%86%D9%85%D8%A7%DB%8C%D9%86%D8%AF%DA%AF%DB%8C+%D8%AA%DB%8C%D9%BE%D8%A7%DA%A9%D8%B3+%D9%82%D8%B1%DA%86%DA%A9%E2%80%AD/data=!4m7!3m6!1s0x3f91ed0878b8bc45:0x16f3e6d8ba2da560!8m2!3d35.4259648!4d51.58037!16s%2Fg%2F11j37lc4gd!19sChIJRby4eAjtkT8RYKUtutjm8xY?authuser=0&hl=en&rclk=1,2026-08-02T22:31:43.532480+00:00
218,google_maps,Tipax,تیپاکس قرچک,تهران,تهران,35.4259648,51.58037,1.0,"The phone there is like a decoration, no one answers, and the package doesn't even come to the door. They pretend that you weren't there so we have to go and open the door ourselves.",a year ago,Amirhosein Garosi,NULL,NULL,NULL,https://www.google.com/maps/place/%D9%86%D9%85%D8%A7%DB%8C%D9%86%D8%AF%DA%AF%DB%8C+%D8%AA%DB%8C%D9%BE%D8%A7%DA%A9%D8%B3+%D9%82%D8%B1%DA%86%DA%A9%E2%80%AD/data=!4m7!3m6!1s0x3f91ed0878b8bc45:0x16f3e6d8ba2da560!8m2!3d35.4259648!4d51.58037!16s%2Fg%2F11j37lc4gd!19sChIJRby4eAjtkT8RYKUtutjm8xY?authuser=0&hl=en&rclk=1,2026-08-02T22:31:43.532480+00:00
219,google_maps,Tipax,تیپاکس قرچک,تهران,تهران,35.4259648,51.58037,1.0,"Dust on your head for doing this It's a shame about the money we give you. According to the Tipax website, the parcel arrived in Qarchak in 1 week, but they didn't deliver it. …",2 years ago,Dash naser,NULL,NULL,NULL,https://www.google.com/maps/place/%D9%86%D9%85%D8%A7%DB%8C%D9%86%D8%AF%DA%AF%DB%8C+%D8%AA%DB%8C%D9%BE%D8%A7%DA%A9%D8%B3+%D9%82%D8%B1%DA%86%DA%A9%E2%80%AD/data=!4m7!3m6!1s0x3f91ed0878b8bc45:0x16f3e6d8ba2da560!8m2!3d35.4259648!4d51.58037!16s%2Fg%2F11j37lc4gd!19sChIJRby4eAjtkT8RYKUtutjm8xY?authuser=0&hl=en&rclk=1,2026-08-02T22:31:43.532480+00:00
220,google_maps,Tipax,تیپاکس قرچک,تهران,تهران,35.4259648,51.58037,1.0,"Nonsense and useless body I sat at home, I got a message that I was absent I called, they didn't answer …",a year ago,Saeid Mohammadi,NULL,NULL,NULL,https://www.google.com/maps/place/%D9%86%D9%85%D8%A7%DB%8C%D9%86%D8%AF%DA%AF%DB%8C+%D8%AA%DB%8C%D9%BE%D8%A7%DA%A9%D8%B3+%D9%82%D8%B1%DA%86%DA%A9%E2%80%AD/data=!4m7!3m6!1s0x3f91ed0878b8bc45:0x16f3e6d8ba2da560!8m2!3d35.4259648!4d51.58037!16s%2Fg%2F11j37lc4gd!19sChIJRby4eAjtkT8RYKUtutjm8xY?authuser=0&hl=en&rclk=1,2026-08-02T22:31:43.532480+00:00
221,google_maps,Tipax,تیپاکس قرچک,تهران,تهران,35.4259648,51.58037,1.0,"Oh, my God, why don't you answer that phone call? I was called to get the package. What does that mean?",a year ago,Masoud Mohammadzadeh,NULL,NULL,NULL,https://www.google.com/maps/place/%D9%86%D9%85%D8%A7%DB%8C%D9%86%D8%AF%DA%AF%DB%8C+%D8%AA%DB%8C%D9%BE%D8%A7%DA%A9%D8%B3+%D9%82%D8%B1%DA%86%DA%A9%E2%80%AD/data=!4m7!3m6!1s0x3f91ed0878b8bc45:0x16f3e6d8ba2da560!8m2!3d35.4259648!4d51.58037!16s%2Fg%2F11j37lc4gd!19sChIJRby4eAjtkT8RYKUtutjm8xY?authuser=0&hl=en&rclk=1,2026-08-02T22:31:43.532480+00:00
222,google_maps,Tipax,تیپاکس قرچک,تهران,تهران,35.4259648,51.58037,1.0,I'm going to call the person on the phone and you're not answering. Someone please shut this down.,a year ago,Moslem Abdollahi,NULL,NULL,NULL,https://www.google.com/maps/place/%D9%86%D9%85%D8%A7%DB%8C%D9%86%D8%AF%DA%AF%DB%8C+%D8%AA%DB%8C%D9%BE%D8%A7%DA%A9%D8%B3+%D9%82%D8%B1%DA%86%DA%A9%E2%80%AD/data=!4m7!3m6!1s0x3f91ed0878b8bc45:0x16f3e6d8ba2da560!8m2!3d35.4259648!4d51.58037!16s%2Fg%2F11j37lc4gd!19sChIJRby4eAjtkT8RYKUtutjm8xY?authuser=0&hl=en&rclk=1,2026-08-02T22:31:43.532480+00:00
223,google_maps,Tipax,تیپاکس قرچک,تهران,تهران,35.4259648,51.58037,1.0,The worst branch. Tipax arrived in 5 days and was not delivered.,10 months ago,Majid Kh,NULL,NULL,NULL,https://www.google.com/maps/place/%D9%86%D9%85%D8%A7%DB%8C%D9%86%D8%AF%DA%AF%DB%8C+%D8%AA%DB%8C%D9%BE%D8%A7%DA%A9%D8%B3+%D9%82%D8%B1%DA%86%DA%A9%E2%80%AD/data=!4m7!3m6!1s0x3f91ed0878b8bc45:0x16f3e6d8ba2da560!8m2!3d35.4259648!4d51.58037!16s%2Fg%2F11j37lc4gd!19sChIJRby4eAjtkT8RYKUtutjm8xY?authuser=0&hl=en&rclk=1,2026-08-02T22:31:43.532480+00:00
224,google_maps,Tipax,تیپاکس قرچک,تهران,تهران,35.4259648,51.58037,2.0,"The service is very poor, awful.",7 months ago,mohammad armani,NULL,NULL,NULL,https://www.google.com/maps/place/%D9%86%D9%85%D8%A7%DB%8C%D9%86%D8%AF%DA%AF%DB%8C+%D8%AA%DB%8C%D9%BE%D8%A7%DA%A9%D8%B3+%D9%82%D8%B1%DA%86%DA%A9%E2%80%AD/data=!4m7!3m6!1s0x3f91ed0878b8bc45:0x16f3e6d8ba2da560!8m2!3d35.4259648!4d51.58037!16s%2Fg%2F11j37lc4gd!19sChIJRby4eAjtkT8RYKUtutjm8xY?authuser=0&hl=en&rclk=1,2026-08-02T22:31:43.532480+00:00
225,google_maps,Tipax,تیپاکس سمن,اصفهان,اصفهان,32.7125717,51.6611075,5.0,The Seman Tipax branch was really better than the other Tipax branches and had better treatment. I work with the Seman Tipax branch to send my packages.,7 months ago,Jesus Christ,NULL,NULL,NULL,https://www.google.com/maps/place/%D8%AA%DB%8C%D9%BE%D8%A7%DA%A9%D8%B3+%D8%B3%D9%85%D9%86%E2%80%AD/data=!4m7!3m6!1s0x3fbc35001b65a9d9:0x55485052aedffe22!8m2!3d32.7125717!4d51.6611075!16s%2Fg%2F11m6nrklln!19sChIJ2allGwA1vD8RIv7frlJQSFU?authuser=0&hl=en&rclk=1,2026-08-02T22:32:00.579593+00:00
226,google_maps,Tipax,تیپاکس سمن,اصفهان,اصفهان,32.7125717,51.6611075,5.0,Professional in business,a month ago,توسعه تجارت الکترونیک ثروت,NULL,NULL,NULL,https://www.google.com/maps/place/%D8%AA%DB%8C%D9%BE%D8%A7%DA%A9%D8%B3+%D8%B3%D9%85%D9%86%E2%80%AD/data=!4m7!3m6!1s0x3fbc35001b65a9d9:0x55485052aedffe22!8m2!3d32.7125717!4d51.6611075!16s%2Fg%2F11m6nrklln!19sChIJ2allGwA1vD8RIv7frlJQSFU?authuser=0&hl=en&rclk=1,2026-08-02T22:32:00.579593+00:00
227,google_maps,Tipax,تیپاکس هرند,اصفهان,اصفهان,32.5681353,52.4336313,1.0,Excellent,7 months ago,hamid mohammadi,NULL,NULL,NULL,https://www.google.com/maps/place/%D9%86%D9%85%D8%A7%DB%8C%D9%86%D8%AF%DA%AF%DB%8C+%D8%AA%DB%8C%D9%BE%D8%A7%DA%A9%D8%B3+%D9%87%D8%B1%D9%86%D8%AF%E2%80%AD/data=!4m7!3m6!1s0x3fbcbd31cb3b6e51:0x42f14162e7cf381b!8m2!3d32.5681353!4d52.4336313!16s%2Fg%2F11t4jlwsbv!19sChIJUW47yzG9vD8RGzjP52JB8UI?authuser=0&hl=en&rclk=1,2026-08-02T22:32:26.223412+00:00
228,google_maps,Tipax,تیپاکس خوراسگان(نیک پور),اصفهان,اصفهان,32.6558789,51.7541845,1.0,Hello Very irresponsible. They charge the freight from Tehran to Isfahan. After the Isfahan office they say you are not in the area and the courier should bring it to you and they charge you the same amount. Just as bad.,a year ago,Mahdi Hosseinzadeh,NULL,NULL,NULL,https://www.google.com/maps/place/%D8%AA%DB%8C%D9%BE%D8%A7%DA%A9%D8%B3+%D8%AE%D9%88%D8%B1%D8%A7%D8%B3%DA%AF%D8%A7%D9%86%28%D9%86%DB%8C%DA%A9+%D9%BE%D9%88%D8%B1%29%E2%80%AD/data=!4m7!3m6!1s0x3fbc490018627b81:0x65b0640b275f79b5!8m2!3d32.6558789!4d51.7541845!16s%2Fg%2F11w1zk7dx5!19sChIJgXtiGABJvD8RtXlfJwtksGU?authuser=0&hl=en&rclk=1,2026-08-02T22:32:34.775476+00:00
229,google_maps,Tipax,تیپاکس خوراسگان(نیک پور),اصفهان,اصفهان,32.6558789,51.7541845,1.0,"Terrible. We complained and they still don't respond. After three rounds of sending the package back and forth, they still won't accept sending it. And it's not what they thought. Terrible",7 months ago,Mohammad Sadegh Sabri,NULL,NULL,NULL,https://www.google.com/maps/place/%D8%AA%DB%8C%D9%BE%D8%A7%DA%A9%D8%B3+%D8%AE%D9%88%D8%B1%D8%A7%D8%B3%DA%AF%D8%A7%D9%86%28%D9%86%DB%8C%DA%A9+%D9%BE%D9%88%D8%B1%29%E2%80%AD/data=!4m7!3m6!1s0x3fbc490018627b81:0x65b0640b275f79b5!8m2!3d32.6558789!4d51.7541845!16s%2Fg%2F11w1zk7dx5!19sChIJgXtiGABJvD8RtXlfJwtksGU?authuser=0&hl=en&rclk=1,2026-08-02T22:32:34.775476+00:00
230,google_maps,Tipax,تیپاکس خوراسگان(نیک پور),اصفهان,اصفهان,32.6558789,51.7541845,1.0,I thought I was the only one complaining about this dealership. I've never seen anything more outrageous than this.,10 months ago,رضا خواجه,NULL,NULL,NULL,https://www.google.com/maps/place/%D8%AA%DB%8C%D9%BE%D8%A7%DA%A9%D8%B3+%D8%AE%D9%88%D8%B1%D8%A7%D8%B3%DA%AF%D8%A7%D9%86%28%D9%86%DB%8C%DA%A9+%D9%BE%D9%88%D8%B1%29%E2%80%AD/data=!4m7!3m6!1s0x3fbc490018627b81:0x65b0640b275f79b5!8m2!3d32.6558789!4d51.7541845!16s%2Fg%2F11w1zk7dx5!19sChIJgXtiGABJvD8RtXlfJwtksGU?authuser=0&hl=en&rclk=1,2026-08-02T22:32:34.775476+00:00
231,google_maps,Tipax,تیپاکس خوراسگان(نیک پور),اصفهان,اصفهان,32.6558789,51.7541845,1.0,"I have had several bad experiences with package deliveries at this branch Bad management, awful Unresponsiveness …",a year ago,Haniiiyeh Shokrolahi,NULL,NULL,NULL,https://www.google.com/maps/place/%D8%AA%DB%8C%D9%BE%D8%A7%DA%A9%D8%B3+%D8%AE%D9%88%D8%B1%D8%A7%D8%B3%DA%AF%D8%A7%D9%86%28%D9%86%DB%8C%DA%A9+%D9%BE%D9%88%D8%B1%29%E2%80%AD/data=!4m7!3m6!1s0x3fbc490018627b81:0x65b0640b275f79b5!8m2!3d32.6558789!4d51.7541845!16s%2Fg%2F11w1zk7dx5!19sChIJgXtiGABJvD8RtXlfJwtksGU?authuser=0&hl=en&rclk=1,2026-08-02T22:32:34.775476+00:00
232,google_maps,Tipax,تیپاکس پل تمدن,اصفهان,اصفهان,32.6888604,51.7357437,5.0,"Hello, good morning, the excellent treatment of your staff was truly inspiring, and special thanks to your professional and friendly team. Thank you, you are all great. Don't be tired. 👌💖💐 …",Edited a month ago,مریم گلی,NULL,NULL,NULL,https://www.google.com/maps/place/%D8%AA%DB%8C%D9%BE%D8%A7%DA%A9%D8%B3+%D9%BE%D9%84+%D8%AA%D9%85%D8%AF%D9%86%E2%80%AD/data=!4m7!3m6!1s0x3fbc4b002a6ca229:0xb0348130418041d4!8m2!3d32.6888604!4d51.7357437!16s%2Fg%2F11lnlppclk!19sChIJKaJsKgBLvD8R1EGAQTCBNLA?authuser=0&hl=en&rclk=1,2026-08-02T22:32:43.304846+00:00
233,google_maps,Tipax,تیپاکس پل تمدن,اصفهان,اصفهان,32.6888604,51.7357437,5.0,Hello and greetings. The staff was great. Thank you🙂🙂🙂 …,11 months ago,fateme,NULL,NULL,NULL,https://www.google.com/maps/place/%D8%AA%DB%8C%D9%BE%D8%A7%DA%A9%D8%B3+%D9%BE%D9%84+%D8%AA%D9%85%D8%AF%D9%86%E2%80%AD/data=!4m7!3m6!1s0x3fbc4b002a6ca229:0xb0348130418041d4!8m2!3d32.6888604!4d51.7357437!16s%2Fg%2F11lnlppclk!19sChIJKaJsKgBLvD8R1EGAQTCBNLA?authuser=0&hl=en&rclk=1,2026-08-02T22:32:43.304846+00:00
234,google_maps,Tipax,تیپاکس پل تمدن,اصفهان,اصفهان,32.6888604,51.7357437,5.0,"Hello, I was completely satisfied with the packaging.",11 months ago,Mahboobeh Fathi,NULL,NULL,NULL,https://www.google.com/maps/place/%D8%AA%DB%8C%D9%BE%D8%A7%DA%A9%D8%B3+%D9%BE%D9%84+%D8%AA%D9%85%D8%AF%D9%86%E2%80%AD/data=!4m7!3m6!1s0x3fbc4b002a6ca229:0xb0348130418041d4!8m2!3d32.6888604!4d51.7357437!16s%2Fg%2F11lnlppclk!19sChIJKaJsKgBLvD8R1EGAQTCBNLA?authuser=0&hl=en&rclk=1,2026-08-02T22:32:43.304846+00:00
235,google_maps,Tipax,تیپاکس پل تمدن,اصفهان,اصفهان,32.6888604,51.7357437,5.0,Awesome!,a year ago,تعمیرات تخصصی کاتالیزور اصفهان تیونینگ اگزوز,NULL,NULL,NULL,https://www.google.com/maps/place/%D8%AA%DB%8C%D9%BE%D8%A7%DA%A9%D8%B3+%D9%BE%D9%84+%D8%AA%D9%85%D8%AF%D9%86%E2%80%AD/data=!4m7!3m6!1s0x3fbc4b002a6ca229:0xb0348130418041d4!8m2!3d32.6888604!4d51.7357437!16s%2Fg%2F11lnlppclk!19sChIJKaJsKgBLvD8R1EGAQTCBNLA?authuser=0&hl=en&rclk=1,2026-08-02T22:32:43.304846+00:00
236,google_maps,Tipax,تیپاکس ۱ نجف آباد,Riazi St، روبه روی حلال احمر,نجف آباد,32.6363364,51.360739,3.0,"There is no advantage compared to the post office; even the post office has options that we can activate to distribute our package outside office hours and deliver it to the destination faster, but T-Box does not have that either; Also, this branch seems very disorganized. However, the post office of the Hafez branch did not accept my expensive package, and as a result, I had to use the T-Box service; the package arrived safely, but later than I expected.",4 years ago,Nora,NULL,NULL,NULL,https://www.google.com/maps/place/%D8%AA%DB%8C%D9%BE%D8%A7%DA%A9%D8%B3+%D8%B4%D8%B9%D8%A8%D9%87+%DB%B1+%D9%86%D8%AC%D9%81+%D8%A2%D8%A8%D8%A7%D8%AF%E2%80%AD/data=!4m7!3m6!1s0x3fbdd5b27ab8bca7:0x6a3f3b2bcbc9e2b!8m2!3d32.6363364!4d51.360739!16s%2Fg%2F11jmwnwbls!19sChIJp7y4erLVvT8RK568vLLzowY?authuser=0&hl=en&rclk=1,2026-08-02T22:32:58.946152+00:00
237,google_maps,Tipax,تیپاکس ۱ نجف آباد,Riazi St، روبه روی حلال احمر,نجف آباد,32.6363364,51.360739,1.0,"The most ridiculous place in Tipax! They have no ethics and are not responsible, when the package arrives they call to come and pick it up, don't worry, it will cost more and it will be ruined, oh my God. You are just misleading people.",a year ago,F Habib,NULL,NULL,NULL,https://www.google.com/maps/place/%D8%AA%DB%8C%D9%BE%D8%A7%DA%A9%D8%B3+%D8%B4%D8%B9%D8%A8%D9%87+%DB%B1+%D9%86%D8%AC%D9%81+%D8%A2%D8%A8%D8%A7%D8%AF%E2%80%AD/data=!4m7!3m6!1s0x3fbdd5b27ab8bca7:0x6a3f3b2bcbc9e2b!8m2!3d32.6363364!4d51.360739!16s%2Fg%2F11jmwnwbls!19sChIJp7y4erLVvT8RK568vLLzowY?authuser=0&hl=en&rclk=1,2026-08-02T22:32:58.946152+00:00
238,google_maps,Tipax,تیپاکس ۱ نجف آباد,Riazi St، روبه روی حلال احمر,نجف آباد,32.6363364,51.360739,1.0,"The worst thing really. My package arrived one day and they still haven't delivered it. My friend Tipax, who was from Satari, his family is even worse. He didn't deliver the package early. So why are you so disorganized?",7 months ago,PARISA Abasian,NULL,NULL,NULL,https://www.google.com/maps/place/%D8%AA%DB%8C%D9%BE%D8%A7%DA%A9%D8%B3+%D8%B4%D8%B9%D8%A8%D9%87+%DB%B1+%D9%86%D8%AC%D9%81+%D8%A2%D8%A8%D8%A7%D8%AF%E2%80%AD/data=!4m7!3m6!1s0x3fbdd5b27ab8bca7:0x6a3f3b2bcbc9e2b!8m2!3d32.6363364!4d51.360739!16s%2Fg%2F11jmwnwbls!19sChIJp7y4erLVvT8RK568vLLzowY?authuser=0&hl=en&rclk=1,2026-08-02T22:32:58.946152+00:00
239,google_maps,Tipax,تیپاکس ۱ نجف آباد,Riazi St، روبه روی حلال احمر,نجف آباد,32.6363364,51.360739,1.0,"I have used the service several times, it is really terrible and unplanned, unfortunately they have no one responsible to handle it. If it is the same for other cities, it is a pity for this company 😡😡 …",3 years ago,رسول شکرالهی,NULL,NULL,NULL,https://www.google.com/maps/place/%D8%AA%DB%8C%D9%BE%D8%A7%DA%A9%D8%B3+%D8%B4%D8%B9%D8%A8%D9%87+%DB%B1+%D9%86%D8%AC%D9%81+%D8%A2%D8%A8%D8%A7%D8%AF%E2%80%AD/data=!4m7!3m6!1s0x3fbdd5b27ab8bca7:0x6a3f3b2bcbc9e2b!8m2!3d32.6363364!4d51.360739!16s%2Fg%2F11jmwnwbls!19sChIJp7y4erLVvT8RK568vLLzowY?authuser=0&hl=en&rclk=1,2026-08-02T22:32:58.946152+00:00
240,google_maps,Tipax,تیپاکس ۱ نجف آباد,Riazi St، روبه روی حلال احمر,نجف آباد,32.6363364,51.360739,1.0,"The worst branch I have ever encountered, not only from Tipax but in the entire country. I doubt that the main activity of this office is the distribution and delivery of Tipax orders!!!",6 months ago,Masih Tadayon,NULL,NULL,NULL,https://www.google.com/maps/place/%D8%AA%DB%8C%D9%BE%D8%A7%DA%A9%D8%B3+%D8%B4%D8%B9%D8%A8%D9%87+%DB%B1+%D9%86%D8%AC%D9%81+%D8%A2%D8%A8%D8%A7%D8%AF%E2%80%AD/data=!4m7!3m6!1s0x3fbdd5b27ab8bca7:0x6a3f3b2bcbc9e2b!8m2!3d32.6363364!4d51.360739!16s%2Fg%2F11jmwnwbls!19sChIJp7y4erLVvT8RK568vLLzowY?authuser=0&hl=en&rclk=1,2026-08-02T22:32:58.946152+00:00
241,google_maps,Tipax,تیپاکس ۱ نجف آباد,Riazi St، روبه روی حلال احمر,نجف آباد,32.6363364,51.360739,1.0,"The most horrible place to get service from. Zero ethics. They don't even know what responsibility is. Overall, if you want to get your nerves blown out, definitely give them a visit.",a year ago,سارا بهارلو,NULL,NULL,NULL,https://www.google.com/maps/place/%D8%AA%DB%8C%D9%BE%D8%A7%DA%A9%D8%B3+%D8%B4%D8%B9%D8%A8%D9%87+%DB%B1+%D9%86%D8%AC%D9%81+%D8%A2%D8%A8%D8%A7%D8%AF%E2%80%AD/data=!4m7!3m6!1s0x3fbdd5b27ab8bca7:0x6a3f3b2bcbc9e2b!8m2!3d32.6363364!4d51.360739!16s%2Fg%2F11jmwnwbls!19sChIJp7y4erLVvT8RK568vLLzowY?authuser=0&hl=en&rclk=1,2026-08-02T22:32:58.946152+00:00
242,google_maps,Tipax,تیپاکس ۱ نجف آباد,Riazi St، روبه روی حلال احمر,نجف آباد,32.6363364,51.360739,1.0,"Tipax Disgrace, Math Street, Najaf Abad Disgrace 1- Charging additional fees from customers by registering additional items (such as packaging costs) in the system. …",2 years ago,نام آشنا,NULL,NULL,NULL,https://www.google.com/maps/place/%D8%AA%DB%8C%D9%BE%D8%A7%DA%A9%D8%B3+%D8%B4%D8%B9%D8%A8%D9%87+%DB%B1+%D9%86%D8%AC%D9%81+%D8%A2%D8%A8%D8%A7%D8%AF%E2%80%AD/data=!4m7!3m6!1s0x3fbdd5b27ab8bca7:0x6a3f3b2bcbc9e2b!8m2!3d32.6363364!4d51.360739!16s%2Fg%2F11jmwnwbls!19sChIJp7y4erLVvT8RK568vLLzowY?authuser=0&hl=en&rclk=1,2026-08-02T22:32:58.946152+00:00
243,google_maps,Tipax,تیپاکس ۱ نجف آباد,Riazi St، روبه روی حلال احمر,نجف آباد,32.6363364,51.360739,1.0,"Very ridiculous The courier never came to the door, but they said the recipient was not present. They don't answer my phone at all. It's outrageous, it's outrageous.",8 months ago,Sa Kh,NULL,NULL,NULL,https://www.google.com/maps/place/%D8%AA%DB%8C%D9%BE%D8%A7%DA%A9%D8%B3+%D8%B4%D8%B9%D8%A8%D9%87+%DB%B1+%D9%86%D8%AC%D9%81+%D8%A2%D8%A8%D8%A7%D8%AF%E2%80%AD/data=!4m7!3m6!1s0x3fbdd5b27ab8bca7:0x6a3f3b2bcbc9e2b!8m2!3d32.6363364!4d51.360739!16s%2Fg%2F11jmwnwbls!19sChIJp7y4erLVvT8RK568vLLzowY?authuser=0&hl=en&rclk=1,2026-08-02T22:32:58.946152+00:00
244,google_maps,Tipax,تیپاکس ۱ نجف آباد,Riazi St، روبه روی حلال احمر,نجف آباد,32.6363364,51.360739,1.0,"What's the situation? The opening hours are until 11pm, but I went there twice a day and it was closed. Really? 😑 …",5 months ago,azam,NULL,NULL,NULL,https://www.google.com/maps/place/%D8%AA%DB%8C%D9%BE%D8%A7%DA%A9%D8%B3+%D8%B4%D8%B9%D8%A8%D9%87+%DB%B1+%D9%86%D8%AC%D9%81+%D8%A2%D8%A8%D8%A7%D8%AF%E2%80%AD/data=!4m7!3m6!1s0x3fbdd5b27ab8bca7:0x6a3f3b2bcbc9e2b!8m2!3d32.6363364!4d51.360739!16s%2Fg%2F11jmwnwbls!19sChIJp7y4erLVvT8RK568vLLzowY?authuser=0&hl=en&rclk=1,2026-08-02T22:32:58.946152+00:00
245,google_maps,Tipax,تیپاکس ۱ نجف آباد,Riazi St، روبه روی حلال احمر,نجف آباد,32.6363364,51.360739,5.0,"The package arrived late and was not delivered to the door at all, even though it was delivered to the door.",9 months ago,مریم عادل نیا,NULL,NULL,NULL,https://www.google.com/maps/place/%D8%AA%DB%8C%D9%BE%D8%A7%DA%A9%D8%B3+%D8%B4%D8%B9%D8%A8%D9%87+%DB%B1+%D9%86%D8%AC%D9%81+%D8%A2%D8%A8%D8%A7%D8%AF%E2%80%AD/data=!4m7!3m6!1s0x3fbdd5b27ab8bca7:0x6a3f3b2bcbc9e2b!8m2!3d32.6363364!4d51.360739!16s%2Fg%2F11jmwnwbls!19sChIJp7y4erLVvT8RK568vLLzowY?authuser=0&hl=en&rclk=1,2026-08-02T22:32:58.946152+00:00
246,google_maps,Tipax,تیپاکس آمل ۱۷شهریور - Amol Branch,ده متری اول,آمل,36.4683895,52.342006,1.0,"The worst tipax in the city, Amal. The agents charge a fee for delivery to your door, in addition to the shipping fee you pay. That's double the shipping fee you paid. It's theft.",11 months ago,meghdad shorcheh,NULL,NULL,NULL,https://www.google.com/maps/place/%D8%AA%DB%8C%D9%BE%D8%A7%DA%A9%D8%B3+%D8%A2%D9%85%D9%84+%DB%B1%DB%B7%D8%B4%D9%87%D8%B1%DB%8C%D9%88%D8%B1+-+Tipax+Amol+Branch%E2%80%AD/data=!4m7!3m6!1s0x3f8fa3dd59a3c6e3:0xccad3fb3bdcfc62d!8m2!3d36.4683895!4d52.342006!16s%2Fg%2F11rqlcz81c!19sChIJ48ajWd2jjz8RLcbPvbM_rcw?authuser=0&hl=en&rclk=1,2026-08-02T22:33:07.815035+00:00
247,google_maps,Tipax,تیپاکس آمل ۱۷شهریور - Amol Branch,ده متری اول,آمل,36.4683895,52.342006,1.0,"Everything is fine, but the delivery is up to God. If the vehicle is in the hands of the driver, it will take 3 to 6 days. They will only deliver it to you within the city.",7 months ago,Mahdi Karimi,NULL,NULL,NULL,https://www.google.com/maps/place/%D8%AA%DB%8C%D9%BE%D8%A7%DA%A9%D8%B3+%D8%A2%D9%85%D9%84+%DB%B1%DB%B7%D8%B4%D9%87%D8%B1%DB%8C%D9%88%D8%B1+-+Tipax+Amol+Branch%E2%80%AD/data=!4m7!3m6!1s0x3f8fa3dd59a3c6e3:0xccad3fb3bdcfc62d!8m2!3d36.4683895!4d52.342006!16s%2Fg%2F11rqlcz81c!19sChIJ48ajWd2jjz8RLcbPvbM_rcw?authuser=0&hl=en&rclk=1,2026-08-02T22:33:07.815035+00:00
248,google_maps,Tipax,تیپاکس آمل ۱۷شهریور - Amol Branch,ده متری اول,آمل,36.4683895,52.342006,5.0,The attitude of the staff and management is very satisfactory. May you always be full of joy.,5 months ago,tayabeh norani,NULL,NULL,NULL,https://www.google.com/maps/place/%D8%AA%DB%8C%D9%BE%D8%A7%DA%A9%D8%B3+%D8%A2%D9%85%D9%84+%DB%B1%DB%B7%D8%B4%D9%87%D8%B1%DB%8C%D9%88%D8%B1+-+Tipax+Amol+Branch%E2%80%AD/data=!4m7!3m6!1s0x3f8fa3dd59a3c6e3:0xccad3fb3bdcfc62d!8m2!3d36.4683895!4d52.342006!16s%2Fg%2F11rqlcz81c!19sChIJ48ajWd2jjz8RLcbPvbM_rcw?authuser=0&hl=en&rclk=1,2026-08-02T22:33:07.815035+00:00
249,google_maps,Tipax,تیپاکس آمل ۱۷شهریور - Amol Branch,ده متری اول,آمل,36.4683895,52.342006,5.0,"This is the best place in the world, only its senior managers, the top branch in Iran",2 years ago,mamal bahadori,NULL,NULL,NULL,https://www.google.com/maps/place/%D8%AA%DB%8C%D9%BE%D8%A7%DA%A9%D8%B3+%D8%A2%D9%85%D9%84+%DB%B1%DB%B7%D8%B4%D9%87%D8%B1%DB%8C%D9%88%D8%B1+-+Tipax+Amol+Branch%E2%80%AD/data=!4m7!3m6!1s0x3f8fa3dd59a3c6e3:0xccad3fb3bdcfc62d!8m2!3d36.4683895!4d52.342006!16s%2Fg%2F11rqlcz81c!19sChIJ48ajWd2jjz8RLcbPvbM_rcw?authuser=0&hl=en&rclk=1,2026-08-02T22:33:07.815035+00:00
250,google_maps,Tipax,تیپاکس آمل ۱۷شهریور - Amol Branch,ده متری اول,آمل,36.4683895,52.342006,5.0,Our packages have been delivered on time for the past year. Thank you.,2 years ago,Zohre 1386,NULL,NULL,NULL,https://www.google.com/maps/place/%D8%AA%DB%8C%D9%BE%D8%A7%DA%A9%D8%B3+%D8%A2%D9%85%D9%84+%DB%B1%DB%B7%D8%B4%D9%87%D8%B1%DB%8C%D9%88%D8%B1+-+Tipax+Amol+Branch%E2%80%AD/data=!4m7!3m6!1s0x3f8fa3dd59a3c6e3:0xccad3fb3bdcfc62d!8m2!3d36.4683895!4d52.342006!16s%2Fg%2F11rqlcz81c!19sChIJ48ajWd2jjz8RLcbPvbM_rcw?authuser=0&hl=en&rclk=1,2026-08-02T22:33:07.815035+00:00
251,google_maps,Tipax,تیپاکس آمل ۱۷شهریور - Amol Branch,ده متری اول,آمل,36.4683895,52.342006,5.0,Top branch in Iran with a wonderful and friendly work environment,2 years ago,hadi ebrahimi,NULL,NULL,NULL,https://www.google.com/maps/place/%D8%AA%DB%8C%D9%BE%D8%A7%DA%A9%D8%B3+%D8%A2%D9%85%D9%84+%DB%B1%DB%B7%D8%B4%D9%87%D8%B1%DB%8C%D9%88%D8%B1+-+Tipax+Amol+Branch%E2%80%AD/data=!4m7!3m6!1s0x3f8fa3dd59a3c6e3:0xccad3fb3bdcfc62d!8m2!3d36.4683895!4d52.342006!16s%2Fg%2F11rqlcz81c!19sChIJ48ajWd2jjz8RLcbPvbM_rcw?authuser=0&hl=en&rclk=1,2026-08-02T22:33:07.815035+00:00
252,google_maps,Tipax,تیپاکس آمل ۱۷شهریور - Amol Branch,ده متری اول,آمل,36.4683895,52.342006,5.0,"As a Tipax Yar, I have made good and dear friends in this group.",3 years ago,Rahim Safari,NULL,NULL,NULL,https://www.google.com/maps/place/%D8%AA%DB%8C%D9%BE%D8%A7%DA%A9%D8%B3+%D8%A2%D9%85%D9%84+%DB%B1%DB%B7%D8%B4%D9%87%D8%B1%DB%8C%D9%88%D8%B1+-+Tipax+Amol+Branch%E2%80%AD/data=!4m7!3m6!1s0x3f8fa3dd59a3c6e3:0xccad3fb3bdcfc62d!8m2!3d36.4683895!4d52.342006!16s%2Fg%2F11rqlcz81c!19sChIJ48ajWd2jjz8RLcbPvbM_rcw?authuser=0&hl=en&rclk=1,2026-08-02T22:33:07.815035+00:00
253,google_maps,Tipax,تیپاکس آمل ۱۷شهریور - Amol Branch,ده متری اول,آمل,36.4683895,52.342006,5.0,You are the best Tipax Amol representative Your heart is warm.,10 months ago,Pouriya Rouhi,NULL,NULL,NULL,https://www.google.com/maps/place/%D8%AA%DB%8C%D9%BE%D8%A7%DA%A9%D8%B3+%D8%A2%D9%85%D9%84+%DB%B1%DB%B7%D8%B4%D9%87%D8%B1%DB%8C%D9%88%D8%B1+-+Tipax+Amol+Branch%E2%80%AD/data=!4m7!3m6!1s0x3f8fa3dd59a3c6e3:0xccad3fb3bdcfc62d!8m2!3d36.4683895!4d52.342006!16s%2Fg%2F11rqlcz81c!19sChIJ48ajWd2jjz8RLcbPvbM_rcw?authuser=0&hl=en&rclk=1,2026-08-02T22:33:07.815035+00:00
254,google_maps,Tipax,تیپاکس آمل ۱۷شهریور - Amol Branch,ده متری اول,آمل,36.4683895,52.342006,5.0,I think this Tipax branch is amazing 🤩🤩🤩🤩 …,2 years ago,naghmeh ebrahimi,NULL,NULL,NULL,https://www.google.com/maps/place/%D8%AA%DB%8C%D9%BE%D8%A7%DA%A9%D8%B3+%D8%A2%D9%85%D9%84+%DB%B1%DB%B7%D8%B4%D9%87%D8%B1%DB%8C%D9%88%D8%B1+-+Tipax+Amol+Branch%E2%80%AD/data=!4m7!3m6!1s0x3f8fa3dd59a3c6e3:0xccad3fb3bdcfc62d!8m2!3d36.4683895!4d52.342006!16s%2Fg%2F11rqlcz81c!19sChIJ48ajWd2jjz8RLcbPvbM_rcw?authuser=0&hl=en&rclk=1,2026-08-02T22:33:07.815035+00:00
255,google_maps,Tipax,تیپاکس آمل ۱۷شهریور - Amol Branch,ده متری اول,آمل,36.4683895,52.342006,5.0,Good luck!,3 years ago,Mohammadreza Taghipour,NULL,NULL,NULL,https://www.google.com/maps/place/%D8%AA%DB%8C%D9%BE%D8%A7%DA%A9%D8%B3+%D8%A2%D9%85%D9%84+%DB%B1%DB%B7%D8%B4%D9%87%D8%B1%DB%8C%D9%88%D8%B1+-+Tipax+Amol+Branch%E2%80%AD/data=!4m7!3m6!1s0x3f8fa3dd59a3c6e3:0xccad3fb3bdcfc62d!8m2!3d36.4683895!4d52.342006!16s%2Fg%2F11rqlcz81c!19sChIJ48ajWd2jjz8RLcbPvbM_rcw?authuser=0&hl=en&rclk=1,2026-08-02T22:33:07.815035+00:00
256,google_maps,Tipax,تیپاکس آبشار (شرق اصفهان ),اصفهان,اصفهان,32.5737913,51.7543106,5.0,I just wish they would deliver the packages to your address.,10 months ago,Jalilsharif Sharif,NULL,NULL,NULL,https://www.google.com/maps/place/%D9%86%D9%85%D8%A7%DB%8C%D9%86%D8%AF%DA%AF%DB%8C+%D8%AA%DB%8C%D9%BE%D8%A7%DA%A9%D8%B3+%D8%A2%D8%A8%D8%B4%D8%A7%D8%B1+%28%D8%B4%D8%B1%D9%82+%D8%A7%D8%B5%D9%81%D9%87%D8%A7%D9%86+%29%E2%80%AD/data=!4m7!3m6!1s0x3fbc47001344beb1:0x8b31566ec8da6f55!8m2!3d32.5737913!4d51.7543106!16s%2Fg%2F11x7sslytn!19sChIJsb5EEwBHvD8RVW_ayG5WMYs?authuser=0&hl=en&rclk=1,2026-08-02T22:33:21.312767+00:00
257,google_maps,Tipax,تیپاکس آبشار (شرق اصفهان ),اصفهان,اصفهان,32.5737913,51.7543106,1.0,Extremely late delivery.,9 months ago,Tina T,NULL,NULL,NULL,https://www.google.com/maps/place/%D9%86%D9%85%D8%A7%DB%8C%D9%86%D8%AF%DA%AF%DB%8C+%D8%AA%DB%8C%D9%BE%D8%A7%DA%A9%D8%B3+%D8%A2%D8%A8%D8%B4%D8%A7%D8%B1+%28%D8%B4%D8%B1%D9%82+%D8%A7%D8%B5%D9%81%D9%87%D8%A7%D9%86+%29%E2%80%AD/data=!4m7!3m6!1s0x3fbc47001344beb1:0x8b31566ec8da6f55!8m2!3d32.5737913!4d51.7543106!16s%2Fg%2F11x7sslytn!19sChIJsb5EEwBHvD8RVW_ayG5WMYs?authuser=0&hl=en&rclk=1,2026-08-02T22:33:21.312767+00:00
258,google_maps,Tipax,تیپاکس فارابی شهرکرد,چهارمحال و بختیاری,اهر,32.3213931,50.8662207,1.0,"I will never use Tipax again under any circumstances. They only tell lies and, despite their exorbitant fees, they don't provide any proper service.",2 weeks ago,Okia Karimi,NULL,NULL,NULL,https://www.google.com/maps/place/%D8%AA%DB%8C%D9%BE%D8%A7%DA%A9%D8%B3+%D9%81%D8%A7%D8%B1%D8%A7%D8%A8%DB%8C+%D8%B4%D9%87%D8%B1%DA%A9%D8%B1%D8%AF%E2%80%AD/data=!4m7!3m6!1s0x3fbef10019a49065:0xccd137d121cb3872!8m2!3d32.3213931!4d50.8662207!16s%2Fg%2F11y54v8bcl!19sChIJZZCkGQDxvj8RcjjLIdE30cw?authuser=0&hl=en&rclk=1,2026-08-02T22:34:02.855623+00:00
259,google_maps,Tipax,تیپاکس فارابی شهرکرد,چهارمحال و بختیاری,اهر,32.3213931,50.8662207,1.0,"They don't have anything called door-to-door delivery, and they just say, ""We came to your house, we knocked on your door, but you weren't there.""",8 months ago,Nima Davoudian,NULL,NULL,NULL,https://www.google.com/maps/place/%D8%AA%DB%8C%D9%BE%D8%A7%DA%A9%D8%B3+%D9%81%D8%A7%D8%B1%D8%A7%D8%A8%DB%8C+%D8%B4%D9%87%D8%B1%DA%A9%D8%B1%D8%AF%E2%80%AD/data=!4m7!3m6!1s0x3fbef10019a49065:0xccd137d121cb3872!8m2!3d32.3213931!4d50.8662207!16s%2Fg%2F11y54v8bcl!19sChIJZZCkGQDxvj8RcjjLIdE30cw?authuser=0&hl=en&rclk=1,2026-08-02T22:34:02.855623+00:00
260,google_maps,Tipax,تیپاکس فارابی شهرکرد,چهارمحال و بختیاری,اهر,32.3213931,50.8662207,1.0,Hire someone to deliver the packages the same day you don't return them. You've had the same problem for a year.,a week ago,Porra,NULL,NULL,NULL,https://www.google.com/maps/place/%D8%AA%DB%8C%D9%BE%D8%A7%DA%A9%D8%B3+%D9%81%D8%A7%D8%B1%D8%A7%D8%A8%DB%8C+%D8%B4%D9%87%D8%B1%DA%A9%D8%B1%D8%AF%E2%80%AD/data=!4m7!3m6!1s0x3fbef10019a49065:0xccd137d121cb3872!8m2!3d32.3213931!4d50.8662207!16s%2Fg%2F11y54v8bcl!19sChIJZZCkGQDxvj8RcjjLIdE30cw?authuser=0&hl=en&rclk=1,2026-08-02T22:34:02.855623+00:00
261,google_maps,Tipax,تیپاکس فارابی شهرکرد,چهارمحال و بختیاری,اهر,32.3213931,50.8662207,1.0,Avoid Tipax as much as possible under all circumstances. It's awful in every way.,a year ago,Pouya Mahmoudi,NULL,NULL,NULL,https://www.google.com/maps/place/%D8%AA%DB%8C%D9%BE%D8%A7%DA%A9%D8%B3+%D9%81%D8%A7%D8%B1%D8%A7%D8%A8%DB%8C+%D8%B4%D9%87%D8%B1%DA%A9%D8%B1%D8%AF%E2%80%AD/data=!4m7!3m6!1s0x3fbef10019a49065:0xccd137d121cb3872!8m2!3d32.3213931!4d50.8662207!16s%2Fg%2F11y54v8bcl!19sChIJZZCkGQDxvj8RcjjLIdE30cw?authuser=0&hl=en&rclk=1,2026-08-02T22:34:02.855623+00:00
262,google_maps,Tipax,تیپاکس فارابی شهرکرد,چهارمحال و بختیاری,اهر,32.3213931,50.8662207,5.0,"Mr. Goodarzi, your work is excellent.",a year ago,Dj Milad1,NULL,NULL,NULL,https://www.google.com/maps/place/%D8%AA%DB%8C%D9%BE%D8%A7%DA%A9%D8%B3+%D9%81%D8%A7%D8%B1%D8%A7%D8%A8%DB%8C+%D8%B4%D9%87%D8%B1%DA%A9%D8%B1%D8%AF%E2%80%AD/data=!4m7!3m6!1s0x3fbef10019a49065:0xccd137d121cb3872!8m2!3d32.3213931!4d50.8662207!16s%2Fg%2F11y54v8bcl!19sChIJZZCkGQDxvj8RcjjLIdE30cw?authuser=0&hl=en&rclk=1,2026-08-02T22:34:02.855623+00:00
263,google_maps,Tipax,تیپاکس فارابی شهرکرد,چهارمحال و بختیاری,اهر,32.3213931,50.8662207,1.0,The phone is not answering.,7 months ago,amin hashemi,NULL,NULL,NULL,https://www.google.com/maps/place/%D8%AA%DB%8C%D9%BE%D8%A7%DA%A9%D8%B3+%D9%81%D8%A7%D8%B1%D8%A7%D8%A8%DB%8C+%D8%B4%D9%87%D8%B1%DA%A9%D8%B1%D8%AF%E2%80%AD/data=!4m7!3m6!1s0x3fbef10019a49065:0xccd137d121cb3872!8m2!3d32.3213931!4d50.8662207!16s%2Fg%2F11y54v8bcl!19sChIJZZCkGQDxvj8RcjjLIdE30cw?authuser=0&hl=en&rclk=1,2026-08-02T22:34:02.855623+00:00
264,google_maps,Tipax,تیپاکس ملک شهر,اصفهان,اصفهان,32.7286724,51.6569259,1.0,Goods arrive faster from the moon than with Tipax.... Terrible.. You need to change your perception of terrible... Giving them the worst service model is not enough.,4 years ago,GH Reza Khoshdel,NULL,NULL,NULL,https://www.google.com/maps/place/%D8%AA%DB%8C%D9%BE%D8%A7%DA%A9%D8%B3+%D9%85%D9%84%DA%A9%E2%80%8C%D8%B4%D9%87%D8%B1%E2%80%AD/data=!4m7!3m6!1s0x3fbdcbd8f4c1769f:0xd433cb925c1cdcf3!8m2!3d32.7286724!4d51.6569259!16s%2Fg%2F11k6hwnp1c!19sChIJn3bB9NjLvT8R89wcXJLLM9Q?authuser=0&hl=en&rclk=1,2026-08-02T22:34:11.887647+00:00
265,google_maps,Tipax,تیپاکس ملک شهر,اصفهان,اصفهان,32.7286724,51.6569259,1.0,"Why don't you answer? If I was going to send it from the moon, it wouldn't have taken so long.",2 years ago,Mohadeseh Matturi,NULL,NULL,NULL,https://www.google.com/maps/place/%D8%AA%DB%8C%D9%BE%D8%A7%DA%A9%D8%B3+%D9%85%D9%84%DA%A9%E2%80%8C%D8%B4%D9%87%D8%B1%E2%80%AD/data=!4m7!3m6!1s0x3fbdcbd8f4c1769f:0xd433cb925c1cdcf3!8m2!3d32.7286724!4d51.6569259!16s%2Fg%2F11k6hwnp1c!19sChIJn3bB9NjLvT8R89wcXJLLM9Q?authuser=0&hl=en&rclk=1,2026-08-02T22:34:11.887647+00:00
266,google_maps,Tipax,تیپاکس ملک شهر,اصفهان,اصفهان,32.7286724,51.6569259,1.0,Why don't you use a landline phone? Maybe someone won't be able to come and call.,3 years ago,alireza raisi,NULL,NULL,NULL,https://www.google.com/maps/place/%D8%AA%DB%8C%D9%BE%D8%A7%DA%A9%D8%B3+%D9%85%D9%84%DA%A9%E2%80%8C%D8%B4%D9%87%D8%B1%E2%80%AD/data=!4m7!3m6!1s0x3fbdcbd8f4c1769f:0xd433cb925c1cdcf3!8m2!3d32.7286724!4d51.6569259!16s%2Fg%2F11k6hwnp1c!19sChIJn3bB9NjLvT8R89wcXJLLM9Q?authuser=0&hl=en&rclk=1,2026-08-02T22:34:11.887647+00:00
267,google_maps,Tipax,تیپاکس ملک شهر,اصفهان,اصفهان,32.7286724,51.6569259,1.0,They don't answer the phone or take care of anything. Shut up and sit back.,2 years ago,sodabeh mirzaie,NULL,NULL,NULL,https://www.google.com/maps/place/%D8%AA%DB%8C%D9%BE%D8%A7%DA%A9%D8%B3+%D9%85%D9%84%DA%A9%E2%80%8C%D8%B4%D9%87%D8%B1%E2%80%AD/data=!4m7!3m6!1s0x3fbdcbd8f4c1769f:0xd433cb925c1cdcf3!8m2!3d32.7286724!4d51.6569259!16s%2Fg%2F11k6hwnp1c!19sChIJn3bB9NjLvT8R89wcXJLLM9Q?authuser=0&hl=en&rclk=1,2026-08-02T22:34:11.887647+00:00
268,google_maps,Tipax,تیپاکس ملک شهر,اصفهان,اصفهان,32.7286724,51.6569259,5.0,They have a very terrible attitude.,2 months ago,Ghazal Ahmadi,NULL,NULL,NULL,https://www.google.com/maps/place/%D8%AA%DB%8C%D9%BE%D8%A7%DA%A9%D8%B3+%D9%85%D9%84%DA%A9%E2%80%8C%D8%B4%D9%87%D8%B1%E2%80%AD/data=!4m7!3m6!1s0x3fbdcbd8f4c1769f:0xd433cb925c1cdcf3!8m2!3d32.7286724!4d51.6569259!16s%2Fg%2F11k6hwnp1c!19sChIJn3bB9NjLvT8R89wcXJLLM9Q?authuser=0&hl=en&rclk=1,2026-08-02T22:34:11.887647+00:00
269,google_maps,Tipax,تیپاکس ملک شهر,اصفهان,اصفهان,32.7286724,51.6569259,5.0,Very friendly and polite employees.,3 years ago,Ahmadreza Seif,NULL,NULL,NULL,https://www.google.com/maps/place/%D8%AA%DB%8C%D9%BE%D8%A7%DA%A9%D8%B3+%D9%85%D9%84%DA%A9%E2%80%8C%D8%B4%D9%87%D8%B1%E2%80%AD/data=!4m7!3m6!1s0x3fbdcbd8f4c1769f:0xd433cb925c1cdcf3!8m2!3d32.7286724!4d51.6569259!16s%2Fg%2F11k6hwnp1c!19sChIJn3bB9NjLvT8R89wcXJLLM9Q?authuser=0&hl=en&rclk=1,2026-08-02T22:34:11.887647+00:00
270,google_maps,Tipax,تیپاکس ملک شهر,اصفهان,اصفهان,32.7286724,51.6569259,5.0,God willing.. the cartoon is great.,3 years ago,Amirhossein,NULL,NULL,NULL,https://www.google.com/maps/place/%D8%AA%DB%8C%D9%BE%D8%A7%DA%A9%D8%B3+%D9%85%D9%84%DA%A9%E2%80%8C%D8%B4%D9%87%D8%B1%E2%80%AD/data=!4m7!3m6!1s0x3fbdcbd8f4c1769f:0xd433cb925c1cdcf3!8m2!3d32.7286724!4d51.6569259!16s%2Fg%2F11k6hwnp1c!19sChIJn3bB9NjLvT8R89wcXJLLM9Q?authuser=0&hl=en&rclk=1,2026-08-02T22:34:11.887647+00:00
271,google_maps,Tipax,تیپاکس ملک شهر,اصفهان,اصفهان,32.7286724,51.6569259,1.0,Disgusting,a year ago,ha ba,NULL,NULL,NULL,https://www.google.com/maps/place/%D8%AA%DB%8C%D9%BE%D8%A7%DA%A9%D8%B3+%D9%85%D9%84%DA%A9%E2%80%8C%D8%B4%D9%87%D8%B1%E2%80%AD/data=!4m7!3m6!1s0x3fbdcbd8f4c1769f:0xd433cb925c1cdcf3!8m2!3d32.7286724!4d51.6569259!16s%2Fg%2F11k6hwnp1c!19sChIJn3bB9NjLvT8R89wcXJLLM9Q?authuser=0&hl=en&rclk=1,2026-08-02T22:34:11.887647+00:00
272,google_maps,Tipax,تیپاکس ملک شهر,اصفهان,اصفهان,32.7286724,51.6569259,5.0,Excellent,8 months ago,Alireza Davari,NULL,NULL,NULL,https://www.google.com/maps/place/%D8%AA%DB%8C%D9%BE%D8%A7%DA%A9%D8%B3+%D9%85%D9%84%DA%A9%E2%80%8C%D8%B4%D9%87%D8%B1%E2%80%AD/data=!4m7!3m6!1s0x3fbdcbd8f4c1769f:0xd433cb925c1cdcf3!8m2!3d32.7286724!4d51.6569259!16s%2Fg%2F11k6hwnp1c!19sChIJn3bB9NjLvT8R89wcXJLLM9Q?authuser=0&hl=en&rclk=1,2026-08-02T22:34:11.887647+00:00
273,google_maps,Tipax,تیپاکس ملک شهر,اصفهان,اصفهان,32.7286724,51.6569259,1.0,Scandal,2 weeks ago,M Mr,NULL,NULL,NULL,https://www.google.com/maps/place/%D8%AA%DB%8C%D9%BE%D8%A7%DA%A9%D8%B3+%D9%85%D9%84%DA%A9%E2%80%8C%D8%B4%D9%87%D8%B1%E2%80%AD/data=!4m7!3m6!1s0x3fbdcbd8f4c1769f:0xd433cb925c1cdcf3!8m2!3d32.7286724!4d51.6569259!16s%2Fg%2F11k6hwnp1c!19sChIJn3bB9NjLvT8R89wcXJLLM9Q?authuser=0&hl=en&rclk=1,2026-08-02T22:34:11.887647+00:00
274,google_maps,Tipax,تیپاکس کاشان مشفق,اصفهان,اصفهان,33.9905463,51.4567972,5.0,Unresponsive employees unfamiliar with the principle of customer service,a month ago,Gholamreza Gerami,NULL,NULL,NULL,https://www.google.com/maps/place/%D8%AA%DB%8C%D9%BE%D8%A7%DA%A9%D8%B3+%DA%A9%D8%A7%D8%B4%D8%A7%D9%86+%D8%B4%D8%B9%D8%A8%D9%87+%D9%85%D8%B4%D9%81%D9%82%E2%80%AD/data=!4m7!3m6!1s0x3f96850045bf7447:0xb22a1bac40010b47!8m2!3d33.9905463!4d51.4567972!16s%2Fg%2F11wxmchxcr!19sChIJR3S_RQCFlj8RRwsBQKwbKrI?authuser=0&hl=en&rclk=1,2026-08-02T22:34:20.460124+00:00
275,google_maps,Tipax,تیپاکس کاشان مشفق,اصفهان,اصفهان,33.9905463,51.4567972,1.0,Irregular working hours,a year ago,mohammad banihashemi,NULL,NULL,NULL,https://www.google.com/maps/place/%D8%AA%DB%8C%D9%BE%D8%A7%DA%A9%D8%B3+%DA%A9%D8%A7%D8%B4%D8%A7%D9%86+%D8%B4%D8%B9%D8%A8%D9%87+%D9%85%D8%B4%D9%81%D9%82%E2%80%AD/data=!4m7!3m6!1s0x3f96850045bf7447:0xb22a1bac40010b47!8m2!3d33.9905463!4d51.4567972!16s%2Fg%2F11wxmchxcr!19sChIJR3S_RQCFlj8RRwsBQKwbKrI?authuser=0&hl=en&rclk=1,2026-08-02T22:34:20.460124+00:00
276,google_maps,Tipax,تیپاکس کاشان مشفق,اصفهان,اصفهان,33.9905463,51.4567972,1.0,Really bad and awful.,8 months ago,kolorado,NULL,NULL,NULL,https://www.google.com/maps/place/%D8%AA%DB%8C%D9%BE%D8%A7%DA%A9%D8%B3+%DA%A9%D8%A7%D8%B4%D8%A7%D9%86+%D8%B4%D8%B9%D8%A8%D9%87+%D9%85%D8%B4%D9%81%D9%82%E2%80%AD/data=!4m7!3m6!1s0x3f96850045bf7447:0xb22a1bac40010b47!8m2!3d33.9905463!4d51.4567972!16s%2Fg%2F11wxmchxcr!19sChIJR3S_RQCFlj8RRwsBQKwbKrI?authuser=0&hl=en&rclk=1,2026-08-02T22:34:20.460124+00:00
277,google_maps,Tipax,تیپاکس کاشان مشفق,اصفهان,اصفهان,33.9905463,51.4567972,1.0,The most absurd,10 months ago,محمد صداقتی,NULL,NULL,NULL,https://www.google.com/maps/place/%D8%AA%DB%8C%D9%BE%D8%A7%DA%A9%D8%B3+%DA%A9%D8%A7%D8%B4%D8%A7%D9%86+%D8%B4%D8%B9%D8%A8%D9%87+%D9%85%D8%B4%D9%81%D9%82%E2%80%AD/data=!4m7!3m6!1s0x3f96850045bf7447:0xb22a1bac40010b47!8m2!3d33.9905463!4d51.4567972!16s%2Fg%2F11wxmchxcr!19sChIJR3S_RQCFlj8RRwsBQKwbKrI?authuser=0&hl=en&rclk=1,2026-08-02T22:34:20.460124+00:00
278,google_maps,Tipax,تیپاکس کاشان مشفق,اصفهان,اصفهان,33.9905463,51.4567972,5.0,Excellent,8 months ago,Farshid Alkoziy,NULL,NULL,NULL,https://www.google.com/maps/place/%D8%AA%DB%8C%D9%BE%D8%A7%DA%A9%D8%B3+%DA%A9%D8%A7%D8%B4%D8%A7%D9%86+%D8%B4%D8%B9%D8%A8%D9%87+%D9%85%D8%B4%D9%81%D9%82%E2%80%AD/data=!4m7!3m6!1s0x3f96850045bf7447:0xb22a1bac40010b47!8m2!3d33.9905463!4d51.4567972!16s%2Fg%2F11wxmchxcr!19sChIJR3S_RQCFlj8RRwsBQKwbKrI?authuser=0&hl=en&rclk=1,2026-08-02T22:34:20.460124+00:00
279,google_maps,Tipax,تیپاکس شهرک صنعتی,یزد,NULL,31.8908236,54.2337107,4.0,Good customer service,7 months ago,Mostafa Aref,NULL,NULL,NULL,https://www.google.com/maps/place/%D8%AA%DB%8C%D9%BE%D8%A7%DA%A9%D8%B3+%D8%B4%D9%87%D8%B1%DA%A9+%D8%B5%D9%86%D8%B9%D8%AA%DB%8C+Tipax%E2%80%AD/data=!4m7!3m6!1s0x3fa60f7e3c45d537:0xbc634ca312713ddb!8m2!3d31.8908236!4d54.2337107!16s%2Fg%2F11pzg3bg2d!19sChIJN9VFPH4Ppj8R2z1xEqNMY7w?authuser=0&hl=en&rclk=1,2026-08-02T22:34:37.546972+00:00
280,google_maps,Tipax,تیپاکس عبدالرزاق,اصفهان,اصفهان,32.6705398,51.6896711,1.0,"Very disorganized and lacking commitment. The post office is supposed to deliver the package to your door, but Tipax only calls you once and if you are not available, it sends a message. The package is sent to your door a second time. Then …",a month ago,Mary mgh,NULL,NULL,NULL,https://www.google.com/maps/place/%D8%AA%DB%8C%D9%BE%D8%A7%DA%A9%D8%B3+%D8%B4%D8%B9%D8%A8%D9%87+%D8%B9%D8%A8%D8%AF%D8%A7%D9%84%D8%B1%D8%B2%D8%A7%D9%82%E2%80%AD/data=!4m7!3m6!1s0x3fbc4b0046a96add:0x30d422b882e5aabe!8m2!3d32.6705398!4d51.6896711!16s%2Fg%2F11wbvzrssv!19sChIJ3WqpRgBLvD8Rvqrlgrgi1DA?authuser=0&hl=en&rclk=1,2026-08-02T22:34:46.052972+00:00
281,google_maps,Tipax,تیپاکس کاشان امیرکبیر,اصفهان,اصفهان,33.9819206,51.421731,1.0,"I really don't know what the head office was thinking when they chose this horrible agency for Kashan. They put a false report on the site that the package will be returned because the recipient refused to deliver it. When you follow up, they are not responsive. They don't answer the phone at all. You have to come in person to pick up the package. 👎👎👎👎",10 months ago,Amirali Erami,NULL,NULL,NULL,https://www.google.com/maps/place/%D9%86%D9%85%D8%A7%DB%8C%D9%86%D8%AF%DA%AF%DB%8C+%D8%AA%DB%8C%D9%BE%D8%A7%DA%A9%D8%B3+%DA%A9%D8%A7%D8%B4%D8%A7%D9%86+%D8%A7%D9%85%DB%8C%D8%B1%DA%A9%D8%A8%DB%8C%D8%B1%E2%80%AD/data=!4m7!3m6!1s0x3f96834966198863:0xd91ebbd2779319f1!8m2!3d33.9819206!4d51.421731!16s%2Fg%2F11ncb7nf76!19sChIJY4gZZkmDlj8R8RmTd9K7Htk?authuser=0&hl=en&rclk=1,2026-08-02T22:34:54.761180+00:00
282,google_maps,Tipax,تیپاکس کاشان امیرکبیر,اصفهان,اصفهان,33.9819206,51.421731,1.0,"As always, it is unfortunate, the broken Pyrex teapot in the previous order and in the most recent order, the status of my Tipax tracking page was listed as the recipient refused to deliver and sent a text message to come and pick up the …",11 months ago,yas yasi,NULL,NULL,NULL,https://www.google.com/maps/place/%D9%86%D9%85%D8%A7%DB%8C%D9%86%D8%AF%DA%AF%DB%8C+%D8%AA%DB%8C%D9%BE%D8%A7%DA%A9%D8%B3+%DA%A9%D8%A7%D8%B4%D8%A7%D9%86+%D8%A7%D9%85%DB%8C%D8%B1%DA%A9%D8%A8%DB%8C%D8%B1%E2%80%AD/data=!4m7!3m6!1s0x3f96834966198863:0xd91ebbd2779319f1!8m2!3d33.9819206!4d51.421731!16s%2Fg%2F11ncb7nf76!19sChIJY4gZZkmDlj8R8RmTd9K7Htk?authuser=0&hl=en&rclk=1,2026-08-02T22:34:54.761180+00:00
283,google_maps,Tipax,تیپاکس کاشان امیرکبیر,اصفهان,اصفهان,33.9819206,51.421731,1.0,"As always, you have to prove your stupidity, you brought a broken load and you won't accept it in any way.",a year ago,Maryam Abootorabi,NULL,NULL,NULL,https://www.google.com/maps/place/%D9%86%D9%85%D8%A7%DB%8C%D9%86%D8%AF%DA%AF%DB%8C+%D8%AA%DB%8C%D9%BE%D8%A7%DA%A9%D8%B3+%DA%A9%D8%A7%D8%B4%D8%A7%D9%86+%D8%A7%D9%85%DB%8C%D8%B1%DA%A9%D8%A8%DB%8C%D8%B1%E2%80%AD/data=!4m7!3m6!1s0x3f96834966198863:0xd91ebbd2779319f1!8m2!3d33.9819206!4d51.421731!16s%2Fg%2F11ncb7nf76!19sChIJY4gZZkmDlj8R8RmTd9K7Htk?authuser=0&hl=en&rclk=1,2026-08-02T22:34:54.761180+00:00
284,google_maps,Tipax,تیپاکس کاشان امیرکبیر,اصفهان,اصفهان,33.9819206,51.421731,1.0,"The phone is not answering The mobile number is written incorrectly, another code will be sent.",a year ago,ابراهیم رحیمی,NULL,NULL,NULL,https://www.google.com/maps/place/%D9%86%D9%85%D8%A7%DB%8C%D9%86%D8%AF%DA%AF%DB%8C+%D8%AA%DB%8C%D9%BE%D8%A7%DA%A9%D8%B3+%DA%A9%D8%A7%D8%B4%D8%A7%D9%86+%D8%A7%D9%85%DB%8C%D8%B1%DA%A9%D8%A8%DB%8C%D8%B1%E2%80%AD/data=!4m7!3m6!1s0x3f96834966198863:0xd91ebbd2779319f1!8m2!3d33.9819206!4d51.421731!16s%2Fg%2F11ncb7nf76!19sChIJY4gZZkmDlj8R8RmTd9K7Htk?authuser=0&hl=en&rclk=1,2026-08-02T22:34:54.761180+00:00
285,google_maps,Tipax,تیپاکس کاشان امیرکبیر,اصفهان,اصفهان,33.9819206,51.421731,1.0,Tipax itself does not deliver the package and we must go in person to receive the package.,11 months ago,Aliasghar Batmane,NULL,NULL,NULL,https://www.google.com/maps/place/%D9%86%D9%85%D8%A7%DB%8C%D9%86%D8%AF%DA%AF%DB%8C+%D8%AA%DB%8C%D9%BE%D8%A7%DA%A9%D8%B3+%DA%A9%D8%A7%D8%B4%D8%A7%D9%86+%D8%A7%D9%85%DB%8C%D8%B1%DA%A9%D8%A8%DB%8C%D8%B1%E2%80%AD/data=!4m7!3m6!1s0x3f96834966198863:0xd91ebbd2779319f1!8m2!3d33.9819206!4d51.421731!16s%2Fg%2F11ncb7nf76!19sChIJY4gZZkmDlj8R8RmTd9K7Htk?authuser=0&hl=en&rclk=1,2026-08-02T22:34:54.761180+00:00
286,google_maps,Tipax,تیپاکس کاشان امیرکبیر,اصفهان,اصفهان,33.9819206,51.421731,1.0,"I hope you never need a tea box. They are very, very irresponsible.",a year ago,ARES xHx_,NULL,NULL,NULL,https://www.google.com/maps/place/%D9%86%D9%85%D8%A7%DB%8C%D9%86%D8%AF%DA%AF%DB%8C+%D8%AA%DB%8C%D9%BE%D8%A7%DA%A9%D8%B3+%DA%A9%D8%A7%D8%B4%D8%A7%D9%86+%D8%A7%D9%85%DB%8C%D8%B1%DA%A9%D8%A8%DB%8C%D8%B1%E2%80%AD/data=!4m7!3m6!1s0x3f96834966198863:0xd91ebbd2779319f1!8m2!3d33.9819206!4d51.421731!16s%2Fg%2F11ncb7nf76!19sChIJY4gZZkmDlj8R8RmTd9K7Htk?authuser=0&hl=en&rclk=1,2026-08-02T22:34:54.761180+00:00
287,google_maps,Tipax,تیپاکس کاشان امیرکبیر,اصفهان,اصفهان,33.9819206,51.421731,2.0,It was interesting that I was able to find the closest Tipax.,4 years ago,عباس محبی دوست,NULL,NULL,NULL,https://www.google.com/maps/place/%D9%86%D9%85%D8%A7%DB%8C%D9%86%D8%AF%DA%AF%DB%8C+%D8%AA%DB%8C%D9%BE%D8%A7%DA%A9%D8%B3+%DA%A9%D8%A7%D8%B4%D8%A7%D9%86+%D8%A7%D9%85%DB%8C%D8%B1%DA%A9%D8%A8%DB%8C%D8%B1%E2%80%AD/data=!4m7!3m6!1s0x3f96834966198863:0xd91ebbd2779319f1!8m2!3d33.9819206!4d51.421731!16s%2Fg%2F11ncb7nf76!19sChIJY4gZZkmDlj8R8RmTd9K7Htk?authuser=0&hl=en&rclk=1,2026-08-02T22:34:54.761180+00:00
288,google_maps,Tipax,تیپاکس کاشان امیرکبیر,اصفهان,اصفهان,33.9819206,51.421731,1.0,"Extremely poor, poor responsiveness, non-delivery of goods",5 years ago,Alireza Mehdizadeh,NULL,NULL,NULL,https://www.google.com/maps/place/%D9%86%D9%85%D8%A7%DB%8C%D9%86%D8%AF%DA%AF%DB%8C+%D8%AA%DB%8C%D9%BE%D8%A7%DA%A9%D8%B3+%DA%A9%D8%A7%D8%B4%D8%A7%D9%86+%D8%A7%D9%85%DB%8C%D8%B1%DA%A9%D8%A8%DB%8C%D8%B1%E2%80%AD/data=!4m7!3m6!1s0x3f96834966198863:0xd91ebbd2779319f1!8m2!3d33.9819206!4d51.421731!16s%2Fg%2F11ncb7nf76!19sChIJY4gZZkmDlj8R8RmTd9K7Htk?authuser=0&hl=en&rclk=1,2026-08-02T22:34:54.761180+00:00
289,google_maps,Tipax,تیپاکس کاشان امیرکبیر,اصفهان,اصفهان,33.9819206,51.421731,1.0,Terrible phone answering,a year ago,Fereshteh Fatahi,NULL,NULL,NULL,https://www.google.com/maps/place/%D9%86%D9%85%D8%A7%DB%8C%D9%86%D8%AF%DA%AF%DB%8C+%D8%AA%DB%8C%D9%BE%D8%A7%DA%A9%D8%B3+%DA%A9%D8%A7%D8%B4%D8%A7%D9%86+%D8%A7%D9%85%DB%8C%D8%B1%DA%A9%D8%A8%DB%8C%D8%B1%E2%80%AD/data=!4m7!3m6!1s0x3f96834966198863:0xd91ebbd2779319f1!8m2!3d33.9819206!4d51.421731!16s%2Fg%2F11ncb7nf76!19sChIJY4gZZkmDlj8R8RmTd9K7Htk?authuser=0&hl=en&rclk=1,2026-08-02T22:34:54.761180+00:00
290,google_maps,Tipax,تیپاکس صنعت,اصفهان,اصفهان,32.3937765,51.3675173,1.0,Inappropriate treatment. Very awful. One star was too much. They are not working. The best Tipax Zarrinshahr Tipax Zinderod,a year ago,ahura Ziyayi,NULL,NULL,NULL,https://www.google.com/maps/place/Tipax+%D8%AA%DB%8C%D9%BE%D8%A7%DA%A9%D8%B3+%D8%B4%D8%B9%D8%A8%D9%87+%D8%B5%D9%86%D8%B9%D8%AA%E2%80%AD/data=!4m7!3m6!1s0x3fbc27000d08e30f:0x4faaf85c89c9c45c!8m2!3d32.3937765!4d51.3675173!16s%2Fg%2F11w_p9bqdl!19sChIJD-MIDQAnvD8RXMTJiVz4qk8?authuser=0&hl=en&rclk=1,2026-08-02T22:35:03.271226+00:00
291,google_maps,Tipax,تیپاکس چهلستون,اصفهان,اصفهان,32.6523168,51.6825743,5.0,"One of the best Tipax representatives, Mr. Ghorbani, with good intentions and honest work 👌🏻 …",5 months ago,Majid Salimian,NULL,NULL,NULL,https://www.google.com/maps/place/%D8%AA%DB%8C%D9%BE%D8%A7%DA%A9%D8%B3+%DA%86%D9%87%D9%84%D8%B3%D8%AA%D9%88%D9%86%E2%80%AD/data=!4m7!3m6!1s0x3fbc35003d92f775:0x555db6710ee0d624!8m2!3d32.6523168!4d51.6825743!16s%2Fg%2F11ww4z9z0g!19sChIJdfeSPQA1vD8RJNbgDnG2XVU?authuser=0&hl=en&rclk=1,2026-08-02T22:35:25.436808+00:00
292,google_maps,Tipax,تیپاکس فاطمی,تهران,تهران,35.7185111,51.397011,5.0,"Many thanks to the Tipax Amirabad agency for the fast and timely delivery of the packages and, most importantly, the safety of the packages in the storage and delivery of the packages. Special thanks to Mr. Keyvan for his kind treatment 🙏❤❤❤ …",4 years ago,Arsalan Komatsu,NULL,NULL,NULL,https://www.google.com/maps/place/%D8%AA%DB%8C%D9%BE%D8%A7%DA%A9%D8%B3+%D9%81%D8%A7%D8%B7%D9%85%DB%8C%E2%80%AD/data=!4m7!3m6!1s0x3f8e01005b220087:0x231ac2ae791b2e4!8m2!3d35.7185111!4d51.397011!16s%2Fg%2F11w3rdvw6x!19sChIJhwAiWwABjj8R5LKR5yqsMQI?authuser=0&hl=en&rclk=1,2026-08-02T22:35:34.412892+00:00
293,google_maps,Tipax,تیپاکس فاطمی,تهران,تهران,35.7185111,51.397011,5.0,"I am sending my package from T-Pax Fatemi branch, whose office has now moved to Amirabad, thank you to the experienced staff.",4 years ago,afsaneh houbreh,NULL,NULL,NULL,https://www.google.com/maps/place/%D8%AA%DB%8C%D9%BE%D8%A7%DA%A9%D8%B3+%D9%81%D8%A7%D8%B7%D9%85%DB%8C%E2%80%AD/data=!4m7!3m6!1s0x3f8e01005b220087:0x231ac2ae791b2e4!8m2!3d35.7185111!4d51.397011!16s%2Fg%2F11w3rdvw6x!19sChIJhwAiWwABjj8R5LKR5yqsMQI?authuser=0&hl=en&rclk=1,2026-08-02T22:35:34.412892+00:00
294,google_maps,Tipax,تیپاکس فاطمی,تهران,تهران,35.7185111,51.397011,1.0,They are very poor. They charged me for the package but then cancelled it and re-registered it so I had to pay again.,4 years ago,Maryam Pourabbas,NULL,NULL,NULL,https://www.google.com/maps/place/%D8%AA%DB%8C%D9%BE%D8%A7%DA%A9%D8%B3+%D9%81%D8%A7%D8%B7%D9%85%DB%8C%E2%80%AD/data=!4m7!3m6!1s0x3f8e01005b220087:0x231ac2ae791b2e4!8m2!3d35.7185111!4d51.397011!16s%2Fg%2F11w3rdvw6x!19sChIJhwAiWwABjj8R5LKR5yqsMQI?authuser=0&hl=en&rclk=1,2026-08-02T22:35:34.412892+00:00
295,google_maps,Tipax,تیپاکس فاطمی,تهران,تهران,35.7185111,51.397011,5.0,Do not confuse Tipax Amirabad with Tipax Fatemi. Tipax Amirabad does not have any other branches.,4 years ago,Mohammad Sadeghipanah,NULL,NULL,NULL,https://www.google.com/maps/place/%D8%AA%DB%8C%D9%BE%D8%A7%DA%A9%D8%B3+%D9%81%D8%A7%D8%B7%D9%85%DB%8C%E2%80%AD/data=!4m7!3m6!1s0x3f8e01005b220087:0x231ac2ae791b2e4!8m2!3d35.7185111!4d51.397011!16s%2Fg%2F11w3rdvw6x!19sChIJhwAiWwABjj8R5LKR5yqsMQI?authuser=0&hl=en&rclk=1,2026-08-02T22:35:34.412892+00:00
296,google_maps,Tipax,تیپاکس فاطمی,تهران,تهران,35.7185111,51.397011,5.0,"How good that another Tipax neighborhood, Amirabad Shahbeh, was opened. Thank you Tipax.",4 years ago,iman derakhsh,NULL,NULL,NULL,https://www.google.com/maps/place/%D8%AA%DB%8C%D9%BE%D8%A7%DA%A9%D8%B3+%D9%81%D8%A7%D8%B7%D9%85%DB%8C%E2%80%AD/data=!4m7!3m6!1s0x3f8e01005b220087:0x231ac2ae791b2e4!8m2!3d35.7185111!4d51.397011!16s%2Fg%2F11w3rdvw6x!19sChIJhwAiWwABjj8R5LKR5yqsMQI?authuser=0&hl=en&rclk=1,2026-08-02T22:35:34.412892+00:00
297,google_maps,Tipax,تیپاکس فاطمی,تهران,تهران,35.7185111,51.397011,4.0,It is considered the best Tipax branch in Tehran. They are organized and friendly.,3 years ago,Ѧli,NULL,NULL,NULL,https://www.google.com/maps/place/%D8%AA%DB%8C%D9%BE%D8%A7%DA%A9%D8%B3+%D9%81%D8%A7%D8%B7%D9%85%DB%8C%E2%80%AD/data=!4m7!3m6!1s0x3f8e01005b220087:0x231ac2ae791b2e4!8m2!3d35.7185111!4d51.397011!16s%2Fg%2F11w3rdvw6x!19sChIJhwAiWwABjj8R5LKR5yqsMQI?authuser=0&hl=en&rclk=1,2026-08-02T22:35:34.412892+00:00
298,google_maps,Tipax,تیپاکس فاطمی,تهران,تهران,35.7185111,51.397011,4.0,"Kind of small, locally owned. But they get the job done and are very friendly",4 years ago,Amirhossein Aein,NULL,NULL,NULL,https://www.google.com/maps/place/%D8%AA%DB%8C%D9%BE%D8%A7%DA%A9%D8%B3+%D9%81%D8%A7%D8%B7%D9%85%DB%8C%E2%80%AD/data=!4m7!3m6!1s0x3f8e01005b220087:0x231ac2ae791b2e4!8m2!3d35.7185111!4d51.397011!16s%2Fg%2F11w3rdvw6x!19sChIJhwAiWwABjj8R5LKR5yqsMQI?authuser=0&hl=en&rclk=1,2026-08-02T22:35:34.412892+00:00
299,google_maps,Tipax,تیپاکس فاطمی,تهران,تهران,35.7185111,51.397011,5.0,"Since this branch was opened, sending our packages has become much easier.",4 years ago,Arezoo Azari,NULL,NULL,NULL,https://www.google.com/maps/place/%D8%AA%DB%8C%D9%BE%D8%A7%DA%A9%D8%B3+%D9%81%D8%A7%D8%B7%D9%85%DB%8C%E2%80%AD/data=!4m7!3m6!1s0x3f8e01005b220087:0x231ac2ae791b2e4!8m2!3d35.7185111!4d51.397011!16s%2Fg%2F11w3rdvw6x!19sChIJhwAiWwABjj8R5LKR5yqsMQI?authuser=0&hl=en&rclk=1,2026-08-02T22:35:34.412892+00:00
300,google_maps,Tipax,تیپاکس فاطمی,تهران,تهران,35.7185111,51.397011,5.0,One of the best Tipax agents Friendly Regular …,4 years ago,Hesam Safari Moghadam,NULL,NULL,NULL,https://www.google.com/maps/place/%D8%AA%DB%8C%D9%BE%D8%A7%DA%A9%D8%B3+%D9%81%D8%A7%D8%B7%D9%85%DB%8C%E2%80%AD/data=!4m7!3m6!1s0x3f8e01005b220087:0x231ac2ae791b2e4!8m2!3d35.7185111!4d51.397011!16s%2Fg%2F11w3rdvw6x!19sChIJhwAiWwABjj8R5LKR5yqsMQI?authuser=0&hl=en&rclk=1,2026-08-02T22:35:34.412892+00:00
301,google_maps,Tipax,تیپاکس فاطمی,تهران,تهران,35.7185111,51.397011,1.0,Closed,3 years ago,Mehdi Ebrahiminejad,NULL,NULL,NULL,https://www.google.com/maps/place/%D8%AA%DB%8C%D9%BE%D8%A7%DA%A9%D8%B3+%D9%81%D8%A7%D8%B7%D9%85%DB%8C%E2%80%AD/data=!4m7!3m6!1s0x3f8e01005b220087:0x231ac2ae791b2e4!8m2!3d35.7185111!4d51.397011!16s%2Fg%2F11w3rdvw6x!19sChIJhwAiWwABjj8R5LKR5yqsMQI?authuser=0&hl=en&rclk=1,2026-08-02T22:35:34.412892+00:00
302,google_maps,Tipax,تیپاکس نواب,تهران,تهران,35.6837456,51.379424,1.0,"They don't pick up the phone at all, nor do they open up on time. I called about 30 times the other day to let them know I wouldn't be home, and I'll be picking up the package myself from their branch. They didn't answer the …",10 months ago,Elnaz Taghiloo,NULL,NULL,NULL,https://www.google.com/maps/place/%D9%86%D9%85%D8%A7%DB%8C%D9%86%D8%AF%DA%AF%DB%8C+%D8%AA%DB%8C%D9%BE%D8%A7%DA%A9%D8%B3+%D9%86%D9%88%D8%A7%D8%A8%E2%80%AD/data=!4m7!3m6!1s0x3f8e01007b1145fb:0xc4d15b5972fbcac0!8m2!3d35.6837456!4d51.379424!16s%2Fg%2F11xgr5c4w3!19sChIJ-0URewABjj8RwMr7cllb0cQ?authuser=0&hl=en&rclk=1,2026-08-02T22:36:26.087150+00:00
303,google_maps,Tipax,تیپاکس نواب,تهران,تهران,35.6837456,51.379424,1.0,Worst service ever!! Never pick up their phone or even deliver on time always a mess,8 months ago,Ghufran Hussain,NULL,NULL,NULL,https://www.google.com/maps/place/%D9%86%D9%85%D8%A7%DB%8C%D9%86%D8%AF%DA%AF%DB%8C+%D8%AA%DB%8C%D9%BE%D8%A7%DA%A9%D8%B3+%D9%86%D9%88%D8%A7%D8%A8%E2%80%AD/data=!4m7!3m6!1s0x3f8e01007b1145fb:0xc4d15b5972fbcac0!8m2!3d35.6837456!4d51.379424!16s%2Fg%2F11xgr5c4w3!19sChIJ-0URewABjj8RwMr7cllb0cQ?authuser=0&hl=en&rclk=1,2026-08-02T22:36:26.087150+00:00
304,google_maps,Tipax,تیپاکس نواب,تهران,تهران,35.6837456,51.379424,3.0,Everything was normal. Thank you.,a year ago,Farzad Moomeni,NULL,NULL,NULL,https://www.google.com/maps/place/%D9%86%D9%85%D8%A7%DB%8C%D9%86%D8%AF%DA%AF%DB%8C+%D8%AA%DB%8C%D9%BE%D8%A7%DA%A9%D8%B3+%D9%86%D9%88%D8%A7%D8%A8%E2%80%AD/data=!4m7!3m6!1s0x3f8e01007b1145fb:0xc4d15b5972fbcac0!8m2!3d35.6837456!4d51.379424!16s%2Fg%2F11xgr5c4w3!19sChIJ-0URewABjj8RwMr7cllb0cQ?authuser=0&hl=en&rclk=1,2026-08-02T22:36:26.087150+00:00
305,google_maps,Tipax,تیپاکس شادمان,تهران,تهران,35.7021582,51.3628597,1.0,"The management of this branch seemed to me to be a nervous and aggressive person. Due to the lack of control of the management over the employees of the unit, my package did not arrive at home and I had to go to the branch in person and waited for almost 20 minutes to find out who had given the package! Now they talked to each other as if we had made a mistake!! I think Tipax should think about changing the incompetent people in its branches sooner and replacing them with people with culture and respect for customers and people.",a year ago,Aydin Ahmadiazar,NULL,NULL,NULL,https://www.google.com/maps/place/%D8%AA%DB%8C%D9%BE%D8%A7%DA%A9%D8%B3+%D8%B4%D8%A7%D8%AF%D9%85%D8%A7%D9%86%E2%80%AD/data=!4m7!3m6!1s0x3f8e010077c71067:0x6dec70be75ac56d7!8m2!3d35.7021582!4d51.3628597!16s%2Fg%2F11lcnw6wmx!19sChIJZxDHdwABjj8R11asdb5w7G0?authuser=0&hl=en&rclk=1,2026-08-02T22:37:17.465685+00:00
306,google_maps,Tipax,تیپاکس شادمان,تهران,تهران,35.7021582,51.3628597,1.0,"I'm just sorry, I had a letter from Kermanshah, it was an office letter, it was a holiday, they didn't answer the phone, Tipax, Shadman",a year ago,عباس ایزدی یزدان ابادی,NULL,NULL,NULL,https://www.google.com/maps/place/%D8%AA%DB%8C%D9%BE%D8%A7%DA%A9%D8%B3+%D8%B4%D8%A7%D8%AF%D9%85%D8%A7%D9%86%E2%80%AD/data=!4m7!3m6!1s0x3f8e010077c71067:0x6dec70be75ac56d7!8m2!3d35.7021582!4d51.3628597!16s%2Fg%2F11lcnw6wmx!19sChIJZxDHdwABjj8R11asdb5w7G0?authuser=0&hl=en&rclk=1,2026-08-02T22:37:17.465685+00:00
307,google_maps,Tipax,تیپاکس شادمان,تهران,تهران,35.7021582,51.3628597,1.0,This branch has very incompetent staff and management They do not adhere to any laws They avoid receiving packages under any pretext,2 years ago,سعید رضایی بهنام,NULL,NULL,NULL,https://www.google.com/maps/place/%D8%AA%DB%8C%D9%BE%D8%A7%DA%A9%D8%B3+%D8%B4%D8%A7%D8%AF%D9%85%D8%A7%D9%86%E2%80%AD/data=!4m7!3m6!1s0x3f8e010077c71067:0x6dec70be75ac56d7!8m2!3d35.7021582!4d51.3628597!16s%2Fg%2F11lcnw6wmx!19sChIJZxDHdwABjj8R11asdb5w7G0?authuser=0&hl=en&rclk=1,2026-08-02T22:37:17.465685+00:00
308,google_maps,Tipax,تیپاکس شادمان,تهران,تهران,35.7021582,51.3628597,1.0,"Hello, Greetings Tipax service is complete crap,",2 years ago,Ebad naseri,NULL,NULL,NULL,https://www.google.com/maps/place/%D8%AA%DB%8C%D9%BE%D8%A7%DA%A9%D8%B3+%D8%B4%D8%A7%D8%AF%D9%85%D8%A7%D9%86%E2%80%AD/data=!4m7!3m6!1s0x3f8e010077c71067:0x6dec70be75ac56d7!8m2!3d35.7021582!4d51.3628597!16s%2Fg%2F11lcnw6wmx!19sChIJZxDHdwABjj8R11asdb5w7G0?authuser=0&hl=en&rclk=1,2026-08-02T22:37:17.465685+00:00
309,google_maps,Tipax,تیپاکس شادمان,تهران,تهران,35.7021582,51.3628597,5.0,Nice service,3 years ago,Soheil Yazdani,NULL,NULL,NULL,https://www.google.com/maps/place/%D8%AA%DB%8C%D9%BE%D8%A7%DA%A9%D8%B3+%D8%B4%D8%A7%D8%AF%D9%85%D8%A7%D9%86%E2%80%AD/data=!4m7!3m6!1s0x3f8e010077c71067:0x6dec70be75ac56d7!8m2!3d35.7021582!4d51.3628597!16s%2Fg%2F11lcnw6wmx!19sChIJZxDHdwABjj8R11asdb5w7G0?authuser=0&hl=en&rclk=1,2026-08-02T22:37:17.465685+00:00
310,google_maps,Tipax,تیپاکس تهرانسر,تهران,تهران,35.6893909,51.2465684,1.0,The worst company in shipping. They don't answer. They are not committed. They are a disgrace to the postal industry. Their representatives have the same culture. Do not use Tipax at all. Because your patience will run out😡😡😡 …,a year ago,Mohsen Tabatabaei,NULL,NULL,NULL,https://www.google.com/maps/place/%D8%AA%DB%8C%D9%BE%D8%A7%DA%A9%D8%B3+%D8%AA%D9%87%D8%B1%D8%A7%D9%86%D8%B3%D8%B1%E2%80%AD/data=!4m7!3m6!1s0x3f8dfb00377cf6ff:0xed5863d3558c9f20!8m2!3d35.6893909!4d51.2465684!16s%2Fg%2F11yc6q760h!19sChIJ__Z8NwD7jT8RIJ-MVdNjWO0?authuser=0&hl=en&rclk=1,2026-08-02T22:42:32.801811+00:00
311,google_maps,Tipax,تیپاکس تهرانسر,تهران,تهران,35.6893909,51.2465684,5.0,"The staff is very kind, friendly, patient, and does the right thing. Thank you to Mrs. Zare and her team.",a year ago,Mahtab mp,NULL,NULL,NULL,https://www.google.com/maps/place/%D8%AA%DB%8C%D9%BE%D8%A7%DA%A9%D8%B3+%D8%AA%D9%87%D8%B1%D8%A7%D9%86%D8%B3%D8%B1%E2%80%AD/data=!4m7!3m6!1s0x3f8dfb00377cf6ff:0xed5863d3558c9f20!8m2!3d35.6893909!4d51.2465684!16s%2Fg%2F11yc6q760h!19sChIJ__Z8NwD7jT8RIJ-MVdNjWO0?authuser=0&hl=en&rclk=1,2026-08-02T22:42:32.801811+00:00
312,google_maps,Tipax,تیپاکس تهرانسر,تهران,تهران,35.6893909,51.2465684,1.0,"Services like Mahax and Chapar are much better, packages get lost in T-box, and tracking doesn't help.",a year ago,Majid B,NULL,NULL,NULL,https://www.google.com/maps/place/%D8%AA%DB%8C%D9%BE%D8%A7%DA%A9%D8%B3+%D8%AA%D9%87%D8%B1%D8%A7%D9%86%D8%B3%D8%B1%E2%80%AD/data=!4m7!3m6!1s0x3f8dfb00377cf6ff:0xed5863d3558c9f20!8m2!3d35.6893909!4d51.2465684!16s%2Fg%2F11yc6q760h!19sChIJ__Z8NwD7jT8RIJ-MVdNjWO0?authuser=0&hl=en&rclk=1,2026-08-02T22:42:32.801811+00:00
313,google_maps,Tipax,تیپاکس تهرانسر,تهران,تهران,35.6893909,51.2465684,1.0,Very very very very awful.,7 months ago,hamed alipour,NULL,NULL,NULL,https://www.google.com/maps/place/%D8%AA%DB%8C%D9%BE%D8%A7%DA%A9%D8%B3+%D8%AA%D9%87%D8%B1%D8%A7%D9%86%D8%B3%D8%B1%E2%80%AD/data=!4m7!3m6!1s0x3f8dfb00377cf6ff:0xed5863d3558c9f20!8m2!3d35.6893909!4d51.2465684!16s%2Fg%2F11yc6q760h!19sChIJ__Z8NwD7jT8RIJ-MVdNjWO0?authuser=0&hl=en&rclk=1,2026-08-02T22:42:32.801811+00:00
314,google_maps,Tipax,تیپاکس عباس آباد,تهران,تهران,35.7300648,51.4330096,1.0,"In my opinion, this is the most horrible shipping company. I had it shipped three times. Each time, they didn't deliver it to me. After a lot of arguing and fighting, I went to get it myself 14 days later.",10 months ago,maliheh khademi rad,NULL,NULL,NULL,https://www.google.com/maps/place/%D8%AA%DB%8C%D9%BE%D8%A7%DA%A9%D8%B3+%D8%B9%D8%A8%D8%A7%D8%B3+%D8%A2%D8%A8%D8%A7%D8%AF%E2%80%AD/data=!4m7!3m6!1s0x3f8e03df1ee6cbd1:0x9d62c64c0c0602eb!8m2!3d35.7300648!4d51.4330096!16s%2Fg%2F11ny1_k0r9!19sChIJ0cvmHt8Djj8R6wIGDEzGYp0?authuser=0&hl=en&rclk=1,2026-08-02T22:42:41.878866+00:00
315,google_maps,Tipax,تیپاکس عباس آباد,تهران,تهران,35.7300648,51.4330096,1.0,"Terrible! Never go there! Untidy office and rude staff! They receive higher fees than other Tipax offices; I also sent a complaint to Tipax headquarters, but they didn't consider it! Awful management!",8 months ago,Mohsen Ayat,NULL,NULL,NULL,https://www.google.com/maps/place/%D8%AA%DB%8C%D9%BE%D8%A7%DA%A9%D8%B3+%D8%B9%D8%A8%D8%A7%D8%B3+%D8%A2%D8%A8%D8%A7%D8%AF%E2%80%AD/data=!4m7!3m6!1s0x3f8e03df1ee6cbd1:0x9d62c64c0c0602eb!8m2!3d35.7300648!4d51.4330096!16s%2Fg%2F11ny1_k0r9!19sChIJ0cvmHt8Djj8R6wIGDEzGYp0?authuser=0&hl=en&rclk=1,2026-08-02T22:42:41.878866+00:00
316,google_maps,Tipax,تیپاکس عباس آباد,تهران,تهران,35.7300648,51.4330096,5.0,"I was satisfied with their service. The only problem is that they are available to answer the phone from 9:30 in the morning. It would have been better if they were available earlier, like 8:00.",3 years ago,javad rezaie,NULL,NULL,NULL,https://www.google.com/maps/place/%D8%AA%DB%8C%D9%BE%D8%A7%DA%A9%D8%B3+%D8%B9%D8%A8%D8%A7%D8%B3+%D8%A2%D8%A8%D8%A7%D8%AF%E2%80%AD/data=!4m7!3m6!1s0x3f8e03df1ee6cbd1:0x9d62c64c0c0602eb!8m2!3d35.7300648!4d51.4330096!16s%2Fg%2F11ny1_k0r9!19sChIJ0cvmHt8Djj8R6wIGDEzGYp0?authuser=0&hl=en&rclk=1,2026-08-02T22:42:41.878866+00:00
317,google_maps,Tipax,تیپاکس عباس آباد,تهران,تهران,35.7300648,51.4330096,1.0,"They don't respect you, they don't follow up, they don't even deliver the package inside, they just make claims and charge you a lot of money. Have mercy on Chapar and the rest.",a year ago,Amin Lotfalipour,NULL,NULL,NULL,https://www.google.com/maps/place/%D8%AA%DB%8C%D9%BE%D8%A7%DA%A9%D8%B3+%D8%B9%D8%A8%D8%A7%D8%B3+%D8%A2%D8%A8%D8%A7%D8%AF%E2%80%AD/data=!4m7!3m6!1s0x3f8e03df1ee6cbd1:0x9d62c64c0c0602eb!8m2!3d35.7300648!4d51.4330096!16s%2Fg%2F11ny1_k0r9!19sChIJ0cvmHt8Djj8R6wIGDEzGYp0?authuser=0&hl=en&rclk=1,2026-08-02T22:42:41.878866+00:00
318,google_maps,Tipax,تیپاکس عباس آباد,تهران,تهران,35.7300648,51.4330096,3.0,There are many mistakes in entering the sender and recipient information. The courier is fast and polite.,3 years ago,Mobina Hoseyni,NULL,NULL,NULL,https://www.google.com/maps/place/%D8%AA%DB%8C%D9%BE%D8%A7%DA%A9%D8%B3+%D8%B9%D8%A8%D8%A7%D8%B3+%D8%A2%D8%A8%D8%A7%D8%AF%E2%80%AD/data=!4m7!3m6!1s0x3f8e03df1ee6cbd1:0x9d62c64c0c0602eb!8m2!3d35.7300648!4d51.4330096!16s%2Fg%2F11ny1_k0r9!19sChIJ0cvmHt8Djj8R6wIGDEzGYp0?authuser=0&hl=en&rclk=1,2026-08-02T22:42:41.878866+00:00
319,google_maps,Tipax,تیپاکس عباس آباد,تهران,تهران,35.7300648,51.4330096,2.0,"Tipax is not good at all, Azari Jahromi transformed the post, both minute and fast",4 years ago,S Hamed,NULL,NULL,NULL,https://www.google.com/maps/place/%D8%AA%DB%8C%D9%BE%D8%A7%DA%A9%D8%B3+%D8%B9%D8%A8%D8%A7%D8%B3+%D8%A2%D8%A8%D8%A7%D8%AF%E2%80%AD/data=!4m7!3m6!1s0x3f8e03df1ee6cbd1:0x9d62c64c0c0602eb!8m2!3d35.7300648!4d51.4330096!16s%2Fg%2F11ny1_k0r9!19sChIJ0cvmHt8Djj8R6wIGDEzGYp0?authuser=0&hl=en&rclk=1,2026-08-02T22:42:41.878866+00:00
320,google_maps,Tipax,تیپاکس عباس آباد,تهران,تهران,35.7300648,51.4330096,5.0,The currier was nice. He cared a lot. Thanks!,3 years ago,Samira Yavari,NULL,NULL,NULL,https://www.google.com/maps/place/%D8%AA%DB%8C%D9%BE%D8%A7%DA%A9%D8%B3+%D8%B9%D8%A8%D8%A7%D8%B3+%D8%A2%D8%A8%D8%A7%D8%AF%E2%80%AD/data=!4m7!3m6!1s0x3f8e03df1ee6cbd1:0x9d62c64c0c0602eb!8m2!3d35.7300648!4d51.4330096!16s%2Fg%2F11ny1_k0r9!19sChIJ0cvmHt8Djj8R6wIGDEzGYp0?authuser=0&hl=en&rclk=1,2026-08-02T22:42:41.878866+00:00
321,google_maps,Tipax,تیپاکس عباس آباد,تهران,تهران,35.7300648,51.4330096,3.0,Busy but getting things done.,3 years ago,Reza Mirzaee,NULL,NULL,NULL,https://www.google.com/maps/place/%D8%AA%DB%8C%D9%BE%D8%A7%DA%A9%D8%B3+%D8%B9%D8%A8%D8%A7%D8%B3+%D8%A2%D8%A8%D8%A7%D8%AF%E2%80%AD/data=!4m7!3m6!1s0x3f8e03df1ee6cbd1:0x9d62c64c0c0602eb!8m2!3d35.7300648!4d51.4330096!16s%2Fg%2F11ny1_k0r9!19sChIJ0cvmHt8Djj8R6wIGDEzGYp0?authuser=0&hl=en&rclk=1,2026-08-02T22:42:41.878866+00:00
322,google_maps,Tipax,تیپاکس عباس آباد,تهران,تهران,35.7300648,51.4330096,4.0,Quiet and good treatment,4 years ago,Alireza Heidarkhani,NULL,NULL,NULL,https://www.google.com/maps/place/%D8%AA%DB%8C%D9%BE%D8%A7%DA%A9%D8%B3+%D8%B9%D8%A8%D8%A7%D8%B3+%D8%A2%D8%A8%D8%A7%D8%AF%E2%80%AD/data=!4m7!3m6!1s0x3f8e03df1ee6cbd1:0x9d62c64c0c0602eb!8m2!3d35.7300648!4d51.4330096!16s%2Fg%2F11ny1_k0r9!19sChIJ0cvmHt8Djj8R6wIGDEzGYp0?authuser=0&hl=en&rclk=1,2026-08-02T22:42:41.878866+00:00
323,google_maps,Tipax,تیپاکس عباس آباد,تهران,تهران,35.7300648,51.4330096,4.0,Small but good service,a year ago,Mousa Ebrahimi,NULL,NULL,NULL,https://www.google.com/maps/place/%D8%AA%DB%8C%D9%BE%D8%A7%DA%A9%D8%B3+%D8%B9%D8%A8%D8%A7%D8%B3+%D8%A2%D8%A8%D8%A7%D8%AF%E2%80%AD/data=!4m7!3m6!1s0x3f8e03df1ee6cbd1:0x9d62c64c0c0602eb!8m2!3d35.7300648!4d51.4330096!16s%2Fg%2F11ny1_k0r9!19sChIJ0cvmHt8Djj8R6wIGDEzGYp0?authuser=0&hl=en&rclk=1,2026-08-02T22:42:41.878866+00:00
324,google_maps,Tipax,سرویس پوینت تیپاکس بازار عبدل آباد,تهران,تهران,35.6394489,51.3651824,5.0,"God bless them, I was busy on Thursday and I definitely had to send Andrew's parcel. The servants of God delayed my work until 6:30 PM and behaved very respectfully and calmly, even though it was clear that they had work to do and I wanted to leave early. I was so annoyed with them.",2 years ago,Seyedali mirmohammadpor,NULL,NULL,NULL,https://www.google.com/maps/place/%D8%B3%D8%B1%D9%88%DB%8C%D8%B3+%D9%BE%D9%88%DB%8C%D9%86%D8%AA+%D8%AA%DB%8C%D9%BE%D8%A7%DA%A9%D8%B3+%D8%A8%D8%A7%D8%B2%D8%A7%D8%B1+%D8%B9%D8%A8%D8%AF%D9%84+%D8%A2%D8%A8%D8%A7%D8%AF%E2%80%AD/data=!4m7!3m6!1s0x3f91ff1af3732403:0x2158aca5082cfe84!8m2!3d35.6394489!4d51.3651824!16s%2Fg%2F11rkj5m4my!19sChIJAyRz8xr_kT8RhP4sCKWsWCE?authuser=0&hl=en&rclk=1,2026-08-02T22:43:07.681325+00:00
325,google_maps,Tipax,سرویس پوینت تیپاکس بازار عبدل آباد,تهران,تهران,35.6394489,51.3651824,5.0,"Great, but they changed their location to Sports Street.",a year ago,mohammad javad panahi,NULL,NULL,NULL,https://www.google.com/maps/place/%D8%B3%D8%B1%D9%88%DB%8C%D8%B3+%D9%BE%D9%88%DB%8C%D9%86%D8%AA+%D8%AA%DB%8C%D9%BE%D8%A7%DA%A9%D8%B3+%D8%A8%D8%A7%D8%B2%D8%A7%D8%B1+%D8%B9%D8%A8%D8%AF%D9%84+%D8%A2%D8%A8%D8%A7%D8%AF%E2%80%AD/data=!4m7!3m6!1s0x3f91ff1af3732403:0x2158aca5082cfe84!8m2!3d35.6394489!4d51.3651824!16s%2Fg%2F11rkj5m4my!19sChIJAyRz8xr_kT8RhP4sCKWsWCE?authuser=0&hl=en&rclk=1,2026-08-02T22:43:07.681325+00:00
326,google_maps,Tipax,سرویس پوینت تیپاکس بازار عبدل آباد,تهران,تهران,35.6394489,51.3651824,5.0,Excellent,4 years ago,ابراهیم رضایان,NULL,NULL,NULL,https://www.google.com/maps/place/%D8%B3%D8%B1%D9%88%DB%8C%D8%B3+%D9%BE%D9%88%DB%8C%D9%86%D8%AA+%D8%AA%DB%8C%D9%BE%D8%A7%DA%A9%D8%B3+%D8%A8%D8%A7%D8%B2%D8%A7%D8%B1+%D8%B9%D8%A8%D8%AF%D9%84+%D8%A2%D8%A8%D8%A7%D8%AF%E2%80%AD/data=!4m7!3m6!1s0x3f91ff1af3732403:0x2158aca5082cfe84!8m2!3d35.6394489!4d51.3651824!16s%2Fg%2F11rkj5m4my!19sChIJAyRz8xr_kT8RhP4sCKWsWCE?authuser=0&hl=en&rclk=1,2026-08-02T22:43:07.681325+00:00
327,google_maps,Tipax,سرویس پوینت تیپاکس بازار عبدل آباد,تهران,تهران,35.6394489,51.3651824,5.0,Good,4 years ago,ehsan ghanbari,NULL,NULL,NULL,https://www.google.com/maps/place/%D8%B3%D8%B1%D9%88%DB%8C%D8%B3+%D9%BE%D9%88%DB%8C%D9%86%D8%AA+%D8%AA%DB%8C%D9%BE%D8%A7%DA%A9%D8%B3+%D8%A8%D8%A7%D8%B2%D8%A7%D8%B1+%D8%B9%D8%A8%D8%AF%D9%84+%D8%A2%D8%A8%D8%A7%D8%AF%E2%80%AD/data=!4m7!3m6!1s0x3f91ff1af3732403:0x2158aca5082cfe84!8m2!3d35.6394489!4d51.3651824!16s%2Fg%2F11rkj5m4my!19sChIJAyRz8xr_kT8RhP4sCKWsWCE?authuser=0&hl=en&rclk=1,2026-08-02T22:43:07.681325+00:00
328,google_maps,Tipax,تیپاکس بهمنیار,تهران,تهران,35.6343218,51.3998243,2.0,I went there at 9:20 today and it was closed. It really hurt my work. My work was completely delayed. I even called my cell phone but there was no answer.,6 months ago,Ahmad Nasirideljoo,NULL,NULL,NULL,https://www.google.com/maps/place/%D9%86%D9%85%D8%A7%DB%8C%D9%86%D8%AF%DA%AF%DB%8C+%D8%AA%DB%8C%D9%BE%D8%A7%DA%A9%D8%B3+%D8%A8%D9%87%D9%85%D9%86%DB%8C%D8%A7%D8%B1%E2%80%AD/data=!4m7!3m6!1s0x3f91ff00249e5bad:0xa41841c7c2ec9d4d!8m2!3d35.6343218!4d51.3998243!16s%2Fg%2F11xp6731jy!19sChIJrVueJAD_kT8RTZ3swsdBGKQ?authuser=0&hl=en&rclk=1,2026-08-02T22:43:33.408553+00:00
329,google_maps,Tipax,Gisha,تهران,تهران,35.7319154,51.3774239,5.0,"Very organized, precise, well-mannered",a year ago,mohammad rahimi,NULL,NULL,NULL,https://www.google.com/maps/place/Tipax+Gisha/data=!4m7!3m6!1s0x3f8e070044b08acf:0x1f73e1d7f9e37100!8m2!3d35.7319154!4d51.3774239!16s%2Fg%2F11w32295ht!19sChIJz4qwRAAHjj8RAHHj-dfhcx8?authuser=0&hl=en&rclk=1,2026-08-02T22:43:48.962662+00:00
330,google_maps,Tipax,تیپاکس افسریه,تهران,تهران,35.6373783,51.4899738,1.0,"Very very irresponsible and incompetent. Insulting behavior with the customer and charging extra money. Wrong address and phone number on the site, etc. I feel sorry for Tipax, which despite the large amount it charges from the customer, provides services to the public at the level of a pigeon courier. The company should really be shot. I have ordered three times so far and each time it has arrived with a delay of several weeks.",5 years ago,Mohamad Am,NULL,NULL,NULL,https://www.google.com/maps/place/%D9%86%D9%85%D8%A7%DB%8C%D9%86%D8%AF%DA%AF%DB%8C+%D8%AA%DB%8C%D9%BE%D8%A7%DA%A9%D8%B3+%D8%A7%D9%81%D8%B3%D8%B1%DB%8C%D9%87%E2%80%AD/data=!4m7!3m6!1s0x3f91fdab91d5dbb3:0xcc13f7df23ee2c65!8m2!3d35.6373783!4d51.4899738!16s%2Fg%2F11lgyhj4xz!19sChIJs9vVkav9kT8RZSzuI9_3E8w?authuser=0&hl=en&rclk=1,2026-08-02T22:44:44.456386+00:00
331,google_maps,Tipax,تیپاکس افسریه,تهران,تهران,35.6373783,51.4899738,5.0,Delivery was without delay or breakage.,3 years ago,Javad Naghizadeh,NULL,NULL,NULL,https://www.google.com/maps/place/%D9%86%D9%85%D8%A7%DB%8C%D9%86%D8%AF%DA%AF%DB%8C+%D8%AA%DB%8C%D9%BE%D8%A7%DA%A9%D8%B3+%D8%A7%D9%81%D8%B3%D8%B1%DB%8C%D9%87%E2%80%AD/data=!4m7!3m6!1s0x3f91fdab91d5dbb3:0xcc13f7df23ee2c65!8m2!3d35.6373783!4d51.4899738!16s%2Fg%2F11lgyhj4xz!19sChIJs9vVkav9kT8RZSzuI9_3E8w?authuser=0&hl=en&rclk=1,2026-08-02T22:44:44.456386+00:00
332,google_maps,Tipax,تیپاکس افسریه,تهران,تهران,35.6373783,51.4899738,5.0,They really have very polite staff.,a year ago,Leila,NULL,NULL,NULL,https://www.google.com/maps/place/%D9%86%D9%85%D8%A7%DB%8C%D9%86%D8%AF%DA%AF%DB%8C+%D8%AA%DB%8C%D9%BE%D8%A7%DA%A9%D8%B3+%D8%A7%D9%81%D8%B3%D8%B1%DB%8C%D9%87%E2%80%AD/data=!4m7!3m6!1s0x3f91fdab91d5dbb3:0xcc13f7df23ee2c65!8m2!3d35.6373783!4d51.4899738!16s%2Fg%2F11lgyhj4xz!19sChIJs9vVkav9kT8RZSzuI9_3E8w?authuser=0&hl=en&rclk=1,2026-08-02T22:44:44.456386+00:00
333,google_maps,Tipax,تیپاکس افسریه,تهران,تهران,35.6373783,51.4899738,1.0,They are very bad promises.,a year ago,مسعود ذنوبی,NULL,NULL,NULL,https://www.google.com/maps/place/%D9%86%D9%85%D8%A7%DB%8C%D9%86%D8%AF%DA%AF%DB%8C+%D8%AA%DB%8C%D9%BE%D8%A7%DA%A9%D8%B3+%D8%A7%D9%81%D8%B3%D8%B1%DB%8C%D9%87%E2%80%AD/data=!4m7!3m6!1s0x3f91fdab91d5dbb3:0xcc13f7df23ee2c65!8m2!3d35.6373783!4d51.4899738!16s%2Fg%2F11lgyhj4xz!19sChIJs9vVkav9kT8RZSzuI9_3E8w?authuser=0&hl=en&rclk=1,2026-08-02T22:44:44.456386+00:00
334,google_maps,Tipax,تیپاکس افسریه,تهران,تهران,35.6373783,51.4899738,5.0,Good attitude of the staff,2 years ago,HamidReza Azad,NULL,NULL,NULL,https://www.google.com/maps/place/%D9%86%D9%85%D8%A7%DB%8C%D9%86%D8%AF%DA%AF%DB%8C+%D8%AA%DB%8C%D9%BE%D8%A7%DA%A9%D8%B3+%D8%A7%D9%81%D8%B3%D8%B1%DB%8C%D9%87%E2%80%AD/data=!4m7!3m6!1s0x3f91fdab91d5dbb3:0xcc13f7df23ee2c65!8m2!3d35.6373783!4d51.4899738!16s%2Fg%2F11lgyhj4xz!19sChIJs9vVkav9kT8RZSzuI9_3E8w?authuser=0&hl=en&rclk=1,2026-08-02T22:44:44.456386+00:00
335,google_maps,Tipax,تیپاکس حکیمیه,تهران,تهران,35.7402708,51.598677,1.0,"We are not satisfied We sent an electrical appliance from Tehran...with a high freight fee...the appliance arrived in Tehran with problems and was damaged...we protested on the Tipax website, they promised to follow up, then they called and said because your appliance is not dented, we do not accept responsibility, we do not have a device inside that is damaged due to their own bad transportation...be careful, they only promise to follow up on the apparent damage, do not send electrical appliances, nothing..",2 years ago,یاور شجاعی,NULL,NULL,NULL,https://www.google.com/maps/place/%D9%86%D9%85%D8%A7%DB%8C%D9%86%D8%AF%DA%AF%DB%8C+%D8%AA%DB%8C%D9%BE%D8%A7%DA%A9%D8%B3+%D8%AD%DA%A9%DB%8C%D9%85%DB%8C%D9%87%E2%80%AD/data=!4m7!3m6!1s0x3f8e1d81f227dc35:0x22b404b90121274e!8m2!3d35.7402708!4d51.598677!16s%2Fg%2F11mc20gt5_!19sChIJNdwn8oEdjj8RTichAbkEtCI?authuser=0&hl=en&rclk=1,2026-08-02T22:44:53.103819+00:00
336,google_maps,Tipax,تیپاکس حکیمیه,تهران,تهران,35.7402708,51.598677,5.0,"One of the regular and active Tipax branches in eastern Tehran is the Tipax Hakimieh representative office. I have visited this branch several times to send postal items and commercial packages, as well as receive cargo. The interior of the …",2 weeks ago,M,NULL,NULL,NULL,https://www.google.com/maps/place/%D9%86%D9%85%D8%A7%DB%8C%D9%86%D8%AF%DA%AF%DB%8C+%D8%AA%DB%8C%D9%BE%D8%A7%DA%A9%D8%B3+%D8%AD%DA%A9%DB%8C%D9%85%DB%8C%D9%87%E2%80%AD/data=!4m7!3m6!1s0x3f8e1d81f227dc35:0x22b404b90121274e!8m2!3d35.7402708!4d51.598677!16s%2Fg%2F11mc20gt5_!19sChIJNdwn8oEdjj8RTichAbkEtCI?authuser=0&hl=en&rclk=1,2026-08-02T22:44:53.103819+00:00
337,google_maps,Tipax,تیپاکس حکیمیه,تهران,تهران,35.7402708,51.598677,5.0,"I received a message last night. Today is Friday. I will call you tomorrow to give you a good opinion. God willing, I will give good opinions.",2 years ago,زین الله فیضی,NULL,NULL,NULL,https://www.google.com/maps/place/%D9%86%D9%85%D8%A7%DB%8C%D9%86%D8%AF%DA%AF%DB%8C+%D8%AA%DB%8C%D9%BE%D8%A7%DA%A9%D8%B3+%D8%AD%DA%A9%DB%8C%D9%85%DB%8C%D9%87%E2%80%AD/data=!4m7!3m6!1s0x3f8e1d81f227dc35:0x22b404b90121274e!8m2!3d35.7402708!4d51.598677!16s%2Fg%2F11mc20gt5_!19sChIJNdwn8oEdjj8RTichAbkEtCI?authuser=0&hl=en&rclk=1,2026-08-02T22:44:53.103819+00:00
338,google_maps,Tipax,تیپاکس حکیمیه,تهران,تهران,35.7402708,51.598677,1.0,"Sir, why not? I ordered a package from Karaj a few days ago. What happened? Dad, how far is it from Karaj to Tehran? It took four days.",5 years ago,Shahin Naseri,NULL,NULL,NULL,https://www.google.com/maps/place/%D9%86%D9%85%D8%A7%DB%8C%D9%86%D8%AF%DA%AF%DB%8C+%D8%AA%DB%8C%D9%BE%D8%A7%DA%A9%D8%B3+%D8%AD%DA%A9%DB%8C%D9%85%DB%8C%D9%87%E2%80%AD/data=!4m7!3m6!1s0x3f8e1d81f227dc35:0x22b404b90121274e!8m2!3d35.7402708!4d51.598677!16s%2Fg%2F11mc20gt5_!19sChIJNdwn8oEdjj8RTichAbkEtCI?authuser=0&hl=en&rclk=1,2026-08-02T22:44:53.103819+00:00
339,google_maps,Tipax,تیپاکس حکیمیه,تهران,تهران,35.7402708,51.598677,5.0,The most disciplined and ethical Tipax staff are only present at this branch They are exceptional👏👏👏 …,5 years ago,HAMID Reza SEYFI,NULL,NULL,NULL,https://www.google.com/maps/place/%D9%86%D9%85%D8%A7%DB%8C%D9%86%D8%AF%DA%AF%DB%8C+%D8%AA%DB%8C%D9%BE%D8%A7%DA%A9%D8%B3+%D8%AD%DA%A9%DB%8C%D9%85%DB%8C%D9%87%E2%80%AD/data=!4m7!3m6!1s0x3f8e1d81f227dc35:0x22b404b90121274e!8m2!3d35.7402708!4d51.598677!16s%2Fg%2F11mc20gt5_!19sChIJNdwn8oEdjj8RTichAbkEtCI?authuser=0&hl=en&rclk=1,2026-08-02T22:44:53.103819+00:00
340,google_maps,Tipax,تیپاکس حکیمیه,تهران,تهران,35.7402708,51.598677,1.0,"They received our package for three days and didn't deliver it, and they don't answer the phone.",2 years ago,M Rabizade,NULL,NULL,NULL,https://www.google.com/maps/place/%D9%86%D9%85%D8%A7%DB%8C%D9%86%D8%AF%DA%AF%DB%8C+%D8%AA%DB%8C%D9%BE%D8%A7%DA%A9%D8%B3+%D8%AD%DA%A9%DB%8C%D9%85%DB%8C%D9%87%E2%80%AD/data=!4m7!3m6!1s0x3f8e1d81f227dc35:0x22b404b90121274e!8m2!3d35.7402708!4d51.598677!16s%2Fg%2F11mc20gt5_!19sChIJNdwn8oEdjj8RTichAbkEtCI?authuser=0&hl=en&rclk=1,2026-08-02T22:44:53.103819+00:00
341,google_maps,Tipax,تیپاکس حکیمیه,تهران,تهران,35.7402708,51.598677,5.0,"I've been calling for two days and no one answers. For example, it's open but no one is there.",3 years ago,Amir Azizi,NULL,NULL,NULL,https://www.google.com/maps/place/%D9%86%D9%85%D8%A7%DB%8C%D9%86%D8%AF%DA%AF%DB%8C+%D8%AA%DB%8C%D9%BE%D8%A7%DA%A9%D8%B3+%D8%AD%DA%A9%DB%8C%D9%85%DB%8C%D9%87%E2%80%AD/data=!4m7!3m6!1s0x3f8e1d81f227dc35:0x22b404b90121274e!8m2!3d35.7402708!4d51.598677!16s%2Fg%2F11mc20gt5_!19sChIJNdwn8oEdjj8RTichAbkEtCI?authuser=0&hl=en&rclk=1,2026-08-02T22:44:53.103819+00:00
342,google_maps,Tipax,تیپاکس حکیمیه,تهران,تهران,35.7402708,51.598677,1.0,A complete disaster! The package won't be delivered until you go and pick it up in person!,7 months ago,Amir Bahador Marri,NULL,NULL,NULL,https://www.google.com/maps/place/%D9%86%D9%85%D8%A7%DB%8C%D9%86%D8%AF%DA%AF%DB%8C+%D8%AA%DB%8C%D9%BE%D8%A7%DA%A9%D8%B3+%D8%AD%DA%A9%DB%8C%D9%85%DB%8C%D9%87%E2%80%AD/data=!4m7!3m6!1s0x3f8e1d81f227dc35:0x22b404b90121274e!8m2!3d35.7402708!4d51.598677!16s%2Fg%2F11mc20gt5_!19sChIJNdwn8oEdjj8RTichAbkEtCI?authuser=0&hl=en&rclk=1,2026-08-02T22:44:53.103819+00:00
343,google_maps,Tipax,تیپاکس حکیمیه,تهران,تهران,35.7402708,51.598677,4.0,"The staff was nice and packaged it well for me, but overall, Tipax is very expensive.",2 years ago,green socks,NULL,NULL,NULL,https://www.google.com/maps/place/%D9%86%D9%85%D8%A7%DB%8C%D9%86%D8%AF%DA%AF%DB%8C+%D8%AA%DB%8C%D9%BE%D8%A7%DA%A9%D8%B3+%D8%AD%DA%A9%DB%8C%D9%85%DB%8C%D9%87%E2%80%AD/data=!4m7!3m6!1s0x3f8e1d81f227dc35:0x22b404b90121274e!8m2!3d35.7402708!4d51.598677!16s%2Fg%2F11mc20gt5_!19sChIJNdwn8oEdjj8RTichAbkEtCI?authuser=0&hl=en&rclk=1,2026-08-02T22:44:53.103819+00:00
344,google_maps,Tipax,تیپاکس حکیمیه,تهران,تهران,35.7402708,51.598677,5.0,"To date, I have had no problems with Tipax Hakimiyeh and I am satisfied.",3 years ago,Dana Neek,NULL,NULL,NULL,https://www.google.com/maps/place/%D9%86%D9%85%D8%A7%DB%8C%D9%86%D8%AF%DA%AF%DB%8C+%D8%AA%DB%8C%D9%BE%D8%A7%DA%A9%D8%B3+%D8%AD%DA%A9%DB%8C%D9%85%DB%8C%D9%87%E2%80%AD/data=!4m7!3m6!1s0x3f8e1d81f227dc35:0x22b404b90121274e!8m2!3d35.7402708!4d51.598677!16s%2Fg%2F11mc20gt5_!19sChIJNdwn8oEdjj8RTichAbkEtCI?authuser=0&hl=en&rclk=1,2026-08-02T22:44:53.103819+00:00
345,google_maps,Tipax,تیپاکس لاله زار,تهران,تهران,35.6872938,51.4201966,5.0,They really have a good attitude towards other branches that do not require Ihram.,3 years ago,aaa sss,NULL,NULL,NULL,https://www.google.com/maps/place/%D8%AA%DB%8C%D9%BE%D8%A7%DA%A9%D8%B3+%D9%84%D8%A7%D9%84%D9%87+%D8%B2%D8%A7%D8%B1%E2%80%AD/data=!4m7!3m6!1s0x3f8e01c704300dd9:0x420240efcc67c17!8m2!3d35.6872938!4d51.4201966!16s%2Fg%2F11jjljvxfs!19sChIJ2Q0wBMcBjj8RF3zG_A4kIAQ?authuser=0&hl=en&rclk=1,2026-08-02T22:45:10.428961+00:00
346,google_maps,Tipax,تیپاکس لاله زار,تهران,تهران,35.6872938,51.4201966,5.0,The package arrived after 2 days.,3 years ago,seyyed mohammad fatemi,NULL,NULL,NULL,https://www.google.com/maps/place/%D8%AA%DB%8C%D9%BE%D8%A7%DA%A9%D8%B3+%D9%84%D8%A7%D9%84%D9%87+%D8%B2%D8%A7%D8%B1%E2%80%AD/data=!4m7!3m6!1s0x3f8e01c704300dd9:0x420240efcc67c17!8m2!3d35.6872938!4d51.4201966!16s%2Fg%2F11jjljvxfs!19sChIJ2Q0wBMcBjj8RF3zG_A4kIAQ?authuser=0&hl=en&rclk=1,2026-08-02T22:45:10.428961+00:00
347,google_maps,Tipax,تیپاکس فلکه اول تهرانپارس,تهران,تهران,35.7262542,51.5242765,1.0,"No stars should be given. It's very unprofessional. It's not clear when the delivery person will come. God forbid if he returns. You have to pay an additional fee and then he returns quickly. And finally, you don't know where to pick it up. They're just looking to get free money from this closed-minded nation. It has no advantage over the regular post office, which is much worse because they only charge more.",a month ago,ف کیاست,NULL,NULL,NULL,https://www.google.com/maps/place/%D8%AA%DB%8C%D9%BE%D8%A7%DA%A9%D8%B3+%D9%81%D9%84%DA%A9%D9%87+%D8%A7%D9%88%D9%84+%D8%AA%D9%87%D8%B1%D8%A7%D9%86%D9%BE%D8%A7%D8%B1%D8%B3%E2%80%AD/data=!4m7!3m6!1s0x3f8e1d005f488e2d:0x14f9bd762097aa90!8m2!3d35.7262542!4d51.5242765!16s%2Fg%2F11vpmksg9c!19sChIJLY5IXwAdjj8RkKqXIHa9-RQ?authuser=0&hl=en&rclk=1,2026-08-02T22:45:44.746392+00:00
348,google_maps,Tipax,تیپاکس فلکه اول تهرانپارس,تهران,تهران,35.7262542,51.5242765,1.0,"All offices in Tehranpars and Narmak are either not answering their phones or have been completely shut down, and the old phone addresses on the Tipax website and software have not been corrected... When sending like this, may God help them with delivery and support 😡 …",a year ago,Babak Arvaneh,NULL,NULL,NULL,https://www.google.com/maps/place/%D8%AA%DB%8C%D9%BE%D8%A7%DA%A9%D8%B3+%D9%81%D9%84%DA%A9%D9%87+%D8%A7%D9%88%D9%84+%D8%AA%D9%87%D8%B1%D8%A7%D9%86%D9%BE%D8%A7%D8%B1%D8%B3%E2%80%AD/data=!4m7!3m6!1s0x3f8e1d005f488e2d:0x14f9bd762097aa90!8m2!3d35.7262542!4d51.5242765!16s%2Fg%2F11vpmksg9c!19sChIJLY5IXwAdjj8RkKqXIHa9-RQ?authuser=0&hl=en&rclk=1,2026-08-02T22:45:44.746392+00:00
349,google_maps,Tipax,تیپاکس فلکه اول تهرانپارس,تهران,تهران,35.7262542,51.5242765,1.0,"It's really awful, they are not responsive at all.",a year ago,Faezeh Yousefi,NULL,NULL,NULL,https://www.google.com/maps/place/%D8%AA%DB%8C%D9%BE%D8%A7%DA%A9%D8%B3+%D9%81%D9%84%DA%A9%D9%87+%D8%A7%D9%88%D9%84+%D8%AA%D9%87%D8%B1%D8%A7%D9%86%D9%BE%D8%A7%D8%B1%D8%B3%E2%80%AD/data=!4m7!3m6!1s0x3f8e1d005f488e2d:0x14f9bd762097aa90!8m2!3d35.7262542!4d51.5242765!16s%2Fg%2F11vpmksg9c!19sChIJLY5IXwAdjj8RkKqXIHa9-RQ?authuser=0&hl=en&rclk=1,2026-08-02T22:45:44.746392+00:00
350,google_maps,Tipax,تیپاکس فلکه اول تهرانپارس,تهران,تهران,35.7262542,51.5242765,5.0,They are not responsive at all.,8 months ago,Roozbeh Mokhtarian,NULL,NULL,NULL,https://www.google.com/maps/place/%D8%AA%DB%8C%D9%BE%D8%A7%DA%A9%D8%B3+%D9%81%D9%84%DA%A9%D9%87+%D8%A7%D9%88%D9%84+%D8%AA%D9%87%D8%B1%D8%A7%D9%86%D9%BE%D8%A7%D8%B1%D8%B3%E2%80%AD/data=!4m7!3m6!1s0x3f8e1d005f488e2d:0x14f9bd762097aa90!8m2!3d35.7262542!4d51.5242765!16s%2Fg%2F11vpmksg9c!19sChIJLY5IXwAdjj8RkKqXIHa9-RQ?authuser=0&hl=en&rclk=1,2026-08-02T22:45:44.746392+00:00
351,google_maps,Tipax,تیپاکس خاوران,تهران,تهران,35.6538197,51.4767382,1.0,"Disgusting. Irresponsible. It's been 4 days since my package arrived at the Khavaran branch, but there's no one to answer.",a year ago,Fatemeh Sheykh74,NULL,NULL,NULL,https://www.google.com/maps/place/%D8%AA%DB%8C%D9%BE%D8%A7%DA%A9%D8%B3+%D9%86%D9%85%D8%A7%DB%8C%D9%86%D8%AF%DA%AF%DB%8C+%D8%AE%D8%A7%D9%88%D8%B1%D8%A7%D9%86%E2%80%AD/data=!4m7!3m6!1s0x3f91fd002e1f5855:0x7841c6ff17229a31!8m2!3d35.6538197!4d51.4767382!16s%2Fg%2F11w8l14by6!19sChIJVVgfLgD9kT8RMZoiF__GQXg?authuser=0&hl=en&rclk=1,2026-08-02T22:46:00.282196+00:00
352,google_maps,Tipax,تیپاکس خاوران,تهران,تهران,35.6538197,51.4767382,5.0,Very friendly indeed.,6 months ago,Iman Mersi,NULL,NULL,NULL,https://www.google.com/maps/place/%D8%AA%DB%8C%D9%BE%D8%A7%DA%A9%D8%B3+%D9%86%D9%85%D8%A7%DB%8C%D9%86%D8%AF%DA%AF%DB%8C+%D8%AE%D8%A7%D9%88%D8%B1%D8%A7%D9%86%E2%80%AD/data=!4m7!3m6!1s0x3f91fd002e1f5855:0x7841c6ff17229a31!8m2!3d35.6538197!4d51.4767382!16s%2Fg%2F11w8l14by6!19sChIJVVgfLgD9kT8RMZoiF__GQXg?authuser=0&hl=en&rclk=1,2026-08-02T22:46:00.282196+00:00
353,google_maps,Tipax,تیپاکس خاوران,تهران,تهران,35.6538197,51.4767382,5.0,Very creative.,a year ago,Leila,NULL,NULL,NULL,https://www.google.com/maps/place/%D8%AA%DB%8C%D9%BE%D8%A7%DA%A9%D8%B3+%D9%86%D9%85%D8%A7%DB%8C%D9%86%D8%AF%DA%AF%DB%8C+%D8%AE%D8%A7%D9%88%D8%B1%D8%A7%D9%86%E2%80%AD/data=!4m7!3m6!1s0x3f91fd002e1f5855:0x7841c6ff17229a31!8m2!3d35.6538197!4d51.4767382!16s%2Fg%2F11w8l14by6!19sChIJVVgfLgD9kT8RMZoiF__GQXg?authuser=0&hl=en&rclk=1,2026-08-02T22:46:00.282196+00:00
354,google_maps,Tipax,تیپاکس مجتمع تجاری امال,تهران,تهران,35.8112076,51.5017077,5.0,Very polite and organized. Thanks to the new management who made the changes.,8 months ago,ali sina tamadonara,NULL,NULL,NULL,https://www.google.com/maps/place/%D8%AA%DB%8C%D9%BE%D8%A7%DA%A9%D8%B3+%D9%85%D8%AC%D8%AA%D9%85%D8%B9+%D8%AA%D8%AC%D8%A7%D8%B1%DB%8C+%D8%A7%D9%85%D8%A7%D9%84%E2%80%AD/data=!4m7!3m6!1s0x3f8e050005cc07e3:0x5f368dc90e8584d9!8m2!3d35.8112076!4d51.5017077!16s%2Fg%2F11mkvyzjl5!19sChIJ4wfMBQAFjj8R2YSFDsmNNl8?authuser=0&hl=en&rclk=1,2026-08-02T22:46:09.049455+00:00
355,google_maps,Tipax,تیپاکس مجتمع تجاری امال,تهران,تهران,35.8112076,51.5017077,5.0,It's awful.,8 months ago,لیلا شاهمیری,NULL,NULL,NULL,https://www.google.com/maps/place/%D8%AA%DB%8C%D9%BE%D8%A7%DA%A9%D8%B3+%D9%85%D8%AC%D8%AA%D9%85%D8%B9+%D8%AA%D8%AC%D8%A7%D8%B1%DB%8C+%D8%A7%D9%85%D8%A7%D9%84%E2%80%AD/data=!4m7!3m6!1s0x3f8e050005cc07e3:0x5f368dc90e8584d9!8m2!3d35.8112076!4d51.5017077!16s%2Fg%2F11mkvyzjl5!19sChIJ4wfMBQAFjj8R2YSFDsmNNl8?authuser=0&hl=en&rclk=1,2026-08-02T22:46:09.049455+00:00
356,google_maps,Tipax,تیپاکس دهکده المپیک,خیابان ۴۵، Iran,دهکده المپیک خیابان ساحل,35.7584716,51.2944237,1.0,The most disorganized distribution office. They always sent my package late. They don't answer the phone. I don't know why they charge customers so much money and you have to go and pick up the package yourself.,a month ago,Elham Jannati,NULL,NULL,NULL,https://www.google.com/maps/place/%D9%86%D9%85%D8%A7%DB%8C%D9%86%D8%AF%DA%AF%DB%8C+%D8%AA%DB%8C%D9%BE%D8%A7%DA%A9%D8%B3+%D8%AF%D9%87%DA%A9%D8%AF%D9%87+%D8%A7%D9%84%D9%85%D9%BE%DB%8C%DA%A9%E2%80%AD/data=!4m7!3m6!1s0x3f8dfb6165f516cd:0xf48b146370ed77ad!8m2!3d35.7584716!4d51.2944237!16s%2Fg%2F11spp2czyk!19sChIJzRb1ZWH7jT8RrXftcGMUi_Q?authuser=0&hl=en&rclk=1,2026-08-02T22:46:17.674167+00:00
357,google_maps,Tipax,تیپاکس دهکده المپیک,خیابان ۴۵، Iran,دهکده المپیک خیابان ساحل,35.7584716,51.2944237,1.0,"The Olympic Village Center is closed, their phone number is disconnected, they haven't delivered packages from one area of ​​Tehran to another for a week, and no one is answering.",3 years ago,Najme Farashiani,NULL,NULL,NULL,https://www.google.com/maps/place/%D9%86%D9%85%D8%A7%DB%8C%D9%86%D8%AF%DA%AF%DB%8C+%D8%AA%DB%8C%D9%BE%D8%A7%DA%A9%D8%B3+%D8%AF%D9%87%DA%A9%D8%AF%D9%87+%D8%A7%D9%84%D9%85%D9%BE%DB%8C%DA%A9%E2%80%AD/data=!4m7!3m6!1s0x3f8dfb6165f516cd:0xf48b146370ed77ad!8m2!3d35.7584716!4d51.2944237!16s%2Fg%2F11spp2czyk!19sChIJzRb1ZWH7jT8RrXftcGMUi_Q?authuser=0&hl=en&rclk=1,2026-08-02T22:46:17.674167+00:00
358,google_maps,Tipax,تیپاکس دهکده المپیک,خیابان ۴۵، Iran,دهکده المپیک خیابان ساحل,35.7584716,51.2944237,1.0,"The first two years were great, but then the branch fell apart and became useless. Tipax is useless. Every day is more terrible and irresponsible than the day before.",2 years ago,Donya Paksirat,NULL,NULL,NULL,https://www.google.com/maps/place/%D9%86%D9%85%D8%A7%DB%8C%D9%86%D8%AF%DA%AF%DB%8C+%D8%AA%DB%8C%D9%BE%D8%A7%DA%A9%D8%B3+%D8%AF%D9%87%DA%A9%D8%AF%D9%87+%D8%A7%D9%84%D9%85%D9%BE%DB%8C%DA%A9%E2%80%AD/data=!4m7!3m6!1s0x3f8dfb6165f516cd:0xf48b146370ed77ad!8m2!3d35.7584716!4d51.2944237!16s%2Fg%2F11spp2czyk!19sChIJzRb1ZWH7jT8RrXftcGMUi_Q?authuser=0&hl=en&rclk=1,2026-08-02T22:46:17.674167+00:00
359,google_maps,Tipax,تیپاکس دهکده المپیک,خیابان ۴۵، Iran,دهکده المپیک خیابان ساحل,35.7584716,51.2944237,1.0,"Extremely bad, inappropriate and irresponsible behavior I will not close this branch again.",3 years ago,Mrz M.,NULL,NULL,NULL,https://www.google.com/maps/place/%D9%86%D9%85%D8%A7%DB%8C%D9%86%D8%AF%DA%AF%DB%8C+%D8%AA%DB%8C%D9%BE%D8%A7%DA%A9%D8%B3+%D8%AF%D9%87%DA%A9%D8%AF%D9%87+%D8%A7%D9%84%D9%85%D9%BE%DB%8C%DA%A9%E2%80%AD/data=!4m7!3m6!1s0x3f8dfb6165f516cd:0xf48b146370ed77ad!8m2!3d35.7584716!4d51.2944237!16s%2Fg%2F11spp2czyk!19sChIJzRb1ZWH7jT8RrXftcGMUi_Q?authuser=0&hl=en&rclk=1,2026-08-02T22:46:17.674167+00:00
360,google_maps,Tipax,تیپاکس دهکده المپیک,خیابان ۴۵، Iran,دهکده المپیک خیابان ساحل,35.7584716,51.2944237,5.0,It's a good agency. It's quiet and it keeps people busy.,2 years ago,Ali Shahbazi,NULL,NULL,NULL,https://www.google.com/maps/place/%D9%86%D9%85%D8%A7%DB%8C%D9%86%D8%AF%DA%AF%DB%8C+%D8%AA%DB%8C%D9%BE%D8%A7%DA%A9%D8%B3+%D8%AF%D9%87%DA%A9%D8%AF%D9%87+%D8%A7%D9%84%D9%85%D9%BE%DB%8C%DA%A9%E2%80%AD/data=!4m7!3m6!1s0x3f8dfb6165f516cd:0xf48b146370ed77ad!8m2!3d35.7584716!4d51.2944237!16s%2Fg%2F11spp2czyk!19sChIJzRb1ZWH7jT8RrXftcGMUi_Q?authuser=0&hl=en&rclk=1,2026-08-02T22:46:17.674167+00:00
361,google_maps,Tipax,تیپاکس دهکده المپیک,خیابان ۴۵، Iran,دهکده المپیک خیابان ساحل,35.7584716,51.2944237,5.0,Excellent,3 years ago,mostafa hasanvand,NULL,NULL,NULL,https://www.google.com/maps/place/%D9%86%D9%85%D8%A7%DB%8C%D9%86%D8%AF%DA%AF%DB%8C+%D8%AA%DB%8C%D9%BE%D8%A7%DA%A9%D8%B3+%D8%AF%D9%87%DA%A9%D8%AF%D9%87+%D8%A7%D9%84%D9%85%D9%BE%DB%8C%DA%A9%E2%80%AD/data=!4m7!3m6!1s0x3f8dfb6165f516cd:0xf48b146370ed77ad!8m2!3d35.7584716!4d51.2944237!16s%2Fg%2F11spp2czyk!19sChIJzRb1ZWH7jT8RrXftcGMUi_Q?authuser=0&hl=en&rclk=1,2026-08-02T22:46:17.674167+00:00
362,google_maps,Tipax,تیپاکس چهاردانگه,تهران,تهران,35.5983911,51.3054157,1.0,They are extremely annoying when delivering packages and you have to go to the dealership yourself to pick them up.,7 months ago,مهدی فراهانی,NULL,NULL,NULL,https://www.google.com/maps/place/%D9%86%D9%85%D8%A7%DB%8C%D9%86%D8%AF%DA%AF%DB%8C+%D8%AA%DB%8C%D9%BE%D8%A7%DA%A9%D8%B3+%DA%86%D9%87%D8%A7%D8%B1%D8%AF%D8%A7%D9%86%DA%AF%D9%87%E2%80%AD/data=!4m7!3m6!1s0x3f920156b767dea1:0x336e7060ce7eb405!8m2!3d35.5983911!4d51.3054157!16s%2Fg%2F11q880m5_b!19sChIJod5nt1YBkj8RBbR-zmBwbjM?authuser=0&hl=en&rclk=1,2026-08-02T22:46:34.945142+00:00
363,google_maps,Tipax,تیپاکس چهاردانگه,تهران,تهران,35.5983911,51.3054157,1.0,"It hasn't been closed for the past 15 days, Tehran is still a port. It's really awful.",2 years ago,behnoush bazyar,NULL,NULL,NULL,https://www.google.com/maps/place/%D9%86%D9%85%D8%A7%DB%8C%D9%86%D8%AF%DA%AF%DB%8C+%D8%AA%DB%8C%D9%BE%D8%A7%DA%A9%D8%B3+%DA%86%D9%87%D8%A7%D8%B1%D8%AF%D8%A7%D9%86%DA%AF%D9%87%E2%80%AD/data=!4m7!3m6!1s0x3f920156b767dea1:0x336e7060ce7eb405!8m2!3d35.5983911!4d51.3054157!16s%2Fg%2F11q880m5_b!19sChIJod5nt1YBkj8RBbR-zmBwbjM?authuser=0&hl=en&rclk=1,2026-08-02T22:46:34.945142+00:00
364,google_maps,Tipax,تیپاکس چهاردانگه,تهران,تهران,35.5983911,51.3054157,5.0,This is the Tipax branch located in Chahardangeh Industrial Park.,6 years ago,Iran Bobcat,NULL,NULL,NULL,https://www.google.com/maps/place/%D9%86%D9%85%D8%A7%DB%8C%D9%86%D8%AF%DA%AF%DB%8C+%D8%AA%DB%8C%D9%BE%D8%A7%DA%A9%D8%B3+%DA%86%D9%87%D8%A7%D8%B1%D8%AF%D8%A7%D9%86%DA%AF%D9%87%E2%80%AD/data=!4m7!3m6!1s0x3f920156b767dea1:0x336e7060ce7eb405!8m2!3d35.5983911!4d51.3054157!16s%2Fg%2F11q880m5_b!19sChIJod5nt1YBkj8RBbR-zmBwbjM?authuser=0&hl=en&rclk=1,2026-08-02T22:46:34.945142+00:00
365,google_maps,Tipax,تیپاکس چهاردانگه,تهران,تهران,35.5983911,51.3054157,5.0,"Mr. Kowsari, your card is correct. 20",2 years ago,Rahim Hoseyni,NULL,NULL,NULL,https://www.google.com/maps/place/%D9%86%D9%85%D8%A7%DB%8C%D9%86%D8%AF%DA%AF%DB%8C+%D8%AA%DB%8C%D9%BE%D8%A7%DA%A9%D8%B3+%DA%86%D9%87%D8%A7%D8%B1%D8%AF%D8%A7%D9%86%DA%AF%D9%87%E2%80%AD/data=!4m7!3m6!1s0x3f920156b767dea1:0x336e7060ce7eb405!8m2!3d35.5983911!4d51.3054157!16s%2Fg%2F11q880m5_b!19sChIJod5nt1YBkj8RBbR-zmBwbjM?authuser=0&hl=en&rclk=1,2026-08-02T22:46:34.945142+00:00
366,google_maps,Tipax,تیپاکس چهاردانگه,تهران,تهران,35.5983911,51.3054157,5.0,Shipped on time and well packaged.,4 years ago,chobchob,NULL,NULL,NULL,https://www.google.com/maps/place/%D9%86%D9%85%D8%A7%DB%8C%D9%86%D8%AF%DA%AF%DB%8C+%D8%AA%DB%8C%D9%BE%D8%A7%DA%A9%D8%B3+%DA%86%D9%87%D8%A7%D8%B1%D8%AF%D8%A7%D9%86%DA%AF%D9%87%E2%80%AD/data=!4m7!3m6!1s0x3f920156b767dea1:0x336e7060ce7eb405!8m2!3d35.5983911!4d51.3054157!16s%2Fg%2F11q880m5_b!19sChIJod5nt1YBkj8RBbR-zmBwbjM?authuser=0&hl=en&rclk=1,2026-08-02T22:46:34.945142+00:00
367,google_maps,Tipax,تیپاکس چهاردانگه,تهران,تهران,35.5983911,51.3054157,4.0,"It was good, my work was done.",6 months ago,Ahmad Nasirideljoo,NULL,NULL,NULL,https://www.google.com/maps/place/%D9%86%D9%85%D8%A7%DB%8C%D9%86%D8%AF%DA%AF%DB%8C+%D8%AA%DB%8C%D9%BE%D8%A7%DA%A9%D8%B3+%DA%86%D9%87%D8%A7%D8%B1%D8%AF%D8%A7%D9%86%DA%AF%D9%87%E2%80%AD/data=!4m7!3m6!1s0x3f920156b767dea1:0x336e7060ce7eb405!8m2!3d35.5983911!4d51.3054157!16s%2Fg%2F11q880m5_b!19sChIJod5nt1YBkj8RBbR-zmBwbjM?authuser=0&hl=en&rclk=1,2026-08-02T22:46:34.945142+00:00
368,google_maps,Tipax,تیپاکس چهاردانگه,تهران,تهران,35.5983911,51.3054157,4.0,Moved to a new location....,Edited 4 years ago,Alireza,NULL,NULL,NULL,https://www.google.com/maps/place/%D9%86%D9%85%D8%A7%DB%8C%D9%86%D8%AF%DA%AF%DB%8C+%D8%AA%DB%8C%D9%BE%D8%A7%DA%A9%D8%B3+%DA%86%D9%87%D8%A7%D8%B1%D8%AF%D8%A7%D9%86%DA%AF%D9%87%E2%80%AD/data=!4m7!3m6!1s0x3f920156b767dea1:0x336e7060ce7eb405!8m2!3d35.5983911!4d51.3054157!16s%2Fg%2F11q880m5_b!19sChIJod5nt1YBkj8RBbR-zmBwbjM?authuser=0&hl=en&rclk=1,2026-08-02T22:46:34.945142+00:00
369,google_maps,Tipax,تیپاکس چهاردانگه,تهران,تهران,35.5983911,51.3054157,1.0,Excellent,2 years ago,زیباسازان ایران,NULL,NULL,NULL,https://www.google.com/maps/place/%D9%86%D9%85%D8%A7%DB%8C%D9%86%D8%AF%DA%AF%DB%8C+%D8%AA%DB%8C%D9%BE%D8%A7%DA%A9%D8%B3+%DA%86%D9%87%D8%A7%D8%B1%D8%AF%D8%A7%D9%86%DA%AF%D9%87%E2%80%AD/data=!4m7!3m6!1s0x3f920156b767dea1:0x336e7060ce7eb405!8m2!3d35.5983911!4d51.3054157!16s%2Fg%2F11q880m5_b!19sChIJod5nt1YBkj8RBbR-zmBwbjM?authuser=0&hl=en&rclk=1,2026-08-02T22:46:34.945142+00:00
370,google_maps,Tipax,تیپاکس چهاردانگه,تهران,تهران,35.5983911,51.3054157,5.0,Accurate,2 years ago,مبلیران Mobliran,NULL,NULL,NULL,https://www.google.com/maps/place/%D9%86%D9%85%D8%A7%DB%8C%D9%86%D8%AF%DA%AF%DB%8C+%D8%AA%DB%8C%D9%BE%D8%A7%DA%A9%D8%B3+%DA%86%D9%87%D8%A7%D8%B1%D8%AF%D8%A7%D9%86%DA%AF%D9%87%E2%80%AD/data=!4m7!3m6!1s0x3f920156b767dea1:0x336e7060ce7eb405!8m2!3d35.5983911!4d51.3054157!16s%2Fg%2F11q880m5_b!19sChIJod5nt1YBkj8RBbR-zmBwbjM?authuser=0&hl=en&rclk=1,2026-08-02T22:46:34.945142+00:00
371,google_maps,Tipax,تیپاکس چهاردانگه,تهران,تهران,35.5983911,51.3054157,3.0,Good,7 years ago,Iran Automation,NULL,NULL,NULL,https://www.google.com/maps/place/%D9%86%D9%85%D8%A7%DB%8C%D9%86%D8%AF%DA%AF%DB%8C+%D8%AA%DB%8C%D9%BE%D8%A7%DA%A9%D8%B3+%DA%86%D9%87%D8%A7%D8%B1%D8%AF%D8%A7%D9%86%DA%AF%D9%87%E2%80%AD/data=!4m7!3m6!1s0x3f920156b767dea1:0x336e7060ce7eb405!8m2!3d35.5983911!4d51.3054157!16s%2Fg%2F11q880m5_b!19sChIJod5nt1YBkj8RBbR-zmBwbjM?authuser=0&hl=en&rclk=1,2026-08-02T22:46:34.945142+00:00
372,google_maps,Tipax,تیپاکس فلاح,تهران,تهران,35.6561626,51.3587293,5.0,Excellent support,a year ago,zahra siri,NULL,NULL,NULL,https://www.google.com/maps/place/%D9%86%D9%85%D8%A7%DB%8C%D9%86%D8%AF%DA%AF%DB%8C+%D8%AA%DB%8C%D9%BE%D8%A7%DA%A9%D8%B3+%D9%81%D9%84%D8%A7%D8%AD%E2%80%AD/data=!4m7!3m6!1s0x3f8e010005285c25:0xb02410fa99b3a55a!8m2!3d35.6561626!4d51.3587293!16s%2Fg%2F11lzw566pb!19sChIJJVwoBQABjj8RWqWzmfoQJLA?authuser=0&hl=en&rclk=1,2026-08-02T22:47:25.030420+00:00
373,google_maps,Tipax,تیپاکس فلاح,تهران,تهران,35.6561626,51.3587293,5.0,Excellent,a year ago,peyman khan mohammadi,NULL,NULL,NULL,https://www.google.com/maps/place/%D9%86%D9%85%D8%A7%DB%8C%D9%86%D8%AF%DA%AF%DB%8C+%D8%AA%DB%8C%D9%BE%D8%A7%DA%A9%D8%B3+%D9%81%D9%84%D8%A7%D8%AD%E2%80%AD/data=!4m7!3m6!1s0x3f8e010005285c25:0xb02410fa99b3a55a!8m2!3d35.6561626!4d51.3587293!16s%2Fg%2F11lzw566pb!19sChIJJVwoBQABjj8RWqWzmfoQJLA?authuser=0&hl=en&rclk=1,2026-08-02T22:47:25.030420+00:00
374,google_maps,Tipax,تیپاکس فلاح,تهران,تهران,35.6561626,51.3587293,5.0,perfect,a year ago,peym4n khan,NULL,NULL,NULL,https://www.google.com/maps/place/%D9%86%D9%85%D8%A7%DB%8C%D9%86%D8%AF%DA%AF%DB%8C+%D8%AA%DB%8C%D9%BE%D8%A7%DA%A9%D8%B3+%D9%81%D9%84%D8%A7%D8%AD%E2%80%AD/data=!4m7!3m6!1s0x3f8e010005285c25:0xb02410fa99b3a55a!8m2!3d35.6561626!4d51.3587293!16s%2Fg%2F11lzw566pb!19sChIJJVwoBQABjj8RWqWzmfoQJLA?authuser=0&hl=en&rclk=1,2026-08-02T22:47:25.030420+00:00
375,google_maps,Tipax,تیپاکس مشیریه,تهران,تهران,35.6244349,51.4919129,1.0,"The worst Tipax branch I've ever seen A bunch of irresponsible and rude people They are so rude and irresponsible that they made me regret working with Tipax They tried to deliver a package for two days, it's two streets away, but they didn't deliver anything, nor did they even answer the phone. I called Tipax, but they didn't answer properly It's better if they don't exist.",10 months ago,Sadegh Bakhshi,NULL,NULL,NULL,https://www.google.com/maps/place/%D9%86%D9%85%D8%A7%DB%8C%D9%86%D8%AF%DA%AF%DB%8C+%D8%AA%DB%8C%D9%BE%D8%A7%DA%A9%D8%B3+%D9%85%D8%B4%DB%8C%D8%B1%DB%8C%D9%87%E2%80%AD/data=!4m7!3m6!1s0x3f91fd6cc2c72519:0xc9992735a8fa327f!8m2!3d35.6244349!4d51.4919129!16s%2Fg%2F11q93pq7nj!19sChIJGSXHwmz9kT8RfzL6qDUnmck?authuser=0&hl=en&rclk=1,2026-08-02T22:47:33.951981+00:00
376,google_maps,Tipax,تیپاکس مشیریه,تهران,تهران,35.6244349,51.4919129,1.0,"Terrible, they don't respond at all. Really, with all these bad comments, why doesn't Tipax support handle it? It's a question of Tipax, a really terrible publication. I delivered the package in 2 hours. I haven't received a message yet. I call them and they don't answer.",a year ago,ارش,NULL,NULL,NULL,https://www.google.com/maps/place/%D9%86%D9%85%D8%A7%DB%8C%D9%86%D8%AF%DA%AF%DB%8C+%D8%AA%DB%8C%D9%BE%D8%A7%DA%A9%D8%B3+%D9%85%D8%B4%DB%8C%D8%B1%DB%8C%D9%87%E2%80%AD/data=!4m7!3m6!1s0x3f91fd6cc2c72519:0xc9992735a8fa327f!8m2!3d35.6244349!4d51.4919129!16s%2Fg%2F11q93pq7nj!19sChIJGSXHwmz9kT8RfzL6qDUnmck?authuser=0&hl=en&rclk=1,2026-08-02T22:47:33.951981+00:00
377,google_maps,Tipax,تیپاکس مشیریه,تهران,تهران,35.6244349,51.4919129,1.0,"I'm really sorry for you. It's so easy for Reckless to decide whether the package arrives or not. For example, Tipax arrives the fastest. The package hasn't been delivered for 5 days. We just came in person. You said, ""Let's go home and I'll send it to you again.""",a year ago,حانیه,NULL,NULL,NULL,https://www.google.com/maps/place/%D9%86%D9%85%D8%A7%DB%8C%D9%86%D8%AF%DA%AF%DB%8C+%D8%AA%DB%8C%D9%BE%D8%A7%DA%A9%D8%B3+%D9%85%D8%B4%DB%8C%D8%B1%DB%8C%D9%87%E2%80%AD/data=!4m7!3m6!1s0x3f91fd6cc2c72519:0xc9992735a8fa327f!8m2!3d35.6244349!4d51.4919129!16s%2Fg%2F11q93pq7nj!19sChIJGSXHwmz9kT8RfzL6qDUnmck?authuser=0&hl=en&rclk=1,2026-08-02T22:47:33.951981+00:00
378,google_maps,Tipax,تیپاکس مشیریه,تهران,تهران,35.6244349,51.4919129,1.0,"Hello. We were all at home when Tipax arrived, but the Tipax agent didn't even bother to ring the doorbell and just made one call. At that moment, my phone was off and I hung up and it said ""Returned"" and said ""Refused to receive"". Is there …",a year ago,هاجر درویشی,NULL,NULL,NULL,https://www.google.com/maps/place/%D9%86%D9%85%D8%A7%DB%8C%D9%86%D8%AF%DA%AF%DB%8C+%D8%AA%DB%8C%D9%BE%D8%A7%DA%A9%D8%B3+%D9%85%D8%B4%DB%8C%D8%B1%DB%8C%D9%87%E2%80%AD/data=!4m7!3m6!1s0x3f91fd6cc2c72519:0xc9992735a8fa327f!8m2!3d35.6244349!4d51.4919129!16s%2Fg%2F11q93pq7nj!19sChIJGSXHwmz9kT8RfzL6qDUnmck?authuser=0&hl=en&rclk=1,2026-08-02T22:47:33.951981+00:00
379,google_maps,Tipax,تیپاکس مشیریه,تهران,تهران,35.6244349,51.4919129,1.0,I gave one star for writing a review. This agency is very irresponsible. My package is there for three days and they don't send it. It took exactly 8 days for the items to arrive by regular mail. I'm really sorry. Close this kind of agency.,a year ago,متین وفاقی,NULL,NULL,NULL,https://www.google.com/maps/place/%D9%86%D9%85%D8%A7%DB%8C%D9%86%D8%AF%DA%AF%DB%8C+%D8%AA%DB%8C%D9%BE%D8%A7%DA%A9%D8%B3+%D9%85%D8%B4%DB%8C%D8%B1%DB%8C%D9%87%E2%80%AD/data=!4m7!3m6!1s0x3f91fd6cc2c72519:0xc9992735a8fa327f!8m2!3d35.6244349!4d51.4919129!16s%2Fg%2F11q93pq7nj!19sChIJGSXHwmz9kT8RfzL6qDUnmck?authuser=0&hl=en&rclk=1,2026-08-02T22:47:33.951981+00:00
380,google_maps,Tipax,تیپاکس مشیریه,تهران,تهران,35.6244349,51.4919129,1.0,I told them to send the package via Tipax so it would arrive quickly. It took five days😐😐 Today they sent me a message saying that the package was returned due to insufficient time to deliver it. What is this? …,a year ago,f krimi,NULL,NULL,NULL,https://www.google.com/maps/place/%D9%86%D9%85%D8%A7%DB%8C%D9%86%D8%AF%DA%AF%DB%8C+%D8%AA%DB%8C%D9%BE%D8%A7%DA%A9%D8%B3+%D9%85%D8%B4%DB%8C%D8%B1%DB%8C%D9%87%E2%80%AD/data=!4m7!3m6!1s0x3f91fd6cc2c72519:0xc9992735a8fa327f!8m2!3d35.6244349!4d51.4919129!16s%2Fg%2F11q93pq7nj!19sChIJGSXHwmz9kT8RfzL6qDUnmck?authuser=0&hl=en&rclk=1,2026-08-02T22:47:33.951981+00:00
381,google_maps,Tipax,تیپاکس مشیریه,تهران,تهران,35.6244349,51.4919129,1.0,"It's really awful, Teabox is a scam. Everyone who comments is dissatisfied, meaning no one wants to take any action about this Teabox. It's a must to give it 1 star.",Edited 8 months ago,hadi,NULL,NULL,NULL,https://www.google.com/maps/place/%D9%86%D9%85%D8%A7%DB%8C%D9%86%D8%AF%DA%AF%DB%8C+%D8%AA%DB%8C%D9%BE%D8%A7%DA%A9%D8%B3+%D9%85%D8%B4%DB%8C%D8%B1%DB%8C%D9%87%E2%80%AD/data=!4m7!3m6!1s0x3f91fd6cc2c72519:0xc9992735a8fa327f!8m2!3d35.6244349!4d51.4919129!16s%2Fg%2F11q93pq7nj!19sChIJGSXHwmz9kT8RfzL6qDUnmck?authuser=0&hl=en&rclk=1,2026-08-02T22:47:33.951981+00:00
382,google_maps,Tipax,تیپاکس مشیریه,تهران,تهران,35.6244349,51.4919129,1.0,"The most lazy agency.. For example, Tipax should send the package quickly.. It would have arrived sooner with regular mail. It's a shame for it to have one star.",a year ago,Elham Jalali,NULL,NULL,NULL,https://www.google.com/maps/place/%D9%86%D9%85%D8%A7%DB%8C%D9%86%D8%AF%DA%AF%DB%8C+%D8%AA%DB%8C%D9%BE%D8%A7%DA%A9%D8%B3+%D9%85%D8%B4%DB%8C%D8%B1%DB%8C%D9%87%E2%80%AD/data=!4m7!3m6!1s0x3f91fd6cc2c72519:0xc9992735a8fa327f!8m2!3d35.6244349!4d51.4919129!16s%2Fg%2F11q93pq7nj!19sChIJGSXHwmz9kT8RfzL6qDUnmck?authuser=0&hl=en&rclk=1,2026-08-02T22:47:33.951981+00:00
383,google_maps,Tipax,تیپاکس مشیریه,تهران,تهران,35.6244349,51.4919129,1.0,"This is a disgrace. They are the most irresponsible branch. They haven't sent my package in 5 days. No matter how much I complain, they won't answer me.",a year ago,نرگس سپهری فر,NULL,NULL,NULL,https://www.google.com/maps/place/%D9%86%D9%85%D8%A7%DB%8C%D9%86%D8%AF%DA%AF%DB%8C+%D8%AA%DB%8C%D9%BE%D8%A7%DA%A9%D8%B3+%D9%85%D8%B4%DB%8C%D8%B1%DB%8C%D9%87%E2%80%AD/data=!4m7!3m6!1s0x3f91fd6cc2c72519:0xc9992735a8fa327f!8m2!3d35.6244349!4d51.4919129!16s%2Fg%2F11q93pq7nj!19sChIJGSXHwmz9kT8RfzL6qDUnmck?authuser=0&hl=en&rclk=1,2026-08-02T22:47:33.951981+00:00
384,google_maps,Tipax,تیپاکس مشیریه,تهران,تهران,35.6244349,51.4919129,5.0,best work last work,2 years ago,Mohsen Ghorbani,NULL,NULL,NULL,https://www.google.com/maps/place/%D9%86%D9%85%D8%A7%DB%8C%D9%86%D8%AF%DA%AF%DB%8C+%D8%AA%DB%8C%D9%BE%D8%A7%DA%A9%D8%B3+%D9%85%D8%B4%DB%8C%D8%B1%DB%8C%D9%87%E2%80%AD/data=!4m7!3m6!1s0x3f91fd6cc2c72519:0xc9992735a8fa327f!8m2!3d35.6244349!4d51.4919129!16s%2Fg%2F11q93pq7nj!19sChIJGSXHwmz9kT8RfzL6qDUnmck?authuser=0&hl=en&rclk=1,2026-08-02T22:47:33.951981+00:00
385,google_maps,Tipax,تیپاکس (پیروزی-نیروهوایی),تهران,تهران,35.6934333,51.4913529,1.0,"I checked the Tipax website, how long does it take from Qom to Tehran? It said 1 day, but then a day later, the package didn't arrive. I called their support and they said, ""We'll see what happens tomorrow, call if it doesn't arrive. We'll …",9 months ago,niki akbari,NULL,NULL,NULL,https://www.google.com/maps/place/%D8%AA%DB%8C%D9%BE%D8%A7%DA%A9%D8%B3+%28%D9%BE%DB%8C%D8%B1%D9%88%D8%B2%DB%8C-%D9%86%DB%8C%D8%B1%D9%88%D9%87%D9%88%D8%A7%DB%8C%DB%8C%29%E2%80%AD/data=!4m7!3m6!1s0x3f8e030049af392f:0xbfefc5bdbe6bef5b!8m2!3d35.6934333!4d51.4913529!16s%2Fg%2F11x2xl9c89!19sChIJLzmvSQADjj8RW-9rvr3F778?authuser=0&hl=en&rclk=1,2026-08-02T22:47:51.134428+00:00
386,google_maps,Tipax,تیپاکس (پیروزی-نیروهوایی),تهران,تهران,35.6934333,51.4913529,5.0,"I had a package from Shiraz to Tehran, it was really great, I was surprised by the speed of the action, and most importantly, the good attitude, and the phone response was very fast, and they were responsive, really don't get tired...",6 months ago,Anoosh,NULL,NULL,NULL,https://www.google.com/maps/place/%D8%AA%DB%8C%D9%BE%D8%A7%DA%A9%D8%B3+%28%D9%BE%DB%8C%D8%B1%D9%88%D8%B2%DB%8C-%D9%86%DB%8C%D8%B1%D9%88%D9%87%D9%88%D8%A7%DB%8C%DB%8C%29%E2%80%AD/data=!4m7!3m6!1s0x3f8e030049af392f:0xbfefc5bdbe6bef5b!8m2!3d35.6934333!4d51.4913529!16s%2Fg%2F11x2xl9c89!19sChIJLzmvSQADjj8RW-9rvr3F778?authuser=0&hl=en&rclk=1,2026-08-02T22:47:51.134428+00:00
387,google_maps,Tipax,تیپاکس (پیروزی-نیروهوایی),تهران,تهران,35.6934333,51.4913529,5.0,"Excellent, good response and excellent follow-up. The type of service has really changed. Thank you very much.",a year ago,mahnaz barat,NULL,NULL,NULL,https://www.google.com/maps/place/%D8%AA%DB%8C%D9%BE%D8%A7%DA%A9%D8%B3+%28%D9%BE%DB%8C%D8%B1%D9%88%D8%B2%DB%8C-%D9%86%DB%8C%D8%B1%D9%88%D9%87%D9%88%D8%A7%DB%8C%DB%8C%29%E2%80%AD/data=!4m7!3m6!1s0x3f8e030049af392f:0xbfefc5bdbe6bef5b!8m2!3d35.6934333!4d51.4913529!16s%2Fg%2F11x2xl9c89!19sChIJLzmvSQADjj8RW-9rvr3F778?authuser=0&hl=en&rclk=1,2026-08-02T22:47:51.134428+00:00
388,google_maps,Tipax,تیپاکس راه آهن,تهران,تهران,35.6592823,51.4108209,1.0,"When the phone says it's broken, where should we go to get it answered? For example, our doorbell is broken. I tried to call and it said the phone was broken.",3 years ago,لیلا سیفی نوری,NULL,NULL,NULL,https://www.google.com/maps/place/%D9%86%D9%85%D8%A7%DB%8C%D9%86%D8%AF%DA%AF%DB%8C+%D8%AA%DB%8C%D9%BE%D8%A7%DA%A9%D8%B3+%D8%B1%D8%A7%D9%87+%D8%A2%D9%87%D9%86%E2%80%AD/data=!4m7!3m6!1s0x3f91ffaa2e4e4a27:0xe06d6b030a4ed43d!8m2!3d35.6592823!4d51.4108209!16s%2Fg%2F11nc9vf46h!19sChIJJ0pOLqr_kT8RPdROCgNrbeA?authuser=0&hl=en&rclk=1,2026-08-02T22:47:59.732194+00:00
389,google_maps,Tipax,تیپاکس راه آهن,تهران,تهران,35.6592823,51.4108209,1.0,The most irresponsible Tipax in Iran is Tipax Rahaf. They don't answer the phone and send the package whenever they feel like it.,10 months ago,علی اصغر خاوری شریف,NULL,NULL,NULL,https://www.google.com/maps/place/%D9%86%D9%85%D8%A7%DB%8C%D9%86%D8%AF%DA%AF%DB%8C+%D8%AA%DB%8C%D9%BE%D8%A7%DA%A9%D8%B3+%D8%B1%D8%A7%D9%87+%D8%A2%D9%87%D9%86%E2%80%AD/data=!4m7!3m6!1s0x3f91ffaa2e4e4a27:0xe06d6b030a4ed43d!8m2!3d35.6592823!4d51.4108209!16s%2Fg%2F11nc9vf46h!19sChIJJ0pOLqr_kT8RPdROCgNrbeA?authuser=0&hl=en&rclk=1,2026-08-02T22:47:59.732194+00:00
390,google_maps,Tipax,تیپاکس راه آهن,تهران,تهران,35.6592823,51.4108209,1.0,"I didn't receive the package, it was delivered on the website!",a year ago,Mona Soheili,NULL,NULL,NULL,https://www.google.com/maps/place/%D9%86%D9%85%D8%A7%DB%8C%D9%86%D8%AF%DA%AF%DB%8C+%D8%AA%DB%8C%D9%BE%D8%A7%DA%A9%D8%B3+%D8%B1%D8%A7%D9%87+%D8%A2%D9%87%D9%86%E2%80%AD/data=!4m7!3m6!1s0x3f91ffaa2e4e4a27:0xe06d6b030a4ed43d!8m2!3d35.6592823!4d51.4108209!16s%2Fg%2F11nc9vf46h!19sChIJJ0pOLqr_kT8RPdROCgNrbeA?authuser=0&hl=en&rclk=1,2026-08-02T22:47:59.732194+00:00
391,google_maps,Tipax,تیپاکس راه آهن,تهران,تهران,35.6592823,51.4108209,1.0,Packages are always delivered late at this dealership.,a year ago,Bahareh Borzoui,NULL,NULL,NULL,https://www.google.com/maps/place/%D9%86%D9%85%D8%A7%DB%8C%D9%86%D8%AF%DA%AF%DB%8C+%D8%AA%DB%8C%D9%BE%D8%A7%DA%A9%D8%B3+%D8%B1%D8%A7%D9%87+%D8%A2%D9%87%D9%86%E2%80%AD/data=!4m7!3m6!1s0x3f91ffaa2e4e4a27:0xe06d6b030a4ed43d!8m2!3d35.6592823!4d51.4108209!16s%2Fg%2F11nc9vf46h!19sChIJJ0pOLqr_kT8RPdROCgNrbeA?authuser=0&hl=en&rclk=1,2026-08-02T22:47:59.732194+00:00
392,google_maps,Tipax,تیپاکس راه آهن,تهران,تهران,35.6592823,51.4108209,1.0,They don't even bother answering the phone.,4 years ago,Radio Sheno,NULL,NULL,NULL,https://www.google.com/maps/place/%D9%86%D9%85%D8%A7%DB%8C%D9%86%D8%AF%DA%AF%DB%8C+%D8%AA%DB%8C%D9%BE%D8%A7%DA%A9%D8%B3+%D8%B1%D8%A7%D9%87+%D8%A2%D9%87%D9%86%E2%80%AD/data=!4m7!3m6!1s0x3f91ffaa2e4e4a27:0xe06d6b030a4ed43d!8m2!3d35.6592823!4d51.4108209!16s%2Fg%2F11nc9vf46h!19sChIJJ0pOLqr_kT8RPdROCgNrbeA?authuser=0&hl=en&rclk=1,2026-08-02T22:47:59.732194+00:00
393,google_maps,Tipax,تیپاکس راه آهن,تهران,تهران,35.6592823,51.4108209,1.0,Why don't they answer the phone at all?,3 years ago,Mona Ghodsi,NULL,NULL,NULL,https://www.google.com/maps/place/%D9%86%D9%85%D8%A7%DB%8C%D9%86%D8%AF%DA%AF%DB%8C+%D8%AA%DB%8C%D9%BE%D8%A7%DA%A9%D8%B3+%D8%B1%D8%A7%D9%87+%D8%A2%D9%87%D9%86%E2%80%AD/data=!4m7!3m6!1s0x3f91ffaa2e4e4a27:0xe06d6b030a4ed43d!8m2!3d35.6592823!4d51.4108209!16s%2Fg%2F11nc9vf46h!19sChIJJ0pOLqr_kT8RPdROCgNrbeA?authuser=0&hl=en&rclk=1,2026-08-02T22:47:59.732194+00:00
394,google_maps,Tipax,تیپاکس راه آهن,تهران,تهران,35.6592823,51.4108209,5.0,Excellent,3 years ago,Hosein Esi,NULL,NULL,NULL,https://www.google.com/maps/place/%D9%86%D9%85%D8%A7%DB%8C%D9%86%D8%AF%DA%AF%DB%8C+%D8%AA%DB%8C%D9%BE%D8%A7%DA%A9%D8%B3+%D8%B1%D8%A7%D9%87+%D8%A2%D9%87%D9%86%E2%80%AD/data=!4m7!3m6!1s0x3f91ffaa2e4e4a27:0xe06d6b030a4ed43d!8m2!3d35.6592823!4d51.4108209!16s%2Fg%2F11nc9vf46h!19sChIJJ0pOLqr_kT8RPdROCgNrbeA?authuser=0&hl=en&rclk=1,2026-08-02T22:47:59.732194+00:00
395,google_maps,Tipax,تیپاکس یاس,تهران,تهران,35.6896326,51.2466206,1.0,It's 8:10 and the shop is still closed.,a year ago,Behzad Rezaei,NULL,NULL,NULL,https://www.google.com/maps/place/%D8%AA%DB%8C%D9%BE%D8%A7%DA%A9%D8%B3+%DB%8C%D8%A7%D8%B3%E2%80%AD/data=!4m7!3m6!1s0x3f8dfb00470fb397:0x46cba83382d53f21!8m2!3d35.6896326!4d51.2466206!16s%2Fg%2F11wnp7tgz0!19sChIJl7MPRwD7jT8RIT_VgjOoy0Y?authuser=0&hl=en&rclk=1,2026-08-02T22:48:15.270651+00:00
396,google_maps,Tipax,تیپاکس یاس,تهران,تهران,35.6896326,51.2466206,5.0,Very friendly and organized 💐 …,a year ago,fereshteh jalalimoughari,NULL,NULL,NULL,https://www.google.com/maps/place/%D8%AA%DB%8C%D9%BE%D8%A7%DA%A9%D8%B3+%DB%8C%D8%A7%D8%B3%E2%80%AD/data=!4m7!3m6!1s0x3f8dfb00470fb397:0x46cba83382d53f21!8m2!3d35.6896326!4d51.2466206!16s%2Fg%2F11wnp7tgz0!19sChIJl7MPRwD7jT8RIT_VgjOoy0Y?authuser=0&hl=en&rclk=1,2026-08-02T22:48:15.270651+00:00
397,google_maps,Tipax,تیپاکس واوان تهران,تهران,تهران,35.5128375,51.2307344,1.0,"They are really irresponsible. I bought a phone. They came from Tehran to the Wavan Tipax office. They stole it because it was new. They easily knocked it over. God damn you. I bought this phone on a loan. I'm still paying the installments, but my phone hasn't been missing for a few weeks. I personally would be wrong to work with Tipax.",2 years ago,الا محمودی,NULL,NULL,NULL,https://www.google.com/maps/place/%D9%86%D9%85%D8%A7%DB%8C%D9%86%D8%AF%DA%AF%DB%8C+%D8%AA%DB%8C%D9%BE%D8%A7%DA%A9%D8%B3+%D9%88%D8%A7%D9%88%D8%A7%D9%86+%D8%AA%D9%87%D8%B1%D8%A7%D9%86%E2%80%AD/data=!4m7!3m6!1s0x3f92056f0e13e81b:0x2c1525863eed86c3!8m2!3d35.5128375!4d51.2307344!16s%2Fg%2F11sq8sz5_d!19sChIJG-gTDm8Fkj8Rw4btPoYlFSw?authuser=0&hl=en&rclk=1,2026-08-02T22:48:39.685104+00:00
398,google_maps,Tipax,تیپاکس واوان تهران,تهران,تهران,35.5128375,51.2307344,1.0,"Hello, you are doing a very poor job. This is the first time I have received a package and I personally come to pick it up from the branch. They lie and say, ""We came, but you didn't show up.""",a year ago,Saeid Hoseinzadeh,NULL,NULL,NULL,https://www.google.com/maps/place/%D9%86%D9%85%D8%A7%DB%8C%D9%86%D8%AF%DA%AF%DB%8C+%D8%AA%DB%8C%D9%BE%D8%A7%DA%A9%D8%B3+%D9%88%D8%A7%D9%88%D8%A7%D9%86+%D8%AA%D9%87%D8%B1%D8%A7%D9%86%E2%80%AD/data=!4m7!3m6!1s0x3f92056f0e13e81b:0x2c1525863eed86c3!8m2!3d35.5128375!4d51.2307344!16s%2Fg%2F11sq8sz5_d!19sChIJG-gTDm8Fkj8Rw4btPoYlFSw?authuser=0&hl=en&rclk=1,2026-08-02T22:48:39.685104+00:00
399,google_maps,Tipax,تیپاکس واوان تهران,تهران,تهران,35.5128375,51.2307344,1.0,"I really don't know why you didn't come to Van when you're never there, or you don't answer the phone, or you don't answer people's phones and don't reach out to them.",3 years ago,محدثه دهستانی,NULL,NULL,NULL,https://www.google.com/maps/place/%D9%86%D9%85%D8%A7%DB%8C%D9%86%D8%AF%DA%AF%DB%8C+%D8%AA%DB%8C%D9%BE%D8%A7%DA%A9%D8%B3+%D9%88%D8%A7%D9%88%D8%A7%D9%86+%D8%AA%D9%87%D8%B1%D8%A7%D9%86%E2%80%AD/data=!4m7!3m6!1s0x3f92056f0e13e81b:0x2c1525863eed86c3!8m2!3d35.5128375!4d51.2307344!16s%2Fg%2F11sq8sz5_d!19sChIJG-gTDm8Fkj8Rw4btPoYlFSw?authuser=0&hl=en&rclk=1,2026-08-02T22:48:39.685104+00:00
400,google_maps,Tipax,تیپاکس واوان تهران,تهران,تهران,35.5128375,51.2307344,1.0,"The most ridiculous post, all the parcels arrive late or get broken, no one cares.",5 months ago,ناصر افشار,NULL,NULL,NULL,https://www.google.com/maps/place/%D9%86%D9%85%D8%A7%DB%8C%D9%86%D8%AF%DA%AF%DB%8C+%D8%AA%DB%8C%D9%BE%D8%A7%DA%A9%D8%B3+%D9%88%D8%A7%D9%88%D8%A7%D9%86+%D8%AA%D9%87%D8%B1%D8%A7%D9%86%E2%80%AD/data=!4m7!3m6!1s0x3f92056f0e13e81b:0x2c1525863eed86c3!8m2!3d35.5128375!4d51.2307344!16s%2Fg%2F11sq8sz5_d!19sChIJG-gTDm8Fkj8Rw4btPoYlFSw?authuser=0&hl=en&rclk=1,2026-08-02T22:48:39.685104+00:00
401,google_maps,Tipax,تیپاکس واوان تهران,تهران,تهران,35.5128375,51.2307344,1.0,"Severe management weakness, irresponsibility of staff, overall unsatisfactory",a year ago,alireza ebrahimzadeh,NULL,NULL,NULL,https://www.google.com/maps/place/%D9%86%D9%85%D8%A7%DB%8C%D9%86%D8%AF%DA%AF%DB%8C+%D8%AA%DB%8C%D9%BE%D8%A7%DA%A9%D8%B3+%D9%88%D8%A7%D9%88%D8%A7%D9%86+%D8%AA%D9%87%D8%B1%D8%A7%D9%86%E2%80%AD/data=!4m7!3m6!1s0x3f92056f0e13e81b:0x2c1525863eed86c3!8m2!3d35.5128375!4d51.2307344!16s%2Fg%2F11sq8sz5_d!19sChIJG-gTDm8Fkj8Rw4btPoYlFSw?authuser=0&hl=en&rclk=1,2026-08-02T22:48:39.685104+00:00
402,google_maps,Tipax,تیپاکس واوان تهران,تهران,تهران,35.5128375,51.2307344,5.0,"Tipax Vawan has changed, new management has come It's very good",a year ago,Erfan Azizi,NULL,NULL,NULL,https://www.google.com/maps/place/%D9%86%D9%85%D8%A7%DB%8C%D9%86%D8%AF%DA%AF%DB%8C+%D8%AA%DB%8C%D9%BE%D8%A7%DA%A9%D8%B3+%D9%88%D8%A7%D9%88%D8%A7%D9%86+%D8%AA%D9%87%D8%B1%D8%A7%D9%86%E2%80%AD/data=!4m7!3m6!1s0x3f92056f0e13e81b:0x2c1525863eed86c3!8m2!3d35.5128375!4d51.2307344!16s%2Fg%2F11sq8sz5_d!19sChIJG-gTDm8Fkj8Rw4btPoYlFSw?authuser=0&hl=en&rclk=1,2026-08-02T22:48:39.685104+00:00
403,google_maps,Tipax,تیپاکس واوان تهران,تهران,تهران,35.5128375,51.2307344,1.0,They are looking for an excuse not to deliver the package.,8 months ago,F Mohammadi,NULL,NULL,NULL,https://www.google.com/maps/place/%D9%86%D9%85%D8%A7%DB%8C%D9%86%D8%AF%DA%AF%DB%8C+%D8%AA%DB%8C%D9%BE%D8%A7%DA%A9%D8%B3+%D9%88%D8%A7%D9%88%D8%A7%D9%86+%D8%AA%D9%87%D8%B1%D8%A7%D9%86%E2%80%AD/data=!4m7!3m6!1s0x3f92056f0e13e81b:0x2c1525863eed86c3!8m2!3d35.5128375!4d51.2307344!16s%2Fg%2F11sq8sz5_d!19sChIJG-gTDm8Fkj8Rw4btPoYlFSw?authuser=0&hl=en&rclk=1,2026-08-02T22:48:39.685104+00:00
404,google_maps,Tipax,تیپاکس واوان تهران,تهران,تهران,35.5128375,51.2307344,1.0,Their office phone number doesn't work🤬🤬👺🤬 …,3 years ago,behdad tehrani,NULL,NULL,NULL,https://www.google.com/maps/place/%D9%86%D9%85%D8%A7%DB%8C%D9%86%D8%AF%DA%AF%DB%8C+%D8%AA%DB%8C%D9%BE%D8%A7%DA%A9%D8%B3+%D9%88%D8%A7%D9%88%D8%A7%D9%86+%D8%AA%D9%87%D8%B1%D8%A7%D9%86%E2%80%AD/data=!4m7!3m6!1s0x3f92056f0e13e81b:0x2c1525863eed86c3!8m2!3d35.5128375!4d51.2307344!16s%2Fg%2F11sq8sz5_d!19sChIJG-gTDm8Fkj8Rw4btPoYlFSw?authuser=0&hl=en&rclk=1,2026-08-02T22:48:39.685104+00:00
405,google_maps,Tipax,تیپاکس واوان تهران,تهران,تهران,35.5128375,51.2307344,1.0,Free is expensive.,a year ago,amin Ebrahimi,NULL,NULL,NULL,https://www.google.com/maps/place/%D9%86%D9%85%D8%A7%DB%8C%D9%86%D8%AF%DA%AF%DB%8C+%D8%AA%DB%8C%D9%BE%D8%A7%DA%A9%D8%B3+%D9%88%D8%A7%D9%88%D8%A7%D9%86+%D8%AA%D9%87%D8%B1%D8%A7%D9%86%E2%80%AD/data=!4m7!3m6!1s0x3f92056f0e13e81b:0x2c1525863eed86c3!8m2!3d35.5128375!4d51.2307344!16s%2Fg%2F11sq8sz5_d!19sChIJG-gTDm8Fkj8Rw4btPoYlFSw?authuser=0&hl=en&rclk=1,2026-08-02T22:48:39.685104+00:00
406,google_maps,Tipax,تیپاکس پونک,تهران,تهران,35.7669715,51.3127997,1.0,The most horrible postal service. The staff is very rude. They come to the door during power outages but don't call and leave.,11 months ago,Samira Namdari,NULL,NULL,NULL,https://www.google.com/maps/place/%D8%AA%DB%8C%D9%BE%D8%A7%DA%A9%D8%B3+%D9%BE%D9%88%D9%86%DA%A9%E2%80%AD/data=!4m7!3m6!1s0x3f8dfd6a793097dd:0xf6940c6b90599f3d!8m2!3d35.7669715!4d51.3127997!16s%2Fg%2F11v0913plr!19sChIJ3ZcweWr9jT8RPZ9ZkGsMlPY?authuser=0&hl=en&rclk=1,2026-08-02T22:48:48.507089+00:00
407,google_maps,Tipax,تیپاکس پونک,تهران,تهران,35.7669715,51.3127997,1.0,"It has the rudest and most impatient staff. If you don't want your nails to ruin your day, don't go to this branch.",a year ago,Saloumeh Ghorashi,NULL,NULL,NULL,https://www.google.com/maps/place/%D8%AA%DB%8C%D9%BE%D8%A7%DA%A9%D8%B3+%D9%BE%D9%88%D9%86%DA%A9%E2%80%AD/data=!4m7!3m6!1s0x3f8dfd6a793097dd:0xf6940c6b90599f3d!8m2!3d35.7669715!4d51.3127997!16s%2Fg%2F11v0913plr!19sChIJ3ZcweWr9jT8RPZ9ZkGsMlPY?authuser=0&hl=en&rclk=1,2026-08-02T22:48:48.507089+00:00
408,google_maps,Tipax,تیپاکس پونک,تهران,تهران,35.7669715,51.3127997,1.0,"The most annoying tip: Uneducated, rude, ignorant staff",9 months ago,benjamin vand,NULL,NULL,NULL,https://www.google.com/maps/place/%D8%AA%DB%8C%D9%BE%D8%A7%DA%A9%D8%B3+%D9%BE%D9%88%D9%86%DA%A9%E2%80%AD/data=!4m7!3m6!1s0x3f8dfd6a793097dd:0xf6940c6b90599f3d!8m2!3d35.7669715!4d51.3127997!16s%2Fg%2F11v0913plr!19sChIJ3ZcweWr9jT8RPZ9ZkGsMlPY?authuser=0&hl=en&rclk=1,2026-08-02T22:48:48.507089+00:00
409,google_maps,Tipax,تیپاکس پونک,تهران,تهران,35.7669715,51.3127997,1.0,Disastrous performance,7 months ago,Romisa Karimian Shahrivar,NULL,NULL,NULL,https://www.google.com/maps/place/%D8%AA%DB%8C%D9%BE%D8%A7%DA%A9%D8%B3+%D9%BE%D9%88%D9%86%DA%A9%E2%80%AD/data=!4m7!3m6!1s0x3f8dfd6a793097dd:0xf6940c6b90599f3d!8m2!3d35.7669715!4d51.3127997!16s%2Fg%2F11v0913plr!19sChIJ3ZcweWr9jT8RPZ9ZkGsMlPY?authuser=0&hl=en&rclk=1,2026-08-02T22:48:48.507089+00:00
410,google_maps,Tipax,تیپاکس پونک,تهران,تهران,35.7669715,51.3127997,1.0,I don't recommend it.,a year ago,Meysam Tipax,NULL,NULL,NULL,https://www.google.com/maps/place/%D8%AA%DB%8C%D9%BE%D8%A7%DA%A9%D8%B3+%D9%BE%D9%88%D9%86%DA%A9%E2%80%AD/data=!4m7!3m6!1s0x3f8dfd6a793097dd:0xf6940c6b90599f3d!8m2!3d35.7669715!4d51.3127997!16s%2Fg%2F11v0913plr!19sChIJ3ZcweWr9jT8RPZ9ZkGsMlPY?authuser=0&hl=en&rclk=1,2026-08-02T22:48:48.507089+00:00
411,google_maps,Tipax,تیپاکس پونک,تهران,تهران,35.7669715,51.3127997,1.0,Very impersonal.,a year ago,Ali Vaziri,NULL,NULL,NULL,https://www.google.com/maps/place/%D8%AA%DB%8C%D9%BE%D8%A7%DA%A9%D8%B3+%D9%BE%D9%88%D9%86%DA%A9%E2%80%AD/data=!4m7!3m6!1s0x3f8dfd6a793097dd:0xf6940c6b90599f3d!8m2!3d35.7669715!4d51.3127997!16s%2Fg%2F11v0913plr!19sChIJ3ZcweWr9jT8RPZ9ZkGsMlPY?authuser=0&hl=en&rclk=1,2026-08-02T22:48:48.507089+00:00
412,google_maps,Tipax,30 Metri Jey Branch,تهران,تهران,35.6720044,51.384276,1.0,"They have the worst response rate and it is impossible to contact them by phone. Deliver the package on foot, but do not work with this branch of Tipax.",a year ago,Dr. Lashkar,NULL,NULL,NULL,https://www.google.com/maps/place/Tipax+30+Metri+Jey+Branch/data=!4m7!3m6!1s0x3f8e0158473d30e9:0xa3dea69b2eb1bec2!8m2!3d35.6720044!4d51.384276!16s%2Fg%2F11sd5kqdmp!19sChIJ6TA9R1gBjj8Rwr6xLpum3qM?authuser=0&hl=en&rclk=1,2026-08-02T22:49:19.050999+00:00
413,google_maps,Tipax,تیپاکس کن,تهران,تهران,35.762175,51.2782699,1.0,"Every time I sent a package from the Armaghan90 online store, Tipax delivered the package to the customer with problems, or some of the items inside the package were deducted, or the customer did not receive the package, they said it was delivered, or sometimes the package was completely empty and delivered to the customer. I even filed a criminal complaint against this company. I do not recommend it to anyone.",a year ago,اسپرت ورزشی ارمغان90 arash_n,NULL,NULL,NULL,https://www.google.com/maps/place/%D8%AA%DB%8C%D9%BE%D8%A7%DA%A9%D8%B3+%DA%A9%D9%86%E2%80%AD/data=!4m7!3m6!1s0x3f8de39d27f4f4af:0xf2087a2796f393e2!8m2!3d35.762175!4d51.2782699!16s%2Fg%2F11qgk2q7_6!19sChIJr_T0J53jjT8R4pPzlid6CPI?authuser=0&hl=en&rclk=1,2026-08-02T22:49:27.899522+00:00
414,google_maps,Tipax,تیپاکس کن,تهران,تهران,35.762175,51.2782699,5.0,"They have honest and hardworking employees and they cooperate as much as possible to send the package, whether it's by post or Tipaxe.",3 years ago,Omid Haji,NULL,NULL,NULL,https://www.google.com/maps/place/%D8%AA%DB%8C%D9%BE%D8%A7%DA%A9%D8%B3+%DA%A9%D9%86%E2%80%AD/data=!4m7!3m6!1s0x3f8de39d27f4f4af:0xf2087a2796f393e2!8m2!3d35.762175!4d51.2782699!16s%2Fg%2F11qgk2q7_6!19sChIJr_T0J53jjT8R4pPzlid6CPI?authuser=0&hl=en&rclk=1,2026-08-02T22:49:27.899522+00:00
415,google_maps,Tipax,تیپاکس کن,تهران,تهران,35.762175,51.2782699,5.0,Excellent,3 years ago,mehdi lotfi,NULL,NULL,NULL,https://www.google.com/maps/place/%D8%AA%DB%8C%D9%BE%D8%A7%DA%A9%D8%B3+%DA%A9%D9%86%E2%80%AD/data=!4m7!3m6!1s0x3f8de39d27f4f4af:0xf2087a2796f393e2!8m2!3d35.762175!4d51.2782699!16s%2Fg%2F11qgk2q7_6!19sChIJr_T0J53jjT8R4pPzlid6CPI?authuser=0&hl=en&rclk=1,2026-08-02T22:49:27.899522+00:00
416,google_maps,Tipax,تیپاکس تجریش,Fowqani,Tajrish,35.8036417,51.4306688,5.0,"The best tipax in Tehran, thank you for your welcome.",6 months ago,Amir,NULL,NULL,NULL,https://www.google.com/maps/place/%D8%AA%DB%8C%D9%BE%D8%A7%DA%A9%D8%B3+%D8%AA%D8%AC%D8%B1%DB%8C%D8%B4%E2%80%AD/data=!4m7!3m6!1s0x3f8e07007be9bc2f:0x452c91957a10040b!8m2!3d35.8036417!4d51.4306688!16s%2Fg%2F11xzxnmc71!19sChIJL7zpewAHjj8RCwQQepWRLEU?authuser=0&hl=en&rclk=1,2026-08-02T22:49:36.377045+00:00
417,google_maps,Tipax,سرویس پوینت تیپاکس صوراسرافیل,تهران,تهران,35.6827366,51.4223335,1.0,"They have delays in shipping, sometimes the goods are left behind at their dealership.",a year ago,Hosein HajHoseini,NULL,NULL,NULL,https://www.google.com/maps/place/%D8%B3%D8%B1%D9%88%DB%8C%D8%B3+%D9%BE%D9%88%DB%8C%D9%86%D8%AA+%D8%AA%DB%8C%D9%BE%D8%A7%DA%A9%D8%B3+%D8%B5%D9%88%D8%B1%D8%A7%D8%B3%D8%B1%D8%A7%D9%81%DB%8C%D9%84%E2%80%AD/data=!4m7!3m6!1s0x3f8e01d13cf13b87:0xfb087a63c2321287!8m2!3d35.6827366!4d51.4223335!16s%2Fg%2F11ngypf3fn!19sChIJhzvxPNEBjj8RhxIywmN6CPs?authuser=0&hl=en&rclk=1,2026-08-02T22:49:44.866958+00:00
418,google_maps,Tipax,تیپاکس مهرشهر,تهران,تهران,35.8200413,50.9042335,1.0,"I feel sorry for the people of Mehrshahr who elected this irresponsible and very rude representative to Tipax. He probably has a knack for it because instead of delivering people's packages, he calls and says you have to come and pick them up yourself, we don't have the manpower. He has completely messed up the postal equation Please prescribe a class to explain it to them.",3 years ago,مجید محمدلو,NULL,NULL,NULL,https://www.google.com/maps/place/%D8%AA%DB%8C%D9%BE%D8%A7%DA%A9%D8%B3+%D9%85%D9%87%D8%B1%D8%B4%D9%87%D8%B1%E2%80%AD/data=!4m7!3m6!1s0x3f8dbd6db68f1561:0x22a9a29b3e97fdd4!8m2!3d35.8200413!4d50.9042335!16s%2Fg%2F11hz_sg77m!19sChIJYRWPtm29jT8R1P2XPpuiqSI?authuser=0&hl=en&rclk=1,2026-08-02T22:50:10.796977+00:00
419,google_maps,Tipax,تیپاکس مهرشهر,تهران,تهران,35.8200413,50.9042335,1.0,"Very bad service Do not trust this agency because without bringing your package for delivery, they say we came but you were not there They do not introduce themselves on the phone, contrary to Tipax protocol They say they can deliver the package at any time they want, whereas according to Tipax protocol it can be up to 5 pm at the latest",6 years ago,Nixa Travel,NULL,NULL,NULL,https://www.google.com/maps/place/%D8%AA%DB%8C%D9%BE%D8%A7%DA%A9%D8%B3+%D9%85%D9%87%D8%B1%D8%B4%D9%87%D8%B1%E2%80%AD/data=!4m7!3m6!1s0x3f8dbd6db68f1561:0x22a9a29b3e97fdd4!8m2!3d35.8200413!4d50.9042335!16s%2Fg%2F11hz_sg77m!19sChIJYRWPtm29jT8R1P2XPpuiqSI?authuser=0&hl=en&rclk=1,2026-08-02T22:50:10.796977+00:00
420,google_maps,Tipax,تیپاکس مهرشهر,تهران,تهران,35.8200413,50.9042335,2.0,"Their service wasn't bad, but the location is such a strange place and an unsafe and dangerous area that I was really afraid to get out of the car! I don't know why the Tipax office, with all those clients, has to be in such a bad neighborhood.",10 months ago,Parinaz Niknami,NULL,NULL,NULL,https://www.google.com/maps/place/%D8%AA%DB%8C%D9%BE%D8%A7%DA%A9%D8%B3+%D9%85%D9%87%D8%B1%D8%B4%D9%87%D8%B1%E2%80%AD/data=!4m7!3m6!1s0x3f8dbd6db68f1561:0x22a9a29b3e97fdd4!8m2!3d35.8200413!4d50.9042335!16s%2Fg%2F11hz_sg77m!19sChIJYRWPtm29jT8R1P2XPpuiqSI?authuser=0&hl=en&rclk=1,2026-08-02T22:50:10.796977+00:00
421,google_maps,Tipax,تیپاکس مهرشهر,تهران,تهران,35.8200413,50.9042335,1.0,"They are very irresponsible and unplanned. They don't realize that if someone requests their shipment through Tipax, they definitely need the shipment to arrive quickly. Not just deliver the shipment after a few days.",a year ago,Forogh Baghani,NULL,NULL,NULL,https://www.google.com/maps/place/%D8%AA%DB%8C%D9%BE%D8%A7%DA%A9%D8%B3+%D9%85%D9%87%D8%B1%D8%B4%D9%87%D8%B1%E2%80%AD/data=!4m7!3m6!1s0x3f8dbd6db68f1561:0x22a9a29b3e97fdd4!8m2!3d35.8200413!4d50.9042335!16s%2Fg%2F11hz_sg77m!19sChIJYRWPtm29jT8R1P2XPpuiqSI?authuser=0&hl=en&rclk=1,2026-08-02T22:50:10.796977+00:00
422,google_maps,Tipax,تیپاکس مهرشهر,تهران,تهران,35.8200413,50.9042335,1.0,They don't answer the phone at all. I also called Tipax to ask them to pick it up. They say you have to bring it yourself. What kind of service is this? The Mehrshahr branch is terrible.,5 years ago,shirin jelokhani,NULL,NULL,NULL,https://www.google.com/maps/place/%D8%AA%DB%8C%D9%BE%D8%A7%DA%A9%D8%B3+%D9%85%D9%87%D8%B1%D8%B4%D9%87%D8%B1%E2%80%AD/data=!4m7!3m6!1s0x3f8dbd6db68f1561:0x22a9a29b3e97fdd4!8m2!3d35.8200413!4d50.9042335!16s%2Fg%2F11hz_sg77m!19sChIJYRWPtm29jT8R1P2XPpuiqSI?authuser=0&hl=en&rclk=1,2026-08-02T22:50:10.796977+00:00
423,google_maps,Tipax,تیپاکس مهرشهر,تهران,تهران,35.8200413,50.9042335,1.0,"Terrible service I never answer the company phone, the guy who is responsible for delivering packages doesn't come to the door to deliver them, and if you wait 2 minutes, he …",5 years ago,roya ziyaee,NULL,NULL,NULL,https://www.google.com/maps/place/%D8%AA%DB%8C%D9%BE%D8%A7%DA%A9%D8%B3+%D9%85%D9%87%D8%B1%D8%B4%D9%87%D8%B1%E2%80%AD/data=!4m7!3m6!1s0x3f8dbd6db68f1561:0x22a9a29b3e97fdd4!8m2!3d35.8200413!4d50.9042335!16s%2Fg%2F11hz_sg77m!19sChIJYRWPtm29jT8R1P2XPpuiqSI?authuser=0&hl=en&rclk=1,2026-08-02T22:50:10.796977+00:00
424,google_maps,Tipax,تیپاکس مهرشهر,تهران,تهران,35.8200413,50.9042335,2.0,"The quality of service is poor. Once my package was opened and its contents were stolen, although they refunded the money later, it felt really bad.",2 years ago,Ali Sadri,NULL,NULL,NULL,https://www.google.com/maps/place/%D8%AA%DB%8C%D9%BE%D8%A7%DA%A9%D8%B3+%D9%85%D9%87%D8%B1%D8%B4%D9%87%D8%B1%E2%80%AD/data=!4m7!3m6!1s0x3f8dbd6db68f1561:0x22a9a29b3e97fdd4!8m2!3d35.8200413!4d50.9042335!16s%2Fg%2F11hz_sg77m!19sChIJYRWPtm29jT8R1P2XPpuiqSI?authuser=0&hl=en&rclk=1,2026-08-02T22:50:10.796977+00:00
425,google_maps,Tipax,تیپاکس مهرشهر,تهران,تهران,35.8200413,50.9042335,5.0,"Hello Thank you for opening a branch in Mehrshahr, we had a difficult time, we had to carry packages a long way to send them to me, which is great.",6 years ago,Abolfazl M,NULL,NULL,NULL,https://www.google.com/maps/place/%D8%AA%DB%8C%D9%BE%D8%A7%DA%A9%D8%B3+%D9%85%D9%87%D8%B1%D8%B4%D9%87%D8%B1%E2%80%AD/data=!4m7!3m6!1s0x3f8dbd6db68f1561:0x22a9a29b3e97fdd4!8m2!3d35.8200413!4d50.9042335!16s%2Fg%2F11hz_sg77m!19sChIJYRWPtm29jT8R1P2XPpuiqSI?authuser=0&hl=en&rclk=1,2026-08-02T22:50:10.796977+00:00
426,google_maps,Tipax,تیپاکس مهرشهر,تهران,تهران,35.8200413,50.9042335,1.0,"Disgusting I'm at home, someone brought this package I got a text message saying you're back This agency needs to be shut down",3 years ago,pirani 1001,NULL,NULL,NULL,https://www.google.com/maps/place/%D8%AA%DB%8C%D9%BE%D8%A7%DA%A9%D8%B3+%D9%85%D9%87%D8%B1%D8%B4%D9%87%D8%B1%E2%80%AD/data=!4m7!3m6!1s0x3f8dbd6db68f1561:0x22a9a29b3e97fdd4!8m2!3d35.8200413!4d50.9042335!16s%2Fg%2F11hz_sg77m!19sChIJYRWPtm29jT8R1P2XPpuiqSI?authuser=0&hl=en&rclk=1,2026-08-02T22:50:10.796977+00:00
427,google_maps,Tipax,تیپاکس مهرشهر,تهران,تهران,35.8200413,50.9042335,5.0,Fast work,5 years ago,mostafa khorsands,NULL,NULL,NULL,https://www.google.com/maps/place/%D8%AA%DB%8C%D9%BE%D8%A7%DA%A9%D8%B3+%D9%85%D9%87%D8%B1%D8%B4%D9%87%D8%B1%E2%80%AD/data=!4m7!3m6!1s0x3f8dbd6db68f1561:0x22a9a29b3e97fdd4!8m2!3d35.8200413!4d50.9042335!16s%2Fg%2F11hz_sg77m!19sChIJYRWPtm29jT8R1P2XPpuiqSI?authuser=0&hl=en&rclk=1,2026-08-02T22:50:10.796977+00:00
428,google_maps,Tipax,تیپاکس قلمستان,البرز,کرج,35.7976635,50.9931898,1.0,"I wish there was an institution that would monitor their work. When they don't bother to bring the package, they just pretend to be absent.",a month ago,kati Z,NULL,NULL,NULL,https://www.google.com/maps/place/%D8%AA%DB%8C%D9%BE%D8%A7%DA%A9%D8%B3+%D9%82%D9%84%D9%85%D8%B3%D8%AA%D8%A7%D9%86%E2%80%AD/data=!4m7!3m6!1s0x3f8d950025a26919:0x61114b34d4e4536!8m2!3d35.7976635!4d50.9931898!16s%2Fg%2F11w9gtpy3m!19sChIJGWmiJQCVjT8RNkVOTbMUEQY?authuser=0&hl=en&rclk=1,2026-08-02T22:50:28.030589+00:00
429,google_maps,Tipax,تیپاکس قلمستان,البرز,کرج,35.7976635,50.9931898,1.0,What a terrible thing they do. The postman doesn't wait these two minutes. They come to the door and leave quickly.,2 months ago,Kourosh Masoumzadeh,NULL,NULL,NULL,https://www.google.com/maps/place/%D8%AA%DB%8C%D9%BE%D8%A7%DA%A9%D8%B3+%D9%82%D9%84%D9%85%D8%B3%D8%AA%D8%A7%D9%86%E2%80%AD/data=!4m7!3m6!1s0x3f8d950025a26919:0x61114b34d4e4536!8m2!3d35.7976635!4d50.9931898!16s%2Fg%2F11w9gtpy3m!19sChIJGWmiJQCVjT8RNkVOTbMUEQY?authuser=0&hl=en&rclk=1,2026-08-02T22:50:28.030589+00:00
430,google_maps,Tipax,تیپاکس گوهردشت,البرز,کرج,35.8656393,50.9747416,3.0,"Their office is very busy, unorganized, and disorganized, and they accept so much work that they cannot properly and systematically respond to their clients. In fact, it must be said that the money is good, but at what cost will you get two more packages and lose a few dozen customers instead?",5 months ago,Sepehr Chavoshi,NULL,NULL,NULL,https://www.google.com/maps/place/%D8%AA%DB%8C%D9%BE%D8%A7%DA%A9%D8%B3+%DA%AF%D9%88%D9%87%D8%B1%D8%AF%D8%B4%D8%AA%E2%80%AD/data=!4m7!3m6!1s0x3f8db9007c9db9c3:0x36233f1879485543!8m2!3d35.8656393!4d50.9747416!16s%2Fg%2F11y0cxg8pl!19sChIJw7mdfAC5jT8RQ1VIeRg_IzY?authuser=0&hl=en&rclk=1,2026-08-02T22:50:45.196429+00:00
431,google_maps,Tipax,تیپاکس مهرویلا,البرز,NULL,35.8080126,50.9759021,1.0,"I actually have to give a rating and if it were up to me I wouldn't give even a single rating, they give extremely rude answers and charge free money for fast shipping. I ordered on Saturday and it was supposed to arrive on Sunday and today …",2 months ago,FOXALLIES,NULL,NULL,NULL,https://www.google.com/maps/place/%D8%AA%DB%8C%D9%BE%D8%A7%DA%A9%D8%B3+%D9%85%D9%87%D8%B1%D9%88%DB%8C%D9%84%D8%A7%E2%80%AD/data=!4m7!3m6!1s0x3f8dbf00790c7917:0x723a2cf9657edbbc!8m2!3d35.8080126!4d50.9759021!16s%2Fg%2F11yrn0_lh6!19sChIJF3kMeQC_jT8RvNt-ZfksOnI?authuser=0&hl=en&rclk=1,2026-08-02T22:50:53.807162+00:00
432,google_maps,Tipax,تیپاکس مهرویلا,البرز,NULL,35.8080126,50.9759021,5.0,*Top Tipax Agency *Mehrvila With new management Tipaks Mehrvila with new management is ready to serve …,7 months ago,hamidreza zandbaf,NULL,NULL,NULL,https://www.google.com/maps/place/%D8%AA%DB%8C%D9%BE%D8%A7%DA%A9%D8%B3+%D9%85%D9%87%D8%B1%D9%88%DB%8C%D9%84%D8%A7%E2%80%AD/data=!4m7!3m6!1s0x3f8dbf00790c7917:0x723a2cf9657edbbc!8m2!3d35.8080126!4d50.9759021!16s%2Fg%2F11yrn0_lh6!19sChIJF3kMeQC_jT8RvNt-ZfksOnI?authuser=0&hl=en&rclk=1,2026-08-02T22:50:53.807162+00:00
433,google_maps,Tipax,تیپاکس نظرآباد,البرز,NULL,35.9508381,50.6047409,1.0,"Hello friends. I will tell you very clearly and briefly. I think if you want to waste your money, work with Tipax. The service facilities are very poor. They called me and said, ""We can't help you find your package. Why did you charge a lot of money?"" So I think regular mail is much, much better. I am a seller. You can buy online from me all day long. I do it all by mail. We used it once for several years and were annoyed for several years. I don't recommend it at all.",3 years ago,Mr Ghorbani,NULL,NULL,NULL,https://www.google.com/maps/place/%D9%86%D9%85%D8%A7%DB%8C%D9%86%D8%AF%DA%AF%DB%8C+%D8%AA%DB%8C%D9%BE%D8%A7%DA%A9%D8%B3+%D9%86%D8%B8%D8%B1%D8%A2%D8%A8%D8%A7%D8%AF%E2%80%AD/data=!4m7!3m6!1s0x3f8cff35c0146645:0xf1f64cfccc05eb9e!8m2!3d35.9508381!4d50.6047409!16s%2Fg%2F11j91p55wg!19sChIJRWYUwDX_jD8RnusFzPxM9vE?authuser=0&hl=en&rclk=1,2026-08-02T22:51:11.105281+00:00
434,google_maps,Tipax,تیپاکس نظرآباد,البرز,NULL,35.9508381,50.6047409,1.0,"It's the busiest place I know, they don't close it, they call it a no-show. May God curse you for the sake of my master Imam Hussein for getting on the nerves of so many customers.",a year ago,Samira Abdollahzadeh,NULL,NULL,NULL,https://www.google.com/maps/place/%D9%86%D9%85%D8%A7%DB%8C%D9%86%D8%AF%DA%AF%DB%8C+%D8%AA%DB%8C%D9%BE%D8%A7%DA%A9%D8%B3+%D9%86%D8%B8%D8%B1%D8%A2%D8%A8%D8%A7%D8%AF%E2%80%AD/data=!4m7!3m6!1s0x3f8cff35c0146645:0xf1f64cfccc05eb9e!8m2!3d35.9508381!4d50.6047409!16s%2Fg%2F11j91p55wg!19sChIJRWYUwDX_jD8RnusFzPxM9vE?authuser=0&hl=en&rclk=1,2026-08-02T22:51:11.105281+00:00
435,google_maps,Tipax,تیپاکس نظرآباد,البرز,NULL,35.9508381,50.6047409,1.0,They deliver packages very late and are not responsive at all. I always get stressed out waiting for my packages to arrive.,a year ago,Fatemeh Nourzadeh,NULL,NULL,NULL,https://www.google.com/maps/place/%D9%86%D9%85%D8%A7%DB%8C%D9%86%D8%AF%DA%AF%DB%8C+%D8%AA%DB%8C%D9%BE%D8%A7%DA%A9%D8%B3+%D9%86%D8%B8%D8%B1%D8%A2%D8%A8%D8%A7%D8%AF%E2%80%AD/data=!4m7!3m6!1s0x3f8cff35c0146645:0xf1f64cfccc05eb9e!8m2!3d35.9508381!4d50.6047409!16s%2Fg%2F11j91p55wg!19sChIJRWYUwDX_jD8RnusFzPxM9vE?authuser=0&hl=en&rclk=1,2026-08-02T22:51:11.105281+00:00
436,google_maps,Tipax,تیپاکس نظرآباد,البرز,NULL,35.9508381,50.6047409,1.0,"Tipax is really the worst, especially the Nazar Abad branch, it's a shame they don't put flowers on the door.",2 years ago,هادی محمودیان,NULL,NULL,NULL,https://www.google.com/maps/place/%D9%86%D9%85%D8%A7%DB%8C%D9%86%D8%AF%DA%AF%DB%8C+%D8%AA%DB%8C%D9%BE%D8%A7%DA%A9%D8%B3+%D9%86%D8%B8%D8%B1%D8%A2%D8%A8%D8%A7%D8%AF%E2%80%AD/data=!4m7!3m6!1s0x3f8cff35c0146645:0xf1f64cfccc05eb9e!8m2!3d35.9508381!4d50.6047409!16s%2Fg%2F11j91p55wg!19sChIJRWYUwDX_jD8RnusFzPxM9vE?authuser=0&hl=en&rclk=1,2026-08-02T22:51:11.105281+00:00
437,google_maps,Tipax,تیپاکس نظرآباد,البرز,NULL,35.9508381,50.6047409,1.0,A woman who sits still doesn't do anything wrong. You have to do everything yourself.,10 months ago,Arad,NULL,NULL,NULL,https://www.google.com/maps/place/%D9%86%D9%85%D8%A7%DB%8C%D9%86%D8%AF%DA%AF%DB%8C+%D8%AA%DB%8C%D9%BE%D8%A7%DA%A9%D8%B3+%D9%86%D8%B8%D8%B1%D8%A2%D8%A8%D8%A7%D8%AF%E2%80%AD/data=!4m7!3m6!1s0x3f8cff35c0146645:0xf1f64cfccc05eb9e!8m2!3d35.9508381!4d50.6047409!16s%2Fg%2F11j91p55wg!19sChIJRWYUwDX_jD8RnusFzPxM9vE?authuser=0&hl=en&rclk=1,2026-08-02T22:51:11.105281+00:00
438,google_maps,Tipax,تیپاکس نظرآباد,البرز,NULL,35.9508381,50.6047409,1.0,"They should get their heads in that trap and with the ignorant, irresponsible people.",2 years ago,Afsane Mahmudi,NULL,NULL,NULL,https://www.google.com/maps/place/%D9%86%D9%85%D8%A7%DB%8C%D9%86%D8%AF%DA%AF%DB%8C+%D8%AA%DB%8C%D9%BE%D8%A7%DA%A9%D8%B3+%D9%86%D8%B8%D8%B1%D8%A2%D8%A8%D8%A7%D8%AF%E2%80%AD/data=!4m7!3m6!1s0x3f8cff35c0146645:0xf1f64cfccc05eb9e!8m2!3d35.9508381!4d50.6047409!16s%2Fg%2F11j91p55wg!19sChIJRWYUwDX_jD8RnusFzPxM9vE?authuser=0&hl=en&rclk=1,2026-08-02T22:51:11.105281+00:00
439,google_maps,Tipax,تیپاکس نظرآباد,البرز,NULL,35.9508381,50.6047409,1.0,"They couldn't even bring the door open once, it was a terrible delivery 👎🏿 …",2 years ago,مهسا حسینی,NULL,NULL,NULL,https://www.google.com/maps/place/%D9%86%D9%85%D8%A7%DB%8C%D9%86%D8%AF%DA%AF%DB%8C+%D8%AA%DB%8C%D9%BE%D8%A7%DA%A9%D8%B3+%D9%86%D8%B8%D8%B1%D8%A2%D8%A8%D8%A7%D8%AF%E2%80%AD/data=!4m7!3m6!1s0x3f8cff35c0146645:0xf1f64cfccc05eb9e!8m2!3d35.9508381!4d50.6047409!16s%2Fg%2F11j91p55wg!19sChIJRWYUwDX_jD8RnusFzPxM9vE?authuser=0&hl=en&rclk=1,2026-08-02T22:51:11.105281+00:00
440,google_maps,Tipax,تیپاکس نظرآباد,البرز,NULL,35.9508381,50.6047409,1.0,They are very irresponsible and rude. Please follow up.,3 years ago,Elahe Armandei,NULL,NULL,NULL,https://www.google.com/maps/place/%D9%86%D9%85%D8%A7%DB%8C%D9%86%D8%AF%DA%AF%DB%8C+%D8%AA%DB%8C%D9%BE%D8%A7%DA%A9%D8%B3+%D9%86%D8%B8%D8%B1%D8%A2%D8%A8%D8%A7%D8%AF%E2%80%AD/data=!4m7!3m6!1s0x3f8cff35c0146645:0xf1f64cfccc05eb9e!8m2!3d35.9508381!4d50.6047409!16s%2Fg%2F11j91p55wg!19sChIJRWYUwDX_jD8RnusFzPxM9vE?authuser=0&hl=en&rclk=1,2026-08-02T22:51:11.105281+00:00
441,google_maps,Tipax,تیپاکس نظرآباد,البرز,NULL,35.9508381,50.6047409,1.0,"They are very irresponsible, rude and ill-mannered.",3 years ago,Fatemeh Sahahi,NULL,NULL,NULL,https://www.google.com/maps/place/%D9%86%D9%85%D8%A7%DB%8C%D9%86%D8%AF%DA%AF%DB%8C+%D8%AA%DB%8C%D9%BE%D8%A7%DA%A9%D8%B3+%D9%86%D8%B8%D8%B1%D8%A2%D8%A8%D8%A7%D8%AF%E2%80%AD/data=!4m7!3m6!1s0x3f8cff35c0146645:0xf1f64cfccc05eb9e!8m2!3d35.9508381!4d50.6047409!16s%2Fg%2F11j91p55wg!19sChIJRWYUwDX_jD8RnusFzPxM9vE?authuser=0&hl=en&rclk=1,2026-08-02T22:51:11.105281+00:00
442,google_maps,Tipax,تیپاکس نظرآباد,البرز,NULL,35.9508381,50.6047409,1.0,They don't even answer for charging twice.,2 years ago,Masoomeh Moradi,NULL,NULL,NULL,https://www.google.com/maps/place/%D9%86%D9%85%D8%A7%DB%8C%D9%86%D8%AF%DA%AF%DB%8C+%D8%AA%DB%8C%D9%BE%D8%A7%DA%A9%D8%B3+%D9%86%D8%B8%D8%B1%D8%A2%D8%A8%D8%A7%D8%AF%E2%80%AD/data=!4m7!3m6!1s0x3f8cff35c0146645:0xf1f64cfccc05eb9e!8m2!3d35.9508381!4d50.6047409!16s%2Fg%2F11j91p55wg!19sChIJRWYUwDX_jD8RnusFzPxM9vE?authuser=0&hl=en&rclk=1,2026-08-02T22:51:11.105281+00:00
443,google_maps,Tipax,تیپاکس کیانمهر,البرز,کرج,35.779381,50.855943,1.0,"They have the most irresponsible staff, they don't bother to bring your package to the door and deliver it, and when you tell them why you don't come to the door and deliver it, they say if there's a problem, we'll send it back to the …",2 years ago,نازنین,NULL,NULL,NULL,https://www.google.com/maps/place/%D8%AA%DB%8C%D9%BE%D8%A7%DA%A9%D8%B3+%DA%A9%DB%8C%D8%A7%D9%86%D9%85%D9%87%D8%B1%E2%80%AD/data=!4m7!3m6!1s0x3f8dbd96ee6c8b43:0xc9043f5090b8b647!8m2!3d35.779381!4d50.855943!16s%2Fg%2F11kqgmsm5c!19sChIJQ4ts7pa9jT8RR7a4kFA_BMk?authuser=0&hl=en&rclk=1,2026-08-02T22:51:19.737614+00:00
444,google_maps,Tipax,تیپاکس کیانمهر,البرز,کرج,35.779381,50.855943,5.0,"Many thanks to Tipax Kianmehr for the excellent response and behavior, excellent packaging and the extraordinary speed in delivering the package. Be victorious and persistent.",a year ago,Leila,NULL,NULL,NULL,https://www.google.com/maps/place/%D8%AA%DB%8C%D9%BE%D8%A7%DA%A9%D8%B3+%DA%A9%DB%8C%D8%A7%D9%86%D9%85%D9%87%D8%B1%E2%80%AD/data=!4m7!3m6!1s0x3f8dbd96ee6c8b43:0xc9043f5090b8b647!8m2!3d35.779381!4d50.855943!16s%2Fg%2F11kqgmsm5c!19sChIJQ4ts7pa9jT8RR7a4kFA_BMk?authuser=0&hl=en&rclk=1,2026-08-02T22:51:19.737614+00:00
445,google_maps,Tipax,تیپاکس کیانمهر,البرز,کرج,35.779381,50.855943,2.0,"They don't answer the phone or bring the package. Oh my God, people aren't thousands, they're waiting at home!!!!",2 years ago,Mahtab Darafkan,NULL,NULL,NULL,https://www.google.com/maps/place/%D8%AA%DB%8C%D9%BE%D8%A7%DA%A9%D8%B3+%DA%A9%DB%8C%D8%A7%D9%86%D9%85%D9%87%D8%B1%E2%80%AD/data=!4m7!3m6!1s0x3f8dbd96ee6c8b43:0xc9043f5090b8b647!8m2!3d35.779381!4d50.855943!16s%2Fg%2F11kqgmsm5c!19sChIJQ4ts7pa9jT8RR7a4kFA_BMk?authuser=0&hl=en&rclk=1,2026-08-02T22:51:19.737614+00:00
446,google_maps,Tipax,تیپاکس کیانمهر,البرز,کرج,35.779381,50.855943,5.0,"They are very polite and answer questions right away, especially Ms. Abbasi, who gets things done right away.",2 years ago,Nastaran Nasrollahi,NULL,NULL,NULL,https://www.google.com/maps/place/%D8%AA%DB%8C%D9%BE%D8%A7%DA%A9%D8%B3+%DA%A9%DB%8C%D8%A7%D9%86%D9%85%D9%87%D8%B1%E2%80%AD/data=!4m7!3m6!1s0x3f8dbd96ee6c8b43:0xc9043f5090b8b647!8m2!3d35.779381!4d50.855943!16s%2Fg%2F11kqgmsm5c!19sChIJQ4ts7pa9jT8RR7a4kFA_BMk?authuser=0&hl=en&rclk=1,2026-08-02T22:51:19.737614+00:00
447,google_maps,Tipax,تیپاکس کیانمهر,البرز,کرج,35.779381,50.855943,1.0,"They don't answer the phone at all and they don't work. Unfortunately, I was stuck for two days.",2 years ago,Farnaz Mohammadi,NULL,NULL,NULL,https://www.google.com/maps/place/%D8%AA%DB%8C%D9%BE%D8%A7%DA%A9%D8%B3+%DA%A9%DB%8C%D8%A7%D9%86%D9%85%D9%87%D8%B1%E2%80%AD/data=!4m7!3m6!1s0x3f8dbd96ee6c8b43:0xc9043f5090b8b647!8m2!3d35.779381!4d50.855943!16s%2Fg%2F11kqgmsm5c!19sChIJQ4ts7pa9jT8RR7a4kFA_BMk?authuser=0&hl=en&rclk=1,2026-08-02T22:51:19.737614+00:00
448,google_maps,Tipax,تیپاکس کیانمهر,البرز,کرج,35.779381,50.855943,5.0,"Very good tipax for Mr. Salehi He did a great job for us, he is very talkative....",2 years ago,Parvane Unesi,NULL,NULL,NULL,https://www.google.com/maps/place/%D8%AA%DB%8C%D9%BE%D8%A7%DA%A9%D8%B3+%DA%A9%DB%8C%D8%A7%D9%86%D9%85%D9%87%D8%B1%E2%80%AD/data=!4m7!3m6!1s0x3f8dbd96ee6c8b43:0xc9043f5090b8b647!8m2!3d35.779381!4d50.855943!16s%2Fg%2F11kqgmsm5c!19sChIJQ4ts7pa9jT8RR7a4kFA_BMk?authuser=0&hl=en&rclk=1,2026-08-02T22:51:19.737614+00:00
449,google_maps,Tipax,تیپاکس کیانمهر,البرز,کرج,35.779381,50.855943,1.0,They are not accessible at all none of the phone numbers valid not trustable,2 years ago,Azadeh,NULL,NULL,NULL,https://www.google.com/maps/place/%D8%AA%DB%8C%D9%BE%D8%A7%DA%A9%D8%B3+%DA%A9%DB%8C%D8%A7%D9%86%D9%85%D9%87%D8%B1%E2%80%AD/data=!4m7!3m6!1s0x3f8dbd96ee6c8b43:0xc9043f5090b8b647!8m2!3d35.779381!4d50.855943!16s%2Fg%2F11kqgmsm5c!19sChIJQ4ts7pa9jT8RR7a4kFA_BMk?authuser=0&hl=en&rclk=1,2026-08-02T22:51:19.737614+00:00
450,google_maps,Tipax,تیپاکس کیانمهر,البرز,کرج,35.779381,50.855943,5.0,"Very good, thanks for your efforts.",a year ago,Mohammad Ghasemi,NULL,NULL,NULL,https://www.google.com/maps/place/%D8%AA%DB%8C%D9%BE%D8%A7%DA%A9%D8%B3+%DA%A9%DB%8C%D8%A7%D9%86%D9%85%D9%87%D8%B1%E2%80%AD/data=!4m7!3m6!1s0x3f8dbd96ee6c8b43:0xc9043f5090b8b647!8m2!3d35.779381!4d50.855943!16s%2Fg%2F11kqgmsm5c!19sChIJQ4ts7pa9jT8RR7a4kFA_BMk?authuser=0&hl=en&rclk=1,2026-08-02T22:51:19.737614+00:00
451,google_maps,Tipax,تیپاکس کیانمهر,البرز,کرج,35.779381,50.855943,4.0,This branch is great.,2 years ago,محمد رضا,NULL,NULL,NULL,https://www.google.com/maps/place/%D8%AA%DB%8C%D9%BE%D8%A7%DA%A9%D8%B3+%DA%A9%DB%8C%D8%A7%D9%86%D9%85%D9%87%D8%B1%E2%80%AD/data=!4m7!3m6!1s0x3f8dbd96ee6c8b43:0xc9043f5090b8b647!8m2!3d35.779381!4d50.855943!16s%2Fg%2F11kqgmsm5c!19sChIJQ4ts7pa9jT8RR7a4kFA_BMk?authuser=0&hl=en&rclk=1,2026-08-02T22:51:19.737614+00:00
452,google_maps,Tipax,تیپاکس کیانمهر,البرز,کرج,35.779381,50.855943,5.0,Excellent,a year ago,tivan sepehr,NULL,NULL,NULL,https://www.google.com/maps/place/%D8%AA%DB%8C%D9%BE%D8%A7%DA%A9%D8%B3+%DA%A9%DB%8C%D8%A7%D9%86%D9%85%D9%87%D8%B1%E2%80%AD/data=!4m7!3m6!1s0x3f8dbd96ee6c8b43:0xc9043f5090b8b647!8m2!3d35.779381!4d50.855943!16s%2Fg%2F11kqgmsm5c!19sChIJQ4ts7pa9jT8RR7a4kFA_BMk?authuser=0&hl=en&rclk=1,2026-08-02T22:51:19.737614+00:00
453,google_maps,Tipax,تیپاکس مهستان,البرز,ری,35.9743839,50.7099121,1.0,"They are really liars and rude, from the manager to his employees. One star is too many for him. Please, friends, do not send any packages to Tibox Shahr Jadidi, because they are very liars. I don't know why no organization is monitoring them. But I have filed complaints in several places. So impersonal......",9 months ago,hamidreza akhlaghi,NULL,NULL,NULL,https://www.google.com/maps/place/%D8%AA%DB%8C%D9%BE%D8%A7%DA%A9%D8%B3+%D9%85%D9%87%D8%B3%D8%AA%D8%A7%D9%86%E2%80%AD/data=!4m7!3m6!1s0x3f8dab5e910644f7:0x7497310ca1e7bad9!8m2!3d35.9743839!4d50.7099121!16s%2Fg%2F11j1crjvpq!19sChIJ90QGkV6rjT8R2brnoQwxl3Q?authuser=0&hl=en&rclk=1,2026-08-02T22:52:02.811136+00:00
454,google_maps,Tipax,تیپاکس مهستان,البرز,ری,35.9743839,50.7099121,1.0,"By paying a higher fee than regular mail, the package arrives late. The agent doesn't even visit the address or we have to go to the office ourselves. They don't even answer the office phone. The most disorganized and horrible Tipax office in Alborz.",a year ago,Shabnam Tajik,NULL,NULL,NULL,https://www.google.com/maps/place/%D8%AA%DB%8C%D9%BE%D8%A7%DA%A9%D8%B3+%D9%85%D9%87%D8%B3%D8%AA%D8%A7%D9%86%E2%80%AD/data=!4m7!3m6!1s0x3f8dab5e910644f7:0x7497310ca1e7bad9!8m2!3d35.9743839!4d50.7099121!16s%2Fg%2F11j1crjvpq!19sChIJ90QGkV6rjT8R2brnoQwxl3Q?authuser=0&hl=en&rclk=1,2026-08-02T22:52:02.811136+00:00
455,google_maps,Tipax,تیپاکس مهستان,البرز,ری,35.9743839,50.7099121,1.0,"Hello. I don't know why they put a contact number if they don't answer at all. Well, maybe someone's job is critical and they don't have access to their office.",a year ago,M MR,NULL,NULL,NULL,https://www.google.com/maps/place/%D8%AA%DB%8C%D9%BE%D8%A7%DA%A9%D8%B3+%D9%85%D9%87%D8%B3%D8%AA%D8%A7%D9%86%E2%80%AD/data=!4m7!3m6!1s0x3f8dab5e910644f7:0x7497310ca1e7bad9!8m2!3d35.9743839!4d50.7099121!16s%2Fg%2F11j1crjvpq!19sChIJ90QGkV6rjT8R2brnoQwxl3Q?authuser=0&hl=en&rclk=1,2026-08-02T22:52:02.811136+00:00
456,google_maps,Tipax,تیپاکس مهستان,البرز,ری,35.9743839,50.7099121,1.0,"Hello, the package arrives, they don't pick it up, they don't call, they don't answer. I think the order is better than Tipax in Shahr Jadidi.",a year ago,کاظم اکبرزاده,NULL,NULL,NULL,https://www.google.com/maps/place/%D8%AA%DB%8C%D9%BE%D8%A7%DA%A9%D8%B3+%D9%85%D9%87%D8%B3%D8%AA%D8%A7%D9%86%E2%80%AD/data=!4m7!3m6!1s0x3f8dab5e910644f7:0x7497310ca1e7bad9!8m2!3d35.9743839!4d50.7099121!16s%2Fg%2F11j1crjvpq!19sChIJ90QGkV6rjT8R2brnoQwxl3Q?authuser=0&hl=en&rclk=1,2026-08-02T22:52:02.811136+00:00
457,google_maps,Tipax,تیپاکس مهستان,البرز,ری,35.9743839,50.7099121,5.0,"Hello Thank you to the staff of Tipax New City Hashtgerd Don't be tired, I am very, very satisfied with the services you provide for us",6 months ago,Arad1392 Arad,NULL,NULL,NULL,https://www.google.com/maps/place/%D8%AA%DB%8C%D9%BE%D8%A7%DA%A9%D8%B3+%D9%85%D9%87%D8%B3%D8%AA%D8%A7%D9%86%E2%80%AD/data=!4m7!3m6!1s0x3f8dab5e910644f7:0x7497310ca1e7bad9!8m2!3d35.9743839!4d50.7099121!16s%2Fg%2F11j1crjvpq!19sChIJ90QGkV6rjT8R2brnoQwxl3Q?authuser=0&hl=en&rclk=1,2026-08-02T22:52:02.811136+00:00
458,google_maps,Tipax,تیپاکس مهستان,البرز,ری,35.9743839,50.7099121,5.0,Their service is truly unique and excellent. My package arrived quickly and they had a great attitude. Thank you for your service.,11 months ago,Alireza Ashktalkh,NULL,NULL,NULL,https://www.google.com/maps/place/%D8%AA%DB%8C%D9%BE%D8%A7%DA%A9%D8%B3+%D9%85%D9%87%D8%B3%D8%AA%D8%A7%D9%86%E2%80%AD/data=!4m7!3m6!1s0x3f8dab5e910644f7:0x7497310ca1e7bad9!8m2!3d35.9743839!4d50.7099121!16s%2Fg%2F11j1crjvpq!19sChIJ90QGkV6rjT8R2brnoQwxl3Q?authuser=0&hl=en&rclk=1,2026-08-02T22:52:02.811136+00:00
459,google_maps,Tipax,تیپاکس مهستان,البرز,ری,35.9743839,50.7099121,1.0,"All the friends who work there act like they're working for my dad for free, they're so arrogant and work so hard.",9 months ago,Yasin MrQ,NULL,NULL,NULL,https://www.google.com/maps/place/%D8%AA%DB%8C%D9%BE%D8%A7%DA%A9%D8%B3+%D9%85%D9%87%D8%B3%D8%AA%D8%A7%D9%86%E2%80%AD/data=!4m7!3m6!1s0x3f8dab5e910644f7:0x7497310ca1e7bad9!8m2!3d35.9743839!4d50.7099121!16s%2Fg%2F11j1crjvpq!19sChIJ90QGkV6rjT8R2brnoQwxl3Q?authuser=0&hl=en&rclk=1,2026-08-02T22:52:02.811136+00:00
460,google_maps,Tipax,تیپاکس مهستان,البرز,ری,35.9743839,50.7099121,1.0,"Unfortunately, the phone line is unpaid and disconnected, so why are you calling?",5 months ago,Mehdi Moradi,NULL,NULL,NULL,https://www.google.com/maps/place/%D8%AA%DB%8C%D9%BE%D8%A7%DA%A9%D8%B3+%D9%85%D9%87%D8%B3%D8%AA%D8%A7%D9%86%E2%80%AD/data=!4m7!3m6!1s0x3f8dab5e910644f7:0x7497310ca1e7bad9!8m2!3d35.9743839!4d50.7099121!16s%2Fg%2F11j1crjvpq!19sChIJ90QGkV6rjT8R2brnoQwxl3Q?authuser=0&hl=en&rclk=1,2026-08-02T22:52:02.811136+00:00
461,google_maps,Tipax,تیپاکس مهستان,البرز,ری,35.9743839,50.7099121,4.0,"Thank you very much, Tipax staff of Mahestan New City.",6 months ago,مجید مومنی,NULL,NULL,NULL,https://www.google.com/maps/place/%D8%AA%DB%8C%D9%BE%D8%A7%DA%A9%D8%B3+%D9%85%D9%87%D8%B3%D8%AA%D8%A7%D9%86%E2%80%AD/data=!4m7!3m6!1s0x3f8dab5e910644f7:0x7497310ca1e7bad9!8m2!3d35.9743839!4d50.7099121!16s%2Fg%2F11j1crjvpq!19sChIJ90QGkV6rjT8R2brnoQwxl3Q?authuser=0&hl=en&rclk=1,2026-08-02T22:52:02.811136+00:00
462,google_maps,Tipax,تیپاکس مهستان,البرز,ری,35.9743839,50.7099121,2.0,I think Josh is very good.,a month ago,araz esmaeili,NULL,NULL,NULL,https://www.google.com/maps/place/%D8%AA%DB%8C%D9%BE%D8%A7%DA%A9%D8%B3+%D9%85%D9%87%D8%B3%D8%AA%D8%A7%D9%86%E2%80%AD/data=!4m7!3m6!1s0x3f8dab5e910644f7:0x7497310ca1e7bad9!8m2!3d35.9743839!4d50.7099121!16s%2Fg%2F11j1crjvpq!19sChIJ90QGkV6rjT8R2brnoQwxl3Q?authuser=0&hl=en&rclk=1,2026-08-02T22:52:02.811136+00:00
463,google_maps,Tipax,تیپاکس باغستان,تهران,تهران,35.8649777,50.9604834,1.0,"I closed it for two days, it can't be distributed inside this dealership.",2 years ago,Kirito Kun,NULL,NULL,NULL,https://www.google.com/maps/place/%D8%AA%DB%8C%D9%BE%D8%A7%DA%A9%D8%B3+%D8%A8%D8%A7%D8%BA%D8%B3%D8%AA%D8%A7%D9%86%E2%80%AD/data=!4m7!3m6!1s0x3f8db90002af8ccb:0x2c572517c024c49c!8m2!3d35.8649777!4d50.9604834!16s%2Fg%2F11vrc6f4cb!19sChIJy4yvAgC5jT8RnMQkwBclVyw?authuser=0&hl=en&rclk=1,2026-08-02T22:52:20.071171+00:00
464,google_maps,Tipax,تیپاکس باغستان,تهران,تهران,35.8649777,50.9604834,1.0,Delay in sending the package.....,2 years ago,Saeed Atashbas,NULL,NULL,NULL,https://www.google.com/maps/place/%D8%AA%DB%8C%D9%BE%D8%A7%DA%A9%D8%B3+%D8%A8%D8%A7%D8%BA%D8%B3%D8%AA%D8%A7%D9%86%E2%80%AD/data=!4m7!3m6!1s0x3f8db90002af8ccb:0x2c572517c024c49c!8m2!3d35.8649777!4d50.9604834!16s%2Fg%2F11vrc6f4cb!19sChIJy4yvAgC5jT8RnMQkwBclVyw?authuser=0&hl=en&rclk=1,2026-08-02T22:52:20.071171+00:00
465,google_maps,Tipax,تیپاکس باغستان,تهران,تهران,35.8649777,50.9604834,1.0,It is closed most of the time.,9 months ago,Maryam Bahr,NULL,NULL,NULL,https://www.google.com/maps/place/%D8%AA%DB%8C%D9%BE%D8%A7%DA%A9%D8%B3+%D8%A8%D8%A7%D8%BA%D8%B3%D8%AA%D8%A7%D9%86%E2%80%AD/data=!4m7!3m6!1s0x3f8db90002af8ccb:0x2c572517c024c49c!8m2!3d35.8649777!4d50.9604834!16s%2Fg%2F11vrc6f4cb!19sChIJy4yvAgC5jT8RnMQkwBclVyw?authuser=0&hl=en&rclk=1,2026-08-02T22:52:20.071171+00:00
466,google_maps,Tipax,تیپاکس باغستان,تهران,تهران,35.8649777,50.9604834,1.0,Disgusting,a year ago,پروانه سلیمانی,NULL,NULL,NULL,https://www.google.com/maps/place/%D8%AA%DB%8C%D9%BE%D8%A7%DA%A9%D8%B3+%D8%A8%D8%A7%D8%BA%D8%B3%D8%AA%D8%A7%D9%86%E2%80%AD/data=!4m7!3m6!1s0x3f8db90002af8ccb:0x2c572517c024c49c!8m2!3d35.8649777!4d50.9604834!16s%2Fg%2F11vrc6f4cb!19sChIJy4yvAgC5jT8RnMQkwBclVyw?authuser=0&hl=en&rclk=1,2026-08-02T22:52:20.071171+00:00
467,google_maps,Tipax,تیپاکس هشتگرد,البرز,NULL,35.9668684,50.672182,5.0,"Tipax service is good and much better than Pistachio services. The post office is a complete mess, its employees talk very badly and act like they are doing you a favor, but they are not, as if they are the people's rations and if these are …",5 years ago,Keivan Parsa,NULL,NULL,NULL,https://www.google.com/maps/place/%D8%AA%DB%8C%D9%BE%D8%A7%DA%A9%D8%B3+%D9%87%D8%B4%D8%AA%DA%AF%D8%B1%D8%AF%E2%80%AD/data=!4m7!3m6!1s0x3f8d018a64473e7b:0x886d6c380b0bf8a2!8m2!3d35.9668684!4d50.672182!16s%2Fg%2F11h528qddf!19sChIJez5HZIoBjT8RovgLCzhsbYg?authuser=0&hl=en&rclk=1,2026-08-02T22:52:28.723262+00:00
468,google_maps,Tipax,تیپاکس هشتگرد,البرز,NULL,35.9668684,50.672182,1.0,"By the way, greetings and don't be tired... I ordered a bicycle rack before the Israel-Iran war, but it hasn't arrived yet.. Then I called, they said your address is not accurate, then I told them to register the address... But again, the …",a year ago,Yazdan Karami,NULL,NULL,NULL,https://www.google.com/maps/place/%D8%AA%DB%8C%D9%BE%D8%A7%DA%A9%D8%B3+%D9%87%D8%B4%D8%AA%DA%AF%D8%B1%D8%AF%E2%80%AD/data=!4m7!3m6!1s0x3f8d018a64473e7b:0x886d6c380b0bf8a2!8m2!3d35.9668684!4d50.672182!16s%2Fg%2F11h528qddf!19sChIJez5HZIoBjT8RovgLCzhsbYg?authuser=0&hl=en&rclk=1,2026-08-02T22:52:28.723262+00:00
469,google_maps,Tipax,تیپاکس هشتگرد,البرز,NULL,35.9668684,50.672182,1.0,"No problem, nothing, they took the wrong package to someone else's door, they didn't put it in the container, they returned it, the address and everything was correct, this agency is very rude.",11 months ago,Ali,NULL,NULL,NULL,https://www.google.com/maps/place/%D8%AA%DB%8C%D9%BE%D8%A7%DA%A9%D8%B3+%D9%87%D8%B4%D8%AA%DA%AF%D8%B1%D8%AF%E2%80%AD/data=!4m7!3m6!1s0x3f8d018a64473e7b:0x886d6c380b0bf8a2!8m2!3d35.9668684!4d50.672182!16s%2Fg%2F11h528qddf!19sChIJez5HZIoBjT8RovgLCzhsbYg?authuser=0&hl=en&rclk=1,2026-08-02T22:52:28.723262+00:00
470,google_maps,Tipax,تیپاکس هشتگرد,البرز,NULL,35.9668684,50.672182,1.0,"It's really annoying that they don't call me. Let's go pick up the package. They quickly refer me to their phone number, which I never answer. So they lock the door.",3 years ago,Donya Eyni,NULL,NULL,NULL,https://www.google.com/maps/place/%D8%AA%DB%8C%D9%BE%D8%A7%DA%A9%D8%B3+%D9%87%D8%B4%D8%AA%DA%AF%D8%B1%D8%AF%E2%80%AD/data=!4m7!3m6!1s0x3f8d018a64473e7b:0x886d6c380b0bf8a2!8m2!3d35.9668684!4d50.672182!16s%2Fg%2F11h528qddf!19sChIJez5HZIoBjT8RovgLCzhsbYg?authuser=0&hl=en&rclk=1,2026-08-02T22:52:28.723262+00:00
471,google_maps,Tipax,تیپاکس هشتگرد,البرز,NULL,35.9668684,50.672182,1.0,Why don't they make a board in this place? I've been calling since yesterday.,a year ago,بهمن خواجه وند,NULL,NULL,NULL,https://www.google.com/maps/place/%D8%AA%DB%8C%D9%BE%D8%A7%DA%A9%D8%B3+%D9%87%D8%B4%D8%AA%DA%AF%D8%B1%D8%AF%E2%80%AD/data=!4m7!3m6!1s0x3f8d018a64473e7b:0x886d6c380b0bf8a2!8m2!3d35.9668684!4d50.672182!16s%2Fg%2F11h528qddf!19sChIJez5HZIoBjT8RovgLCzhsbYg?authuser=0&hl=en&rclk=1,2026-08-02T22:52:28.723262+00:00
472,google_maps,Tipax,تیپاکس هشتگرد,البرز,NULL,35.9668684,50.672182,1.0,"Very bad service, I am not satisfied at all.",3 years ago,سمیرا اصغری,NULL,NULL,NULL,https://www.google.com/maps/place/%D8%AA%DB%8C%D9%BE%D8%A7%DA%A9%D8%B3+%D9%87%D8%B4%D8%AA%DA%AF%D8%B1%D8%AF%E2%80%AD/data=!4m7!3m6!1s0x3f8d018a64473e7b:0x886d6c380b0bf8a2!8m2!3d35.9668684!4d50.672182!16s%2Fg%2F11h528qddf!19sChIJez5HZIoBjT8RovgLCzhsbYg?authuser=0&hl=en&rclk=1,2026-08-02T22:52:28.723262+00:00
473,google_maps,Tipax,تیپاکس هشتگرد,البرز,NULL,35.9668684,50.672182,1.0,Zero responsibility ✔ Zero ethics ✔,a year ago,Mohammadreza Dinyar,NULL,NULL,NULL,https://www.google.com/maps/place/%D8%AA%DB%8C%D9%BE%D8%A7%DA%A9%D8%B3+%D9%87%D8%B4%D8%AA%DA%AF%D8%B1%D8%AF%E2%80%AD/data=!4m7!3m6!1s0x3f8d018a64473e7b:0x886d6c380b0bf8a2!8m2!3d35.9668684!4d50.672182!16s%2Fg%2F11h528qddf!19sChIJez5HZIoBjT8RovgLCzhsbYg?authuser=0&hl=en&rclk=1,2026-08-02T22:52:28.723262+00:00
474,google_maps,Tipax,تیپاکس هشتگرد,البرز,NULL,35.9668684,50.672182,1.0,I'm at your office.,a year ago,Behnam Moghadam,NULL,NULL,NULL,https://www.google.com/maps/place/%D8%AA%DB%8C%D9%BE%D8%A7%DA%A9%D8%B3+%D9%87%D8%B4%D8%AA%DA%AF%D8%B1%D8%AF%E2%80%AD/data=!4m7!3m6!1s0x3f8d018a64473e7b:0x886d6c380b0bf8a2!8m2!3d35.9668684!4d50.672182!16s%2Fg%2F11h528qddf!19sChIJez5HZIoBjT8RovgLCzhsbYg?authuser=0&hl=en&rclk=1,2026-08-02T22:52:28.723262+00:00
475,google_maps,Tipax,تیپاکس اشتهارد,البرز,NULL,35.7228924,50.371895,1.0,"Truly the most horrible Tipax agency I've ever seen. Tipax's service is also horrible. They'll send your package today, it was changed, but then they'll pick it up and deliver it the next day. You call the head office and they'll say, ""We wrote a system, it was delivered, nothing happened."" You guys are really good 🤣😡 …",11 months ago,ارد تمجید,NULL,NULL,NULL,https://www.google.com/maps/place/%D9%86%D9%85%D8%A7%DB%8C%D9%86%D8%AF%DA%AF%DB%8C+%D8%AA%DB%8C%D9%BE%D8%A7%DA%A9%D8%B3+%D8%A7%D8%B4%D8%AA%D9%87%D8%A7%D8%B1%D8%AF%E2%80%AD/data=!4m7!3m6!1s0x3f8d1955db8fd873:0xaec1d5aa7228365!8m2!3d35.7228924!4d50.371895!16s%2Fg%2F11mtrdmx3p!19sChIJc9iP21UZjT8RZYMip1od7Ao?authuser=0&hl=en&rclk=1,2026-08-02T22:52:37.314897+00:00
476,google_maps,Tipax,تیپاکس اشتهارد,البرز,NULL,35.7228924,50.371895,1.0,Very bad attitude of the staff and lack of follow-up on the package delivered to the post office and delivered to the recipient myself. I went to pick up the package. I am really sorry for the cost I incurred.,2 years ago,z davoodi,NULL,NULL,NULL,https://www.google.com/maps/place/%D9%86%D9%85%D8%A7%DB%8C%D9%86%D8%AF%DA%AF%DB%8C+%D8%AA%DB%8C%D9%BE%D8%A7%DA%A9%D8%B3+%D8%A7%D8%B4%D8%AA%D9%87%D8%A7%D8%B1%D8%AF%E2%80%AD/data=!4m7!3m6!1s0x3f8d1955db8fd873:0xaec1d5aa7228365!8m2!3d35.7228924!4d50.371895!16s%2Fg%2F11mtrdmx3p!19sChIJc9iP21UZjT8RZYMip1od7Ao?authuser=0&hl=en&rclk=1,2026-08-02T22:52:37.314897+00:00
477,google_maps,Tipax,تیپاکس اشتهارد,البرز,NULL,35.7228924,50.371895,2.0,Now the staff's attitude is much better than before. But you have to go to the dealership to pick up the package. They don't deliver it to your address.,4 years ago,Masoud Arani,NULL,NULL,NULL,https://www.google.com/maps/place/%D9%86%D9%85%D8%A7%DB%8C%D9%86%D8%AF%DA%AF%DB%8C+%D8%AA%DB%8C%D9%BE%D8%A7%DA%A9%D8%B3+%D8%A7%D8%B4%D8%AA%D9%87%D8%A7%D8%B1%D8%AF%E2%80%AD/data=!4m7!3m6!1s0x3f8d1955db8fd873:0xaec1d5aa7228365!8m2!3d35.7228924!4d50.371895!16s%2Fg%2F11mtrdmx3p!19sChIJc9iP21UZjT8RZYMip1od7Ao?authuser=0&hl=en&rclk=1,2026-08-02T22:52:37.314897+00:00
478,google_maps,Tipax,تیپاکس اشتهارد,البرز,NULL,35.7228924,50.371895,1.0,Disgusting,2 years ago,ali khorshidi,NULL,NULL,NULL,https://www.google.com/maps/place/%D9%86%D9%85%D8%A7%DB%8C%D9%86%D8%AF%DA%AF%DB%8C+%D8%AA%DB%8C%D9%BE%D8%A7%DA%A9%D8%B3+%D8%A7%D8%B4%D8%AA%D9%87%D8%A7%D8%B1%D8%AF%E2%80%AD/data=!4m7!3m6!1s0x3f8d1955db8fd873:0xaec1d5aa7228365!8m2!3d35.7228924!4d50.371895!16s%2Fg%2F11mtrdmx3p!19sChIJc9iP21UZjT8RZYMip1od7Ao?authuser=0&hl=en&rclk=1,2026-08-02T22:52:37.314897+00:00
479,google_maps,Tipax,تیپاکس اشتهارد,البرز,NULL,35.7228924,50.371895,5.0,Good,3 years ago,Mohammadsalehalikhani,NULL,NULL,NULL,https://www.google.com/maps/place/%D9%86%D9%85%D8%A7%DB%8C%D9%86%D8%AF%DA%AF%DB%8C+%D8%AA%DB%8C%D9%BE%D8%A7%DA%A9%D8%B3+%D8%A7%D8%B4%D8%AA%D9%87%D8%A7%D8%B1%D8%AF%E2%80%AD/data=!4m7!3m6!1s0x3f8d1955db8fd873:0xaec1d5aa7228365!8m2!3d35.7228924!4d50.371895!16s%2Fg%2F11mtrdmx3p!19sChIJc9iP21UZjT8RZYMip1od7Ao?authuser=0&hl=en&rclk=1,2026-08-02T22:52:37.314897+00:00
480,google_maps,Tipax,اصفهان خواجو,اصفهان,اصفهان,32.644652,51.6956869,1.0,"I was badly hurt by Tipax twice, the response and support are really really terrible, zero responsibility, they do not deliver to the destination and in the end you have to pick it up from the origin agency and send it with another postal …",a year ago,Mohamadmehdi,NULL,NULL,NULL,https://www.google.com/maps/place/%D8%A7%D8%B5%D9%81%D9%87%D8%A7%D9%86+%D8%AE%D9%88%D8%A7%D8%AC%D9%88%E2%80%AD/data=!4m7!3m6!1s0x3fbc49f626bb3619:0xf7b85e0fffcfd1c7!8m2!3d32.644652!4d51.6956869!16s%2Fg%2F11k9rcx35g!19sChIJGTa7JvZJvD8Rx9HP_w9euPc?authuser=0&hl=en&rclk=1,2026-08-02T22:52:59.445150+00:00
481,google_maps,Tipax,اصفهان خواجو,اصفهان,اصفهان,32.644652,51.6956869,1.0,"Dear friends, this is very good what you say. I am the sender. In April 1403, after 20 days of follow-up, they said your package was confiscated. Now what was in the package? An Iranian inverter. After 40 days, they found out that the …",a year ago,Mohamadreza Seifolahi,NULL,NULL,NULL,https://www.google.com/maps/place/%D8%A7%D8%B5%D9%81%D9%87%D8%A7%D9%86+%D8%AE%D9%88%D8%A7%D8%AC%D9%88%E2%80%AD/data=!4m7!3m6!1s0x3fbc49f626bb3619:0xf7b85e0fffcfd1c7!8m2!3d32.644652!4d51.6956869!16s%2Fg%2F11k9rcx35g!19sChIJGTa7JvZJvD8Rx9HP_w9euPc?authuser=0&hl=en&rclk=1,2026-08-02T22:52:59.445150+00:00
482,google_maps,Tipax,اصفهان خواجو,اصفهان,اصفهان,32.644652,51.6956869,1.0,"Khaju Agency This agency is the busiest Tipax agency In general, Tipax is useless …",a year ago,Soroor2313,NULL,NULL,NULL,https://www.google.com/maps/place/%D8%A7%D8%B5%D9%81%D9%87%D8%A7%D9%86+%D8%AE%D9%88%D8%A7%D8%AC%D9%88%E2%80%AD/data=!4m7!3m6!1s0x3fbc49f626bb3619:0xf7b85e0fffcfd1c7!8m2!3d32.644652!4d51.6956869!16s%2Fg%2F11k9rcx35g!19sChIJGTa7JvZJvD8Rx9HP_w9euPc?authuser=0&hl=en&rclk=1,2026-08-02T22:52:59.445150+00:00
483,google_maps,Tipax,تیپاکس اصفهان رباط,اصفهان,اصفهان,32.6788251,51.6661247,1.0,"There is no worse service than Tipax.... After 5 days, when the sender and receiver were in Tehran and Isfahan, neither did they receive a call nor did they send a tracking code from Tipax, and they charged 110,000 Tomans for a 20 gram envelope.",11 months ago,Jazini Ahmad,NULL,NULL,NULL,https://www.google.com/maps/place/%D8%AF%D9%81%D8%AA%D8%B1+%D8%AA%DB%8C%D9%BE%D8%A7%DA%A9%D8%B3+%D8%A7%D8%B5%D9%81%D9%87%D8%A7%D9%86+%D8%B1%D8%A8%D8%A7%D8%B7%E2%80%AD/data=!4m7!3m6!1s0x3fbc356bf5abb91b:0x531531735fb1559b!8m2!3d32.6788251!4d51.6661247!16s%2Fg%2F11y23jsvfk!19sChIJG7mr9Ws1vD8Rm1WxX3MxFVM?authuser=0&hl=en&rclk=1,2026-08-02T22:53:07.945961+00:00
484,google_maps,Tipax,تیپاکس باغ غدیر,اصفهان,اصفهان,32.6490643,51.7129095,1.0,It's disgusting how corrupt they are.,5 months ago,مهران صادق,NULL,NULL,NULL,https://www.google.com/maps/place/%D8%AA%DB%8C%D9%BE%D8%A7%DA%A9%D8%B3+%D8%A8%D8%A7%D8%BA+%D8%BA%D8%AF%DB%8C%D8%B1%E2%80%AD/data=!4m7!3m6!1s0x3fbc4900054b884d:0x2af82db20f5a6fd!8m2!3d32.6490643!4d51.7129095!16s%2Fg%2F11v_12ngz9!19sChIJTYhLBQBJvD8R_ab1INuCrwI?authuser=0&hl=en&rclk=1,2026-08-02T22:53:16.473401+00:00
485,google_maps,Tipax,تیپاکس باغ غدیر,اصفهان,اصفهان,32.6490643,51.7129095,5.0,Extremely organized and responsible.,a year ago,محمدمتین صادقی,NULL,NULL,NULL,https://www.google.com/maps/place/%D8%AA%DB%8C%D9%BE%D8%A7%DA%A9%D8%B3+%D8%A8%D8%A7%D8%BA+%D8%BA%D8%AF%DB%8C%D8%B1%E2%80%AD/data=!4m7!3m6!1s0x3fbc4900054b884d:0x2af82db20f5a6fd!8m2!3d32.6490643!4d51.7129095!16s%2Fg%2F11v_12ngz9!19sChIJTYhLBQBJvD8R_ab1INuCrwI?authuser=0&hl=en&rclk=1,2026-08-02T22:53:16.473401+00:00
486,google_maps,Tipax,تیپاکس باغ غدیر,اصفهان,اصفهان,32.6490643,51.7129095,5.0,Very good.,9 months ago,Farhad,NULL,NULL,NULL,https://www.google.com/maps/place/%D8%AA%DB%8C%D9%BE%D8%A7%DA%A9%D8%B3+%D8%A8%D8%A7%D8%BA+%D8%BA%D8%AF%DB%8C%D8%B1%E2%80%AD/data=!4m7!3m6!1s0x3fbc4900054b884d:0x2af82db20f5a6fd!8m2!3d32.6490643!4d51.7129095!16s%2Fg%2F11v_12ngz9!19sChIJTYhLBQBJvD8R_ab1INuCrwI?authuser=0&hl=en&rclk=1,2026-08-02T22:53:16.473401+00:00
487,google_maps,Tipax,پیشخوان و تیپاکس,اصفهان,اصفهان,32.6575432,51.7231589,4.0,A small counter office located next to the bakery on the basement floor that also represents Post and Tipax.,a year ago,Nasim M,NULL,NULL,NULL,https://www.google.com/maps/place/%D8%AF%D9%81%D8%AA%D8%B1+%D9%BE%DB%8C%D8%B4%D8%AE%D9%88%D8%A7%D9%86+%D9%88+%D9%86%D9%85%D8%A7%DB%8C%D9%86%D8%AF%DA%AF%DB%8C+%D8%AA%DB%8C%D9%BE%D8%A7%DA%A9%D8%B3%E2%80%AD/data=!4m7!3m6!1s0x3fbc49005e853c79:0xad775802c99c832!8m2!3d32.6575432!4d51.7231589!16s%2Fg%2F11lcgwy8xl!19sChIJeTyFXgBJvD8RMsiZLIB11wo?authuser=0&hl=en&rclk=1,2026-08-02T22:53:42.128884+00:00
488,google_maps,Tipax,پیشخوان و تیپاکس,اصفهان,اصفهان,32.6575432,51.7231589,5.0,"I applied and my work started very quickly, thanks to the manager.",a year ago,Mohsen Ghorbani,NULL,NULL,NULL,https://www.google.com/maps/place/%D8%AF%D9%81%D8%AA%D8%B1+%D9%BE%DB%8C%D8%B4%D8%AE%D9%88%D8%A7%D9%86+%D9%88+%D9%86%D9%85%D8%A7%DB%8C%D9%86%D8%AF%DA%AF%DB%8C+%D8%AA%DB%8C%D9%BE%D8%A7%DA%A9%D8%B3%E2%80%AD/data=!4m7!3m6!1s0x3fbc49005e853c79:0xad775802c99c832!8m2!3d32.6575432!4d51.7231589!16s%2Fg%2F11lcgwy8xl!19sChIJeTyFXgBJvD8RMsiZLIB11wo?authuser=0&hl=en&rclk=1,2026-08-02T22:53:42.128884+00:00
489,google_maps,Tipax,Tayeb -Shams Abadi- Taleghani,اصفهان,اصفهان,32.6578119,51.6663438,5.0,"Hello and best regards This store, which you are currently looking at on the map, has all hunting equipment and military clothing with all military insignia and ranks for sale.",6 years ago,حمیدرضا کریمی0865,NULL,NULL,NULL,https://www.google.com/maps/place/Tayeb+-Shams+Abadi-+Taleghani/data=!4m7!3m6!1s0x3fbc35e96585d029:0xeab99b92fc6f809a!8m2!3d32.6578119!4d51.6663438!16s%2Fg%2F1vhkj0d6!19sChIJKdCFZek1vD8RmoBv_JKbueo?authuser=0&hl=en&rclk=1,2026-08-02T22:53:57.731200+00:00
490,google_maps,Tipax,Tayeb -Shams Abadi- Taleghani,اصفهان,اصفهان,32.6578119,51.6663438,1.0,"Awful! Slow! Expensive, irresponsible.",8 years ago,Lucas Wilkins,NULL,NULL,NULL,https://www.google.com/maps/place/Tayeb+-Shams+Abadi-+Taleghani/data=!4m7!3m6!1s0x3fbc35e96585d029:0xeab99b92fc6f809a!8m2!3d32.6578119!4d51.6663438!16s%2Fg%2F1vhkj0d6!19sChIJKdCFZek1vD8RmoBv_JKbueo?authuser=0&hl=en&rclk=1,2026-08-02T22:53:57.731200+00:00
491,google_maps,Tipax,Tayeb -Shams Abadi- Taleghani,اصفهان,اصفهان,32.6578119,51.6663438,1.0,... Their job is to lose packages.,8 years ago,sina naderi,NULL,NULL,NULL,https://www.google.com/maps/place/Tayeb+-Shams+Abadi-+Taleghani/data=!4m7!3m6!1s0x3fbc35e96585d029:0xeab99b92fc6f809a!8m2!3d32.6578119!4d51.6663438!16s%2Fg%2F1vhkj0d6!19sChIJKdCFZek1vD8RmoBv_JKbueo?authuser=0&hl=en&rclk=1,2026-08-02T22:53:57.731200+00:00
492,google_maps,Tipax,Tayeb -Shams Abadi- Taleghani,اصفهان,اصفهان,32.6578119,51.6663438,5.0,Fast shipping,7 years ago,Ali Saei,NULL,NULL,NULL,https://www.google.com/maps/place/Tayeb+-Shams+Abadi-+Taleghani/data=!4m7!3m6!1s0x3fbc35e96585d029:0xeab99b92fc6f809a!8m2!3d32.6578119!4d51.6663438!16s%2Fg%2F1vhkj0d6!19sChIJKdCFZek1vD8RmoBv_JKbueo?authuser=0&hl=en&rclk=1,2026-08-02T22:53:57.731200+00:00
493,google_maps,Tipax,تیپاکس شهرک صنعتی جی,اصفهان,اصفهان,32.6663246,51.8529166,1.0,"Tipax is very rude, especially this office in J Industrial Estate. God forbid your package arrives at this office. You have to cancel it.",2 years ago,Blackmc Zr,NULL,NULL,NULL,https://www.google.com/maps/place/%D8%AF%D9%81%D8%AA%D8%B1+%D8%AA%DB%8C%D9%BE%D8%A7%DA%A9%D8%B3+%D8%B4%D8%B9%D8%A8%D9%87+%D8%B4%D9%87%D8%B1%DA%A9+%D8%B5%D9%86%D8%B9%D8%AA%DB%8C+%D8%AC%DB%8C%E2%80%AD/data=!4m7!3m6!1s0x3fbc513debe5d87f:0xd6ded31eceddb1bc!8m2!3d32.6663246!4d51.8529166!16s%2Fg%2F11sddpv08d!19sChIJf9jl6z1RvD8RvLHdzh7T3tY?authuser=0&hl=en&rclk=1,2026-08-02T22:54:06.532450+00:00
494,google_maps,Tipax,تیپاکس فلاورجان,اصفهان,اصفهان,32.5522117,51.5087287,5.0,I had a lot of parcels and I am satisfied with their work. Please coordinate with them beforehand so that you do not run into any problems. Bring your ID and bank card with you.,a year ago,majid sadeghi,NULL,NULL,NULL,https://www.google.com/maps/place/%D9%86%D9%85%D8%A7%DB%8C%D9%86%D8%AF%DA%AF%DB%8C+%D8%AA%DB%8C%D9%BE%D8%A7%DA%A9%D8%B3+%D9%81%D9%84%D8%A7%D9%88%D8%B1%D8%AC%D8%A7%D9%86%E2%80%AD/data=!4m7!3m6!1s0x3fbc2f525a02d07b:0x5679f8d38d576602!8m2!3d32.5522117!4d51.5087287!16s%2Fg%2F11hyxqb9dy!19sChIJe9ACWlIvvD8RAmZXjdP4eVY?authuser=0&hl=en&rclk=1,2026-08-02T22:54:30.765050+00:00
495,google_maps,Tipax,تیپاکس فلاورجان,اصفهان,اصفهان,32.5522117,51.5087287,1.0,"Extremely awful... I closed it for the second time and it was returned, they didn't call me or anything. I sent a message at 6:30 and if you don't pick up the package by 7, it …",a year ago,Mohammad Soltani,NULL,NULL,NULL,https://www.google.com/maps/place/%D9%86%D9%85%D8%A7%DB%8C%D9%86%D8%AF%DA%AF%DB%8C+%D8%AA%DB%8C%D9%BE%D8%A7%DA%A9%D8%B3+%D9%81%D9%84%D8%A7%D9%88%D8%B1%D8%AC%D8%A7%D9%86%E2%80%AD/data=!4m7!3m6!1s0x3fbc2f525a02d07b:0x5679f8d38d576602!8m2!3d32.5522117!4d51.5087287!16s%2Fg%2F11hyxqb9dy!19sChIJe9ACWlIvvD8RAmZXjdP4eVY?authuser=0&hl=en&rclk=1,2026-08-02T22:54:30.765050+00:00
496,google_maps,Tipax,تیپاکس فلاورجان,اصفهان,اصفهان,32.5522117,51.5087287,1.0,"It's a shame, I closed Qahdarijan, but instead of sending you back, they sent you back to Flowerjan.",4 years ago,S Safarzadeh,NULL,NULL,NULL,https://www.google.com/maps/place/%D9%86%D9%85%D8%A7%DB%8C%D9%86%D8%AF%DA%AF%DB%8C+%D8%AA%DB%8C%D9%BE%D8%A7%DA%A9%D8%B3+%D9%81%D9%84%D8%A7%D9%88%D8%B1%D8%AC%D8%A7%D9%86%E2%80%AD/data=!4m7!3m6!1s0x3fbc2f525a02d07b:0x5679f8d38d576602!8m2!3d32.5522117!4d51.5087287!16s%2Fg%2F11hyxqb9dy!19sChIJe9ACWlIvvD8RAmZXjdP4eVY?authuser=0&hl=en&rclk=1,2026-08-02T22:54:30.765050+00:00
497,google_maps,Tipax,تیپاکس فلاورجان,اصفهان,اصفهان,32.5522117,51.5087287,5.0,"Variety of flowers, plants, and single and major seedlings of existing plant types",3 years ago,Mehran Nasiri,NULL,NULL,NULL,https://www.google.com/maps/place/%D9%86%D9%85%D8%A7%DB%8C%D9%86%D8%AF%DA%AF%DB%8C+%D8%AA%DB%8C%D9%BE%D8%A7%DA%A9%D8%B3+%D9%81%D9%84%D8%A7%D9%88%D8%B1%D8%AC%D8%A7%D9%86%E2%80%AD/data=!4m7!3m6!1s0x3fbc2f525a02d07b:0x5679f8d38d576602!8m2!3d32.5522117!4d51.5087287!16s%2Fg%2F11hyxqb9dy!19sChIJe9ACWlIvvD8RAmZXjdP4eVY?authuser=0&hl=en&rclk=1,2026-08-02T22:54:30.765050+00:00
498,google_maps,Tipax,تیپاکس فلاورجان,اصفهان,اصفهان,32.5522117,51.5087287,5.0,"It's good that Tipax has arrived, Flowerjan.",Edited 7 years ago,یاس تبسم,NULL,NULL,NULL,https://www.google.com/maps/place/%D9%86%D9%85%D8%A7%DB%8C%D9%86%D8%AF%DA%AF%DB%8C+%D8%AA%DB%8C%D9%BE%D8%A7%DA%A9%D8%B3+%D9%81%D9%84%D8%A7%D9%88%D8%B1%D8%AC%D8%A7%D9%86%E2%80%AD/data=!4m7!3m6!1s0x3fbc2f525a02d07b:0x5679f8d38d576602!8m2!3d32.5522117!4d51.5087287!16s%2Fg%2F11hyxqb9dy!19sChIJe9ACWlIvvD8RAmZXjdP4eVY?authuser=0&hl=en&rclk=1,2026-08-02T22:54:30.765050+00:00
499,google_maps,Tipax,تیپاکس فلاورجان,اصفهان,اصفهان,32.5522117,51.5087287,5.0,Excellent job from Mr. Izadi Panah 🙏🏼🙏🏼 …,4 years ago,Negar Ghasemi,NULL,NULL,NULL,https://www.google.com/maps/place/%D9%86%D9%85%D8%A7%DB%8C%D9%86%D8%AF%DA%AF%DB%8C+%D8%AA%DB%8C%D9%BE%D8%A7%DA%A9%D8%B3+%D9%81%D9%84%D8%A7%D9%88%D8%B1%D8%AC%D8%A7%D9%86%E2%80%AD/data=!4m7!3m6!1s0x3fbc2f525a02d07b:0x5679f8d38d576602!8m2!3d32.5522117!4d51.5087287!16s%2Fg%2F11hyxqb9dy!19sChIJe9ACWlIvvD8RAmZXjdP4eVY?authuser=0&hl=en&rclk=1,2026-08-02T22:54:30.765050+00:00
500,google_maps,Tipax,تیپاکس فلاورجان,اصفهان,اصفهان,32.5522117,51.5087287,5.0,Pizza Fanous Pirbakran Bakrani,4 years ago,Pizza.fanoos Bakrani,NULL,NULL,NULL,https://www.google.com/maps/place/%D9%86%D9%85%D8%A7%DB%8C%D9%86%D8%AF%DA%AF%DB%8C+%D8%AA%DB%8C%D9%BE%D8%A7%DA%A9%D8%B3+%D9%81%D9%84%D8%A7%D9%88%D8%B1%D8%AC%D8%A7%D9%86%E2%80%AD/data=!4m7!3m6!1s0x3fbc2f525a02d07b:0x5679f8d38d576602!8m2!3d32.5522117!4d51.5087287!16s%2Fg%2F11hyxqb9dy!19sChIJe9ACWlIvvD8RAmZXjdP4eVY?authuser=0&hl=en&rclk=1,2026-08-02T22:54:30.765050+00:00
501,google_maps,Tipax,تیپاکس فلاورجان,اصفهان,اصفهان,32.5522117,51.5087287,2.0,Everything is great.,4 years ago,Rahban,NULL,NULL,NULL,https://www.google.com/maps/place/%D9%86%D9%85%D8%A7%DB%8C%D9%86%D8%AF%DA%AF%DB%8C+%D8%AA%DB%8C%D9%BE%D8%A7%DA%A9%D8%B3+%D9%81%D9%84%D8%A7%D9%88%D8%B1%D8%AC%D8%A7%D9%86%E2%80%AD/data=!4m7!3m6!1s0x3fbc2f525a02d07b:0x5679f8d38d576602!8m2!3d32.5522117!4d51.5087287!16s%2Fg%2F11hyxqb9dy!19sChIJe9ACWlIvvD8RAmZXjdP4eVY?authuser=0&hl=en&rclk=1,2026-08-02T22:54:30.765050+00:00
502,google_maps,Tipax,تیپاکس فلاورجان,اصفهان,اصفهان,32.5522117,51.5087287,1.0,Disgusting,7 months ago,ali asgari,NULL,NULL,NULL,https://www.google.com/maps/place/%D9%86%D9%85%D8%A7%DB%8C%D9%86%D8%AF%DA%AF%DB%8C+%D8%AA%DB%8C%D9%BE%D8%A7%DA%A9%D8%B3+%D9%81%D9%84%D8%A7%D9%88%D8%B1%D8%AC%D8%A7%D9%86%E2%80%AD/data=!4m7!3m6!1s0x3fbc2f525a02d07b:0x5679f8d38d576602!8m2!3d32.5522117!4d51.5087287!16s%2Fg%2F11hyxqb9dy!19sChIJe9ACWlIvvD8RAmZXjdP4eVY?authuser=0&hl=en&rclk=1,2026-08-02T22:54:30.765050+00:00
503,google_maps,Tipax,تیپاکس مجتمع خلیج فارس,فارس,NULL,29.7555767,52.4319683,5.0,Good,a year ago,hamid pourazary,NULL,NULL,NULL,https://www.google.com/maps/place/%D8%AA%DB%8C%D9%BE%D8%A7%DA%A9%D8%B3+%D9%85%D8%AC%D8%AA%D9%85%D8%B9+%D8%AE%D9%84%DB%8C%D8%AC+%D9%81%D8%A7%D8%B1%D8%B3%E2%80%AD/data=!4m7!3m6!1s0x3fb21903f1a49427:0xa839b3c6459ace95!8m2!3d29.7555767!4d52.4319683!16s%2Fg%2F11fwyrppzg!19sChIJJ5Sk8QMZsj8Rlc6aRcazOag?authuser=0&hl=en&rclk=1,2026-08-02T22:54:39.526334+00:00
504,google_maps,Tipax,Central Office(انبار مرکزی شیراز),فارس,NULL,29.6776393,52.5569799,1.0,"They don't answer the number, they are irresponsible, they don't have an address for therapy. You're the most ridiculous person. People who are not funny and waiting for you are lying for two days saying we came, but you weren't there. Well, at least give me the address, we'll get it for us ourselves. We'll close it.",7 months ago,Maryam Esteghamat,NULL,NULL,NULL,https://www.google.com/maps/place/Tipax+Central+Office%28%D8%A7%D9%86%D8%A8%D8%A7%D8%B1+%D9%85%D8%B1%DA%A9%D8%B2%DB%8C+%D8%B4%DB%8C%D8%B1%D8%A7%D8%B2%29%E2%80%AD/data=!4m7!3m6!1s0x3fb20f768c091a11:0x1b5c58e5081fb1ad!8m2!3d29.6776393!4d52.5569799!16s%2Fg%2F11fs_hz_rv!19sChIJERoJjHYPsj8RrbEfCOVYXBs?authuser=0&hl=en&rclk=1,2026-08-02T22:54:48.132885+00:00
505,google_maps,Tipax,Central Office(انبار مرکزی شیراز),فارس,NULL,29.6776393,52.5569799,1.0,"They are very irresponsible. My package arrived in Shiraz in 4 days. They only change the time on the website every day. It says it is processing in the destination city, but they do not deliver it to the city representative.",2 years ago,Mohammad Bakraei,NULL,NULL,NULL,https://www.google.com/maps/place/Tipax+Central+Office%28%D8%A7%D9%86%D8%A8%D8%A7%D8%B1+%D9%85%D8%B1%DA%A9%D8%B2%DB%8C+%D8%B4%DB%8C%D8%B1%D8%A7%D8%B2%29%E2%80%AD/data=!4m7!3m6!1s0x3fb20f768c091a11:0x1b5c58e5081fb1ad!8m2!3d29.6776393!4d52.5569799!16s%2Fg%2F11fs_hz_rv!19sChIJERoJjHYPsj8RrbEfCOVYXBs?authuser=0&hl=en&rclk=1,2026-08-02T22:54:48.132885+00:00
506,google_maps,Tipax,Central Office(انبار مرکزی شیراز),فارس,NULL,29.6776393,52.5569799,1.0,"The most horrible Tipax is their central branch in Rokn Abad. They either don't answer the phone, their warehouse is full, or they don't have any. It's the most horrible branch.",a year ago,Atefeh Jokar,NULL,NULL,NULL,https://www.google.com/maps/place/Tipax+Central+Office%28%D8%A7%D9%86%D8%A8%D8%A7%D8%B1+%D9%85%D8%B1%DA%A9%D8%B2%DB%8C+%D8%B4%DB%8C%D8%B1%D8%A7%D8%B2%29%E2%80%AD/data=!4m7!3m6!1s0x3fb20f768c091a11:0x1b5c58e5081fb1ad!8m2!3d29.6776393!4d52.5569799!16s%2Fg%2F11fs_hz_rv!19sChIJERoJjHYPsj8RrbEfCOVYXBs?authuser=0&hl=en&rclk=1,2026-08-02T22:54:48.132885+00:00
507,google_maps,Tipax,Central Office(انبار مرکزی شیراز),فارس,NULL,29.6776393,52.5569799,1.0,"Tipax Yar returned my package without delivering it. I was waiting for the package all day, my line was open. They didn't even call to check before returning it.",2 years ago,NAHID GHANE BORDBAR,NULL,NULL,NULL,https://www.google.com/maps/place/Tipax+Central+Office%28%D8%A7%D9%86%D8%A8%D8%A7%D8%B1+%D9%85%D8%B1%DA%A9%D8%B2%DB%8C+%D8%B4%DB%8C%D8%B1%D8%A7%D8%B2%29%E2%80%AD/data=!4m7!3m6!1s0x3fb20f768c091a11:0x1b5c58e5081fb1ad!8m2!3d29.6776393!4d52.5569799!16s%2Fg%2F11fs_hz_rv!19sChIJERoJjHYPsj8RrbEfCOVYXBs?authuser=0&hl=en&rclk=1,2026-08-02T22:54:48.132885+00:00
508,google_maps,Tipax,Central Office(انبار مرکزی شیراز),فارس,NULL,29.6776393,52.5569799,1.0,"Horrible, horrible, they are the most disorganized, 140 kilometers in three days, stuck in Shiraz Tipax, the worst, collect them, you can't provide service.",11 months ago,Zahra Heidari,NULL,NULL,NULL,https://www.google.com/maps/place/Tipax+Central+Office%28%D8%A7%D9%86%D8%A8%D8%A7%D8%B1+%D9%85%D8%B1%DA%A9%D8%B2%DB%8C+%D8%B4%DB%8C%D8%B1%D8%A7%D8%B2%29%E2%80%AD/data=!4m7!3m6!1s0x3fb20f768c091a11:0x1b5c58e5081fb1ad!8m2!3d29.6776393!4d52.5569799!16s%2Fg%2F11fs_hz_rv!19sChIJERoJjHYPsj8RrbEfCOVYXBs?authuser=0&hl=en&rclk=1,2026-08-02T22:54:48.132885+00:00
509,google_maps,Tipax,Central Office(انبار مرکزی شیراز),فارس,NULL,29.6776393,52.5569799,1.0,"Bad behavior, no coordination, no calls, no text messages, no calls, no doorbells, no home calls at all!! And I had to come to the branch to pick up.",a year ago,samira poorhemat,NULL,NULL,NULL,https://www.google.com/maps/place/Tipax+Central+Office%28%D8%A7%D9%86%D8%A8%D8%A7%D8%B1+%D9%85%D8%B1%DA%A9%D8%B2%DB%8C+%D8%B4%DB%8C%D8%B1%D8%A7%D8%B2%29%E2%80%AD/data=!4m7!3m6!1s0x3fb20f768c091a11:0x1b5c58e5081fb1ad!8m2!3d29.6776393!4d52.5569799!16s%2Fg%2F11fs_hz_rv!19sChIJERoJjHYPsj8RrbEfCOVYXBs?authuser=0&hl=en&rclk=1,2026-08-02T22:54:48.132885+00:00
510,google_maps,Tipax,Central Office(انبار مرکزی شیراز),فارس,NULL,29.6776393,52.5569799,1.0,"You are nothing more than a corpse. The parcel arrived from Tehran in 2 days, but it has been stuck in Shiraz for a week. You are really a big ass.",a year ago,Mohamadreza Bozorgi,NULL,NULL,NULL,https://www.google.com/maps/place/Tipax+Central+Office%28%D8%A7%D9%86%D8%A8%D8%A7%D8%B1+%D9%85%D8%B1%DA%A9%D8%B2%DB%8C+%D8%B4%DB%8C%D8%B1%D8%A7%D8%B2%29%E2%80%AD/data=!4m7!3m6!1s0x3fb20f768c091a11:0x1b5c58e5081fb1ad!8m2!3d29.6776393!4d52.5569799!16s%2Fg%2F11fs_hz_rv!19sChIJERoJjHYPsj8RrbEfCOVYXBs?authuser=0&hl=en&rclk=1,2026-08-02T22:54:48.132885+00:00
511,google_maps,Tipax,Central Office(انبار مرکزی شیراز),فارس,NULL,29.6776393,52.5569799,1.0,"A completely irresponsible company, they do not fulfill their obligations in any way, shipping is faster and better.",a year ago,B_ DEL,NULL,NULL,NULL,https://www.google.com/maps/place/Tipax+Central+Office%28%D8%A7%D9%86%D8%A8%D8%A7%D8%B1+%D9%85%D8%B1%DA%A9%D8%B2%DB%8C+%D8%B4%DB%8C%D8%B1%D8%A7%D8%B2%29%E2%80%AD/data=!4m7!3m6!1s0x3fb20f768c091a11:0x1b5c58e5081fb1ad!8m2!3d29.6776393!4d52.5569799!16s%2Fg%2F11fs_hz_rv!19sChIJERoJjHYPsj8RrbEfCOVYXBs?authuser=0&hl=en&rclk=1,2026-08-02T22:54:48.132885+00:00
512,google_maps,Tipax,Central Office(انبار مرکزی شیراز),فارس,NULL,29.6776393,52.5569799,1.0,"The worst relocation system, without coordination and follow-up, I don't know how they're still going on.",9 months ago,Shahram Sharghi,NULL,NULL,NULL,https://www.google.com/maps/place/Tipax+Central+Office%28%D8%A7%D9%86%D8%A8%D8%A7%D8%B1+%D9%85%D8%B1%DA%A9%D8%B2%DB%8C+%D8%B4%DB%8C%D8%B1%D8%A7%D8%B2%29%E2%80%AD/data=!4m7!3m6!1s0x3fb20f768c091a11:0x1b5c58e5081fb1ad!8m2!3d29.6776393!4d52.5569799!16s%2Fg%2F11fs_hz_rv!19sChIJERoJjHYPsj8RrbEfCOVYXBs?authuser=0&hl=en&rclk=1,2026-08-02T22:54:48.132885+00:00
513,google_maps,Tipax,Central Office(انبار مرکزی شیراز),فارس,NULL,29.6776393,52.5569799,1.0,Terrible customer service They don't answer the phone at all. They leave the phone on busy.,6 months ago,hossein togha,NULL,NULL,NULL,https://www.google.com/maps/place/Tipax+Central+Office%28%D8%A7%D9%86%D8%A8%D8%A7%D8%B1+%D9%85%D8%B1%DA%A9%D8%B2%DB%8C+%D8%B4%DB%8C%D8%B1%D8%A7%D8%B2%29%E2%80%AD/data=!4m7!3m6!1s0x3fb20f768c091a11:0x1b5c58e5081fb1ad!8m2!3d29.6776393!4d52.5569799!16s%2Fg%2F11fs_hz_rv!19sChIJERoJjHYPsj8RrbEfCOVYXBs?authuser=0&hl=en&rclk=1,2026-08-02T22:54:48.132885+00:00
514,google_maps,Tipax,تیپاکس مرکزی صدرا,فارس,NULL,29.7996085,52.5084965,5.0,"Great, I sent a package, it arrived in Tehran in two days.",7 months ago,Fatemeh zare,NULL,NULL,NULL,https://www.google.com/maps/place/%D8%AA%DB%8C%D9%BE%D8%A7%DA%A9%D8%B3+%D9%85%D8%B1%DA%A9%D8%B2%DB%8C+%D8%B5%D8%AF%D8%B1%D8%A7%E2%80%AD/data=!4m7!3m6!1s0x3fb21b001295d1bd:0xa5be2a127e8d2a35!8m2!3d29.7996085!4d52.5084965!16s%2Fg%2F11mly19xy3!19sChIJvdGVEgAbsj8RNSqNfhIqvqU?authuser=0&hl=en&rclk=1,2026-08-02T22:54:56.705192+00:00
515,google_maps,Tipax,تیپاکس مرکزی صدرا,فارس,NULL,29.7996085,52.5084965,5.0,"Excellent, this is the best branch I've found.",7 months ago,Fateme Zare,NULL,NULL,NULL,https://www.google.com/maps/place/%D8%AA%DB%8C%D9%BE%D8%A7%DA%A9%D8%B3+%D9%85%D8%B1%DA%A9%D8%B2%DB%8C+%D8%B5%D8%AF%D8%B1%D8%A7%E2%80%AD/data=!4m7!3m6!1s0x3fb21b001295d1bd:0xa5be2a127e8d2a35!8m2!3d29.7996085!4d52.5084965!16s%2Fg%2F11mly19xy3!19sChIJvdGVEgAbsj8RNSqNfhIqvqU?authuser=0&hl=en&rclk=1,2026-08-02T22:54:56.705192+00:00
516,google_maps,Tipax,تیپاکس مرکزی صدرا,فارس,NULL,29.7996085,52.5084965,5.0,"Great, I'll send my entire package here.",7 months ago,سهیلا خادمی,NULL,NULL,NULL,https://www.google.com/maps/place/%D8%AA%DB%8C%D9%BE%D8%A7%DA%A9%D8%B3+%D9%85%D8%B1%DA%A9%D8%B2%DB%8C+%D8%B5%D8%AF%D8%B1%D8%A7%E2%80%AD/data=!4m7!3m6!1s0x3fb21b001295d1bd:0xa5be2a127e8d2a35!8m2!3d29.7996085!4d52.5084965!16s%2Fg%2F11mly19xy3!19sChIJvdGVEgAbsj8RNSqNfhIqvqU?authuser=0&hl=en&rclk=1,2026-08-02T22:54:56.705192+00:00
517,google_maps,Tipax,تیپاکس مرکزی صدرا,فارس,NULL,29.7996085,52.5084965,5.0,"Very good, they have strong support too.",7 months ago,sana,NULL,NULL,NULL,https://www.google.com/maps/place/%D8%AA%DB%8C%D9%BE%D8%A7%DA%A9%D8%B3+%D9%85%D8%B1%DA%A9%D8%B2%DB%8C+%D8%B5%D8%AF%D8%B1%D8%A7%E2%80%AD/data=!4m7!3m6!1s0x3fb21b001295d1bd:0xa5be2a127e8d2a35!8m2!3d29.7996085!4d52.5084965!16s%2Fg%2F11mly19xy3!19sChIJvdGVEgAbsj8RNSqNfhIqvqU?authuser=0&hl=en&rclk=1,2026-08-02T22:54:56.705192+00:00
518,google_maps,Tipax,تیپاکس مرکزی صدرا,فارس,NULL,29.7996085,52.5084965,5.0,"Excellent, the best Tipax branch.",7 months ago,ariya khademian,NULL,NULL,NULL,https://www.google.com/maps/place/%D8%AA%DB%8C%D9%BE%D8%A7%DA%A9%D8%B3+%D9%85%D8%B1%DA%A9%D8%B2%DB%8C+%D8%B5%D8%AF%D8%B1%D8%A7%E2%80%AD/data=!4m7!3m6!1s0x3fb21b001295d1bd:0xa5be2a127e8d2a35!8m2!3d29.7996085!4d52.5084965!16s%2Fg%2F11mly19xy3!19sChIJvdGVEgAbsj8RNSqNfhIqvqU?authuser=0&hl=en&rclk=1,2026-08-02T22:54:56.705192+00:00
519,google_maps,Tipax,تیپاکس مرکزی صدرا,فارس,NULL,29.7996085,52.5084965,5.0,Excellent,7 months ago,Fateme khademi,NULL,NULL,NULL,https://www.google.com/maps/place/%D8%AA%DB%8C%D9%BE%D8%A7%DA%A9%D8%B3+%D9%85%D8%B1%DA%A9%D8%B2%DB%8C+%D8%B5%D8%AF%D8%B1%D8%A7%E2%80%AD/data=!4m7!3m6!1s0x3fb21b001295d1bd:0xa5be2a127e8d2a35!8m2!3d29.7996085!4d52.5084965!16s%2Fg%2F11mly19xy3!19sChIJvdGVEgAbsj8RNSqNfhIqvqU?authuser=0&hl=en&rclk=1,2026-08-02T22:54:56.705192+00:00
520,google_maps,Tipax,تیپاکس والفجر,فارس,NULL,29.6106761,52.4536688,4.0,"With a few buts and ifs, they're doing well.",a year ago,Aria Karimi,NULL,NULL,NULL,https://www.google.com/maps/place/%D8%AA%DB%8C%D9%BE%D8%A7%DA%A9%D8%B3+%D9%86%D9%85%D8%A7%DB%8C%D9%86%D8%AF%DA%AF%DB%8C+%D9%88%D8%A7%D9%84%D9%81%D8%AC%D8%B1%E2%80%AD/data=!4m7!3m6!1s0x3fb213007f537033:0x994f7cdb008e9442!8m2!3d29.6106761!4d52.4536688!16s%2Fg%2F11w7hbhww7!19sChIJM3BTfwATsj8RQpSOANt8T5k?authuser=0&hl=en&rclk=1,2026-08-02T22:55:22.434239+00:00
521,google_maps,Tipax,تیپاکس نصر,فارس,NULL,29.5672983,52.6037568,1.0,"I was supposed to deliver it on Thursday and it was my daughter's birthday gift on Friday. They always bring it on Fridays. I open it, but I said, ""If you file a complaint with them, I'll come and get it myself."" You even left me speechless, and my daughter is heartbroken. Her father won't let her have it on her birthday. What can I say, Nedaya? Thank you.",11 months ago,Mohsen Heaven,NULL,NULL,NULL,https://www.google.com/maps/place/%D8%AF%D9%81%D8%AA%D8%B1+%D8%AA%DB%8C%D9%BE%D8%A7%DA%A9%D8%B3+%D8%B4%D8%B9%D8%A8%D9%87+%D9%86%D8%B5%D8%B1%E2%80%AD/data=!4m7!3m6!1s0x3fb273007d687b65:0x895ea36d72a17c12!8m2!3d29.5672983!4d52.6037568!16s%2Fg%2F11ldt8bctr!19sChIJZXtofQBzsj8REnyhcm2jXok?authuser=0&hl=en&rclk=1,2026-08-02T22:55:48.522292+00:00
522,google_maps,Tipax,تیپاکس نصر,فارس,NULL,29.5672983,52.6037568,1.0,"You liar, why did you just intercept the package? We brought it home. You weren't home. If I didn't leave the house for a few days because of this package, you liar, take responsibility. I hope Tipax is completely shut down with these horrible representatives.",10 months ago,زهره Zohreh,NULL,NULL,NULL,https://www.google.com/maps/place/%D8%AF%D9%81%D8%AA%D8%B1+%D8%AA%DB%8C%D9%BE%D8%A7%DA%A9%D8%B3+%D8%B4%D8%B9%D8%A8%D9%87+%D9%86%D8%B5%D8%B1%E2%80%AD/data=!4m7!3m6!1s0x3fb273007d687b65:0x895ea36d72a17c12!8m2!3d29.5672983!4d52.6037568!16s%2Fg%2F11ldt8bctr!19sChIJZXtofQBzsj8REnyhcm2jXok?authuser=0&hl=en&rclk=1,2026-08-02T22:55:48.522292+00:00
523,google_maps,Tipax,تیپاکس نصر,فارس,NULL,29.5672983,52.6037568,1.0,"Extremely disorganized and irresponsible, every time I used Tipax I felt a hundred pains and a hundred regrets.",11 months ago,حسن عباسی,NULL,NULL,NULL,https://www.google.com/maps/place/%D8%AF%D9%81%D8%AA%D8%B1+%D8%AA%DB%8C%D9%BE%D8%A7%DA%A9%D8%B3+%D8%B4%D8%B9%D8%A8%D9%87+%D9%86%D8%B5%D8%B1%E2%80%AD/data=!4m7!3m6!1s0x3fb273007d687b65:0x895ea36d72a17c12!8m2!3d29.5672983!4d52.6037568!16s%2Fg%2F11ldt8bctr!19sChIJZXtofQBzsj8REnyhcm2jXok?authuser=0&hl=en&rclk=1,2026-08-02T22:55:48.522292+00:00
524,google_maps,Tipax,تیپاکس نصر,فارس,NULL,29.5672983,52.6037568,1.0,"Horrible!! They are not responsive at all and are very rude, as if they are creditors.",10 months ago,محمد غفاری,NULL,NULL,NULL,https://www.google.com/maps/place/%D8%AF%D9%81%D8%AA%D8%B1+%D8%AA%DB%8C%D9%BE%D8%A7%DA%A9%D8%B3+%D8%B4%D8%B9%D8%A8%D9%87+%D9%86%D8%B5%D8%B1%E2%80%AD/data=!4m7!3m6!1s0x3fb273007d687b65:0x895ea36d72a17c12!8m2!3d29.5672983!4d52.6037568!16s%2Fg%2F11ldt8bctr!19sChIJZXtofQBzsj8REnyhcm2jXok?authuser=0&hl=en&rclk=1,2026-08-02T22:55:48.522292+00:00
525,google_maps,Tipax,تیپاکس نصر,فارس,NULL,29.5672983,52.6037568,1.0,"Really, they don't respond properly without order and discipline.",11 months ago,Hadi Jokar,NULL,NULL,NULL,https://www.google.com/maps/place/%D8%AF%D9%81%D8%AA%D8%B1+%D8%AA%DB%8C%D9%BE%D8%A7%DA%A9%D8%B3+%D8%B4%D8%B9%D8%A8%D9%87+%D9%86%D8%B5%D8%B1%E2%80%AD/data=!4m7!3m6!1s0x3fb273007d687b65:0x895ea36d72a17c12!8m2!3d29.5672983!4d52.6037568!16s%2Fg%2F11ldt8bctr!19sChIJZXtofQBzsj8REnyhcm2jXok?authuser=0&hl=en&rclk=1,2026-08-02T22:55:48.522292+00:00
526,google_maps,Tipax,تیپاکس نصر,فارس,NULL,29.5672983,52.6037568,1.0,They are very irresponsible and not accountable at all.,8 months ago,نجمه,NULL,NULL,NULL,https://www.google.com/maps/place/%D8%AF%D9%81%D8%AA%D8%B1+%D8%AA%DB%8C%D9%BE%D8%A7%DA%A9%D8%B3+%D8%B4%D8%B9%D8%A8%D9%87+%D9%86%D8%B5%D8%B1%E2%80%AD/data=!4m7!3m6!1s0x3fb273007d687b65:0x895ea36d72a17c12!8m2!3d29.5672983!4d52.6037568!16s%2Fg%2F11ldt8bctr!19sChIJZXtofQBzsj8REnyhcm2jXok?authuser=0&hl=en&rclk=1,2026-08-02T22:55:48.522292+00:00
527,google_maps,Tipax,تیپاکس نصر,فارس,NULL,29.5672983,52.6037568,1.0,"A disgrace, irresponsible, immoral.",Edited a year ago,Maryam Mobashri,NULL,NULL,NULL,https://www.google.com/maps/place/%D8%AF%D9%81%D8%AA%D8%B1+%D8%AA%DB%8C%D9%BE%D8%A7%DA%A9%D8%B3+%D8%B4%D8%B9%D8%A8%D9%87+%D9%86%D8%B5%D8%B1%E2%80%AD/data=!4m7!3m6!1s0x3fb273007d687b65:0x895ea36d72a17c12!8m2!3d29.5672983!4d52.6037568!16s%2Fg%2F11ldt8bctr!19sChIJZXtofQBzsj8REnyhcm2jXok?authuser=0&hl=en&rclk=1,2026-08-02T22:55:48.522292+00:00
528,google_maps,Tipax,تی هاب شیراز ( انبار مرکزی تیپاکس ),اصفهان,اصفهان,29.7013743,52.5573522,5.0,It was really good.,5 months ago,Barkat Dagani,NULL,NULL,NULL,https://www.google.com/maps/place/%D8%AA%DB%8C+%D9%87%D8%A7%D8%A8+%D8%B4%DB%8C%D8%B1%D8%A7%D8%B2+%28+%D8%A7%D9%86%D8%A8%D8%A7%D8%B1+%D9%85%D8%B1%DA%A9%D8%B2%DB%8C+%D8%AA%DB%8C%D9%BE%D8%A7%DA%A9%D8%B3+%29%E2%80%AD/data=!4m7!3m6!1s0x3fb20f44dfd82e57:0x5d83b0b8be1c5731!8m2!3d29.7013743!4d52.5573522!16s%2Fg%2F11vln7ln99!19sChIJVy7Y30QPsj8RMVccvriwg10?authuser=0&hl=en&rclk=1,2026-08-02T22:56:04.039023+00:00
529,google_maps,Tipax,تیپاکس میانرود,فارس,NULL,29.5649092,52.5010124,5.0,"You are great, thank you for your responsibility.",10 months ago,vihan talatipour,NULL,NULL,NULL,https://www.google.com/maps/place/%D8%AA%DB%8C%D9%BE%D8%A7%DA%A9%D8%B3+%D9%85%DB%8C%D8%A7%D9%86%D8%B1%D9%88%D8%AF%E2%80%AD/data=!4m7!3m6!1s0x3fb26d001922ebdb:0x6b88d5a56d884fe5!8m2!3d29.5649092!4d52.5010124!16s%2Fg%2F11yb8m_hvl!19sChIJ2-siGQBtsj8R5U-IbaXViGs?authuser=0&hl=en&rclk=1,2026-08-02T22:56:21.292935+00:00
530,google_maps,Tipax,تیپاکس کازرون,فارس,کازرون,29.6187437,51.6586623,1.0,"Very bad experience, really the worst place I have ever encountered, unfortunately, twice we received a package, both times it was returned and for about an hour in the worst heat, we first went to the office on Mortazavi Street, they gave …",11 months ago,Bizhan Rostamy,NULL,NULL,NULL,https://www.google.com/maps/place/%D8%AF%D9%81%D8%AA%D8%B1+%D8%AA%DB%8C%D9%BE%D8%A7%DA%A9%D8%B3+%DA%A9%D8%A7%D8%B2%D8%B1%D9%88%D9%86%E2%80%AD/data=!4m7!3m6!1s0x3fb15f41e61a2365:0xfc7394c424fccb7!8m2!3d29.6187437!4d51.6586623!16s%2Fg%2F11qqhd0g8y!19sChIJZSMa5kFfsT8Rt8xPQkw5xw8?authuser=0&hl=en&rclk=1,2026-08-02T22:56:29.894460+00:00
531,google_maps,Tipax,تیپاکس کازرون,فارس,کازرون,29.6187437,51.6586623,1.0,"It was a really terrible experience. Their opening and closing times were completely inconsistent with the information on the communication channel. And they deliver the package to its destination, you have to go and pick it up yourself.",10 months ago,Yas Kh,NULL,NULL,NULL,https://www.google.com/maps/place/%D8%AF%D9%81%D8%AA%D8%B1+%D8%AA%DB%8C%D9%BE%D8%A7%DA%A9%D8%B3+%DA%A9%D8%A7%D8%B2%D8%B1%D9%88%D9%86%E2%80%AD/data=!4m7!3m6!1s0x3fb15f41e61a2365:0xfc7394c424fccb7!8m2!3d29.6187437!4d51.6586623!16s%2Fg%2F11qqhd0g8y!19sChIJZSMa5kFfsT8Rt8xPQkw5xw8?authuser=0&hl=en&rclk=1,2026-08-02T22:56:29.894460+00:00
532,google_maps,Tipax,تیپاکس کازرون,فارس,کازرون,29.6187437,51.6586623,1.0,"Terrible. They don't deliver packages on time or don't deliver at all. They don't answer the phone or anything else. Their working hours are limited, their communication is not good. They are irresponsible. Terrible, terrible, terrible.",a year ago,mona Adli,NULL,NULL,NULL,https://www.google.com/maps/place/%D8%AF%D9%81%D8%AA%D8%B1+%D8%AA%DB%8C%D9%BE%D8%A7%DA%A9%D8%B3+%DA%A9%D8%A7%D8%B2%D8%B1%D9%88%D9%86%E2%80%AD/data=!4m7!3m6!1s0x3fb15f41e61a2365:0xfc7394c424fccb7!8m2!3d29.6187437!4d51.6586623!16s%2Fg%2F11qqhd0g8y!19sChIJZSMa5kFfsT8Rt8xPQkw5xw8?authuser=0&hl=en&rclk=1,2026-08-02T22:56:29.894460+00:00
533,google_maps,Tipax,تیپاکس کازرون,فارس,کازرون,29.6187437,51.6586623,5.0,"Really great and responsible, very legal, they only deliver the package to the person with the code, they strictly adhere to the law.",a year ago,Loplop Loplopy,NULL,NULL,NULL,https://www.google.com/maps/place/%D8%AF%D9%81%D8%AA%D8%B1+%D8%AA%DB%8C%D9%BE%D8%A7%DA%A9%D8%B3+%DA%A9%D8%A7%D8%B2%D8%B1%D9%88%D9%86%E2%80%AD/data=!4m7!3m6!1s0x3fb15f41e61a2365:0xfc7394c424fccb7!8m2!3d29.6187437!4d51.6586623!16s%2Fg%2F11qqhd0g8y!19sChIJZSMa5kFfsT8Rt8xPQkw5xw8?authuser=0&hl=en&rclk=1,2026-08-02T22:56:29.894460+00:00
534,google_maps,Tipax,تیپاکس کازرون,فارس,کازرون,29.6187437,51.6586623,1.0,They are not responsible at all. I think regular mail will deliver your packages faster and more easily.,10 months ago,Keyan Golshen,NULL,NULL,NULL,https://www.google.com/maps/place/%D8%AF%D9%81%D8%AA%D8%B1+%D8%AA%DB%8C%D9%BE%D8%A7%DA%A9%D8%B3+%DA%A9%D8%A7%D8%B2%D8%B1%D9%88%D9%86%E2%80%AD/data=!4m7!3m6!1s0x3fb15f41e61a2365:0xfc7394c424fccb7!8m2!3d29.6187437!4d51.6586623!16s%2Fg%2F11qqhd0g8y!19sChIJZSMa5kFfsT8Rt8xPQkw5xw8?authuser=0&hl=en&rclk=1,2026-08-02T22:56:29.894460+00:00
535,google_maps,Tipax,تیپاکس کازرون,فارس,کازرون,29.6187437,51.6586623,1.0,They don't deliver the package on time and they don't answer the phone.,a year ago,ایدل ج,NULL,NULL,NULL,https://www.google.com/maps/place/%D8%AF%D9%81%D8%AA%D8%B1+%D8%AA%DB%8C%D9%BE%D8%A7%DA%A9%D8%B3+%DA%A9%D8%A7%D8%B2%D8%B1%D9%88%D9%86%E2%80%AD/data=!4m7!3m6!1s0x3fb15f41e61a2365:0xfc7394c424fccb7!8m2!3d29.6187437!4d51.6586623!16s%2Fg%2F11qqhd0g8y!19sChIJZSMa5kFfsT8Rt8xPQkw5xw8?authuser=0&hl=en&rclk=1,2026-08-02T22:56:29.894460+00:00
536,google_maps,Tipax,تیپاکس کازرون,فارس,کازرون,29.6187437,51.6586623,3.0,It takes a long time for it to reach its owner.,a week ago,seyedhamed palar,NULL,NULL,NULL,https://www.google.com/maps/place/%D8%AF%D9%81%D8%AA%D8%B1+%D8%AA%DB%8C%D9%BE%D8%A7%DA%A9%D8%B3+%DA%A9%D8%A7%D8%B2%D8%B1%D9%88%D9%86%E2%80%AD/data=!4m7!3m6!1s0x3fb15f41e61a2365:0xfc7394c424fccb7!8m2!3d29.6187437!4d51.6586623!16s%2Fg%2F11qqhd0g8y!19sChIJZSMa5kFfsT8Rt8xPQkw5xw8?authuser=0&hl=en&rclk=1,2026-08-02T22:56:29.894460+00:00
537,google_maps,Tipax,تیپاکس کازرون,فارس,کازرون,29.6187437,51.6586623,5.0,Excellent,a year ago,Reza Sh,NULL,NULL,NULL,https://www.google.com/maps/place/%D8%AF%D9%81%D8%AA%D8%B1+%D8%AA%DB%8C%D9%BE%D8%A7%DA%A9%D8%B3+%DA%A9%D8%A7%D8%B2%D8%B1%D9%88%D9%86%E2%80%AD/data=!4m7!3m6!1s0x3fb15f41e61a2365:0xfc7394c424fccb7!8m2!3d29.6187437!4d51.6586623!16s%2Fg%2F11qqhd0g8y!19sChIJZSMa5kFfsT8Rt8xPQkw5xw8?authuser=0&hl=en&rclk=1,2026-08-02T22:56:29.894460+00:00
538,google_maps,Tipax,تیپاکس فسا سرو,فارس,NULL,28.9440979,53.6450402,5.0,"Hello, your speed is excellent, the sending and receiving speed is excellent, and the ethics of your employees are unparalleled and excellent.",4 years ago,محمد کمالی,NULL,NULL,NULL,https://www.google.com/maps/place/%D9%86%D9%85%D8%A7%DB%8C%D9%86%D8%AF%DA%AF%DB%8C+%D8%AA%DB%8C%D9%BE%D8%A7%DA%A9%D8%B3+%D9%81%D8%B3%D8%A7+%D8%B3%D8%B1%D9%88%E2%80%AD/data=!4m7!3m6!1s0x3e5333d48f9e050b:0x144576b8ac01f69e!8m2!3d28.9440979!4d53.6450402!16s%2Fg%2F11ptrd0kl3!19sChIJCwWej9QzUz4RnvYBrLh2RRQ?authuser=0&hl=en&rclk=1,2026-08-02T22:57:00.999365+00:00
539,google_maps,Tipax,تیپاکس فسا سرو,فارس,NULL,28.9440979,53.6450402,5.0,It's really great. Packages are sent quickly and delivered on time. Tipax is great. Prince Qasim Sarvo.,3 years ago,hasti amiri,NULL,NULL,NULL,https://www.google.com/maps/place/%D9%86%D9%85%D8%A7%DB%8C%D9%86%D8%AF%DA%AF%DB%8C+%D8%AA%DB%8C%D9%BE%D8%A7%DA%A9%D8%B3+%D9%81%D8%B3%D8%A7+%D8%B3%D8%B1%D9%88%E2%80%AD/data=!4m7!3m6!1s0x3e5333d48f9e050b:0x144576b8ac01f69e!8m2!3d28.9440979!4d53.6450402!16s%2Fg%2F11ptrd0kl3!19sChIJCwWej9QzUz4RnvYBrLh2RRQ?authuser=0&hl=en&rclk=1,2026-08-02T22:57:00.999365+00:00
540,google_maps,Tipax,تیپاکس فسا سرو,فارس,NULL,28.9440979,53.6450402,5.0,Great for sending packages.,4 years ago,Ebrahim Namazi,NULL,NULL,NULL,https://www.google.com/maps/place/%D9%86%D9%85%D8%A7%DB%8C%D9%86%D8%AF%DA%AF%DB%8C+%D8%AA%DB%8C%D9%BE%D8%A7%DA%A9%D8%B3+%D9%81%D8%B3%D8%A7+%D8%B3%D8%B1%D9%88%E2%80%AD/data=!4m7!3m6!1s0x3e5333d48f9e050b:0x144576b8ac01f69e!8m2!3d28.9440979!4d53.6450402!16s%2Fg%2F11ptrd0kl3!19sChIJCwWej9QzUz4RnvYBrLh2RRQ?authuser=0&hl=en&rclk=1,2026-08-02T22:57:00.999365+00:00
541,google_maps,Tipax,تیپاکس فسا سرو,فارس,NULL,28.9440979,53.6450402,5.0,Best for sending packages,Edited 4 years ago,سارا امدادیان,NULL,NULL,NULL,https://www.google.com/maps/place/%D9%86%D9%85%D8%A7%DB%8C%D9%86%D8%AF%DA%AF%DB%8C+%D8%AA%DB%8C%D9%BE%D8%A7%DA%A9%D8%B3+%D9%81%D8%B3%D8%A7+%D8%B3%D8%B1%D9%88%E2%80%AD/data=!4m7!3m6!1s0x3e5333d48f9e050b:0x144576b8ac01f69e!8m2!3d28.9440979!4d53.6450402!16s%2Fg%2F11ptrd0kl3!19sChIJCwWej9QzUz4RnvYBrLh2RRQ?authuser=0&hl=en&rclk=1,2026-08-02T22:57:00.999365+00:00
542,google_maps,Tipax,تیپاکس آرین,فارس,NULL,29.7143669,52.4526056,5.0,It has very good staff.,Edited a month ago,Mohammad hassan Jafari Zadeh,NULL,NULL,NULL,https://www.google.com/maps/place/%D8%AA%DB%8C%D9%BE%D8%A7%DA%A9%D8%B3+%D8%A2%D8%B1%DB%8C%D9%86%E2%80%AD/data=!4m7!3m6!1s0x3fb21b005d3d1fb1:0xa60f1897962dc6e5!8m2!3d29.7143669!4d52.4526056!16s%2Fg%2F11lcvk62y4!19sChIJsR89XQAbsj8R5cYtlpcYD6Y?authuser=0&hl=en&rclk=1,2026-08-02T22:57:23.036788+00:00
543,google_maps,Tipax,تیپاکس جهرم,فارس,NULL,28.4944517,53.5673799,1.0,"Very bad, what post office message, go pick it up from the dealership, when you go to the dealership, they say what post office is, you call, no one answers, follow-up is just awful 👎👎 …",a year ago,Yalda Vahidfar,NULL,NULL,NULL,https://www.google.com/maps/place/%D8%AA%DB%8C%D9%BE%D8%A7%DA%A9%D8%B3+%D8%B4%D8%B9%D8%A8%D9%87+%D8%AC%D9%87%D8%B1%D9%85%E2%80%AD/data=!4m7!3m6!1s0x3e531077616bf679:0xd2a3edade0893ef4!8m2!3d28.4944517!4d53.5673799!16s%2Fg%2F11g7254q8j!19sChIJefZrYXcQUz4R9D6J4K3to9I?authuser=0&hl=en&rclk=1,2026-08-02T22:57:31.630863+00:00
544,google_maps,Tipax,تیپاکس جهرم,فارس,NULL,28.4944517,53.5673799,1.0,"I'm not happy at all. They don't answer the office phone. When I go to them, it's like you owe them something.",3 years ago,علیرضا عبدالرحیمی,NULL,NULL,NULL,https://www.google.com/maps/place/%D8%AA%DB%8C%D9%BE%D8%A7%DA%A9%D8%B3+%D8%B4%D8%B9%D8%A8%D9%87+%D8%AC%D9%87%D8%B1%D9%85%E2%80%AD/data=!4m7!3m6!1s0x3e531077616bf679:0xd2a3edade0893ef4!8m2!3d28.4944517!4d53.5673799!16s%2Fg%2F11g7254q8j!19sChIJefZrYXcQUz4R9D6J4K3to9I?authuser=0&hl=en&rclk=1,2026-08-02T22:57:31.630863+00:00
545,google_maps,Tipax,تیپاکس جهرم,فارس,NULL,28.4944517,53.5673799,5.0,Good follow-up for package delivery and proper response,10 months ago,Mehdi Shakiba,NULL,NULL,NULL,https://www.google.com/maps/place/%D8%AA%DB%8C%D9%BE%D8%A7%DA%A9%D8%B3+%D8%B4%D8%B9%D8%A8%D9%87+%D8%AC%D9%87%D8%B1%D9%85%E2%80%AD/data=!4m7!3m6!1s0x3e531077616bf679:0xd2a3edade0893ef4!8m2!3d28.4944517!4d53.5673799!16s%2Fg%2F11g7254q8j!19sChIJefZrYXcQUz4R9D6J4K3to9I?authuser=0&hl=en&rclk=1,2026-08-02T22:57:31.630863+00:00
546,google_maps,Tipax,تیپاکس جهرم,فارس,NULL,28.4944517,53.5673799,5.0,There's nothing better than Google Maps for directions.,3 years ago,Hvvs Jebvsjn,NULL,NULL,NULL,https://www.google.com/maps/place/%D8%AA%DB%8C%D9%BE%D8%A7%DA%A9%D8%B3+%D8%B4%D8%B9%D8%A8%D9%87+%D8%AC%D9%87%D8%B1%D9%85%E2%80%AD/data=!4m7!3m6!1s0x3e531077616bf679:0xd2a3edade0893ef4!8m2!3d28.4944517!4d53.5673799!16s%2Fg%2F11g7254q8j!19sChIJefZrYXcQUz4R9D6J4K3to9I?authuser=0&hl=en&rclk=1,2026-08-02T22:57:31.630863+00:00
547,google_maps,Tipax,تیپاکس جهرم,فارس,NULL,28.4944517,53.5673799,5.0,They had a good relationship.,5 years ago,Amir Naderian,NULL,NULL,NULL,https://www.google.com/maps/place/%D8%AA%DB%8C%D9%BE%D8%A7%DA%A9%D8%B3+%D8%B4%D8%B9%D8%A8%D9%87+%D8%AC%D9%87%D8%B1%D9%85%E2%80%AD/data=!4m7!3m6!1s0x3e531077616bf679:0xd2a3edade0893ef4!8m2!3d28.4944517!4d53.5673799!16s%2Fg%2F11g7254q8j!19sChIJefZrYXcQUz4R9D6J4K3to9I?authuser=0&hl=en&rclk=1,2026-08-02T22:57:31.630863+00:00
548,google_maps,Tipax,تیپاکس جهرم,فارس,NULL,28.4944517,53.5673799,5.0,best,4 years ago,Mehdi Sohrabi,NULL,NULL,NULL,https://www.google.com/maps/place/%D8%AA%DB%8C%D9%BE%D8%A7%DA%A9%D8%B3+%D8%B4%D8%B9%D8%A8%D9%87+%D8%AC%D9%87%D8%B1%D9%85%E2%80%AD/data=!4m7!3m6!1s0x3e531077616bf679:0xd2a3edade0893ef4!8m2!3d28.4944517!4d53.5673799!16s%2Fg%2F11g7254q8j!19sChIJefZrYXcQUz4R9D6J4K3to9I?authuser=0&hl=en&rclk=1,2026-08-02T22:57:31.630863+00:00
549,google_maps,Tipax,تیپاکس جهرم,فارس,NULL,28.4944517,53.5673799,5.0,☹️,4 years ago,Espad,NULL,NULL,NULL,https://www.google.com/maps/place/%D8%AA%DB%8C%D9%BE%D8%A7%DA%A9%D8%B3+%D8%B4%D8%B9%D8%A8%D9%87+%D8%AC%D9%87%D8%B1%D9%85%E2%80%AD/data=!4m7!3m6!1s0x3e531077616bf679:0xd2a3edade0893ef4!8m2!3d28.4944517!4d53.5673799!16s%2Fg%2F11g7254q8j!19sChIJefZrYXcQUz4R9D6J4K3to9I?authuser=0&hl=en&rclk=1,2026-08-02T22:57:31.630863+00:00
550,google_maps,Tipax,تیپاکس فیروزآباد,فارس,NULL,28.8473129,52.5732785,5.0,Packages always arrive on time. Thank you to the hardworking employees.,3 years ago,yaser,NULL,NULL,NULL,https://www.google.com/maps/place/%D8%AA%DB%8C%D9%BE%D8%A7%DA%A9%D8%B3+%D9%86%D9%85%D8%A7%DB%8C%D9%86%D8%AF%DA%AF%DB%8C+%D9%81%DB%8C%D8%B1%D9%88%D8%B2%D8%A2%D8%A8%D8%A7%D8%AF%E2%80%AD/data=!4m7!3m6!1s0x3fb2a575c94297fb:0x18352db7916be33b!8m2!3d28.8473129!4d52.5732785!16s%2Fg%2F11h48ydfq8!19sChIJ-5dCyXWlsj8RO-NrkbctNRg?authuser=0&hl=en&rclk=1,2026-08-02T22:57:40.183278+00:00
551,google_maps,Tipax,تیپاکس فیروزآباد,فارس,NULL,28.8473129,52.5732785,5.0,Excellent and correct work.,3 weeks ago,عباس حیدری,NULL,NULL,NULL,https://www.google.com/maps/place/%D8%AA%DB%8C%D9%BE%D8%A7%DA%A9%D8%B3+%D9%86%D9%85%D8%A7%DB%8C%D9%86%D8%AF%DA%AF%DB%8C+%D9%81%DB%8C%D8%B1%D9%88%D8%B2%D8%A2%D8%A8%D8%A7%D8%AF%E2%80%AD/data=!4m7!3m6!1s0x3fb2a575c94297fb:0x18352db7916be33b!8m2!3d28.8473129!4d52.5732785!16s%2Fg%2F11h48ydfq8!19sChIJ-5dCyXWlsj8RO-NrkbctNRg?authuser=0&hl=en&rclk=1,2026-08-02T22:57:40.183278+00:00
552,google_maps,Tipax,marvdasht office,فارس,NULL,29.8709538,52.8072413,1.0,"I am not satisfied at all, they do not deliver the package to my door, we have to go to the Tipax office to pick it up, they lie and say we came, but you were not there, if I was home that day, why should I not call them, they have told me this lie over and over again We have to pay postage once, we also have to pay a Snap fee to go and pick up the package, if the carrier brings it to us, it would be much more economical. I wish companies would not cooperate with Tipax, they will lose their customers, we are tired of having to go to Tipax every day",8 months ago,آرین صالحی,NULL,NULL,NULL,https://www.google.com/maps/place/marvdasht+tipax+post+office/data=!4m7!3m6!1s0x3fadfb003c2f4499:0x94c6d270eb119106!8m2!3d29.8709538!4d52.8072413!16s%2Fg%2F11smhzvp_0!19sChIJmUQvPAD7rT8RBpER63DSxpQ?authuser=0&hl=en&rclk=1,2026-08-02T23:12:57.182149+00:00
553,google_maps,Tipax,marvdasht office,فارس,NULL,29.8709538,52.8072413,1.0,"Because the package was breakable, they charged me first, then delivered it, and the entire contents of my package were broken. They are not responsible at all, saying it was Tehran's fault and making excuses.",5 months ago,Aram Habibi,NULL,NULL,NULL,https://www.google.com/maps/place/marvdasht+tipax+post+office/data=!4m7!3m6!1s0x3fadfb003c2f4499:0x94c6d270eb119106!8m2!3d29.8709538!4d52.8072413!16s%2Fg%2F11smhzvp_0!19sChIJmUQvPAD7rT8RBpER63DSxpQ?authuser=0&hl=en&rclk=1,2026-08-02T23:12:57.182149+00:00
554,google_maps,Tipax,marvdasht office,فارس,NULL,29.8709538,52.8072413,1.0,"The most expensive tipax, friends, call them and complain. They didn't deliver my package to my door. Then they're rude and return the package. Just call them and complain. It's okay if there are a few people.",7 months ago,میثم حاجی زاده,NULL,NULL,NULL,https://www.google.com/maps/place/marvdasht+tipax+post+office/data=!4m7!3m6!1s0x3fadfb003c2f4499:0x94c6d270eb119106!8m2!3d29.8709538!4d52.8072413!16s%2Fg%2F11smhzvp_0!19sChIJmUQvPAD7rT8RBpER63DSxpQ?authuser=0&hl=en&rclk=1,2026-08-02T23:12:57.182149+00:00
555,google_maps,Tipax,marvdasht office,فارس,NULL,29.8709538,52.8072413,1.0,"Three days ago, I received a message that the package had arrived, but it hadn't been delivered to my door yet.",10 months ago,Mahdi Mmmm,NULL,NULL,NULL,https://www.google.com/maps/place/marvdasht+tipax+post+office/data=!4m7!3m6!1s0x3fadfb003c2f4499:0x94c6d270eb119106!8m2!3d29.8709538!4d52.8072413!16s%2Fg%2F11smhzvp_0!19sChIJmUQvPAD7rT8RBpER63DSxpQ?authuser=0&hl=en&rclk=1,2026-08-02T23:12:57.182149+00:00
556,google_maps,Tipax,marvdasht office,فارس,NULL,29.8709538,52.8072413,1.0,"Several days late in delivery, no answer to phone, rude treatment, package was crushed and ruined.",a year ago,Javad Moradpour,NULL,NULL,NULL,https://www.google.com/maps/place/marvdasht+tipax+post+office/data=!4m7!3m6!1s0x3fadfb003c2f4499:0x94c6d270eb119106!8m2!3d29.8709538!4d52.8072413!16s%2Fg%2F11smhzvp_0!19sChIJmUQvPAD7rT8RBpER63DSxpQ?authuser=0&hl=en&rclk=1,2026-08-02T23:12:57.182149+00:00
557,google_maps,Tipax,marvdasht office,فارس,NULL,29.8709538,52.8072413,1.0,"The shipping quality was terrible, the package was broken. It was still broken.",3 years ago,alireza zarei,NULL,NULL,NULL,https://www.google.com/maps/place/marvdasht+tipax+post+office/data=!4m7!3m6!1s0x3fadfb003c2f4499:0x94c6d270eb119106!8m2!3d29.8709538!4d52.8072413!16s%2Fg%2F11smhzvp_0!19sChIJmUQvPAD7rT8RBpER63DSxpQ?authuser=0&hl=en&rclk=1,2026-08-02T23:12:57.182149+00:00
558,google_maps,Tipax,marvdasht office,فارس,NULL,29.8709538,52.8072413,2.0,"It's no use, he made me feel bad.",2 years ago,فریدون قلندری,NULL,NULL,NULL,https://www.google.com/maps/place/marvdasht+tipax+post+office/data=!4m7!3m6!1s0x3fadfb003c2f4499:0x94c6d270eb119106!8m2!3d29.8709538!4d52.8072413!16s%2Fg%2F11smhzvp_0!19sChIJmUQvPAD7rT8RBpER63DSxpQ?authuser=0&hl=en&rclk=1,2026-08-02T23:12:57.182149+00:00
559,google_maps,Tipax,marvdasht office,فارس,NULL,29.8709538,52.8072413,5.0,They were excellent and fair.,4 years ago,سید اسماعیل شریعتی,NULL,NULL,NULL,https://www.google.com/maps/place/marvdasht+tipax+post+office/data=!4m7!3m6!1s0x3fadfb003c2f4499:0x94c6d270eb119106!8m2!3d29.8709538!4d52.8072413!16s%2Fg%2F11smhzvp_0!19sChIJmUQvPAD7rT8RBpER63DSxpQ?authuser=0&hl=en&rclk=1,2026-08-02T23:12:57.182149+00:00
560,google_maps,Tipax,marvdasht office,فارس,NULL,29.8709538,52.8072413,1.0,Delivered on time.,7 months ago,املاک مرکزی مختاری,NULL,NULL,NULL,https://www.google.com/maps/place/marvdasht+tipax+post+office/data=!4m7!3m6!1s0x3fadfb003c2f4499:0x94c6d270eb119106!8m2!3d29.8709538!4d52.8072413!16s%2Fg%2F11smhzvp_0!19sChIJmUQvPAD7rT8RBpER63DSxpQ?authuser=0&hl=en&rclk=1,2026-08-02T23:12:57.182149+00:00
561,google_maps,Tipax,marvdasht office,فارس,NULL,29.8709538,52.8072413,3.0,Ok,3 years ago,Abolfazl Z,NULL,NULL,NULL,https://www.google.com/maps/place/marvdasht+tipax+post+office/data=!4m7!3m6!1s0x3fadfb003c2f4499:0x94c6d270eb119106!8m2!3d29.8709538!4d52.8072413!16s%2Fg%2F11smhzvp_0!19sChIJmUQvPAD7rT8RBpER63DSxpQ?authuser=0&hl=en&rclk=1,2026-08-02T23:12:57.182149+00:00
562,google_maps,Tipax,تیپاکس چهارراه سرداران,فارس,NULL,29.5987899,52.592692,1.0,"Tipax on Sardaran Boulevard is very rude and uncultured I do not recommend it at all And I feel sorry for Tipax, who represents whoever they can.",a year ago,Nasser shahidzadeh,NULL,NULL,NULL,https://www.google.com/maps/place/%D9%86%D9%85%D8%A7%DB%8C%D9%86%D8%AF%DA%AF%DB%8C+%D8%AA%DB%8C%D9%BE%D8%A7%DA%A9%D8%B3+%DA%86%D9%87%D8%A7%D8%B1%D8%B1%D8%A7%D9%87+%D8%B3%D8%B1%D8%AF%D8%A7%D8%B1%D8%A7%D9%86%E2%80%AD/data=!4m7!3m6!1s0x3fb20d2848051df9:0x1bcafc84065bb776!8m2!3d29.5987899!4d52.592692!16s%2Fg%2F11l2c1ywhm!19sChIJ-R0FSCgNsj8RdrdbBoT8yhs?authuser=0&hl=en&rclk=1,2026-08-02T23:14:00.636797+00:00
563,google_maps,Tipax,مشهد فجر تیپاکس,خراسان رضوی,NULL,36.3131163,59.6130037,1.0,"It arrives too late You should deliver it the next day, not 3 days later",2 years ago,M M,NULL,NULL,NULL,https://www.google.com/maps/place/%D9%86%D9%85%D8%A7%DB%8C%D9%86%D8%AF%DA%AF%DB%8C+%D9%85%D8%B4%D9%87%D8%AF+%D9%81%D8%AC%D8%B1+%D8%AA%DB%8C%D9%BE%D8%A7%DA%A9%D8%B3%E2%80%AD/data=!4m7!3m6!1s0x3f6c91b0d003b665:0x8c2dd232175ddbb4!8m2!3d36.3131163!4d59.6130037!16s%2Fg%2F11pcxwrdwh!19sChIJZbYD0LCRbD8RtNtdFzLSLYw?authuser=0&hl=en&rclk=1,2026-08-02T23:14:26.678178+00:00
564,google_maps,Tipax,مشهد فجر تیپاکس,خراسان رضوی,NULL,36.3131163,59.6130037,1.0,It was too late.,2 years ago,علیرضا محمد پور,NULL,NULL,NULL,https://www.google.com/maps/place/%D9%86%D9%85%D8%A7%DB%8C%D9%86%D8%AF%DA%AF%DB%8C+%D9%85%D8%B4%D9%87%D8%AF+%D9%81%D8%AC%D8%B1+%D8%AA%DB%8C%D9%BE%D8%A7%DA%A9%D8%B3%E2%80%AD/data=!4m7!3m6!1s0x3f6c91b0d003b665:0x8c2dd232175ddbb4!8m2!3d36.3131163!4d59.6130037!16s%2Fg%2F11pcxwrdwh!19sChIJZbYD0LCRbD8RtNtdFzLSLYw?authuser=0&hl=en&rclk=1,2026-08-02T23:14:26.678178+00:00
565,google_maps,Tipax,مشهد فجر تیپاکس,خراسان رضوی,NULL,36.3131163,59.6130037,5.0,Good,7 months ago,Qahtan. A. H AL swakani,NULL,NULL,NULL,https://www.google.com/maps/place/%D9%86%D9%85%D8%A7%DB%8C%D9%86%D8%AF%DA%AF%DB%8C+%D9%85%D8%B4%D9%87%D8%AF+%D9%81%D8%AC%D8%B1+%D8%AA%DB%8C%D9%BE%D8%A7%DA%A9%D8%B3%E2%80%AD/data=!4m7!3m6!1s0x3f6c91b0d003b665:0x8c2dd232175ddbb4!8m2!3d36.3131163!4d59.6130037!16s%2Fg%2F11pcxwrdwh!19sChIJZbYD0LCRbD8RtNtdFzLSLYw?authuser=0&hl=en&rclk=1,2026-08-02T23:14:26.678178+00:00
566,google_maps,Tipax,تیپاکس شهرک صنعتی کلات,خراسان رضوی,مشهد,36.455443,59.665469,1.0,"They never answered the phone, they didn't bring my package until I called Tipax several times until my package arrived. The address is very remote and on the outskirts of the city.",7 months ago,frzn hashemi,NULL,NULL,NULL,https://www.google.com/maps/place/%D9%86%D9%85%D8%A7%DB%8C%D9%86%D8%AF%DA%AF%DB%8C+%D8%AA%DB%8C%D9%BE%D8%A7%DA%A9%D8%B3+%D8%B4%D9%87%D8%B1%DA%A9+%D8%B5%D9%86%D8%B9%D8%AA%DB%8C+%DA%A9%D9%84%D8%A7%D8%AA%E2%80%AD/data=!4m7!3m6!1s0x3f6c8766a476e3dd:0x43a2fedc74213b08!8m2!3d36.455443!4d59.665469!16s%2Fg%2F11rqp0p00y!19sChIJ3eN2pGaHbD8RCDshdNz-okM?authuser=0&hl=en&rclk=1,2026-08-02T23:14:43.805400+00:00
567,google_maps,Tipax,تیپاکس شهرک صنعتی کلات,خراسان رضوی,مشهد,36.455443,59.665469,1.0,"Tipax itself is big and dirty, and its representative office is Farkhod branch.",a year ago,reza izanloo,NULL,NULL,NULL,https://www.google.com/maps/place/%D9%86%D9%85%D8%A7%DB%8C%D9%86%D8%AF%DA%AF%DB%8C+%D8%AA%DB%8C%D9%BE%D8%A7%DA%A9%D8%B3+%D8%B4%D9%87%D8%B1%DA%A9+%D8%B5%D9%86%D8%B9%D8%AA%DB%8C+%DA%A9%D9%84%D8%A7%D8%AA%E2%80%AD/data=!4m7!3m6!1s0x3f6c8766a476e3dd:0x43a2fedc74213b08!8m2!3d36.455443!4d59.665469!16s%2Fg%2F11rqp0p00y!19sChIJ3eN2pGaHbD8RCDshdNz-okM?authuser=0&hl=en&rclk=1,2026-08-02T23:14:43.805400+00:00
568,google_maps,Tipax,تیپاکس شهرک صنعتی کلات,خراسان رضوی,مشهد,36.455443,59.665469,1.0,They don't answer the phone at all.,2 years ago,Amir Mokhtari,NULL,NULL,NULL,https://www.google.com/maps/place/%D9%86%D9%85%D8%A7%DB%8C%D9%86%D8%AF%DA%AF%DB%8C+%D8%AA%DB%8C%D9%BE%D8%A7%DA%A9%D8%B3+%D8%B4%D9%87%D8%B1%DA%A9+%D8%B5%D9%86%D8%B9%D8%AA%DB%8C+%DA%A9%D9%84%D8%A7%D8%AA%E2%80%AD/data=!4m7!3m6!1s0x3f6c8766a476e3dd:0x43a2fedc74213b08!8m2!3d36.455443!4d59.665469!16s%2Fg%2F11rqp0p00y!19sChIJ3eN2pGaHbD8RCDshdNz-okM?authuser=0&hl=en&rclk=1,2026-08-02T23:14:43.805400+00:00
569,google_maps,Tipax,Misaq,فارس,NULL,36.3642843,59.4866964,1.0,"My package arrived in three days from Tehran to Mashhad, and they have been in my hands for three days!! That is, they have been in my hands for the same amount of time that the package was moved from Tehran 😂 Then they said no, I called the next day and said, ""When did you bring it yesterday? I wasn't there, why didn't my phone ring or anything?"" Then their answer was that the courier's car broke down, so we called for that no-show.. In the end, I went and got my package myself... A bunch of people who are all gone, I don't even deserve it. Gather around, ask the manager for the courier.",10 months ago,محمد هنردوست,NULL,NULL,NULL,https://www.google.com/maps/place/Tipax+Misaq/data=!4m7!3m6!1s0x3f6c8ddfe5f88617:0xc8daf4d73a8173bd!8m2!3d36.3642843!4d59.4866964!16s%2Fg%2F11sfbvw9qn!19sChIJF4b45d-NbD8RvXOBOtf02sg?authuser=0&hl=en&rclk=1,2026-08-02T23:15:09.897154+00:00
570,google_maps,Tipax,Misaq,فارس,NULL,36.3642843,59.4866964,1.0,"The manager of this branch is a complex and immoral person! All Tipax branches are required to visit twice, but the person in charge of this branch says with arrogance that they are only sending once, but they don't even come once, and he …",a year ago,sadegh ghanbari,NULL,NULL,NULL,https://www.google.com/maps/place/Tipax+Misaq/data=!4m7!3m6!1s0x3f6c8ddfe5f88617:0xc8daf4d73a8173bd!8m2!3d36.3642843!4d59.4866964!16s%2Fg%2F11sfbvw9qn!19sChIJF4b45d-NbD8RvXOBOtf02sg?authuser=0&hl=en&rclk=1,2026-08-02T23:15:09.897154+00:00
571,google_maps,Tipax,Misaq,فارس,NULL,36.3642843,59.4866964,1.0,"The weakest Tipax officials I've ever seen. Tipax's service is not great in general, but this branch has gone rogue! They send you a text message saying your package has arrived, come pick it up! What does that mean? If I wanted to order …",3 years ago,Mahdi,NULL,NULL,NULL,https://www.google.com/maps/place/Tipax+Misaq/data=!4m7!3m6!1s0x3f6c8ddfe5f88617:0xc8daf4d73a8173bd!8m2!3d36.3642843!4d59.4866964!16s%2Fg%2F11sfbvw9qn!19sChIJF4b45d-NbD8RvXOBOtf02sg?authuser=0&hl=en&rclk=1,2026-08-02T23:15:09.897154+00:00
572,google_maps,Tipax,Misaq,فارس,NULL,36.3642843,59.4866964,1.0,"This branch is very irresponsible, and has completely ruined the name of Tipax, they only call once, if the other party doesn't answer they call you back immediately, where is this rule. You should be more persistent, not just one call",3 years ago,آرین بهرامی,NULL,NULL,NULL,https://www.google.com/maps/place/Tipax+Misaq/data=!4m7!3m6!1s0x3f6c8ddfe5f88617:0xc8daf4d73a8173bd!8m2!3d36.3642843!4d59.4866964!16s%2Fg%2F11sfbvw9qn!19sChIJF4b45d-NbD8RvXOBOtf02sg?authuser=0&hl=en&rclk=1,2026-08-02T23:15:09.897154+00:00
573,google_maps,Tipax,Misaq,فارس,NULL,36.3642843,59.4866964,1.0,"It's really useless. My package arrived four days ago, but they won't send it. I went there and said, ""My documents are complete, give it to me now."" They told me they would send it, but I'm still waiting for it to be sent.",a year ago,mohemedreza SAVOJ,NULL,NULL,NULL,https://www.google.com/maps/place/Tipax+Misaq/data=!4m7!3m6!1s0x3f6c8ddfe5f88617:0xc8daf4d73a8173bd!8m2!3d36.3642843!4d59.4866964!16s%2Fg%2F11sfbvw9qn!19sChIJF4b45d-NbD8RvXOBOtf02sg?authuser=0&hl=en&rclk=1,2026-08-02T23:15:09.897154+00:00
574,google_maps,Tipax,Misaq,فارس,NULL,36.3642843,59.4866964,1.0,"Why do they allow these people to have a job and business in this position when they have nothing to do with it? They sent me to Tehran instead of Hamedan, and then they arrogantly say we can't do anything.",11 months ago,bita,NULL,NULL,NULL,https://www.google.com/maps/place/Tipax+Misaq/data=!4m7!3m6!1s0x3f6c8ddfe5f88617:0xc8daf4d73a8173bd!8m2!3d36.3642843!4d59.4866964!16s%2Fg%2F11sfbvw9qn!19sChIJF4b45d-NbD8RvXOBOtf02sg?authuser=0&hl=en&rclk=1,2026-08-02T23:15:09.897154+00:00
575,google_maps,Tipax,Misaq,فارس,NULL,36.3642843,59.4866964,1.0,"That is, the most stupid tipaksa in Mashhad. They don't answer, they don't bring the package, but they say we came, but we didn't.",a month ago,پیمان شیخیان,NULL,NULL,NULL,https://www.google.com/maps/place/Tipax+Misaq/data=!4m7!3m6!1s0x3f6c8ddfe5f88617:0xc8daf4d73a8173bd!8m2!3d36.3642843!4d59.4866964!16s%2Fg%2F11sfbvw9qn!19sChIJF4b45d-NbD8RvXOBOtf02sg?authuser=0&hl=en&rclk=1,2026-08-02T23:15:09.897154+00:00
576,google_maps,Tipax,Misaq,فارس,NULL,36.3642843,59.4866964,1.0,"If you want to experience inappropriate behavior from an employee while talking to a customer on the phone, contact this center.",2 years ago,reza seifari,NULL,NULL,NULL,https://www.google.com/maps/place/Tipax+Misaq/data=!4m7!3m6!1s0x3f6c8ddfe5f88617:0xc8daf4d73a8173bd!8m2!3d36.3642843!4d59.4866964!16s%2Fg%2F11sfbvw9qn!19sChIJF4b45d-NbD8RvXOBOtf02sg?authuser=0&hl=en&rclk=1,2026-08-02T23:15:09.897154+00:00
577,google_maps,Tipax,Misaq,فارس,NULL,36.3642843,59.4866964,1.0,"It means a group of idiots gathered together. They are managing things, but they are not managing anything.",a year ago,Arezu M,NULL,NULL,NULL,https://www.google.com/maps/place/Tipax+Misaq/data=!4m7!3m6!1s0x3f6c8ddfe5f88617:0xc8daf4d73a8173bd!8m2!3d36.3642843!4d59.4866964!16s%2Fg%2F11sfbvw9qn!19sChIJF4b45d-NbD8RvXOBOtf02sg?authuser=0&hl=en&rclk=1,2026-08-02T23:15:09.897154+00:00
578,google_maps,Tipax,Misaq,فارس,NULL,36.3642843,59.4866964,4.0,Good manners but unfortunately the phone doesn't answer Of course they have the right to be busy,2 years ago,Moein Shk,NULL,NULL,NULL,https://www.google.com/maps/place/Tipax+Misaq/data=!4m7!3m6!1s0x3f6c8ddfe5f88617:0xc8daf4d73a8173bd!8m2!3d36.3642843!4d59.4866964!16s%2Fg%2F11sfbvw9qn!19sChIJF4b45d-NbD8RvXOBOtf02sg?authuser=0&hl=en&rclk=1,2026-08-02T23:15:09.897154+00:00
579,google_maps,Tipax,hemmat,خراسان رضوی,NULL,36.2922188,59.6426947,1.0,"Hello. They don't do their job properly, they don't deliver the package, they just send it back, you pay the money and you have to go and get the package yourself. They also don't have the right attitude at all.",2 years ago,محمد یوسفی,NULL,NULL,NULL,https://www.google.com/maps/place/Tipax+hemmat/data=!4m7!3m6!1s0x3f6c91ef911d6aff:0xa6e3e6f0c9675946!8m2!3d36.2922188!4d59.6426947!16s%2Fg%2F11h91plsf8!19sChIJ_2odke-RbD8RRllnyfDm46Y?authuser=0&hl=en&rclk=1,2026-08-02T23:15:18.534445+00:00
580,google_maps,Tipax,hemmat,خراسان رضوی,NULL,36.2922188,59.6426947,1.0,They are extremely irresponsible and disorganized. You have to run after the package or go get it yourself. They are not responsible or accountable at all. I hope they get it sorted out soon. It's not much use.,3 years ago,حسام رضایی,NULL,NULL,NULL,https://www.google.com/maps/place/Tipax+hemmat/data=!4m7!3m6!1s0x3f6c91ef911d6aff:0xa6e3e6f0c9675946!8m2!3d36.2922188!4d59.6426947!16s%2Fg%2F11h91plsf8!19sChIJ_2odke-RbD8RRllnyfDm46Y?authuser=0&hl=en&rclk=1,2026-08-02T23:15:18.534445+00:00
581,google_maps,Tipax,hemmat,خراسان رضوی,NULL,36.2922188,59.6426947,3.0,"Unfortunately, one of my parcels was delivered broken to Tehran and they were not even responsive. In this case, they are faster in sending parcels than the post office and are more reliable in sending cargo.",Edited 5 years ago,سید عباس شاکری,NULL,NULL,NULL,https://www.google.com/maps/place/Tipax+hemmat/data=!4m7!3m6!1s0x3f6c91ef911d6aff:0xa6e3e6f0c9675946!8m2!3d36.2922188!4d59.6426947!16s%2Fg%2F11h91plsf8!19sChIJ_2odke-RbD8RRllnyfDm46Y?authuser=0&hl=en&rclk=1,2026-08-02T23:15:18.534445+00:00
582,google_maps,Tipax,hemmat,خراسان رضوی,NULL,36.2922188,59.6426947,1.0,"Unfortunately, they are very impatient in delivering the package and did not deliver the package to the door and they treat it very badly. I hope someone will take care of it.",3 years ago,Zeinab Amirfakhrian,NULL,NULL,NULL,https://www.google.com/maps/place/Tipax+hemmat/data=!4m7!3m6!1s0x3f6c91ef911d6aff:0xa6e3e6f0c9675946!8m2!3d36.2922188!4d59.6426947!16s%2Fg%2F11h91plsf8!19sChIJ_2odke-RbD8RRllnyfDm46Y?authuser=0&hl=en&rclk=1,2026-08-02T23:15:18.534445+00:00
583,google_maps,Tipax,hemmat,خراسان رضوی,NULL,36.2922188,59.6426947,1.0,"They are very, very unprofessional, not accountable to their clients, and irresponsible for the duties they are assigned.",5 years ago,Mohammed Ali,NULL,NULL,NULL,https://www.google.com/maps/place/Tipax+hemmat/data=!4m7!3m6!1s0x3f6c91ef911d6aff:0xa6e3e6f0c9675946!8m2!3d36.2922188!4d59.6426947!16s%2Fg%2F11h91plsf8!19sChIJ_2odke-RbD8RRllnyfDm46Y?authuser=0&hl=en&rclk=1,2026-08-02T23:15:18.534445+00:00
584,google_maps,Tipax,hemmat,خراسان رضوی,NULL,36.2922188,59.6426947,1.0,"You talk too demandingly, you are also ignorant, and you charge too much. I sent you a monitor. You read the monitor.",a year ago,Magno Musavi,NULL,NULL,NULL,https://www.google.com/maps/place/Tipax+hemmat/data=!4m7!3m6!1s0x3f6c91ef911d6aff:0xa6e3e6f0c9675946!8m2!3d36.2922188!4d59.6426947!16s%2Fg%2F11h91plsf8!19sChIJ_2odke-RbD8RRllnyfDm46Y?authuser=0&hl=en&rclk=1,2026-08-02T23:15:18.534445+00:00
585,google_maps,Tipax,hemmat,خراسان رضوی,NULL,36.2922188,59.6426947,1.0,"Terrible management, they don't even bother to come and knock on your door, come and pick up your package yourself.",a year ago,Asma izadi,NULL,NULL,NULL,https://www.google.com/maps/place/Tipax+hemmat/data=!4m7!3m6!1s0x3f6c91ef911d6aff:0xa6e3e6f0c9675946!8m2!3d36.2922188!4d59.6426947!16s%2Fg%2F11h91plsf8!19sChIJ_2odke-RbD8RRllnyfDm46Y?authuser=0&hl=en&rclk=1,2026-08-02T23:15:18.534445+00:00
586,google_maps,Tipax,hemmat,خراسان رضوی,NULL,36.2922188,59.6426947,1.0,"Too bad they don't think about it, it's not a T-box, it's an In-box. The money should be spent on their medicine.",2 years ago,عقیل سیف زاده,NULL,NULL,NULL,https://www.google.com/maps/place/Tipax+hemmat/data=!4m7!3m6!1s0x3f6c91ef911d6aff:0xa6e3e6f0c9675946!8m2!3d36.2922188!4d59.6426947!16s%2Fg%2F11h91plsf8!19sChIJ_2odke-RbD8RRllnyfDm46Y?authuser=0&hl=en&rclk=1,2026-08-02T23:15:18.534445+00:00
587,google_maps,Tipax,hemmat,خراسان رضوی,NULL,36.2922188,59.6426947,1.0,"Irresponsible, still not delivered after 6 days, they say every day it will be delivered in 1 hour.",3 years ago,Mahdy طیبی,NULL,NULL,NULL,https://www.google.com/maps/place/Tipax+hemmat/data=!4m7!3m6!1s0x3f6c91ef911d6aff:0xa6e3e6f0c9675946!8m2!3d36.2922188!4d59.6426947!16s%2Fg%2F11h91plsf8!19sChIJ_2odke-RbD8RRllnyfDm46Y?authuser=0&hl=en&rclk=1,2026-08-02T23:15:18.534445+00:00
588,google_maps,Tipax,hemmat,خراسان رضوی,NULL,36.2922188,59.6426947,5.0,best,6 years ago,Masoud Dabbagh,NULL,NULL,NULL,https://www.google.com/maps/place/Tipax+hemmat/data=!4m7!3m6!1s0x3f6c91ef911d6aff:0xa6e3e6f0c9675946!8m2!3d36.2922188!4d59.6426947!16s%2Fg%2F11h91plsf8!19sChIJ_2odke-RbD8RRllnyfDm46Y?authuser=0&hl=en&rclk=1,2026-08-02T23:15:18.534445+00:00
589,google_maps,Tipax,تیپاکس پیروزی رضاشهر,خراسان رضوی,مشهد,36.2837866,59.5443248,1.0,"They are the most irresponsible and ridiculous Tipax branch in the entire country. Every time I have a package from this branch, they automatically and without thinking announce that it is the wrong destination, or the wrong person, or for unrelated reasons. A lady and a gentleman who are constantly mixed up, they give me a hard time every time I sit down....",a year ago,Mehrab Soodmand,NULL,NULL,NULL,https://www.google.com/maps/place/%D8%AA%DB%8C%D9%BE%D8%A7%DA%A9%D8%B3+%D8%B4%D8%B9%D8%A8%D9%87+%D9%BE%DB%8C%D8%B1%D9%88%D8%B2%DB%8C+%D8%B1%D8%B6%D8%A7%D8%B4%D9%87%D8%B1%E2%80%AD/data=!4m7!3m6!1s0x3f6c93002c59d5d5:0xb6014cf328713e8b!8m2!3d36.2837866!4d59.5443248!16s%2Fg%2F11w39_g_z6!19sChIJ1dVZLACTbD8Riz5xKPNMAbY?authuser=0&hl=en&rclk=1,2026-08-02T23:15:52.909481+00:00
590,google_maps,Tipax,تیپاکس پیروزی رضاشهر,خراسان رضوی,مشهد,36.2837866,59.5443248,1.0,"You are the most selfless and irresponsible people I have ever met. Why do you go there to deliver your goods when you have nothing to offer? At least pay your money. They won't deliver. Then they say, ""We brought it, we gave it back."" You are the one who hired you or pays you. He doesn't see what kind of idiot you are.",a year ago,علیرضا حسین زاده,NULL,NULL,NULL,https://www.google.com/maps/place/%D8%AA%DB%8C%D9%BE%D8%A7%DA%A9%D8%B3+%D8%B4%D8%B9%D8%A8%D9%87+%D9%BE%DB%8C%D8%B1%D9%88%D8%B2%DB%8C+%D8%B1%D8%B6%D8%A7%D8%B4%D9%87%D8%B1%E2%80%AD/data=!4m7!3m6!1s0x3f6c93002c59d5d5:0xb6014cf328713e8b!8m2!3d36.2837866!4d59.5443248!16s%2Fg%2F11w39_g_z6!19sChIJ1dVZLACTbD8Riz5xKPNMAbY?authuser=0&hl=en&rclk=1,2026-08-02T23:15:52.909481+00:00
591,google_maps,Tipax,تیپاکس پیروزی رضاشهر,خراسان رضوی,مشهد,36.2837866,59.5443248,1.0,"The most ridiculous postal service I've ever seen! Once they sent a message because they refused to receive the package! The package was returned, the next day because they didn't show up.., both times we were waiting for them at the door …",2 weeks ago,رضایی,NULL,NULL,NULL,https://www.google.com/maps/place/%D8%AA%DB%8C%D9%BE%D8%A7%DA%A9%D8%B3+%D8%B4%D8%B9%D8%A8%D9%87+%D9%BE%DB%8C%D8%B1%D9%88%D8%B2%DB%8C+%D8%B1%D8%B6%D8%A7%D8%B4%D9%87%D8%B1%E2%80%AD/data=!4m7!3m6!1s0x3f6c93002c59d5d5:0xb6014cf328713e8b!8m2!3d36.2837866!4d59.5443248!16s%2Fg%2F11w39_g_z6!19sChIJ1dVZLACTbD8Riz5xKPNMAbY?authuser=0&hl=en&rclk=1,2026-08-02T23:15:52.909481+00:00
592,google_maps,Tipax,تیپاکس پیروزی رضاشهر,خراسان رضوی,مشهد,36.2837866,59.5443248,1.0,"The operators who answer Tipax are very ignorant and rude. And be sure to pay attention to cargo insurance when sending cargo, otherwise if something happens to your shipment, they will not be held responsible at all.",a year ago,محسن پورمهر,NULL,NULL,NULL,https://www.google.com/maps/place/%D8%AA%DB%8C%D9%BE%D8%A7%DA%A9%D8%B3+%D8%B4%D8%B9%D8%A8%D9%87+%D9%BE%DB%8C%D8%B1%D9%88%D8%B2%DB%8C+%D8%B1%D8%B6%D8%A7%D8%B4%D9%87%D8%B1%E2%80%AD/data=!4m7!3m6!1s0x3f6c93002c59d5d5:0xb6014cf328713e8b!8m2!3d36.2837866!4d59.5443248!16s%2Fg%2F11w39_g_z6!19sChIJ1dVZLACTbD8Riz5xKPNMAbY?authuser=0&hl=en&rclk=1,2026-08-02T23:15:52.909481+00:00
593,google_maps,Tipax,تیپاکس پیروزی رضاشهر,خراسان رضوی,مشهد,36.2837866,59.5443248,1.0,"My package arrived in 5 days and I still haven't received it. They are really irresponsible. They charged 3 times the cost of regular postage. But if it had been sent by regular mail, it would have arrived last week.",5 months ago,goli f445,NULL,NULL,NULL,https://www.google.com/maps/place/%D8%AA%DB%8C%D9%BE%D8%A7%DA%A9%D8%B3+%D8%B4%D8%B9%D8%A8%D9%87+%D9%BE%DB%8C%D8%B1%D9%88%D8%B2%DB%8C+%D8%B1%D8%B6%D8%A7%D8%B4%D9%87%D8%B1%E2%80%AD/data=!4m7!3m6!1s0x3f6c93002c59d5d5:0xb6014cf328713e8b!8m2!3d36.2837866!4d59.5443248!16s%2Fg%2F11w39_g_z6!19sChIJ1dVZLACTbD8Riz5xKPNMAbY?authuser=0&hl=en&rclk=1,2026-08-02T23:15:52.909481+00:00
594,google_maps,Tipax,تیپاکس پیروزی رضاشهر,خراسان رضوی,مشهد,36.2837866,59.5443248,1.0,"Very awful and ridiculous Three of our packages were delivered by a broker, we called several times and asked them not to spoil them and to send them sooner, but unfortunately they are …",a week ago,Amir Reza,NULL,NULL,NULL,https://www.google.com/maps/place/%D8%AA%DB%8C%D9%BE%D8%A7%DA%A9%D8%B3+%D8%B4%D8%B9%D8%A8%D9%87+%D9%BE%DB%8C%D8%B1%D9%88%D8%B2%DB%8C+%D8%B1%D8%B6%D8%A7%D8%B4%D9%87%D8%B1%E2%80%AD/data=!4m7!3m6!1s0x3f6c93002c59d5d5:0xb6014cf328713e8b!8m2!3d36.2837866!4d59.5443248!16s%2Fg%2F11w39_g_z6!19sChIJ1dVZLACTbD8Riz5xKPNMAbY?authuser=0&hl=en&rclk=1,2026-08-02T23:15:52.909481+00:00
595,google_maps,Tipax,تیپاکس پیروزی رضاشهر,خراسان رضوی,مشهد,36.2837866,59.5443248,1.0,"Oh my god. Because of the irresponsibility of this branch, I will never tip again.. They don't even come, they just return...",a year ago,مینا,NULL,NULL,NULL,https://www.google.com/maps/place/%D8%AA%DB%8C%D9%BE%D8%A7%DA%A9%D8%B3+%D8%B4%D8%B9%D8%A8%D9%87+%D9%BE%DB%8C%D8%B1%D9%88%D8%B2%DB%8C+%D8%B1%D8%B6%D8%A7%D8%B4%D9%87%D8%B1%E2%80%AD/data=!4m7!3m6!1s0x3f6c93002c59d5d5:0xb6014cf328713e8b!8m2!3d36.2837866!4d59.5443248!16s%2Fg%2F11w39_g_z6!19sChIJ1dVZLACTbD8Riz5xKPNMAbY?authuser=0&hl=en&rclk=1,2026-08-02T23:15:52.909481+00:00
596,google_maps,Tipax,تیپاکس پیروزی رضاشهر,خراسان رضوی,مشهد,36.2837866,59.5443248,1.0,The most disgusting and worst branch of Tipax Both bad manners and inconsiderate The recipient mistook the sender,a week ago,Mohamad Ghorbanpoor,NULL,NULL,NULL,https://www.google.com/maps/place/%D8%AA%DB%8C%D9%BE%D8%A7%DA%A9%D8%B3+%D8%B4%D8%B9%D8%A8%D9%87+%D9%BE%DB%8C%D8%B1%D9%88%D8%B2%DB%8C+%D8%B1%D8%B6%D8%A7%D8%B4%D9%87%D8%B1%E2%80%AD/data=!4m7!3m6!1s0x3f6c93002c59d5d5:0xb6014cf328713e8b!8m2!3d36.2837866!4d59.5443248!16s%2Fg%2F11w39_g_z6!19sChIJ1dVZLACTbD8Riz5xKPNMAbY?authuser=0&hl=en&rclk=1,2026-08-02T23:15:52.909481+00:00
597,google_maps,Tipax,تیپاکس پیروزی رضاشهر,خراسان رضوی,مشهد,36.2837866,59.5443248,1.0,"I am sure I was at home all the day , but they just wrote on the page "" returned because of the absence!""",7 months ago,Ad Elmo,NULL,NULL,NULL,https://www.google.com/maps/place/%D8%AA%DB%8C%D9%BE%D8%A7%DA%A9%D8%B3+%D8%B4%D8%B9%D8%A8%D9%87+%D9%BE%DB%8C%D8%B1%D9%88%D8%B2%DB%8C+%D8%B1%D8%B6%D8%A7%D8%B4%D9%87%D8%B1%E2%80%AD/data=!4m7!3m6!1s0x3f6c93002c59d5d5:0xb6014cf328713e8b!8m2!3d36.2837866!4d59.5443248!16s%2Fg%2F11w39_g_z6!19sChIJ1dVZLACTbD8Riz5xKPNMAbY?authuser=0&hl=en&rclk=1,2026-08-02T23:15:52.909481+00:00
598,google_maps,Tipax,تیپاکس پیروزی رضاشهر,خراسان رضوی,مشهد,36.2837866,59.5443248,1.0,There is one phone line and it is always busy. I couldn't even call once.,11 months ago,m rp,NULL,NULL,NULL,https://www.google.com/maps/place/%D8%AA%DB%8C%D9%BE%D8%A7%DA%A9%D8%B3+%D8%B4%D8%B9%D8%A8%D9%87+%D9%BE%DB%8C%D8%B1%D9%88%D8%B2%DB%8C+%D8%B1%D8%B6%D8%A7%D8%B4%D9%87%D8%B1%E2%80%AD/data=!4m7!3m6!1s0x3f6c93002c59d5d5:0xb6014cf328713e8b!8m2!3d36.2837866!4d59.5443248!16s%2Fg%2F11w39_g_z6!19sChIJ1dVZLACTbD8Riz5xKPNMAbY?authuser=0&hl=en&rclk=1,2026-08-02T23:15:52.909481+00:00
599,google_maps,Tipax,تیپاکس شاملو - قاسم آباد,خراسان رضوی,NULL,36.3563198,59.5017133,5.0,Excellent,a month ago,Marjan. Nazerianms,NULL,NULL,NULL,https://www.google.com/maps/place/%D8%AA%DB%8C%D9%BE%D8%A7%DA%A9%D8%B3+%D8%B4%D8%A7%D9%85%D9%84%D9%88+-+%D9%82%D8%A7%D8%B3%D9%85+%D8%A2%D8%A8%D8%A7%D8%AF%E2%80%AD/data=!4m7!3m6!1s0x3f6c8d0025ab4219:0x678a3a70a1546a66!8m2!3d36.3563198!4d59.5017133!16s%2Fg%2F11mynhgdmw!19sChIJGUKrJQCNbD8RZmpUoXA6imc?authuser=0&hl=en&rclk=1,2026-08-02T23:16:01.400856+00:00
600,google_maps,Tipax,تی هاب مشهد,مرکزی,مشهد,36.2582735,59.5970834,2.0,Fasten,7 months ago,Hasan Ghanbarl,NULL,NULL,NULL,https://www.google.com/maps/place/%D8%AA%DB%8C+%D9%87%D8%A7%D8%A8+%D9%85%D8%B4%D9%87%D8%AF%E2%80%AD/data=!4m7!3m6!1s0x3f6c97001a552ecd:0x9ecdedd61be12fa5!8m2!3d36.2582735!4d59.5970834!16s%2Fg%2F11xmx6qx7f!19sChIJzS5VGgCXbD8RpS_hG9btzZ4?authuser=0&hl=en&rclk=1,2026-08-02T23:16:32.058468+00:00
601,google_maps,Tipax,تیپاکس طرقبه و شاندیز,Iran,طرقبه، طرقبه بعد از پمپ بنزین، امام خمینی ۵، قطعه سوم،,36.3239433,59.4073733,5.0,"Since they came to our city, it's been great. The only downside is that they don't deliver to some places, and many places aren't delivered by post, like the beginning of Shandiz Road to Imam Reza, but Tipax delivers. They don't deliver to our place, but since it's close, I'll go get it soon. I used to have to go to Mashhad and get it. Overall, thank you Tipax.",3 years ago,Ali Naseri,NULL,NULL,NULL,https://www.google.com/maps/place/%D8%AA%DB%8C%D9%BE%D8%A7%DA%A9%D8%B3+%D8%B7%D8%B1%D9%82%D8%A8%D9%87+%D9%88+%D8%B4%D8%A7%D9%86%D8%AF%DB%8C%D8%B2%E2%80%AD/data=!4m7!3m6!1s0x3f6cf3795a0940e9:0xe177b93f9043f100!8m2!3d36.3239433!4d59.4073733!16s%2Fg%2F11qrflqgtm!19sChIJ6UAJWnnzbD8RAPFDkD-5d-E?authuser=0&hl=en&rclk=1,2026-08-02T23:16:49.571825+00:00
602,google_maps,Tipax,تیپاکس طرقبه و شاندیز,Iran,طرقبه، طرقبه بعد از پمپ بنزین، امام خمینی ۵، قطعه سوم،,36.3239433,59.4073733,1.0,"I am not at all satisfied with the performance of this Tipax branch. It took 5 days for my package from Tehran to reach Mashhad. Even though I am from Shandi and the address was complete, Tipax called me and said to come and pick up the package. I have already gone that far, and unfortunately they are double counting the package fee.",4 years ago,Mosayeb Asrami,NULL,NULL,NULL,https://www.google.com/maps/place/%D8%AA%DB%8C%D9%BE%D8%A7%DA%A9%D8%B3+%D8%B7%D8%B1%D9%82%D8%A8%D9%87+%D9%88+%D8%B4%D8%A7%D9%86%D8%AF%DB%8C%D8%B2%E2%80%AD/data=!4m7!3m6!1s0x3f6cf3795a0940e9:0xe177b93f9043f100!8m2!3d36.3239433!4d59.4073733!16s%2Fg%2F11qrflqgtm!19sChIJ6UAJWnnzbD8RAPFDkD-5d-E?authuser=0&hl=en&rclk=1,2026-08-02T23:16:49.571825+00:00
603,google_maps,Tipax,تیپاکس طرقبه و شاندیز,Iran,طرقبه، طرقبه بعد از پمپ بنزین، امام خمینی ۵، قطعه سوم،,36.3239433,59.4073733,1.0,"They are absolutely awful. They never deliver the package on time. The post office is much better at sending it here, for example, we bought Tipax so that it would arrive sooner.",a year ago,Marzi Haddad,NULL,NULL,NULL,https://www.google.com/maps/place/%D8%AA%DB%8C%D9%BE%D8%A7%DA%A9%D8%B3+%D8%B7%D8%B1%D9%82%D8%A8%D9%87+%D9%88+%D8%B4%D8%A7%D9%86%D8%AF%DB%8C%D8%B2%E2%80%AD/data=!4m7!3m6!1s0x3f6cf3795a0940e9:0xe177b93f9043f100!8m2!3d36.3239433!4d59.4073733!16s%2Fg%2F11qrflqgtm!19sChIJ6UAJWnnzbD8RAPFDkD-5d-E?authuser=0&hl=en&rclk=1,2026-08-02T23:16:49.571825+00:00
604,google_maps,Tipax,تیپاکس طرقبه و شاندیز,Iran,طرقبه، طرقبه بعد از پمپ بنزین، امام خمینی ۵، قطعه سوم،,36.3239433,59.4073733,1.0,"I've never seen a dirtier place than Tipax. They never deliver packages. They say they'll send them by courier, and it costs 20,000.",2 years ago,1997reza .m,NULL,NULL,NULL,https://www.google.com/maps/place/%D8%AA%DB%8C%D9%BE%D8%A7%DA%A9%D8%B3+%D8%B7%D8%B1%D9%82%D8%A8%D9%87+%D9%88+%D8%B4%D8%A7%D9%86%D8%AF%DB%8C%D8%B2%E2%80%AD/data=!4m7!3m6!1s0x3f6cf3795a0940e9:0xe177b93f9043f100!8m2!3d36.3239433!4d59.4073733!16s%2Fg%2F11qrflqgtm!19sChIJ6UAJWnnzbD8RAPFDkD-5d-E?authuser=0&hl=en&rclk=1,2026-08-02T23:16:49.571825+00:00
605,google_maps,Tipax,تیپاکس طرقبه و شاندیز,Iran,طرقبه، طرقبه بعد از پمپ بنزین، امام خمینی ۵، قطعه سوم،,36.3239433,59.4073733,1.0,"Disgusting,,,, on April 6th, a package was sent to me from Neyshabur to Mashhad, and it still hasn't arrived on April 16th.",2 years ago,Saeedyazdani2020 Yazdani,NULL,NULL,NULL,https://www.google.com/maps/place/%D8%AA%DB%8C%D9%BE%D8%A7%DA%A9%D8%B3+%D8%B7%D8%B1%D9%82%D8%A8%D9%87+%D9%88+%D8%B4%D8%A7%D9%86%D8%AF%DB%8C%D8%B2%E2%80%AD/data=!4m7!3m6!1s0x3f6cf3795a0940e9:0xe177b93f9043f100!8m2!3d36.3239433!4d59.4073733!16s%2Fg%2F11qrflqgtm!19sChIJ6UAJWnnzbD8RAPFDkD-5d-E?authuser=0&hl=en&rclk=1,2026-08-02T23:16:49.571825+00:00
606,google_maps,Tipax,تیپاکس طرقبه و شاندیز,Iran,طرقبه، طرقبه بعد از پمپ بنزین، امام خمینی ۵، قطعه سوم،,36.3239433,59.4073733,5.0,"They are the best, most responsible, most polite and fastest delivery. I thank them very much and wish them well.",a year ago,Anoosheh Noosha,NULL,NULL,NULL,https://www.google.com/maps/place/%D8%AA%DB%8C%D9%BE%D8%A7%DA%A9%D8%B3+%D8%B7%D8%B1%D9%82%D8%A8%D9%87+%D9%88+%D8%B4%D8%A7%D9%86%D8%AF%DB%8C%D8%B2%E2%80%AD/data=!4m7!3m6!1s0x3f6cf3795a0940e9:0xe177b93f9043f100!8m2!3d36.3239433!4d59.4073733!16s%2Fg%2F11qrflqgtm!19sChIJ6UAJWnnzbD8RAPFDkD-5d-E?authuser=0&hl=en&rclk=1,2026-08-02T23:16:49.571825+00:00
607,google_maps,Tipax,تیپاکس طرقبه و شاندیز,Iran,طرقبه، طرقبه بعد از پمپ بنزین، امام خمینی ۵، قطعه سوم،,36.3239433,59.4073733,1.0,It's awful. They've been trying to get my package for a few days. They don't answer the phone when I call.,3 years ago,Somye Ahmadi,NULL,NULL,NULL,https://www.google.com/maps/place/%D8%AA%DB%8C%D9%BE%D8%A7%DA%A9%D8%B3+%D8%B7%D8%B1%D9%82%D8%A8%D9%87+%D9%88+%D8%B4%D8%A7%D9%86%D8%AF%DB%8C%D8%B2%E2%80%AD/data=!4m7!3m6!1s0x3f6cf3795a0940e9:0xe177b93f9043f100!8m2!3d36.3239433!4d59.4073733!16s%2Fg%2F11qrflqgtm!19sChIJ6UAJWnnzbD8RAPFDkD-5d-E?authuser=0&hl=en&rclk=1,2026-08-02T23:16:49.571825+00:00
608,google_maps,Tipax,تیپاکس طرقبه و شاندیز,Iran,طرقبه، طرقبه بعد از پمپ بنزین، امام خمینی ۵، قطعه سوم،,36.3239433,59.4073733,2.0,"Hello, they always call and say you have to come to the office and we don't have a delivery person.",3 years ago,آیدین ابریشمی,NULL,NULL,NULL,https://www.google.com/maps/place/%D8%AA%DB%8C%D9%BE%D8%A7%DA%A9%D8%B3+%D8%B7%D8%B1%D9%82%D8%A8%D9%87+%D9%88+%D8%B4%D8%A7%D9%86%D8%AF%DB%8C%D8%B2%E2%80%AD/data=!4m7!3m6!1s0x3f6cf3795a0940e9:0xe177b93f9043f100!8m2!3d36.3239433!4d59.4073733!16s%2Fg%2F11qrflqgtm!19sChIJ6UAJWnnzbD8RAPFDkD-5d-E?authuser=0&hl=en&rclk=1,2026-08-02T23:16:49.571825+00:00
609,google_maps,Tipax,تیپاکس طرقبه و شاندیز,Iran,طرقبه، طرقبه بعد از پمپ بنزین، امام خمینی ۵، قطعه سوم،,36.3239433,59.4073733,5.0,Very polite and friendly. Thank you for coming to our city.,3 years ago,Samsung G,NULL,NULL,NULL,https://www.google.com/maps/place/%D8%AA%DB%8C%D9%BE%D8%A7%DA%A9%D8%B3+%D8%B7%D8%B1%D9%82%D8%A8%D9%87+%D9%88+%D8%B4%D8%A7%D9%86%D8%AF%DB%8C%D8%B2%E2%80%AD/data=!4m7!3m6!1s0x3f6cf3795a0940e9:0xe177b93f9043f100!8m2!3d36.3239433!4d59.4073733!16s%2Fg%2F11qrflqgtm!19sChIJ6UAJWnnzbD8RAPFDkD-5d-E?authuser=0&hl=en&rclk=1,2026-08-02T23:16:49.571825+00:00
610,google_maps,Tipax,تیپاکس طرقبه و شاندیز,Iran,طرقبه، طرقبه بعد از پمپ بنزین، امام خمینی ۵، قطعه سوم،,36.3239433,59.4073733,3.0,very good,2 years ago,jamal nouri,NULL,NULL,NULL,https://www.google.com/maps/place/%D8%AA%DB%8C%D9%BE%D8%A7%DA%A9%D8%B3+%D8%B7%D8%B1%D9%82%D8%A8%D9%87+%D9%88+%D8%B4%D8%A7%D9%86%D8%AF%DB%8C%D8%B2%E2%80%AD/data=!4m7!3m6!1s0x3f6cf3795a0940e9:0xe177b93f9043f100!8m2!3d36.3239433!4d59.4073733!16s%2Fg%2F11qrflqgtm!19sChIJ6UAJWnnzbD8RAPFDkD-5d-E?authuser=0&hl=en&rclk=1,2026-08-02T23:16:49.571825+00:00
611,google_maps,Tipax,تی هاب مشهد(انبار مرکزی تیپاکس مشهد),مرکزی,مشهد,36.2047603,59.6475456,1.0,"Very busy, 1 month they haven't brought my package, still don't use Tipax at all, the post office is much better than this, they don't give a proper answer, they don't let people do their job, nothing, 1 month my package has been left, …",9 months ago,محمد حسینی,NULL,NULL,NULL,https://www.google.com/maps/place/%D8%AA%DB%8C+%D9%87%D8%A7%D8%A8+%D9%85%D8%B4%D9%87%D8%AF%28%D8%A7%D9%86%D8%A8%D8%A7%D8%B1+%D9%85%D8%B1%DA%A9%D8%B2%DB%8C+%D8%AA%DB%8C%D9%BE%D8%A7%DA%A9%D8%B3+%D9%85%D8%B4%D9%87%D8%AF%29%E2%80%AD/data=!4m7!3m6!1s0x3f6cbd00780c203d:0x38cb92210e39e443!8m2!3d36.2047603!4d59.6475456!16s%2Fg%2F11xmx695h6!19sChIJPSAMeAC9bD8RQ-Q5DiGSyzg?authuser=0&hl=en&rclk=1,2026-08-02T23:17:06.541769+00:00
612,google_maps,Tipax,تیپاکس هنرور,خراسان رضوی,مشهد,36.3094597,59.5937608,1.0,"Disgusting. A bunch of idiots who don't know how to work. You call to pick up the package, they say bring it. When a package arrives, they lie and say we called, you weren't there, come and pick it up yourself. You don't have a supply, close the door on that leftover.",a year ago,Raheme Amani,NULL,NULL,NULL,https://www.google.com/maps/place/Tipax+%D8%AA%DB%8C%D9%BE%D8%A7%DA%A9%D8%B3+%D9%87%D9%86%D8%B1%D9%88%D8%B1%E2%80%AD/data=!4m7!3m6!1s0x3f6c91006e40d0df:0x50cfd7d7e445e1bb!8m2!3d36.3094597!4d59.5937608!16s%2Fg%2F11w9ckh8g0!19sChIJ39BAbgCRbD8Ru-FF5NfXz1A?authuser=0&hl=en&rclk=1,2026-08-02T23:17:15.081844+00:00
613,google_maps,Tipax,تیپاکس هنرور,خراسان رضوی,مشهد,36.3094597,59.5937608,1.0,"It's really awful. It doesn't have proper management, it doesn't have neat and polite staff. They are all rude, foul-mouthed.",a year ago,وحید قاسمی,NULL,NULL,NULL,https://www.google.com/maps/place/Tipax+%D8%AA%DB%8C%D9%BE%D8%A7%DA%A9%D8%B3+%D9%87%D9%86%D8%B1%D9%88%D8%B1%E2%80%AD/data=!4m7!3m6!1s0x3f6c91006e40d0df:0x50cfd7d7e445e1bb!8m2!3d36.3094597!4d59.5937608!16s%2Fg%2F11w9ckh8g0!19sChIJ39BAbgCRbD8Ru-FF5NfXz1A?authuser=0&hl=en&rclk=1,2026-08-02T23:17:15.081844+00:00
614,google_maps,Tipax,تیپاکس هنرور,خراسان رضوی,مشهد,36.3094597,59.5937608,5.0,They were very nice. This office was previously closed and has now reopened under new management.,a year ago,رضا صفوی,NULL,NULL,NULL,https://www.google.com/maps/place/Tipax+%D8%AA%DB%8C%D9%BE%D8%A7%DA%A9%D8%B3+%D9%87%D9%86%D8%B1%D9%88%D8%B1%E2%80%AD/data=!4m7!3m6!1s0x3f6c91006e40d0df:0x50cfd7d7e445e1bb!8m2!3d36.3094597!4d59.5937608!16s%2Fg%2F11w9ckh8g0!19sChIJ39BAbgCRbD8Ru-FF5NfXz1A?authuser=0&hl=en&rclk=1,2026-08-02T23:17:15.081844+00:00
615,google_maps,Tipax,تیپاکس هنرور,خراسان رضوی,مشهد,36.3094597,59.5937608,1.0,The most horrible and poor quality office for sending,a year ago,Mostafa Peyman,NULL,NULL,NULL,https://www.google.com/maps/place/Tipax+%D8%AA%DB%8C%D9%BE%D8%A7%DA%A9%D8%B3+%D9%87%D9%86%D8%B1%D9%88%D8%B1%E2%80%AD/data=!4m7!3m6!1s0x3f6c91006e40d0df:0x50cfd7d7e445e1bb!8m2!3d36.3094597!4d59.5937608!16s%2Fg%2F11w9ckh8g0!19sChIJ39BAbgCRbD8Ru-FF5NfXz1A?authuser=0&hl=en&rclk=1,2026-08-02T23:17:15.081844+00:00
616,google_maps,Tipax,تیپاکس هنرور,خراسان رضوی,مشهد,36.3094597,59.5937608,1.0,Zero Responsiveness Prehistoric Performance,a year ago,جلال نیشابوری,NULL,NULL,NULL,https://www.google.com/maps/place/Tipax+%D8%AA%DB%8C%D9%BE%D8%A7%DA%A9%D8%B3+%D9%87%D9%86%D8%B1%D9%88%D8%B1%E2%80%AD/data=!4m7!3m6!1s0x3f6c91006e40d0df:0x50cfd7d7e445e1bb!8m2!3d36.3094597!4d59.5937608!16s%2Fg%2F11w9ckh8g0!19sChIJ39BAbgCRbD8Ru-FF5NfXz1A?authuser=0&hl=en&rclk=1,2026-08-02T23:17:15.081844+00:00
617,google_maps,Tipax,تیپاکس هنرور,خراسان رضوی,مشهد,36.3094597,59.5937608,1.0,They are not responsible at all.,a year ago,Majid Hassannejad,NULL,NULL,NULL,https://www.google.com/maps/place/Tipax+%D8%AA%DB%8C%D9%BE%D8%A7%DA%A9%D8%B3+%D9%87%D9%86%D8%B1%D9%88%D8%B1%E2%80%AD/data=!4m7!3m6!1s0x3f6c91006e40d0df:0x50cfd7d7e445e1bb!8m2!3d36.3094597!4d59.5937608!16s%2Fg%2F11w9ckh8g0!19sChIJ39BAbgCRbD8Ru-FF5NfXz1A?authuser=0&hl=en&rclk=1,2026-08-02T23:17:15.081844+00:00
618,google_maps,Tipax,تیپاکس هنرور,خراسان رضوی,مشهد,36.3094597,59.5937608,1.0,Very terrible management,a year ago,Faezeh Robati,NULL,NULL,NULL,https://www.google.com/maps/place/Tipax+%D8%AA%DB%8C%D9%BE%D8%A7%DA%A9%D8%B3+%D9%87%D9%86%D8%B1%D9%88%D8%B1%E2%80%AD/data=!4m7!3m6!1s0x3f6c91006e40d0df:0x50cfd7d7e445e1bb!8m2!3d36.3094597!4d59.5937608!16s%2Fg%2F11w9ckh8g0!19sChIJ39BAbgCRbD8Ru-FF5NfXz1A?authuser=0&hl=en&rclk=1,2026-08-02T23:17:15.081844+00:00
619,google_maps,Tipax,تیپاکس هنرور,خراسان رضوی,مشهد,36.3094597,59.5937608,1.0,Disgusting management,a year ago,nafise amani,NULL,NULL,NULL,https://www.google.com/maps/place/Tipax+%D8%AA%DB%8C%D9%BE%D8%A7%DA%A9%D8%B3+%D9%87%D9%86%D8%B1%D9%88%D8%B1%E2%80%AD/data=!4m7!3m6!1s0x3f6c91006e40d0df:0x50cfd7d7e445e1bb!8m2!3d36.3094597!4d59.5937608!16s%2Fg%2F11w9ckh8g0!19sChIJ39BAbgCRbD8Ru-FF5NfXz1A?authuser=0&hl=en&rclk=1,2026-08-02T23:17:15.081844+00:00
620,google_maps,Tipax,تیپاکس هنرور,خراسان رضوی,مشهد,36.3094597,59.5937608,1.0,Not good at all.,Edited a year ago,کاظم رضوی,NULL,NULL,NULL,https://www.google.com/maps/place/Tipax+%D8%AA%DB%8C%D9%BE%D8%A7%DA%A9%D8%B3+%D9%87%D9%86%D8%B1%D9%88%D8%B1%E2%80%AD/data=!4m7!3m6!1s0x3f6c91006e40d0df:0x50cfd7d7e445e1bb!8m2!3d36.3094597!4d59.5937608!16s%2Fg%2F11w9ckh8g0!19sChIJ39BAbgCRbD8Ru-FF5NfXz1A?authuser=0&hl=en&rclk=1,2026-08-02T23:17:15.081844+00:00
621,google_maps,Tipax,تیپاکس نیشابور بینالود,خراسان رضوی,NULL,36.2359656,58.811257,1.0,"The package arrived at its destination in three days, but they didn't deliver it. We followed up several times and they said it would be delivered in the afternoon.",a year ago,Asool Ardame,NULL,NULL,NULL,https://www.google.com/maps/place/%D8%AA%DB%8C%D9%BE%D8%A7%DA%A9%D8%B3+%D9%86%DB%8C%D8%B4%D8%A7%D8%A8%D9%88%D8%B1+%D8%B4%D8%B9%D8%A8%D9%87+%D8%A8%DB%8C%D9%86%D8%A7%D9%84%D9%88%D8%AF%E2%80%AD/data=!4m7!3m6!1s0x3f6d0ba17a74c251:0x96cf345a989ddfcd!8m2!3d36.2359656!4d58.811257!16s%2Fg%2F11rn3yqxgn!19sChIJUcJ0eqELbT8Rzd-dmFo0z5Y?authuser=0&hl=en&rclk=1,2026-08-02T23:17:32.287232+00:00
622,google_maps,Tipax,تیپاکس نیشابور بینالود,خراسان رضوی,NULL,36.2359656,58.811257,5.0,"Their work is really great, Marizad's hand Especially the Neyshabur Binaloud Tipax, it works better than all the Tipaxes",3 years ago,پوریا بلوکی,NULL,NULL,NULL,https://www.google.com/maps/place/%D8%AA%DB%8C%D9%BE%D8%A7%DA%A9%D8%B3+%D9%86%DB%8C%D8%B4%D8%A7%D8%A8%D9%88%D8%B1+%D8%B4%D8%B9%D8%A8%D9%87+%D8%A8%DB%8C%D9%86%D8%A7%D9%84%D9%88%D8%AF%E2%80%AD/data=!4m7!3m6!1s0x3f6d0ba17a74c251:0x96cf345a989ddfcd!8m2!3d36.2359656!4d58.811257!16s%2Fg%2F11rn3yqxgn!19sChIJUcJ0eqELbT8Rzd-dmFo0z5Y?authuser=0&hl=en&rclk=1,2026-08-02T23:17:32.287232+00:00
623,google_maps,Tipax,تیپاکس نیشابور بینالود,خراسان رضوی,NULL,36.2359656,58.811257,5.0,Excellent and accurate👌The important thing is the excellent support they provide. …,3 days ago,Abolfazl gharebaghi,NULL,NULL,NULL,https://www.google.com/maps/place/%D8%AA%DB%8C%D9%BE%D8%A7%DA%A9%D8%B3+%D9%86%DB%8C%D8%B4%D8%A7%D8%A8%D9%88%D8%B1+%D8%B4%D8%B9%D8%A8%D9%87+%D8%A8%DB%8C%D9%86%D8%A7%D9%84%D9%88%D8%AF%E2%80%AD/data=!4m7!3m6!1s0x3f6d0ba17a74c251:0x96cf345a989ddfcd!8m2!3d36.2359656!4d58.811257!16s%2Fg%2F11rn3yqxgn!19sChIJUcJ0eqELbT8Rzd-dmFo0z5Y?authuser=0&hl=en&rclk=1,2026-08-02T23:17:32.287232+00:00
624,google_maps,Tipax,تیپاکس نیشابور بینالود,خراسان رضوی,NULL,36.2359656,58.811257,1.0,"Excellent, not to the Azadi Square branch, not to the Shahrak Agha Doosti branch.",3 years ago,Mori Perspolis,NULL,NULL,NULL,https://www.google.com/maps/place/%D8%AA%DB%8C%D9%BE%D8%A7%DA%A9%D8%B3+%D9%86%DB%8C%D8%B4%D8%A7%D8%A8%D9%88%D8%B1+%D8%B4%D8%B9%D8%A8%D9%87+%D8%A8%DB%8C%D9%86%D8%A7%D9%84%D9%88%D8%AF%E2%80%AD/data=!4m7!3m6!1s0x3f6d0ba17a74c251:0x96cf345a989ddfcd!8m2!3d36.2359656!4d58.811257!16s%2Fg%2F11rn3yqxgn!19sChIJUcJ0eqELbT8Rzd-dmFo0z5Y?authuser=0&hl=en&rclk=1,2026-08-02T23:17:32.287232+00:00
625,google_maps,Tipax,تیپاکس نیشابور بینالود,خراسان رضوی,NULL,36.2359656,58.811257,1.0,They don't answer every time I call them this morning. They are really stupid.,2 years ago,mr gixer,NULL,NULL,NULL,https://www.google.com/maps/place/%D8%AA%DB%8C%D9%BE%D8%A7%DA%A9%D8%B3+%D9%86%DB%8C%D8%B4%D8%A7%D8%A8%D9%88%D8%B1+%D8%B4%D8%B9%D8%A8%D9%87+%D8%A8%DB%8C%D9%86%D8%A7%D9%84%D9%88%D8%AF%E2%80%AD/data=!4m7!3m6!1s0x3f6d0ba17a74c251:0x96cf345a989ddfcd!8m2!3d36.2359656!4d58.811257!16s%2Fg%2F11rn3yqxgn!19sChIJUcJ0eqELbT8Rzd-dmFo0z5Y?authuser=0&hl=en&rclk=1,2026-08-02T23:17:32.287232+00:00
626,google_maps,Tipax,تیپاکس نیشابور بینالود,خراسان رضوی,NULL,36.2359656,58.811257,5.0,"Don't worry, my packages will arrive on time. Thank you very much.",3 years ago,Zahra Ashiani,NULL,NULL,NULL,https://www.google.com/maps/place/%D8%AA%DB%8C%D9%BE%D8%A7%DA%A9%D8%B3+%D9%86%DB%8C%D8%B4%D8%A7%D8%A8%D9%88%D8%B1+%D8%B4%D8%B9%D8%A8%D9%87+%D8%A8%DB%8C%D9%86%D8%A7%D9%84%D9%88%D8%AF%E2%80%AD/data=!4m7!3m6!1s0x3f6d0ba17a74c251:0x96cf345a989ddfcd!8m2!3d36.2359656!4d58.811257!16s%2Fg%2F11rn3yqxgn!19sChIJUcJ0eqELbT8Rzd-dmFo0z5Y?authuser=0&hl=en&rclk=1,2026-08-02T23:17:32.287232+00:00
627,google_maps,Tipax,تیپاکس نیشابور بینالود,خراسان رضوی,NULL,36.2359656,58.811257,5.0,Thank you for your conscientious work. The service was excellent.,3 years ago,Mojde Mostakhtem,NULL,NULL,NULL,https://www.google.com/maps/place/%D8%AA%DB%8C%D9%BE%D8%A7%DA%A9%D8%B3+%D9%86%DB%8C%D8%B4%D8%A7%D8%A8%D9%88%D8%B1+%D8%B4%D8%B9%D8%A8%D9%87+%D8%A8%DB%8C%D9%86%D8%A7%D9%84%D9%88%D8%AF%E2%80%AD/data=!4m7!3m6!1s0x3f6d0ba17a74c251:0x96cf345a989ddfcd!8m2!3d36.2359656!4d58.811257!16s%2Fg%2F11rn3yqxgn!19sChIJUcJ0eqELbT8Rzd-dmFo0z5Y?authuser=0&hl=en&rclk=1,2026-08-02T23:17:32.287232+00:00
628,google_maps,Tipax,تیپاکس نیشابور بینالود,خراسان رضوی,NULL,36.2359656,58.811257,5.0,"Excellent management, I am completely satisfied.",2 years ago,H.borjii,NULL,NULL,NULL,https://www.google.com/maps/place/%D8%AA%DB%8C%D9%BE%D8%A7%DA%A9%D8%B3+%D9%86%DB%8C%D8%B4%D8%A7%D8%A8%D9%88%D8%B1+%D8%B4%D8%B9%D8%A8%D9%87+%D8%A8%DB%8C%D9%86%D8%A7%D9%84%D9%88%D8%AF%E2%80%AD/data=!4m7!3m6!1s0x3f6d0ba17a74c251:0x96cf345a989ddfcd!8m2!3d36.2359656!4d58.811257!16s%2Fg%2F11rn3yqxgn!19sChIJUcJ0eqELbT8Rzd-dmFo0z5Y?authuser=0&hl=en&rclk=1,2026-08-02T23:17:32.287232+00:00
629,google_maps,Tipax,تیپاکس نیشابور بینالود,خراسان رضوی,NULL,36.2359656,58.811257,5.0,"Very good, they really do a good job.",3 years ago,مریم بلوکی,NULL,NULL,NULL,https://www.google.com/maps/place/%D8%AA%DB%8C%D9%BE%D8%A7%DA%A9%D8%B3+%D9%86%DB%8C%D8%B4%D8%A7%D8%A8%D9%88%D8%B1+%D8%B4%D8%B9%D8%A8%D9%87+%D8%A8%DB%8C%D9%86%D8%A7%D9%84%D9%88%D8%AF%E2%80%AD/data=!4m7!3m6!1s0x3f6d0ba17a74c251:0x96cf345a989ddfcd!8m2!3d36.2359656!4d58.811257!16s%2Fg%2F11rn3yqxgn!19sChIJUcJ0eqELbT8Rzd-dmFo0z5Y?authuser=0&hl=en&rclk=1,2026-08-02T23:17:32.287232+00:00
630,google_maps,Tipax,تیپاکس نیشابور بینالود,خراسان رضوی,NULL,36.2359656,58.811257,5.0,Excellent,3 years ago,مرتضی دوستی,NULL,NULL,NULL,https://www.google.com/maps/place/%D8%AA%DB%8C%D9%BE%D8%A7%DA%A9%D8%B3+%D9%86%DB%8C%D8%B4%D8%A7%D8%A8%D9%88%D8%B1+%D8%B4%D8%B9%D8%A8%D9%87+%D8%A8%DB%8C%D9%86%D8%A7%D9%84%D9%88%D8%AF%E2%80%AD/data=!4m7!3m6!1s0x3f6d0ba17a74c251:0x96cf345a989ddfcd!8m2!3d36.2359656!4d58.811257!16s%2Fg%2F11rn3yqxgn!19sChIJUcJ0eqELbT8Rzd-dmFo0z5Y?authuser=0&hl=en&rclk=1,2026-08-02T23:17:32.287232+00:00
631,google_maps,Tipax,: Kashmar Branch,خراسان رضوی,NULL,35.2542266,58.4626272,1.0,"The package is delivered late. If it arrives at the dealership on time, it is four days late. If the package is already here, it is delivered late.",8 months ago,Reza sakhi,NULL,NULL,NULL,https://www.google.com/maps/place/Tipax:+Kashmar+Branch/data=!4m7!3m6!1s0x3f12a10fbbfcdc89:0xf52cb9efe856a2a!8m2!3d35.2542266!4d58.4626272!16s%2Fg%2F11ls_98zyy!19sChIJidz8uw-hEj8RKmqF_p7LUg8?authuser=0&hl=en&rclk=1,2026-08-02T23:17:49.452331+00:00
632,google_maps,Tipax,: Kashmar Branch,خراسان رضوی,NULL,35.2542266,58.4626272,1.0,They will charge whatever price they want and they are so late. Why do I have to pay 123 tomans in postage for a 200 gram packet from Karaj?,2 years ago,mani khadem,NULL,NULL,NULL,https://www.google.com/maps/place/Tipax:+Kashmar+Branch/data=!4m7!3m6!1s0x3f12a10fbbfcdc89:0xf52cb9efe856a2a!8m2!3d35.2542266!4d58.4626272!16s%2Fg%2F11ls_98zyy!19sChIJidz8uw-hEj8RKmqF_p7LUg8?authuser=0&hl=en&rclk=1,2026-08-02T23:17:49.452331+00:00
633,google_maps,Tipax,: Kashmar Branch,خراسان رضوی,NULL,35.2542266,58.4626272,1.0,"Don't even see your parcel delivered by Tipax, the delivery delay is too long and no one takes responsibility, in general Tipax is useless.",2 years ago,Kazem,NULL,NULL,NULL,https://www.google.com/maps/place/Tipax:+Kashmar+Branch/data=!4m7!3m6!1s0x3f12a10fbbfcdc89:0xf52cb9efe856a2a!8m2!3d35.2542266!4d58.4626272!16s%2Fg%2F11ls_98zyy!19sChIJidz8uw-hEj8RKmqF_p7LUg8?authuser=0&hl=en&rclk=1,2026-08-02T23:17:49.452331+00:00
634,google_maps,Tipax,: Kashmar Branch,خراسان رضوی,NULL,35.2542266,58.4626272,1.0,"Terrible response. Arrived very, very late, every day an excuse. It is recommended that we order something by the same post so that you",3 years ago,sarah mohamadpour,NULL,NULL,NULL,https://www.google.com/maps/place/Tipax:+Kashmar+Branch/data=!4m7!3m6!1s0x3f12a10fbbfcdc89:0xf52cb9efe856a2a!8m2!3d35.2542266!4d58.4626272!16s%2Fg%2F11ls_98zyy!19sChIJidz8uw-hEj8RKmqF_p7LUg8?authuser=0&hl=en&rclk=1,2026-08-02T23:17:49.452331+00:00
635,google_maps,Tipax,: Kashmar Branch,خراسان رضوی,NULL,35.2542266,58.4626272,5.0,"Great response. Fast. So okay, it takes 15 days. But Tipax takes one day, two days, maximum 3 days. Great. Mr. Moeini",3 years ago,مجتبی رضایی,NULL,NULL,NULL,https://www.google.com/maps/place/Tipax:+Kashmar+Branch/data=!4m7!3m6!1s0x3f12a10fbbfcdc89:0xf52cb9efe856a2a!8m2!3d35.2542266!4d58.4626272!16s%2Fg%2F11ls_98zyy!19sChIJidz8uw-hEj8RKmqF_p7LUg8?authuser=0&hl=en&rclk=1,2026-08-02T23:17:49.452331+00:00
636,google_maps,Tipax,: Kashmar Branch,خراسان رضوی,NULL,35.2542266,58.4626272,1.0,"Tipax Cashmere is not worth it, it is more expensive.",2 years ago,وو با,NULL,NULL,NULL,https://www.google.com/maps/place/Tipax:+Kashmar+Branch/data=!4m7!3m6!1s0x3f12a10fbbfcdc89:0xf52cb9efe856a2a!8m2!3d35.2542266!4d58.4626272!16s%2Fg%2F11ls_98zyy!19sChIJidz8uw-hEj8RKmqF_p7LUg8?authuser=0&hl=en&rclk=1,2026-08-02T23:17:49.452331+00:00
637,google_maps,Tipax,: Kashmar Branch,خراسان رضوی,NULL,35.2542266,58.4626272,5.0,"Good treatment, timely delivery",5 years ago,Hossein Allahdadi,NULL,NULL,NULL,https://www.google.com/maps/place/Tipax:+Kashmar+Branch/data=!4m7!3m6!1s0x3f12a10fbbfcdc89:0xf52cb9efe856a2a!8m2!3d35.2542266!4d58.4626272!16s%2Fg%2F11ls_98zyy!19sChIJidz8uw-hEj8RKmqF_p7LUg8?authuser=0&hl=en&rclk=1,2026-08-02T23:17:49.452331+00:00
638,google_maps,Tipax,: Kashmar Branch,خراسان رضوی,NULL,35.2542266,58.4626272,5.0,I was satisfied.,2 years ago,Mohsen Safarinia,NULL,NULL,NULL,https://www.google.com/maps/place/Tipax:+Kashmar+Branch/data=!4m7!3m6!1s0x3f12a10fbbfcdc89:0xf52cb9efe856a2a!8m2!3d35.2542266!4d58.4626272!16s%2Fg%2F11ls_98zyy!19sChIJidz8uw-hEj8RKmqF_p7LUg8?authuser=0&hl=en&rclk=1,2026-08-02T23:17:49.452331+00:00
639,google_maps,Tipax,: Kashmar Branch,خراسان رضوی,NULL,35.2542266,58.4626272,2.0,He came late.,4 years ago,Mahdi Bahram,NULL,NULL,NULL,https://www.google.com/maps/place/Tipax:+Kashmar+Branch/data=!4m7!3m6!1s0x3f12a10fbbfcdc89:0xf52cb9efe856a2a!8m2!3d35.2542266!4d58.4626272!16s%2Fg%2F11ls_98zyy!19sChIJidz8uw-hEj8RKmqF_p7LUg8?authuser=0&hl=en&rclk=1,2026-08-02T23:17:49.452331+00:00
640,google_maps,Tipax,: Kashmar Branch,خراسان رضوی,NULL,35.2542266,58.4626272,1.0,terrible,3 years ago,علی رستمی,NULL,NULL,NULL,https://www.google.com/maps/place/Tipax:+Kashmar+Branch/data=!4m7!3m6!1s0x3f12a10fbbfcdc89:0xf52cb9efe856a2a!8m2!3d35.2542266!4d58.4626272!16s%2Fg%2F11ls_98zyy!19sChIJidz8uw-hEj8RKmqF_p7LUg8?authuser=0&hl=en&rclk=1,2026-08-02T23:17:49.452331+00:00
641,google_maps,Tipax,تیپاکس زرگران,خراسان رضوی,NULL,36.3407738,59.5864812,4.0,The quality of their work and speed of response are acceptable.,a year ago,Lensandreview,NULL,NULL,NULL,https://www.google.com/maps/place/%D8%AA%DB%8C%D9%BE%D8%A7%DA%A9%D8%B3+%D8%B2%D8%B1%DA%AF%D8%B1%D8%A7%D9%86%E2%80%AD/data=!4m7!3m6!1s0x3f6c910075a63cbf:0x5adc7204885d0095!8m2!3d36.3407738!4d59.5864812!16s%2Fg%2F11wr04dmy6!19sChIJvzymdQCRbD8RlQBdiARy3Fo?authuser=0&hl=en&rclk=1,2026-08-02T23:18:06.530611+00:00
642,google_maps,Tipax,تیپاکس قوچان,Hafez St,قوچان,37.1048702,58.5190465,5.0,Excellent and regular replies..don't get tired.,4 years ago,Khadij 7584,NULL,NULL,NULL,https://www.google.com/maps/place/%D8%B4%D8%B9%D8%A8%D9%87+%D8%AA%DB%8C%D9%BE%D8%A7%DA%A9%D8%B3+%D9%82%D9%88%DA%86%D8%A7%D9%86%E2%80%AD/data=!4m7!3m6!1s0x3f6e188abc5b708f:0x272da95b4840fae2!8m2!3d37.1048702!4d58.5190465!16s%2Fg%2F11g7267460!19sChIJj3BbvIoYbj8R4vpASFupLSc?authuser=0&hl=en&rclk=1,2026-08-02T23:18:53.998306+00:00
643,google_maps,Tipax,تیپاکس قوچان,Hafez St,قوچان,37.1048702,58.5190465,5.0,Fast shipment,3 years ago,Ali Behzadi,NULL,NULL,NULL,https://www.google.com/maps/place/%D8%B4%D8%B9%D8%A8%D9%87+%D8%AA%DB%8C%D9%BE%D8%A7%DA%A9%D8%B3+%D9%82%D9%88%DA%86%D8%A7%D9%86%E2%80%AD/data=!4m7!3m6!1s0x3f6e188abc5b708f:0x272da95b4840fae2!8m2!3d37.1048702!4d58.5190465!16s%2Fg%2F11g7267460!19sChIJj3BbvIoYbj8R4vpASFupLSc?authuser=0&hl=en&rclk=1,2026-08-02T23:18:53.998306+00:00
644,google_maps,Tipax,تیپاکس صائب تبریزی,آذربایجان شرقی,NULL,38.0596174,46.2770869,1.0,"The most rubbish, most ridiculous Teabox dealership in Tabriz and even at the central level, a half-warm package was given to me to come from Sari to Tabriz. It's been a week since I received it. It's unclear what they're doing wrong there. The pieces are filthy.",3 years ago,Armin mmm,NULL,NULL,NULL,https://www.google.com/maps/place/%D8%AA%DB%8C%D9%BE%D8%A7%DA%A9%D8%B3+%D9%86%D9%85%D8%A7%DB%8C%D9%86%D8%AF%DA%AF%DB%8C+%D8%B5%D8%A7%D8%A6%D8%A8+%D8%AA%D8%A8%D8%B1%DB%8C%D8%B2%DB%8C%E2%80%AD/data=!4m7!3m6!1s0x401a1bfc1afc2bdf:0xeaa47ea0dbec3a18!8m2!3d38.0596174!4d46.2770869!16s%2Fg%2F11tnmfygb5!19sChIJ3yv8GvwbGkARGDrs26B-pOo?authuser=0&hl=en&rclk=1,2026-08-02T23:19:49.807873+00:00
645,google_maps,Tipax,تیپاکس صائب تبریزی,آذربایجان شرقی,NULL,38.0596174,46.2770869,1.0,"Tipax, whose service is generally poor, this representative will not deliver the package after 7 days, nor does he have a specific phone number to follow up on. Tipax's response after a week of follow-up is to be patient!!!!! They don't give freebies.",2 years ago,saeed kheirkhah,NULL,NULL,NULL,https://www.google.com/maps/place/%D8%AA%DB%8C%D9%BE%D8%A7%DA%A9%D8%B3+%D9%86%D9%85%D8%A7%DB%8C%D9%86%D8%AF%DA%AF%DB%8C+%D8%B5%D8%A7%D8%A6%D8%A8+%D8%AA%D8%A8%D8%B1%DB%8C%D8%B2%DB%8C%E2%80%AD/data=!4m7!3m6!1s0x401a1bfc1afc2bdf:0xeaa47ea0dbec3a18!8m2!3d38.0596174!4d46.2770869!16s%2Fg%2F11tnmfygb5!19sChIJ3yv8GvwbGkARGDrs26B-pOo?authuser=0&hl=en&rclk=1,2026-08-02T23:19:49.807873+00:00
646,google_maps,Tipax,تیپاکس صائب تبریزی,آذربایجان شرقی,NULL,38.0596174,46.2770869,1.0,The most ridiculous T-Pax branch. They have completely ruined T-Pax. Their service is zero with this branch. I have been waiting for my package for three days now.,2 years ago,Ali Star,NULL,NULL,NULL,https://www.google.com/maps/place/%D8%AA%DB%8C%D9%BE%D8%A7%DA%A9%D8%B3+%D9%86%D9%85%D8%A7%DB%8C%D9%86%D8%AF%DA%AF%DB%8C+%D8%B5%D8%A7%D8%A6%D8%A8+%D8%AA%D8%A8%D8%B1%DB%8C%D8%B2%DB%8C%E2%80%AD/data=!4m7!3m6!1s0x401a1bfc1afc2bdf:0xeaa47ea0dbec3a18!8m2!3d38.0596174!4d46.2770869!16s%2Fg%2F11tnmfygb5!19sChIJ3yv8GvwbGkARGDrs26B-pOo?authuser=0&hl=en&rclk=1,2026-08-02T23:19:49.807873+00:00
647,google_maps,Tipax,تیپاکس صائب تبریزی,آذربایجان شرقی,NULL,38.0596174,46.2770869,1.0,Wrong working hours They don't even have a number. I'm confused why they got a representative🤷🏻‍♀️ …,10 months ago,Fariba Ed,NULL,NULL,NULL,https://www.google.com/maps/place/%D8%AA%DB%8C%D9%BE%D8%A7%DA%A9%D8%B3+%D9%86%D9%85%D8%A7%DB%8C%D9%86%D8%AF%DA%AF%DB%8C+%D8%B5%D8%A7%D8%A6%D8%A8+%D8%AA%D8%A8%D8%B1%DB%8C%D8%B2%DB%8C%E2%80%AD/data=!4m7!3m6!1s0x401a1bfc1afc2bdf:0xeaa47ea0dbec3a18!8m2!3d38.0596174!4d46.2770869!16s%2Fg%2F11tnmfygb5!19sChIJ3yv8GvwbGkARGDrs26B-pOo?authuser=0&hl=en&rclk=1,2026-08-02T23:19:49.807873+00:00
648,google_maps,Tipax,تیپاکس صائب تبریزی,آذربایجان شرقی,NULL,38.0596174,46.2770869,1.0,It's empty and it's holding the package for 5 days and it hasn't shipped yet.,a year ago,Akbar,NULL,NULL,NULL,https://www.google.com/maps/place/%D8%AA%DB%8C%D9%BE%D8%A7%DA%A9%D8%B3+%D9%86%D9%85%D8%A7%DB%8C%D9%86%D8%AF%DA%AF%DB%8C+%D8%B5%D8%A7%D8%A6%D8%A8+%D8%AA%D8%A8%D8%B1%DB%8C%D8%B2%DB%8C%E2%80%AD/data=!4m7!3m6!1s0x401a1bfc1afc2bdf:0xeaa47ea0dbec3a18!8m2!3d38.0596174!4d46.2770869!16s%2Fg%2F11tnmfygb5!19sChIJ3yv8GvwbGkARGDrs26B-pOo?authuser=0&hl=en&rclk=1,2026-08-02T23:19:49.807873+00:00
649,google_maps,Tipax,تیپاکس صائب تبریزی,آذربایجان شرقی,NULL,38.0596174,46.2770869,1.0,The busiest Tipax branch in the country. Their phone number is also blocked.,2 years ago,mojtaba hosseinzadeh,NULL,NULL,NULL,https://www.google.com/maps/place/%D8%AA%DB%8C%D9%BE%D8%A7%DA%A9%D8%B3+%D9%86%D9%85%D8%A7%DB%8C%D9%86%D8%AF%DA%AF%DB%8C+%D8%B5%D8%A7%D8%A6%D8%A8+%D8%AA%D8%A8%D8%B1%DB%8C%D8%B2%DB%8C%E2%80%AD/data=!4m7!3m6!1s0x401a1bfc1afc2bdf:0xeaa47ea0dbec3a18!8m2!3d38.0596174!4d46.2770869!16s%2Fg%2F11tnmfygb5!19sChIJ3yv8GvwbGkARGDrs26B-pOo?authuser=0&hl=en&rclk=1,2026-08-02T23:19:49.807873+00:00
650,google_maps,Tipax,تیپاکس صائب تبریزی,آذربایجان شرقی,NULL,38.0596174,46.2770869,1.0,Busy service with rude staff,3 years ago,beruz News,NULL,NULL,NULL,https://www.google.com/maps/place/%D8%AA%DB%8C%D9%BE%D8%A7%DA%A9%D8%B3+%D9%86%D9%85%D8%A7%DB%8C%D9%86%D8%AF%DA%AF%DB%8C+%D8%B5%D8%A7%D8%A6%D8%A8+%D8%AA%D8%A8%D8%B1%DB%8C%D8%B2%DB%8C%E2%80%AD/data=!4m7!3m6!1s0x401a1bfc1afc2bdf:0xeaa47ea0dbec3a18!8m2!3d38.0596174!4d46.2770869!16s%2Fg%2F11tnmfygb5!19sChIJ3yv8GvwbGkARGDrs26B-pOo?authuser=0&hl=en&rclk=1,2026-08-02T23:19:49.807873+00:00
651,google_maps,Tipax,تیپاکس صائب تبریزی,آذربایجان شرقی,NULL,38.0596174,46.2770869,1.0,Rude and unprofessional.,a year ago,Atabak Ghadimi,NULL,NULL,NULL,https://www.google.com/maps/place/%D8%AA%DB%8C%D9%BE%D8%A7%DA%A9%D8%B3+%D9%86%D9%85%D8%A7%DB%8C%D9%86%D8%AF%DA%AF%DB%8C+%D8%B5%D8%A7%D8%A6%D8%A8+%D8%AA%D8%A8%D8%B1%DB%8C%D8%B2%DB%8C%E2%80%AD/data=!4m7!3m6!1s0x401a1bfc1afc2bdf:0xeaa47ea0dbec3a18!8m2!3d38.0596174!4d46.2770869!16s%2Fg%2F11tnmfygb5!19sChIJ3yv8GvwbGkARGDrs26B-pOo?authuser=0&hl=en&rclk=1,2026-08-02T23:19:49.807873+00:00
652,google_maps,Tipax,تیپاکس صائب تبریزی,آذربایجان شرقی,NULL,38.0596174,46.2770869,5.0,"Yes, sir.",a year ago,Hamed Rezvankhah,NULL,NULL,NULL,https://www.google.com/maps/place/%D8%AA%DB%8C%D9%BE%D8%A7%DA%A9%D8%B3+%D9%86%D9%85%D8%A7%DB%8C%D9%86%D8%AF%DA%AF%DB%8C+%D8%B5%D8%A7%D8%A6%D8%A8+%D8%AA%D8%A8%D8%B1%DB%8C%D8%B2%DB%8C%E2%80%AD/data=!4m7!3m6!1s0x401a1bfc1afc2bdf:0xeaa47ea0dbec3a18!8m2!3d38.0596174!4d46.2770869!16s%2Fg%2F11tnmfygb5!19sChIJ3yv8GvwbGkARGDrs26B-pOo?authuser=0&hl=en&rclk=1,2026-08-02T23:19:49.807873+00:00
653,google_maps,Tipax,تیپاکس رشدیه,آذربایجان شرقی,NULL,38.0807082,46.3657457,5.0,"Since Tipax Roshdiyeh became active, there has been a special order in receiving and sending goods. Thank you to the new management of Tipax, who are certainly capable managers.",a year ago,Reza Aliyari,NULL,NULL,NULL,https://www.google.com/maps/place/%D8%AA%DB%8C%D9%BE%D8%A7%DA%A9%D8%B3+%D8%B1%D8%B4%D8%AF%DB%8C%D9%87%E2%80%AD/data=!4m7!3m6!1s0x401a1b000a63c059:0xfc1de1049c3f0148!8m2!3d38.0807082!4d46.3657457!16s%2Fg%2F11ybt574fw!19sChIJWcBjCgAbGkARSAE_nAThHfw?authuser=0&hl=en&rclk=1,2026-08-02T23:20:41.490886+00:00
654,google_maps,Tipax,تیپاکس استاد شهریار تبریز (تیپاکس میدان رسالت),آذربایجان شرقی,NULL,38.0612128,46.2421225,5.0,"One of the best Tipaxes in Tabriz We have been working with this branch for more than six years I recommend it to you, the best packaging and speed of delivery... We are satisfied. Overall, it is a good branch, it has excellent management and is really persistent.",2 weeks ago,Mahdy Labkhand,NULL,NULL,NULL,https://www.google.com/maps/place/%D8%AA%DB%8C%D9%BE%D8%A7%DA%A9%D8%B3+%D8%A7%D8%B3%D8%AA%D8%A7%D8%AF+%D8%B4%D9%87%D8%B1%DB%8C%D8%A7%D8%B1+%D8%AA%D8%A8%D8%B1%DB%8C%D8%B2+%28%D8%AA%DB%8C%D9%BE%D8%A7%DA%A9%D8%B3+%D9%85%DB%8C%D8%AF%D8%A7%D9%86+%D8%B1%D8%B3%D8%A7%D9%84%D8%AA%29%E2%80%AD/data=!4m7!3m6!1s0x401a0f0024b11bbf:0x27a087d1af04d8ca!8m2!3d38.0612128!4d46.2421225!16s%2Fg%2F11ltjz39gz!19sChIJvxuxJAAPGkARytgEr9GHoCc?authuser=0&hl=en&rclk=1,2026-08-02T23:21:07.390919+00:00
655,google_maps,Tipax,تیپاکس استاد شهریار تبریز (تیپاکس میدان رسالت),آذربایجان شرقی,NULL,38.0612128,46.2421225,1.0,"Most packages, without delivering them to their destination, pretend that they brought the package and couldn't find you, then they say, ""Go pick it up yourself."" They're basically a movie unto themselves.",7 months ago,ب,NULL,NULL,NULL,https://www.google.com/maps/place/%D8%AA%DB%8C%D9%BE%D8%A7%DA%A9%D8%B3+%D8%A7%D8%B3%D8%AA%D8%A7%D8%AF+%D8%B4%D9%87%D8%B1%DB%8C%D8%A7%D8%B1+%D8%AA%D8%A8%D8%B1%DB%8C%D8%B2+%28%D8%AA%DB%8C%D9%BE%D8%A7%DA%A9%D8%B3+%D9%85%DB%8C%D8%AF%D8%A7%D9%86+%D8%B1%D8%B3%D8%A7%D9%84%D8%AA%29%E2%80%AD/data=!4m7!3m6!1s0x401a0f0024b11bbf:0x27a087d1af04d8ca!8m2!3d38.0612128!4d46.2421225!16s%2Fg%2F11ltjz39gz!19sChIJvxuxJAAPGkARytgEr9GHoCc?authuser=0&hl=en&rclk=1,2026-08-02T23:21:07.390919+00:00
656,google_maps,Tipax,تیپاکس استاد شهریار تبریز (تیپاکس میدان رسالت),آذربایجان شرقی,NULL,38.0612128,46.2421225,1.0,"Don't send a message to come and pick up the mail to pick up the mail. Your job is to pick up the mail, not to send a message to come and pick up the mail.",a year ago,V ALI,NULL,NULL,NULL,https://www.google.com/maps/place/%D8%AA%DB%8C%D9%BE%D8%A7%DA%A9%D8%B3+%D8%A7%D8%B3%D8%AA%D8%A7%D8%AF+%D8%B4%D9%87%D8%B1%DB%8C%D8%A7%D8%B1+%D8%AA%D8%A8%D8%B1%DB%8C%D8%B2+%28%D8%AA%DB%8C%D9%BE%D8%A7%DA%A9%D8%B3+%D9%85%DB%8C%D8%AF%D8%A7%D9%86+%D8%B1%D8%B3%D8%A7%D9%84%D8%AA%29%E2%80%AD/data=!4m7!3m6!1s0x401a0f0024b11bbf:0x27a087d1af04d8ca!8m2!3d38.0612128!4d46.2421225!16s%2Fg%2F11ltjz39gz!19sChIJvxuxJAAPGkARytgEr9GHoCc?authuser=0&hl=en&rclk=1,2026-08-02T23:21:07.390919+00:00
657,google_maps,Tipax,تیپاکس استاد شهریار تبریز (تیپاکس میدان رسالت),آذربایجان شرقی,NULL,38.0612128,46.2421225,5.0,They are great and fast. I love them.,a year ago,Javad Havvazi,NULL,NULL,NULL,https://www.google.com/maps/place/%D8%AA%DB%8C%D9%BE%D8%A7%DA%A9%D8%B3+%D8%A7%D8%B3%D8%AA%D8%A7%D8%AF+%D8%B4%D9%87%D8%B1%DB%8C%D8%A7%D8%B1+%D8%AA%D8%A8%D8%B1%DB%8C%D8%B2+%28%D8%AA%DB%8C%D9%BE%D8%A7%DA%A9%D8%B3+%D9%85%DB%8C%D8%AF%D8%A7%D9%86+%D8%B1%D8%B3%D8%A7%D9%84%D8%AA%29%E2%80%AD/data=!4m7!3m6!1s0x401a0f0024b11bbf:0x27a087d1af04d8ca!8m2!3d38.0612128!4d46.2421225!16s%2Fg%2F11ltjz39gz!19sChIJvxuxJAAPGkARytgEr9GHoCc?authuser=0&hl=en&rclk=1,2026-08-02T23:21:07.390919+00:00
658,google_maps,Tipax,تیپاکس استاد شهریار تبریز (تیپاکس میدان رسالت),آذربایجان شرقی,NULL,38.0612128,46.2421225,5.0,Very excellent and useful.,6 months ago,rogayhe mahmodi,NULL,NULL,NULL,https://www.google.com/maps/place/%D8%AA%DB%8C%D9%BE%D8%A7%DA%A9%D8%B3+%D8%A7%D8%B3%D8%AA%D8%A7%D8%AF+%D8%B4%D9%87%D8%B1%DB%8C%D8%A7%D8%B1+%D8%AA%D8%A8%D8%B1%DB%8C%D8%B2+%28%D8%AA%DB%8C%D9%BE%D8%A7%DA%A9%D8%B3+%D9%85%DB%8C%D8%AF%D8%A7%D9%86+%D8%B1%D8%B3%D8%A7%D9%84%D8%AA%29%E2%80%AD/data=!4m7!3m6!1s0x401a0f0024b11bbf:0x27a087d1af04d8ca!8m2!3d38.0612128!4d46.2421225!16s%2Fg%2F11ltjz39gz!19sChIJvxuxJAAPGkARytgEr9GHoCc?authuser=0&hl=en&rclk=1,2026-08-02T23:21:07.390919+00:00
659,google_maps,Tipax,تیپاکس استاد شهریار تبریز (تیپاکس میدان رسالت),آذربایجان شرقی,NULL,38.0612128,46.2421225,5.0,Fast and furious,10 months ago,Mohammad Hasani,NULL,NULL,NULL,https://www.google.com/maps/place/%D8%AA%DB%8C%D9%BE%D8%A7%DA%A9%D8%B3+%D8%A7%D8%B3%D8%AA%D8%A7%D8%AF+%D8%B4%D9%87%D8%B1%DB%8C%D8%A7%D8%B1+%D8%AA%D8%A8%D8%B1%DB%8C%D8%B2+%28%D8%AA%DB%8C%D9%BE%D8%A7%DA%A9%D8%B3+%D9%85%DB%8C%D8%AF%D8%A7%D9%86+%D8%B1%D8%B3%D8%A7%D9%84%D8%AA%29%E2%80%AD/data=!4m7!3m6!1s0x401a0f0024b11bbf:0x27a087d1af04d8ca!8m2!3d38.0612128!4d46.2421225!16s%2Fg%2F11ltjz39gz!19sChIJvxuxJAAPGkARytgEr9GHoCc?authuser=0&hl=en&rclk=1,2026-08-02T23:21:07.390919+00:00
660,google_maps,Tipax,تیپاکس استاد شهریار تبریز (تیپاکس میدان رسالت),آذربایجان شرقی,NULL,38.0612128,46.2421225,5.0,Excellent,5 months ago,Hosein Keyvani,NULL,NULL,NULL,https://www.google.com/maps/place/%D8%AA%DB%8C%D9%BE%D8%A7%DA%A9%D8%B3+%D8%A7%D8%B3%D8%AA%D8%A7%D8%AF+%D8%B4%D9%87%D8%B1%DB%8C%D8%A7%D8%B1+%D8%AA%D8%A8%D8%B1%DB%8C%D8%B2+%28%D8%AA%DB%8C%D9%BE%D8%A7%DA%A9%D8%B3+%D9%85%DB%8C%D8%AF%D8%A7%D9%86+%D8%B1%D8%B3%D8%A7%D9%84%D8%AA%29%E2%80%AD/data=!4m7!3m6!1s0x401a0f0024b11bbf:0x27a087d1af04d8ca!8m2!3d38.0612128!4d46.2421225!16s%2Fg%2F11ltjz39gz!19sChIJvxuxJAAPGkARytgEr9GHoCc?authuser=0&hl=en&rclk=1,2026-08-02T23:21:07.390919+00:00
661,google_maps,Tipax,تیپاکس استاد شهریار تبریز (تیپاکس میدان رسالت),آذربایجان شرقی,NULL,38.0612128,46.2421225,5.0,Good,a year ago,Javad mashinbaz1011,NULL,NULL,NULL,https://www.google.com/maps/place/%D8%AA%DB%8C%D9%BE%D8%A7%DA%A9%D8%B3+%D8%A7%D8%B3%D8%AA%D8%A7%D8%AF+%D8%B4%D9%87%D8%B1%DB%8C%D8%A7%D8%B1+%D8%AA%D8%A8%D8%B1%DB%8C%D8%B2+%28%D8%AA%DB%8C%D9%BE%D8%A7%DA%A9%D8%B3+%D9%85%DB%8C%D8%AF%D8%A7%D9%86+%D8%B1%D8%B3%D8%A7%D9%84%D8%AA%29%E2%80%AD/data=!4m7!3m6!1s0x401a0f0024b11bbf:0x27a087d1af04d8ca!8m2!3d38.0612128!4d46.2421225!16s%2Fg%2F11ltjz39gz!19sChIJvxuxJAAPGkARytgEr9GHoCc?authuser=0&hl=en&rclk=1,2026-08-02T23:21:07.390919+00:00
662,google_maps,Tipax,تیپاکس تبریز شهناز,آذربایجان شرقی,NULL,38.0752216,46.2833702,1.0,One star is too much for him. We packed it to the destination. Then they left it until Friday. They didn't bring it. Friday was a holiday. They didn't bring it that day either. They said it wasn't there. My watch was set at 2:00 PM.,5 months ago,mina tz,NULL,NULL,NULL,https://www.google.com/maps/place/%D8%AA%DB%8C%D9%BE%D8%A7%DA%A9%D8%B3+%D8%AA%D8%A8%D8%B1%DB%8C%D8%B2+%D8%B4%D9%87%D9%86%D8%A7%D8%B2%E2%80%AD/data=!4m7!3m6!1s0x401a05002ed5e2cf:0x942890ef9045525a!8m2!3d38.0752216!4d46.2833702!16s%2Fg%2F11wnjbrprs!19sChIJz-LVLgAFGkARWlJFkO-QKJQ?authuser=0&hl=en&rclk=1,2026-08-02T23:21:16.342596+00:00
663,google_maps,Tipax,تیپاکس تبریز شهناز,آذربایجان شرقی,NULL,38.0752216,46.2833702,1.0,"Extremely disgusting They didn't bring the package, they said they brought it, but it wasn't there. I said they would call, but they said it's not our job to call. !!! Irresponsible and uncultured",5 months ago,Jmn Jimboo,NULL,NULL,NULL,https://www.google.com/maps/place/%D8%AA%DB%8C%D9%BE%D8%A7%DA%A9%D8%B3+%D8%AA%D8%A8%D8%B1%DB%8C%D8%B2+%D8%B4%D9%87%D9%86%D8%A7%D8%B2%E2%80%AD/data=!4m7!3m6!1s0x401a05002ed5e2cf:0x942890ef9045525a!8m2!3d38.0752216!4d46.2833702!16s%2Fg%2F11wnjbrprs!19sChIJz-LVLgAFGkARWlJFkO-QKJQ?authuser=0&hl=en&rclk=1,2026-08-02T23:21:16.342596+00:00
664,google_maps,Tipax,تیپاکس تبریز شهناز,آذربایجان شرقی,NULL,38.0752216,46.2833702,1.0,"Terrible service! They lied to me about the delivery of the order! I had to go and pick it up myself, a week later! Terrible, do not use this service!",5 months ago,Liudmila K,NULL,NULL,NULL,https://www.google.com/maps/place/%D8%AA%DB%8C%D9%BE%D8%A7%DA%A9%D8%B3+%D8%AA%D8%A8%D8%B1%DB%8C%D8%B2+%D8%B4%D9%87%D9%86%D8%A7%D8%B2%E2%80%AD/data=!4m7!3m6!1s0x401a05002ed5e2cf:0x942890ef9045525a!8m2!3d38.0752216!4d46.2833702!16s%2Fg%2F11wnjbrprs!19sChIJz-LVLgAFGkARWlJFkO-QKJQ?authuser=0&hl=en&rclk=1,2026-08-02T23:21:16.342596+00:00
665,google_maps,Tipax,تیپاکس ورزش,آذربایجان شرقی,NULL,38.0748289,46.2445624,1.0,"I call, but the phone is off, what does that mean...?",3 weeks ago,Nazanin,NULL,NULL,NULL,https://www.google.com/maps/place/%D8%AA%DB%8C%D9%BE%D8%A7%DA%A9%D8%B3+%D8%B4%D8%B9%D8%A8%D9%87+%D9%88%D8%B1%D8%B2%D8%B4%E2%80%AD/data=!4m7!3m6!1s0x401a050004e990b9:0xbbc2756d53e6869f!8m2!3d38.0748289!4d46.2445624!16s%2Fg%2F11lw8t2kx4!19sChIJuZDpBAAFGkARn4bmU211wrs?authuser=0&hl=en&rclk=1,2026-08-02T23:21:42.115666+00:00
666,google_maps,Tipax,تیپاکس یاغچیان,Basmenj,29HG+JMJ,38.0290999,46.3766404,1.0,"The worst thing is, they never arrive on time. They usually tip the package to make it arrive early. They deliver later than regular mail. Either their car is broken or... If you follow up, they say come and pick it up yourself.",5 months ago,Maryam Tagizade,NULL,NULL,NULL,https://www.google.com/maps/place/%D8%AA%DB%8C%D9%BE%D8%A7%DA%A9%D8%B3+%D9%86%D9%85%D8%A7%DB%8C%D9%86%D8%AF%DA%AF%DB%8C+%DB%8C%D8%A7%D8%BA%DA%86%DB%8C%D8%A7%D9%86%E2%80%AD/data=!4m7!3m6!1s0x401a2300354241eb:0xa9baad90717da799!8m2!3d38.0290999!4d46.3766404!16s%2Fg%2F11lv7fpq64!19sChIJ60FCNQAjGkARmad9cZCtuqk?authuser=0&hl=en&rclk=1,2026-08-02T23:22:15.183413+00:00
667,google_maps,Tipax,تیپاکس جلفا,اصفهان,اصفهان,38.9369861,45.6200524,5.0,But😍 …,3 years ago,Reza Rezapour,NULL,NULL,NULL,https://www.google.com/maps/place/%D9%86%D9%85%D8%A7%DB%8C%D9%86%D8%AF%DA%AF%DB%8C+%D8%AA%DB%8C%D9%BE%D8%A7%DA%A9%D8%B3+%D8%AC%D9%84%D9%81%D8%A7%E2%80%AD/data=!4m7!3m6!1s0x40169798f6fb922b:0x2a10b7627b358c7e!8m2!3d38.9369861!4d45.6200524!16s%2Fg%2F11rgsyk0sj!19sChIJK5L79piXFkARfow1e2K3ECo?authuser=0&hl=en&rclk=1,2026-08-02T23:23:56.535078+00:00
668,google_maps,Tipax,تیپاکس میانه,آذربایجان شرقی,NULL,37.4260227,47.7063188,5.0,"It was great, they didn't hurt their hands. Tipax is the best Iranian postal company in every way. The product arrived on time, in the hands of the person and...",a year ago,Mahdi Abosha #مهدی_ابوشا,NULL,NULL,NULL,https://www.google.com/maps/place/%D8%AA%DB%8C%D9%BE%D8%A7%DA%A9%D8%B3+%D8%B4%D8%B9%D8%A8%D9%87+%D9%85%DB%8C%D8%A7%D9%86%D9%87%E2%80%AD/data=!4m7!3m6!1s0x401c1e842f4d7d05:0x95dd42a165f34ce5!8m2!3d37.4260227!4d47.7063188!16s%2Fg%2F11dfhvqsh4!19sChIJBX1NL4QeHEAR5UzzZaFC3ZU?authuser=0&hl=en&rclk=1,2026-08-02T23:23:06.769664+00:00
669,google_maps,Tipax,تیپاکس میانه,آذربایجان شرقی,NULL,37.4260227,47.7063188,4.0,"Okay, I bought it and it arrived quickly. Thank you for your effort.",7 years ago,‫جهانگیر عسگری (‪jahan As‬‏)‬‎,NULL,NULL,NULL,https://www.google.com/maps/place/%D8%AA%DB%8C%D9%BE%D8%A7%DA%A9%D8%B3+%D8%B4%D8%B9%D8%A8%D9%87+%D9%85%DB%8C%D8%A7%D9%86%D9%87%E2%80%AD/data=!4m7!3m6!1s0x401c1e842f4d7d05:0x95dd42a165f34ce5!8m2!3d37.4260227!4d47.7063188!16s%2Fg%2F11dfhvqsh4!19sChIJBX1NL4QeHEAR5UzzZaFC3ZU?authuser=0&hl=en&rclk=1,2026-08-02T23:23:06.769664+00:00
670,google_maps,Tipax,تیپاکس میانه,آذربایجان شرقی,NULL,37.4260227,47.7063188,3.0,"Unfortunately, I called at 4 pm today and there was no answer.",6 years ago,Mohsen Goddusi,NULL,NULL,NULL,https://www.google.com/maps/place/%D8%AA%DB%8C%D9%BE%D8%A7%DA%A9%D8%B3+%D8%B4%D8%B9%D8%A8%D9%87+%D9%85%DB%8C%D8%A7%D9%86%D9%87%E2%80%AD/data=!4m7!3m6!1s0x401c1e842f4d7d05:0x95dd42a165f34ce5!8m2!3d37.4260227!4d47.7063188!16s%2Fg%2F11dfhvqsh4!19sChIJBX1NL4QeHEAR5UzzZaFC3ZU?authuser=0&hl=en&rclk=1,2026-08-02T23:23:06.769664+00:00
671,google_maps,Tipax,تیپاکس میانه,آذربایجان شرقی,NULL,37.4260227,47.7063188,5.0,They do a good job 👌 They are polite and respectful. …,a year ago,peyman arghand,NULL,NULL,NULL,https://www.google.com/maps/place/%D8%AA%DB%8C%D9%BE%D8%A7%DA%A9%D8%B3+%D8%B4%D8%B9%D8%A8%D9%87+%D9%85%DB%8C%D8%A7%D9%86%D9%87%E2%80%AD/data=!4m7!3m6!1s0x401c1e842f4d7d05:0x95dd42a165f34ce5!8m2!3d37.4260227!4d47.7063188!16s%2Fg%2F11dfhvqsh4!19sChIJBX1NL4QeHEAR5UzzZaFC3ZU?authuser=0&hl=en&rclk=1,2026-08-02T23:23:06.769664+00:00
672,google_maps,Tipax,تیپاکس میانه,آذربایجان شرقی,NULL,37.4260227,47.7063188,5.0,Fast and professional,Edited 6 years ago,Mohammad Fathi,NULL,NULL,NULL,https://www.google.com/maps/place/%D8%AA%DB%8C%D9%BE%D8%A7%DA%A9%D8%B3+%D8%B4%D8%B9%D8%A8%D9%87+%D9%85%DB%8C%D8%A7%D9%86%D9%87%E2%80%AD/data=!4m7!3m6!1s0x401c1e842f4d7d05:0x95dd42a165f34ce5!8m2!3d37.4260227!4d47.7063188!16s%2Fg%2F11dfhvqsh4!19sChIJBX1NL4QeHEAR5UzzZaFC3ZU?authuser=0&hl=en&rclk=1,2026-08-02T23:23:06.769664+00:00
673,google_maps,Tipax,تیپاکس میانه,آذربایجان شرقی,NULL,37.4260227,47.7063188,5.0,Very good.,5 years ago,Mehrdad Lazemi,NULL,NULL,NULL,https://www.google.com/maps/place/%D8%AA%DB%8C%D9%BE%D8%A7%DA%A9%D8%B3+%D8%B4%D8%B9%D8%A8%D9%87+%D9%85%DB%8C%D8%A7%D9%86%D9%87%E2%80%AD/data=!4m7!3m6!1s0x401c1e842f4d7d05:0x95dd42a165f34ce5!8m2!3d37.4260227!4d47.7063188!16s%2Fg%2F11dfhvqsh4!19sChIJBX1NL4QeHEAR5UzzZaFC3ZU?authuser=0&hl=en&rclk=1,2026-08-02T23:23:06.769664+00:00
674,google_maps,Tipax,تیپاکس میانه,آذربایجان شرقی,NULL,37.4260227,47.7063188,4.0,Excellent,2 years ago,امیر حیدری,NULL,NULL,NULL,https://www.google.com/maps/place/%D8%AA%DB%8C%D9%BE%D8%A7%DA%A9%D8%B3+%D8%B4%D8%B9%D8%A8%D9%87+%D9%85%DB%8C%D8%A7%D9%86%D9%87%E2%80%AD/data=!4m7!3m6!1s0x401c1e842f4d7d05:0x95dd42a165f34ce5!8m2!3d37.4260227!4d47.7063188!16s%2Fg%2F11dfhvqsh4!19sChIJBX1NL4QeHEAR5UzzZaFC3ZU?authuser=0&hl=en&rclk=1,2026-08-02T23:23:06.769664+00:00
675,google_maps,Tipax,تیپاکس میانه 2,آذربایجان شرقی,NULL,37.4216835,47.7134001,1.0,"I had two different packages with completely different destinations. From the very beginning, without seeing the packages or checking the destinations, they charged the same price for both, and I became suspicious of them. Then, when the tracking SMS came, I saw that they had falsely added a packaging fee, even though I had packed everything myself, and the amount was 15,000 less than the amount they had charged me. In short, be careful with two thieves and fraudsters on both sides.",2 months ago,Ella Gisler,NULL,NULL,NULL,https://www.google.com/maps/place/%D9%86%D9%85%D8%A7%DB%8C%D9%86%D8%AF%DA%AF%DB%8C+%D8%AA%DB%8C%D9%BE%D8%A7%DA%A9%D8%B3+%D8%B4%D8%B9%D8%A8%D9%87+%D9%85%DB%8C%D8%A7%D9%86%D9%87+2%E2%80%AD/data=!4m7!3m6!1s0x401c1faa5d79781b:0x1236cbf047f1b09a!8m2!3d37.4216835!4d47.7134001!16s%2Fg%2F11j1jkyyh6!19sChIJG3h5XaofHEARmrDxR_DLNhI?authuser=0&hl=en&rclk=1,2026-08-02T23:23:15.400109+00:00
676,google_maps,Tipax,تیپاکس میانه 2,آذربایجان شرقی,NULL,37.4216835,47.7134001,5.0,"They are truly the best Tipax representative, polite, friendly, fast and accurate.",a year ago,Hossein Bakhshi,NULL,NULL,NULL,https://www.google.com/maps/place/%D9%86%D9%85%D8%A7%DB%8C%D9%86%D8%AF%DA%AF%DB%8C+%D8%AA%DB%8C%D9%BE%D8%A7%DA%A9%D8%B3+%D8%B4%D8%B9%D8%A8%D9%87+%D9%85%DB%8C%D8%A7%D9%86%D9%87+2%E2%80%AD/data=!4m7!3m6!1s0x401c1faa5d79781b:0x1236cbf047f1b09a!8m2!3d37.4216835!4d47.7134001!16s%2Fg%2F11j1jkyyh6!19sChIJG3h5XaofHEARmrDxR_DLNhI?authuser=0&hl=en&rclk=1,2026-08-02T23:23:15.400109+00:00
677,google_maps,Tipax,تیپاکس میانه 2,آذربایجان شرقی,NULL,37.4216835,47.7134001,5.0,Very good in every way.,3 years ago,kamii,NULL,NULL,NULL,https://www.google.com/maps/place/%D9%86%D9%85%D8%A7%DB%8C%D9%86%D8%AF%DA%AF%DB%8C+%D8%AA%DB%8C%D9%BE%D8%A7%DA%A9%D8%B3+%D8%B4%D8%B9%D8%A8%D9%87+%D9%85%DB%8C%D8%A7%D9%86%D9%87+2%E2%80%AD/data=!4m7!3m6!1s0x401c1faa5d79781b:0x1236cbf047f1b09a!8m2!3d37.4216835!4d47.7134001!16s%2Fg%2F11j1jkyyh6!19sChIJG3h5XaofHEARmrDxR_DLNhI?authuser=0&hl=en&rclk=1,2026-08-02T23:23:15.400109+00:00
678,google_maps,Tipax,تیپاکس میانه 2,آذربایجان شرقی,NULL,37.4216835,47.7134001,5.0,The best Tipax agent,2 years ago,Meraj,NULL,NULL,NULL,https://www.google.com/maps/place/%D9%86%D9%85%D8%A7%DB%8C%D9%86%D8%AF%DA%AF%DB%8C+%D8%AA%DB%8C%D9%BE%D8%A7%DA%A9%D8%B3+%D8%B4%D8%B9%D8%A8%D9%87+%D9%85%DB%8C%D8%A7%D9%86%D9%87+2%E2%80%AD/data=!4m7!3m6!1s0x401c1faa5d79781b:0x1236cbf047f1b09a!8m2!3d37.4216835!4d47.7134001!16s%2Fg%2F11j1jkyyh6!19sChIJG3h5XaofHEARmrDxR_DLNhI?authuser=0&hl=en&rclk=1,2026-08-02T23:23:15.400109+00:00
679,google_maps,Tipax,تیپاکس چای کنار,آذربایجان شرقی,NULL,38.0776464,46.3064024,1.0,"They are the most horrible Tipax branch. They never delivered my packages on site, they made excuses and delivered them 200 meters apart. The amount they charged was more than the declared amount and the delivery person was very rude and a jerk. I always insist to my suppliers not to send me goods with Tipax at all. I had written a review last time, there was so much criticism. They deleted the location and re-registered it. Delete it a thousand times, I will write again.",2 years ago,Hamed Hosseinzadeh,NULL,NULL,NULL,https://www.google.com/maps/place/%D8%AA%DB%8C%D9%BE%D8%A7%DA%A9%D8%B3+%DA%86%D8%A7%DB%8C+%DA%A9%D9%86%D8%A7%D8%B1%E2%80%AD/data=!4m7!3m6!1s0x401a05eca97deb1b:0x91e133023a0807eb!8m2!3d38.0776464!4d46.3064024!16s%2Fg%2F11llt6kndf!19sChIJG-t9qewFGkAR6wcIOgIz4ZE?authuser=0&hl=en&rclk=1,2026-08-02T23:23:23.952365+00:00
680,google_maps,Tipax,تیپاکس چای کنار,آذربایجان شرقی,NULL,38.0776464,46.3064024,1.0,"Terrible service! They lied to me about the delivery of the order! I had to go and pick it up myself, a week later! Terrible, do not use this service!",5 months ago,Liudmila K,NULL,NULL,NULL,https://www.google.com/maps/place/%D8%AA%DB%8C%D9%BE%D8%A7%DA%A9%D8%B3+%DA%86%D8%A7%DB%8C+%DA%A9%D9%86%D8%A7%D8%B1%E2%80%AD/data=!4m7!3m6!1s0x401a05eca97deb1b:0x91e133023a0807eb!8m2!3d38.0776464!4d46.3064024!16s%2Fg%2F11llt6kndf!19sChIJG-t9qewFGkAR6wcIOgIz4ZE?authuser=0&hl=en&rclk=1,2026-08-02T23:23:23.952365+00:00
681,google_maps,Tipax,تیپاکس چای کنار,آذربایجان شرقی,NULL,38.0776464,46.3064024,5.0,With experienced management,Edited 2 years ago,SAMAD HOSSEIN POUR,NULL,NULL,NULL,https://www.google.com/maps/place/%D8%AA%DB%8C%D9%BE%D8%A7%DA%A9%D8%B3+%DA%86%D8%A7%DB%8C+%DA%A9%D9%86%D8%A7%D8%B1%E2%80%AD/data=!4m7!3m6!1s0x401a05eca97deb1b:0x91e133023a0807eb!8m2!3d38.0776464!4d46.3064024!16s%2Fg%2F11llt6kndf!19sChIJG-t9qewFGkAR6wcIOgIz4ZE?authuser=0&hl=en&rclk=1,2026-08-02T23:23:23.952365+00:00
682,google_maps,Tipax,تیپاکس. کجوار-باغمعروف,آذربایجان شرقی,NULL,38.0450717,46.1080475,5.0,Tipax always says it first.,6 months ago,Cheef Saeed,NULL,NULL,NULL,https://www.google.com/maps/place/%D8%AA%DB%8C%D9%BE%D8%A7%DA%A9%D8%B3.+%DA%A9%D8%AC%D9%88%D8%A7%D8%B1-%D8%A8%D8%A7%D8%BA%D9%85%D8%B9%D8%B1%D9%88%D9%81%E2%80%AD/data=!4m7!3m6!1s0x401a0d0030d445bf:0xd54ec40c7c0e465!8m2!3d38.0450717!4d46.1080475!16s%2Fg%2F11lyvm8tpz!19sChIJv0XUMAANGkARZeTAx0DsVA0?authuser=0&hl=en&rclk=1,2026-08-02T23:23:41.041266+00:00
683,google_maps,Tipax,تیپاکس منتظری ارومیه جدید,آذربایجان غربی,NULL,37.5567578,45.0708441,1.0,"The most horrible branch possible. They don't answer the phone properly, nor is the postman good. They are just throwing customers away in the office instead of being responsive. I mean, why don't they really close it down..",11 months ago,r aghaalizad,NULL,NULL,NULL,https://www.google.com/maps/place/%D8%AA%DB%8C%D9%BE%D8%A7%DA%A9%D8%B3+%D9%85%D9%86%D8%AA%D8%B8%D8%B1%DB%8C+%D8%A7%D8%B1%D9%88%D9%85%DB%8C%D9%87+%D8%AC%D8%AF%DB%8C%D8%AF%E2%80%AD/data=!4m7!3m6!1s0x4005537f5e97c8d9:0x8f9379da994a29a7!8m2!3d37.5567578!4d45.0708441!16s%2Fg%2F11pckjc683!19sChIJ2ciXXn9TBUARpylKmdp5k48?authuser=0&hl=en&rclk=1,2026-08-02T23:24:22.545894+00:00
684,google_maps,Tipax,تیپاکس منتظری ارومیه جدید,آذربایجان غربی,NULL,37.5567578,45.0708441,1.0,"They are the most rude employees, they behave with complete aggression and don't even answer the phone.",7 months ago,Rh,NULL,NULL,NULL,https://www.google.com/maps/place/%D8%AA%DB%8C%D9%BE%D8%A7%DA%A9%D8%B3+%D9%85%D9%86%D8%AA%D8%B8%D8%B1%DB%8C+%D8%A7%D8%B1%D9%88%D9%85%DB%8C%D9%87+%D8%AC%D8%AF%DB%8C%D8%AF%E2%80%AD/data=!4m7!3m6!1s0x4005537f5e97c8d9:0x8f9379da994a29a7!8m2!3d37.5567578!4d45.0708441!16s%2Fg%2F11pckjc683!19sChIJ2ciXXn9TBUARpylKmdp5k48?authuser=0&hl=en&rclk=1,2026-08-02T23:24:22.545894+00:00
685,google_maps,Tipax,تیپاکس منتظری ارومیه جدید,آذربایجان غربی,NULL,37.5567578,45.0708441,5.0,"C. They don't answer the phone, it's better to board up the door.",8 months ago,Zhila_mgh_6587,NULL,NULL,NULL,https://www.google.com/maps/place/%D8%AA%DB%8C%D9%BE%D8%A7%DA%A9%D8%B3+%D9%85%D9%86%D8%AA%D8%B8%D8%B1%DB%8C+%D8%A7%D8%B1%D9%88%D9%85%DB%8C%D9%87+%D8%AC%D8%AF%DB%8C%D8%AF%E2%80%AD/data=!4m7!3m6!1s0x4005537f5e97c8d9:0x8f9379da994a29a7!8m2!3d37.5567578!4d45.0708441!16s%2Fg%2F11pckjc683!19sChIJ2ciXXn9TBUARpylKmdp5k48?authuser=0&hl=en&rclk=1,2026-08-02T23:24:22.545894+00:00
686,google_maps,Tipax,تیپاکس منتظری ارومیه جدید,آذربایجان غربی,NULL,37.5567578,45.0708441,1.0,I am not satisfied with Tipax at all.,7 months ago,Zuri Balayan,NULL,NULL,NULL,https://www.google.com/maps/place/%D8%AA%DB%8C%D9%BE%D8%A7%DA%A9%D8%B3+%D9%85%D9%86%D8%AA%D8%B8%D8%B1%DB%8C+%D8%A7%D8%B1%D9%88%D9%85%DB%8C%D9%87+%D8%AC%D8%AF%DB%8C%D8%AF%E2%80%AD/data=!4m7!3m6!1s0x4005537f5e97c8d9:0x8f9379da994a29a7!8m2!3d37.5567578!4d45.0708441!16s%2Fg%2F11pckjc683!19sChIJ2ciXXn9TBUARpylKmdp5k48?authuser=0&hl=en&rclk=1,2026-08-02T23:24:22.545894+00:00
687,google_maps,Tipax,تیپاکس منتظری ارومیه جدید,آذربایجان غربی,NULL,37.5567578,45.0708441,1.0,The dirtiest tea box in Urmia....,7 months ago,emad,NULL,NULL,NULL,https://www.google.com/maps/place/%D8%AA%DB%8C%D9%BE%D8%A7%DA%A9%D8%B3+%D9%85%D9%86%D8%AA%D8%B8%D8%B1%DB%8C+%D8%A7%D8%B1%D9%88%D9%85%DB%8C%D9%87+%D8%AC%D8%AF%DB%8C%D8%AF%E2%80%AD/data=!4m7!3m6!1s0x4005537f5e97c8d9:0x8f9379da994a29a7!8m2!3d37.5567578!4d45.0708441!16s%2Fg%2F11pckjc683!19sChIJ2ciXXn9TBUARpylKmdp5k48?authuser=0&hl=en&rclk=1,2026-08-02T23:24:22.545894+00:00
688,google_maps,Tipax,تیپاکس منتظری ارومیه جدید,آذربایجان غربی,NULL,37.5567578,45.0708441,1.0,They don't answer the phone.,11 months ago,علی احمدی,NULL,NULL,NULL,https://www.google.com/maps/place/%D8%AA%DB%8C%D9%BE%D8%A7%DA%A9%D8%B3+%D9%85%D9%86%D8%AA%D8%B8%D8%B1%DB%8C+%D8%A7%D8%B1%D9%88%D9%85%DB%8C%D9%87+%D8%AC%D8%AF%DB%8C%D8%AF%E2%80%AD/data=!4m7!3m6!1s0x4005537f5e97c8d9:0x8f9379da994a29a7!8m2!3d37.5567578!4d45.0708441!16s%2Fg%2F11pckjc683!19sChIJ2ciXXn9TBUARpylKmdp5k48?authuser=0&hl=en&rclk=1,2026-08-02T23:24:22.545894+00:00
689,google_maps,Tipax,تیپاکس منتظری ارومیه جدید,آذربایجان غربی,NULL,37.5567578,45.0708441,5.0,Excellent,a year ago,Taha Traditional Hostel,NULL,NULL,NULL,https://www.google.com/maps/place/%D8%AA%DB%8C%D9%BE%D8%A7%DA%A9%D8%B3+%D9%85%D9%86%D8%AA%D8%B8%D8%B1%DB%8C+%D8%A7%D8%B1%D9%88%D9%85%DB%8C%D9%87+%D8%AC%D8%AF%DB%8C%D8%AF%E2%80%AD/data=!4m7!3m6!1s0x4005537f5e97c8d9:0x8f9379da994a29a7!8m2!3d37.5567578!4d45.0708441!16s%2Fg%2F11pckjc683!19sChIJ2ciXXn9TBUARpylKmdp5k48?authuser=0&hl=en&rclk=1,2026-08-02T23:24:22.545894+00:00
690,google_maps,Tipax,تیپاکس منتظری ارومیه جدید,آذربایجان غربی,NULL,37.5567578,45.0708441,1.0,Very bad.,8 months ago,sobhan abdolahi,NULL,NULL,NULL,https://www.google.com/maps/place/%D8%AA%DB%8C%D9%BE%D8%A7%DA%A9%D8%B3+%D9%85%D9%86%D8%AA%D8%B8%D8%B1%DB%8C+%D8%A7%D8%B1%D9%88%D9%85%DB%8C%D9%87+%D8%AC%D8%AF%DB%8C%D8%AF%E2%80%AD/data=!4m7!3m6!1s0x4005537f5e97c8d9:0x8f9379da994a29a7!8m2!3d37.5567578!4d45.0708441!16s%2Fg%2F11pckjc683!19sChIJ2ciXXn9TBUARpylKmdp5k48?authuser=0&hl=en&rclk=1,2026-08-02T23:24:22.545894+00:00
691,google_maps,Tipax,تیپاکس بوکان,آذربایجان غربی,NULL,36.5150651,46.2085979,2.0,"They are hardworking friends, but there is no specific location for their office, and they are stationed somewhere in the city every year, and usually the numbers are busy or the response is not fast. I hope the hardworking management of the collection will solve these big bugs in their collection, because as the market moves towards rapid movement, this issue is felt more and is needed.",4 years ago,Kamran Ghaderpour,NULL,NULL,NULL,https://www.google.com/maps/place/%D9%86%D9%85%D8%A7%DB%8C%D9%86%D8%AF%DA%AF%DB%8C+%D8%AA%DB%8C%D9%BE%D8%A7%DA%A9%D8%B3+%D8%A8%D9%88%DA%A9%D8%A7%D9%86%E2%80%AD/data=!4m7!3m6!1s0x400305e714ce052f:0x97e5e901daabca6d!8m2!3d36.5150651!4d46.2085979!16s%2Fg%2F11vb31mjwj!19sChIJLwXOFOcFA0ARbcqr2gHp5Zc?authuser=0&hl=en&rclk=1,2026-08-02T23:24:31.187197+00:00
692,google_maps,Tipax,تیپاکس بوکان,آذربایجان غربی,NULL,36.5150651,46.2085979,1.0,"The most ridiculous postal company I've ever seen. I suggest you don't do business at all. They were supposed to deliver the package within 48 hours, but it took 6 days. I wish there was a rating without stars.",5 years ago,Yousef Bahari,NULL,NULL,NULL,https://www.google.com/maps/place/%D9%86%D9%85%D8%A7%DB%8C%D9%86%D8%AF%DA%AF%DB%8C+%D8%AA%DB%8C%D9%BE%D8%A7%DA%A9%D8%B3+%D8%A8%D9%88%DA%A9%D8%A7%D9%86%E2%80%AD/data=!4m7!3m6!1s0x400305e714ce052f:0x97e5e901daabca6d!8m2!3d36.5150651!4d46.2085979!16s%2Fg%2F11vb31mjwj!19sChIJLwXOFOcFA0ARbcqr2gHp5Zc?authuser=0&hl=en&rclk=1,2026-08-02T23:24:31.187197+00:00
693,google_maps,Tipax,تیپاکس بوکان,آذربایجان غربی,NULL,36.5150651,46.2085979,1.0,"The most ridiculous branch in the entire West Azerbaijan province The branches in other cities like Saqqez, Mahabad, Baneh, and even Oshnavieh are open until 6 pm and receive parcels …",5 years ago,Alpha M,NULL,NULL,NULL,https://www.google.com/maps/place/%D9%86%D9%85%D8%A7%DB%8C%D9%86%D8%AF%DA%AF%DB%8C+%D8%AA%DB%8C%D9%BE%D8%A7%DA%A9%D8%B3+%D8%A8%D9%88%DA%A9%D8%A7%D9%86%E2%80%AD/data=!4m7!3m6!1s0x400305e714ce052f:0x97e5e901daabca6d!8m2!3d36.5150651!4d46.2085979!16s%2Fg%2F11vb31mjwj!19sChIJLwXOFOcFA0ARbcqr2gHp5Zc?authuser=0&hl=en&rclk=1,2026-08-02T23:24:31.187197+00:00
694,google_maps,Tipax,تیپاکس بوکان,آذربایجان غربی,NULL,36.5150651,46.2085979,1.0,"This is really one star too many. In short, this company really has no owner. No orders are processed, no calls are answered. It is not clear who is who here.",4 years ago,Arman,NULL,NULL,NULL,https://www.google.com/maps/place/%D9%86%D9%85%D8%A7%DB%8C%D9%86%D8%AF%DA%AF%DB%8C+%D8%AA%DB%8C%D9%BE%D8%A7%DA%A9%D8%B3+%D8%A8%D9%88%DA%A9%D8%A7%D9%86%E2%80%AD/data=!4m7!3m6!1s0x400305e714ce052f:0x97e5e901daabca6d!8m2!3d36.5150651!4d46.2085979!16s%2Fg%2F11vb31mjwj!19sChIJLwXOFOcFA0ARbcqr2gHp5Zc?authuser=0&hl=en&rclk=1,2026-08-02T23:24:31.187197+00:00
695,google_maps,Tipax,تیپاکس بوکان,آذربایجان غربی,NULL,36.5150651,46.2085979,2.0,"Unfortunately, they didn't bring the product to my door and even wanted to return it because I couldn't go get it.",4 years ago,Reza Mor,NULL,NULL,NULL,https://www.google.com/maps/place/%D9%86%D9%85%D8%A7%DB%8C%D9%86%D8%AF%DA%AF%DB%8C+%D8%AA%DB%8C%D9%BE%D8%A7%DA%A9%D8%B3+%D8%A8%D9%88%DA%A9%D8%A7%D9%86%E2%80%AD/data=!4m7!3m6!1s0x400305e714ce052f:0x97e5e901daabca6d!8m2!3d36.5150651!4d46.2085979!16s%2Fg%2F11vb31mjwj!19sChIJLwXOFOcFA0ARbcqr2gHp5Zc?authuser=0&hl=en&rclk=1,2026-08-02T23:24:31.187197+00:00
696,google_maps,Tipax,تیپاکس بوکان,آذربایجان غربی,NULL,36.5150651,46.2085979,1.0,They don't answer my calls and really slow when it comes to deliver something,2 years ago,Mehran Mohammadi,NULL,NULL,NULL,https://www.google.com/maps/place/%D9%86%D9%85%D8%A7%DB%8C%D9%86%D8%AF%DA%AF%DB%8C+%D8%AA%DB%8C%D9%BE%D8%A7%DA%A9%D8%B3+%D8%A8%D9%88%DA%A9%D8%A7%D9%86%E2%80%AD/data=!4m7!3m6!1s0x400305e714ce052f:0x97e5e901daabca6d!8m2!3d36.5150651!4d46.2085979!16s%2Fg%2F11vb31mjwj!19sChIJLwXOFOcFA0ARbcqr2gHp5Zc?authuser=0&hl=en&rclk=1,2026-08-02T23:24:31.187197+00:00
697,google_maps,Tipax,تیپاکس بوکان,آذربایجان غربی,NULL,36.5150651,46.2085979,1.0,"They don't answer at all, I call a hundred times, but no answer.",2 years ago,mohammad samadi,NULL,NULL,NULL,https://www.google.com/maps/place/%D9%86%D9%85%D8%A7%DB%8C%D9%86%D8%AF%DA%AF%DB%8C+%D8%AA%DB%8C%D9%BE%D8%A7%DA%A9%D8%B3+%D8%A8%D9%88%DA%A9%D8%A7%D9%86%E2%80%AD/data=!4m7!3m6!1s0x400305e714ce052f:0x97e5e901daabca6d!8m2!3d36.5150651!4d46.2085979!16s%2Fg%2F11vb31mjwj!19sChIJLwXOFOcFA0ARbcqr2gHp5Zc?authuser=0&hl=en&rclk=1,2026-08-02T23:24:31.187197+00:00
698,google_maps,Tipax,تیپاکس بوکان,آذربایجان غربی,NULL,36.5150651,46.2085979,1.0,It's better to order it by mail.,2 years ago,matin karashi,NULL,NULL,NULL,https://www.google.com/maps/place/%D9%86%D9%85%D8%A7%DB%8C%D9%86%D8%AF%DA%AF%DB%8C+%D8%AA%DB%8C%D9%BE%D8%A7%DA%A9%D8%B3+%D8%A8%D9%88%DA%A9%D8%A7%D9%86%E2%80%AD/data=!4m7!3m6!1s0x400305e714ce052f:0x97e5e901daabca6d!8m2!3d36.5150651!4d46.2085979!16s%2Fg%2F11vb31mjwj!19sChIJLwXOFOcFA0ARbcqr2gHp5Zc?authuser=0&hl=en&rclk=1,2026-08-02T23:24:31.187197+00:00
699,google_maps,Tipax,تیپاکس بوکان,آذربایجان غربی,NULL,36.5150651,46.2085979,1.0,"Nonsense, zero response.",5 years ago,Omid Rahmani,NULL,NULL,NULL,https://www.google.com/maps/place/%D9%86%D9%85%D8%A7%DB%8C%D9%86%D8%AF%DA%AF%DB%8C+%D8%AA%DB%8C%D9%BE%D8%A7%DA%A9%D8%B3+%D8%A8%D9%88%DA%A9%D8%A7%D9%86%E2%80%AD/data=!4m7!3m6!1s0x400305e714ce052f:0x97e5e901daabca6d!8m2!3d36.5150651!4d46.2085979!16s%2Fg%2F11vb31mjwj!19sChIJLwXOFOcFA0ARbcqr2gHp5Zc?authuser=0&hl=en&rclk=1,2026-08-02T23:24:31.187197+00:00
700,google_maps,Tipax,تیپاکس بوکان,آذربایجان غربی,NULL,36.5150651,46.2085979,1.0,Bad manners,9 months ago,Ali Esmaeili,NULL,NULL,NULL,https://www.google.com/maps/place/%D9%86%D9%85%D8%A7%DB%8C%D9%86%D8%AF%DA%AF%DB%8C+%D8%AA%DB%8C%D9%BE%D8%A7%DA%A9%D8%B3+%D8%A8%D9%88%DA%A9%D8%A7%D9%86%E2%80%AD/data=!4m7!3m6!1s0x400305e714ce052f:0x97e5e901daabca6d!8m2!3d36.5150651!4d46.2085979!16s%2Fg%2F11vb31mjwj!19sChIJLwXOFOcFA0ARbcqr2gHp5Zc?authuser=0&hl=en&rclk=1,2026-08-02T23:24:31.187197+00:00
701,google_maps,Tipax,تیپاکس تکاب آذربایجان غربی,آذربایجان غربی,NULL,36.3997125,47.1120781,4.0,Excellent quality and customer service,4 years ago,کارخانه تولید موزاییک پلیمری سعید بشاش,NULL,NULL,NULL,https://www.google.com/maps/place/%D9%86%D9%85%D8%A7%DB%8C%D9%86%D8%AF%DA%AF%DB%8C+%D8%AA%DB%8C%D9%BE%D8%A7%DA%A9%D8%B3+%D8%AA%DA%A9%D8%A7%D8%A8+%D8%A2%D8%B0%D8%B1%D8%A8%D8%A7%DB%8C%D8%AC%D8%A7%D9%86+%D8%BA%D8%B1%D8%A8%DB%8C%E2%80%AD/data=!4m7!3m6!1s0x4002bb64810f2285:0x598c696d0607ddd6!8m2!3d36.3997125!4d47.1120781!16s%2Fg%2F11n18x3sf_!19sChIJhSIPgWS7AkAR1t0HBm1pjFk?authuser=0&hl=en&rclk=1,2026-08-02T23:24:39.712725+00:00
702,google_maps,Tipax,تیپاکس مایسا,آذربایجان غربی,NULL,36.9787353,46.104049,5.0,Excellent,7 months ago,Ruhollah,NULL,NULL,NULL,https://www.google.com/maps/place/%D8%AA%DB%8C%D9%BE%D8%A7%DA%A9%D8%B3+%D9%85%D8%A7%DB%8C%D8%B3%D8%A7%E2%80%AD/data=!4m7!3m6!1s0x4004a9004d65692d:0x79fa83d55938f694!8m2!3d36.9787353!4d46.104049!16s%2Fg%2F11yr2_w2_0!19sChIJLWllTQCpBEARlPY4WdWD-nk?authuser=0&hl=en&rclk=1,2026-08-02T23:24:56.759626+00:00
703,google_maps,Tipax,تیپاکس باهنر,آذربایجان غربی,NULL,37.5529227,45.0470663,1.0,I haven't left the house in a week. They don't answer my phone when I text them.,a year ago,ta gh,NULL,NULL,NULL,https://www.google.com/maps/place/%D9%86%D9%85%D8%A7%DB%8C%D9%86%D8%AF%DA%AF%DB%8C+%D8%AA%DB%8C%D9%BE%D8%A7%DA%A9%D8%B3+%D8%A8%D8%A7%D9%87%D9%86%D8%B1%E2%80%AD/data=!4m7!3m6!1s0x40055394bea51edd:0x32c226732bf38a67!8m2!3d37.5529227!4d45.0470663!16s%2Fg%2F11p0w7zsm5!19sChIJ3R6lvpRTBUARZ4rzK3MmwjI?authuser=0&hl=en&rclk=1,2026-08-02T23:25:20.888674+00:00
704,google_maps,Tipax,تیپاکس باهنر,آذربایجان غربی,NULL,37.5529227,45.0470663,1.0,"They say you have to come pick up any package, but they don't answer my phone.",3 years ago,Omid Slk,NULL,NULL,NULL,https://www.google.com/maps/place/%D9%86%D9%85%D8%A7%DB%8C%D9%86%D8%AF%DA%AF%DB%8C+%D8%AA%DB%8C%D9%BE%D8%A7%DA%A9%D8%B3+%D8%A8%D8%A7%D9%87%D9%86%D8%B1%E2%80%AD/data=!4m7!3m6!1s0x40055394bea51edd:0x32c226732bf38a67!8m2!3d37.5529227!4d45.0470663!16s%2Fg%2F11p0w7zsm5!19sChIJ3R6lvpRTBUARZ4rzK3MmwjI?authuser=0&hl=en&rclk=1,2026-08-02T23:25:20.888674+00:00
705,google_maps,Tipax,تیپاکس باهنر,آذربایجان غربی,NULL,37.5529227,45.0470663,1.0,They charged me extra money for postage.,3 years ago,Peter,NULL,NULL,NULL,https://www.google.com/maps/place/%D9%86%D9%85%D8%A7%DB%8C%D9%86%D8%AF%DA%AF%DB%8C+%D8%AA%DB%8C%D9%BE%D8%A7%DA%A9%D8%B3+%D8%A8%D8%A7%D9%87%D9%86%D8%B1%E2%80%AD/data=!4m7!3m6!1s0x40055394bea51edd:0x32c226732bf38a67!8m2!3d37.5529227!4d45.0470663!16s%2Fg%2F11p0w7zsm5!19sChIJ3R6lvpRTBUARZ4rzK3MmwjI?authuser=0&hl=en&rclk=1,2026-08-02T23:25:20.888674+00:00
706,google_maps,Tipax,تیپاکس باهنر,آذربایجان غربی,NULL,37.5529227,45.0470663,1.0,Irresponsible,3 years ago,Smaiel Alizadeh,NULL,NULL,NULL,https://www.google.com/maps/place/%D9%86%D9%85%D8%A7%DB%8C%D9%86%D8%AF%DA%AF%DB%8C+%D8%AA%DB%8C%D9%BE%D8%A7%DA%A9%D8%B3+%D8%A8%D8%A7%D9%87%D9%86%D8%B1%E2%80%AD/data=!4m7!3m6!1s0x40055394bea51edd:0x32c226732bf38a67!8m2!3d37.5529227!4d45.0470663!16s%2Fg%2F11p0w7zsm5!19sChIJ3R6lvpRTBUARZ4rzK3MmwjI?authuser=0&hl=en&rclk=1,2026-08-02T23:25:20.888674+00:00
707,google_maps,Tipax,تیپاکس - پیرانشهر,آذربایجان غربی,ایرانشهر,36.7025889,45.1410388,1.0,"Whenever I tried to send a package through Tipax, they always gave me some ridiculous reason not to deliver the package, and every time I received a package, they always tried to charge me more than the amount.",2 years ago,rezan Seyedamini,NULL,NULL,NULL,https://www.google.com/maps/place/%D8%AA%DB%8C%D9%BE%D8%A7%DA%A9%D8%B3+-+%D8%B4%D8%B9%D8%A8%D9%87+%D9%BE%DB%8C%D8%B1%D8%A7%D9%86%D8%B4%D9%87%D8%B1%E2%80%AD/data=!4m7!3m6!1s0x40046c09f0371265:0xdb0723d8c8f6a76e!8m2!3d36.7025889!4d45.1410388!16s%2Fg%2F11dxs0ppwn!19sChIJZRI38AlsBEARbqf2yNgjB9s?authuser=0&hl=en&rclk=1,2026-08-02T23:25:29.797992+00:00
708,google_maps,Tipax,تیپاکس - پیرانشهر,آذربایجان غربی,ایرانشهر,36.7025889,45.1410388,5.0,"The most luxurious chairs in Iran's furniture, beautiful and stylish decor, and the sale of the National Akband electric chair, be sure to visit🤩 @korsi.yalda @korsi.yalda @korsi.yalda",4 years ago,Khalil Jabbari,NULL,NULL,NULL,https://www.google.com/maps/place/%D8%AA%DB%8C%D9%BE%D8%A7%DA%A9%D8%B3+-+%D8%B4%D8%B9%D8%A8%D9%87+%D9%BE%DB%8C%D8%B1%D8%A7%D9%86%D8%B4%D9%87%D8%B1%E2%80%AD/data=!4m7!3m6!1s0x40046c09f0371265:0xdb0723d8c8f6a76e!8m2!3d36.7025889!4d45.1410388!16s%2Fg%2F11dxs0ppwn!19sChIJZRI38AlsBEARbqf2yNgjB9s?authuser=0&hl=en&rclk=1,2026-08-02T23:25:29.797992+00:00
709,google_maps,Tipax,تیپاکس - پیرانشهر,آذربایجان غربی,ایرانشهر,36.7025889,45.1410388,5.0,Mr. Parse is very respectful and responsive.,a year ago,Omid Ahmadyani,NULL,NULL,NULL,https://www.google.com/maps/place/%D8%AA%DB%8C%D9%BE%D8%A7%DA%A9%D8%B3+-+%D8%B4%D8%B9%D8%A8%D9%87+%D9%BE%DB%8C%D8%B1%D8%A7%D9%86%D8%B4%D9%87%D8%B1%E2%80%AD/data=!4m7!3m6!1s0x40046c09f0371265:0xdb0723d8c8f6a76e!8m2!3d36.7025889!4d45.1410388!16s%2Fg%2F11dxs0ppwn!19sChIJZRI38AlsBEARbqf2yNgjB9s?authuser=0&hl=en&rclk=1,2026-08-02T23:25:29.797992+00:00
710,google_maps,Tipax,تیپاکس سلماس,آذربایجان غربی,سلماس,38.206642,44.7674921,5.0,"Safe and without the slightest problem during the delivery of postal items, 🙂 …",2 years ago,Mehdi Hossenzadeh,NULL,NULL,NULL,https://www.google.com/maps/place/%D8%AA%DB%8C%D9%BE%D8%A7%DA%A9%D8%B3+%D8%B3%D9%84%D9%85%D8%A7%D8%B3%E2%80%AD/data=!4m7!3m6!1s0x4011af8c2097614b:0xcb0b6a4e2ab68094!8m2!3d38.206642!4d44.7674921!16s%2Fg%2F11mvtt4636!19sChIJS2GXIIyvEUARlIC2Kk5qC8s?authuser=0&hl=en&rclk=1,2026-08-02T23:25:38.323177+00:00
711,google_maps,Tipax,تیپاکس سلماس,آذربایجان غربی,سلماس,38.206642,44.7674921,5.0,"They have a good, young team, friendly and polite.",2 years ago,Majid Lotfi,NULL,NULL,NULL,https://www.google.com/maps/place/%D8%AA%DB%8C%D9%BE%D8%A7%DA%A9%D8%B3+%D8%B3%D9%84%D9%85%D8%A7%D8%B3%E2%80%AD/data=!4m7!3m6!1s0x4011af8c2097614b:0xcb0b6a4e2ab68094!8m2!3d38.206642!4d44.7674921!16s%2Fg%2F11mvtt4636!19sChIJS2GXIIyvEUARlIC2Kk5qC8s?authuser=0&hl=en&rclk=1,2026-08-02T23:25:38.323177+00:00
712,google_maps,Tipax,تیپاکس سلماس,آذربایجان غربی,سلماس,38.206642,44.7674921,5.0,👍🏻 …,2 years ago,Hadi emami,NULL,NULL,NULL,https://www.google.com/maps/place/%D8%AA%DB%8C%D9%BE%D8%A7%DA%A9%D8%B3+%D8%B3%D9%84%D9%85%D8%A7%D8%B3%E2%80%AD/data=!4m7!3m6!1s0x4011af8c2097614b:0xcb0b6a4e2ab68094!8m2!3d38.206642!4d44.7674921!16s%2Fg%2F11mvtt4636!19sChIJS2GXIIyvEUARlIC2Kk5qC8s?authuser=0&hl=en&rclk=1,2026-08-02T23:25:38.323177+00:00
713,google_maps,Tipax,تیپاکس نقده,آذربایجان غربی,NULL,36.953204,45.3851877,1.0,"They don't answer the phone at all, they're never there.",2 years ago,په یمان داود,NULL,NULL,NULL,https://www.google.com/maps/place/%D8%AA%DB%8C%D9%BE%D8%A7%DA%A9%D8%B3+%D8%B4%D8%B9%D8%A8%D9%87+%D9%86%D9%82%D8%AF%D9%87%E2%80%AD/data=!4m7!3m6!1s0x4004f3682b8307f9:0x80c9a2e23c6251eb!8m2!3d36.953204!4d45.3851877!16s%2Fg%2F11j5zhgmj8!19sChIJ-QeDK2jzBEAR61FiPOKiyYA?authuser=0&hl=en&rclk=1,2026-08-02T23:25:46.866169+00:00
714,google_maps,Tipax,تیپاکس نقده,آذربایجان غربی,NULL,36.953204,45.3851877,5.0,Excellent,2 years ago,Masoud Lord,NULL,NULL,NULL,https://www.google.com/maps/place/%D8%AA%DB%8C%D9%BE%D8%A7%DA%A9%D8%B3+%D8%B4%D8%B9%D8%A8%D9%87+%D9%86%D9%82%D8%AF%D9%87%E2%80%AD/data=!4m7!3m6!1s0x4004f3682b8307f9:0x80c9a2e23c6251eb!8m2!3d36.953204!4d45.3851877!16s%2Fg%2F11j5zhgmj8!19sChIJ-QeDK2jzBEAR61FiPOKiyYA?authuser=0&hl=en&rclk=1,2026-08-02T23:25:46.866169+00:00
715,google_maps,Tipax,تیپاکس مهاباد مرکزی _ شاهی جان,آذربایجان غربی,NULL,36.7757143,45.724221,1.0,"The busiest Tipax center is Mahabad Shahi Jane. They have no ethics, no accountability, no customer service. I don't know why there is no supervision like this.",a year ago,Hamidreza Karimi,NULL,NULL,NULL,https://www.google.com/maps/place/%D8%AA%DB%8C%D9%BE%D8%A7%DA%A9%D8%B3+%D9%85%D9%87%D8%A7%D8%A8%D8%A7%D8%AF+%D8%B4%D8%B9%D8%A8%D9%87+%D9%85%D8%B1%DA%A9%D8%B2%DB%8C+_+%D8%B4%D8%A7%D9%87%DB%8C+%D8%AC%D8%A7%D9%86%E2%80%AD/data=!4m7!3m6!1s0x400483154c1f8d33:0xf0019f621cc7cd3f!8m2!3d36.7757143!4d45.724221!16s%2Fg%2F11lkyxwf9l!19sChIJM40fTBWDBEARP83HHGKfAfA?authuser=0&hl=en&rclk=1,2026-08-02T23:26:04.042548+00:00
716,google_maps,Tipax,تیپاکس مهاباد مرکزی _ شاهی جان,آذربایجان غربی,NULL,36.7757143,45.724221,1.0,Too bad they don't answer at all.,5 months ago,Mohammad Asadi,NULL,NULL,NULL,https://www.google.com/maps/place/%D8%AA%DB%8C%D9%BE%D8%A7%DA%A9%D8%B3+%D9%85%D9%87%D8%A7%D8%A8%D8%A7%D8%AF+%D8%B4%D8%B9%D8%A8%D9%87+%D9%85%D8%B1%DA%A9%D8%B2%DB%8C+_+%D8%B4%D8%A7%D9%87%DB%8C+%D8%AC%D8%A7%D9%86%E2%80%AD/data=!4m7!3m6!1s0x400483154c1f8d33:0xf0019f621cc7cd3f!8m2!3d36.7757143!4d45.724221!16s%2Fg%2F11lkyxwf9l!19sChIJM40fTBWDBEARP83HHGKfAfA?authuser=0&hl=en&rclk=1,2026-08-02T23:26:04.042548+00:00
717,google_maps,Tipax,تیپاکس مهاباد مرکزی _ شاهی جان,آذربایجان غربی,NULL,36.7757143,45.724221,1.0,They don't answer at all.,2 years ago,دیاکو ملاویسه,NULL,NULL,NULL,https://www.google.com/maps/place/%D8%AA%DB%8C%D9%BE%D8%A7%DA%A9%D8%B3+%D9%85%D9%87%D8%A7%D8%A8%D8%A7%D8%AF+%D8%B4%D8%B9%D8%A8%D9%87+%D9%85%D8%B1%DA%A9%D8%B2%DB%8C+_+%D8%B4%D8%A7%D9%87%DB%8C+%D8%AC%D8%A7%D9%86%E2%80%AD/data=!4m7!3m6!1s0x400483154c1f8d33:0xf0019f621cc7cd3f!8m2!3d36.7757143!4d45.724221!16s%2Fg%2F11lkyxwf9l!19sChIJM40fTBWDBEARP83HHGKfAfA?authuser=0&hl=en&rclk=1,2026-08-02T23:26:04.042548+00:00
718,google_maps,Tipax,تیپاکس مهاباد مرکزی _ شاهی جان,آذربایجان غربی,NULL,36.7757143,45.724221,5.0,Khoshman Dehvi,5 years ago,Saman Mahmoudi,NULL,NULL,NULL,https://www.google.com/maps/place/%D8%AA%DB%8C%D9%BE%D8%A7%DA%A9%D8%B3+%D9%85%D9%87%D8%A7%D8%A8%D8%A7%D8%AF+%D8%B4%D8%B9%D8%A8%D9%87+%D9%85%D8%B1%DA%A9%D8%B2%DB%8C+_+%D8%B4%D8%A7%D9%87%DB%8C+%D8%AC%D8%A7%D9%86%E2%80%AD/data=!4m7!3m6!1s0x400483154c1f8d33:0xf0019f621cc7cd3f!8m2!3d36.7757143!4d45.724221!16s%2Fg%2F11lkyxwf9l!19sChIJM40fTBWDBEARP83HHGKfAfA?authuser=0&hl=en&rclk=1,2026-08-02T23:26:04.042548+00:00
719,google_maps,Tipax,تیپاکس سردشت,آذربایجان غربی,خمین,36.154325,45.481548,1.0,The most disgusting and unscrupulous postal company on earth is Tipax. I've been stuck there for a month and they don't offer shipping. It's useless. Don't send anything from there. The post office is a thousand times more honorable than this.,6 years ago,aso esmahili,NULL,NULL,NULL,https://www.google.com/maps/place/%D8%AA%DB%8C%D9%BE%D8%A7%DA%A9%D8%B3+%D8%B3%D8%B1%D8%AF%D8%B4%D8%AA%E2%80%AD/data=!4m7!3m6!1s0x40017dc20f75a5b7:0x56227c99b9ae291c!8m2!3d36.154325!4d45.481548!16s%2Fg%2F11h7bc33qg!19sChIJt6V1D8J9AUARHCmuuZl8IlY?authuser=0&hl=en&rclk=1,2026-08-02T23:26:12.629691+00:00
720,google_maps,Tipax,تیپاکس سردشت,آذربایجان غربی,خمین,36.154325,45.481548,5.0,"Respectful, fast and kind Thank you",3 years ago,Parya Ehsanfar,NULL,NULL,NULL,https://www.google.com/maps/place/%D8%AA%DB%8C%D9%BE%D8%A7%DA%A9%D8%B3+%D8%B3%D8%B1%D8%AF%D8%B4%D8%AA%E2%80%AD/data=!4m7!3m6!1s0x40017dc20f75a5b7:0x56227c99b9ae291c!8m2!3d36.154325!4d45.481548!16s%2Fg%2F11h7bc33qg!19sChIJt6V1D8J9AUARHCmuuZl8IlY?authuser=0&hl=en&rclk=1,2026-08-02T23:26:12.629691+00:00
721,google_maps,Tipax,تیپاکس سردشت,آذربایجان غربی,خمین,36.154325,45.481548,1.0,Very bad,4 years ago,anjooman sardasht,NULL,NULL,NULL,https://www.google.com/maps/place/%D8%AA%DB%8C%D9%BE%D8%A7%DA%A9%D8%B3+%D8%B3%D8%B1%D8%AF%D8%B4%D8%AA%E2%80%AD/data=!4m7!3m6!1s0x40017dc20f75a5b7:0x56227c99b9ae291c!8m2!3d36.154325!4d45.481548!16s%2Fg%2F11h7bc33qg!19sChIJt6V1D8J9AUARHCmuuZl8IlY?authuser=0&hl=en&rclk=1,2026-08-02T23:26:12.629691+00:00
722,google_maps,Tipax,تیپاکس اشنویه,آذربایجان غربی,NULL,37.0436141,45.0929823,1.0,"This is my second very bad experience with the Oshnavieh agency. Once my package was lost, another time it was delivered broken, and although I followed up, no compensation was paid. Despite the claim of fast delivery, in my personal experience it has taken longer than even the government post, and this statement has not been practically true. Calling a single call in the middle of the day and then sending a text message stating that the call was not answered and going to the agency yourself to deliver the package when they do not respond after the text message is truly shameless behavior.",5 months ago,Abra,NULL,NULL,NULL,https://www.google.com/maps/place/%D8%AA%DB%8C%D9%BE%D8%A7%DA%A9%D8%B3+%D8%A7%D8%B4%D9%86%D9%88%DB%8C%D9%87%E2%80%AD/data=!4m7!3m6!1s0x4004fdfca5829297:0x20ce7fd2e40c8463!8m2!3d37.0436141!4d45.0929823!16s%2Fg%2F11h890tnj_!19sChIJl5KCpfz9BEARY4QM5NJ_ziA?authuser=0&hl=en&rclk=1,2026-08-02T23:26:21.187677+00:00
723,google_maps,Tipax,تیپاکس اشنویه,آذربایجان غربی,NULL,37.0436141,45.0929823,5.0,Innovation is always the best.,6 years ago,h o s s e i n A z a r p o o r,NULL,NULL,NULL,https://www.google.com/maps/place/%D8%AA%DB%8C%D9%BE%D8%A7%DA%A9%D8%B3+%D8%A7%D8%B4%D9%86%D9%88%DB%8C%D9%87%E2%80%AD/data=!4m7!3m6!1s0x4004fdfca5829297:0x20ce7fd2e40c8463!8m2!3d37.0436141!4d45.0929823!16s%2Fg%2F11h890tnj_!19sChIJl5KCpfz9BEARY4QM5NJ_ziA?authuser=0&hl=en&rclk=1,2026-08-02T23:26:21.187677+00:00
724,google_maps,Tipax,تیپاکس ملکان,آذربایجان شرقی,ری,37.1432052,46.1089506,5.0,"I would like to thank Ms. Mahmoudi, one of the most polite and friendly Tipaxes in the region. I would also like to thank the staff for their efforts in this exemplary company in our city. 💜💜💜💜💜💜 …",9 months ago,رسول ابراهیمی,NULL,NULL,NULL,https://www.google.com/maps/place/%D9%86%D9%85%D8%A7%DB%8C%D9%86%D8%AF%DA%AF%DB%8C+%D8%AA%DB%8C%D9%BE%D8%A7%DA%A9%D8%B3+%D9%85%D9%84%DA%A9%D8%A7%D9%86%E2%80%AD/data=!4m7!3m6!1s0x401b4f87a26c1b99:0x30ad5474243604d8!8m2!3d37.1432052!4d46.1089506!16s%2Fg%2F11fjvwft1y!19sChIJmRtsoodPG0AR2AQ2JHRUrTA?authuser=0&hl=en&rclk=1,2026-08-02T23:26:38.400679+00:00
725,google_maps,Tipax,تیپاکس ملکان,آذربایجان شرقی,ری,37.1432052,46.1089506,1.0,They were not responsive at all.,6 years ago,فراز گستر,NULL,NULL,NULL,https://www.google.com/maps/place/%D9%86%D9%85%D8%A7%DB%8C%D9%86%D8%AF%DA%AF%DB%8C+%D8%AA%DB%8C%D9%BE%D8%A7%DA%A9%D8%B3+%D9%85%D9%84%DA%A9%D8%A7%D9%86%E2%80%AD/data=!4m7!3m6!1s0x401b4f87a26c1b99:0x30ad5474243604d8!8m2!3d37.1432052!4d46.1089506!16s%2Fg%2F11fjvwft1y!19sChIJmRtsoodPG0AR2AQ2JHRUrTA?authuser=0&hl=en&rclk=1,2026-08-02T23:26:38.400679+00:00
726,google_maps,Tipax,تیپاکس ملکان,آذربایجان شرقی,ری,37.1432052,46.1089506,5.0,Excellent,7 months ago,Jafar Shaker,NULL,NULL,NULL,https://www.google.com/maps/place/%D9%86%D9%85%D8%A7%DB%8C%D9%86%D8%AF%DA%AF%DB%8C+%D8%AA%DB%8C%D9%BE%D8%A7%DA%A9%D8%B3+%D9%85%D9%84%DA%A9%D8%A7%D9%86%E2%80%AD/data=!4m7!3m6!1s0x401b4f87a26c1b99:0x30ad5474243604d8!8m2!3d37.1432052!4d46.1089506!16s%2Fg%2F11fjvwft1y!19sChIJmRtsoodPG0AR2AQ2JHRUrTA?authuser=0&hl=en&rclk=1,2026-08-02T23:26:38.400679+00:00
727,google_maps,Tipax,تیپاکس ملکان,آذربایجان شرقی,ری,37.1432052,46.1089506,5.0,Good,4 years ago,parsa wolf,NULL,NULL,NULL,https://www.google.com/maps/place/%D9%86%D9%85%D8%A7%DB%8C%D9%86%D8%AF%DA%AF%DB%8C+%D8%AA%DB%8C%D9%BE%D8%A7%DA%A9%D8%B3+%D9%85%D9%84%DA%A9%D8%A7%D9%86%E2%80%AD/data=!4m7!3m6!1s0x401b4f87a26c1b99:0x30ad5474243604d8!8m2!3d37.1432052!4d46.1089506!16s%2Fg%2F11fjvwft1y!19sChIJmRtsoodPG0AR2AQ2JHRUrTA?authuser=0&hl=en&rclk=1,2026-08-02T23:26:38.400679+00:00
728,google_maps,Tipax,تیپاکس صفائیه یزد,یزد,NULL,31.8453382,54.3839205,1.0,Tipax service quality in Yazd is terrible. Two orders that were sent simultaneously by regular mail and Tipax from Tehran arrived three days ago. Tipax has not arrived yet. The agents do not answer the phone. They also say in person that the delivery agent will contact you! The package arrived in three days. The delivery agent's hand!!!!!!????,a year ago,Reza Mirjalili,NULL,NULL,NULL,https://www.google.com/maps/place/%D9%86%D9%85%D8%A7%DB%8C%D9%86%D8%AF%DA%AF%DB%8C+%D8%AA%DB%8C%D9%BE%D8%A7%DA%A9%D8%B3+%D8%B5%D9%81%D8%A7%D8%A6%DB%8C%D9%87+%DB%8C%D8%B2%D8%AF%E2%80%AD/data=!4m7!3m6!1s0x3fa61fe690206a51:0xb3247c0316ddc70a!8m2!3d31.8453382!4d54.3839205!16s%2Fg%2F11qgy64b5r!19sChIJUWogkOYfpj8RCsfdFgN8JLM?authuser=0&hl=en&rclk=1,2026-08-02T23:27:46.025949+00:00
729,google_maps,Tipax,تیپاکس صفائیه یزد,یزد,NULL,31.8453382,54.3839205,1.0,"The most useless and irresponsible post office in Iran. You have to pay postage, but in the end, in order for your package to reach its destination, they tell you to take a snap and come pick up your package, take it to its destination, and deliver it. Only if you are very lucky and they answer the phone!",a year ago,Sara Nakhae Moghadam,NULL,NULL,NULL,https://www.google.com/maps/place/%D9%86%D9%85%D8%A7%DB%8C%D9%86%D8%AF%DA%AF%DB%8C+%D8%AA%DB%8C%D9%BE%D8%A7%DA%A9%D8%B3+%D8%B5%D9%81%D8%A7%D8%A6%DB%8C%D9%87+%DB%8C%D8%B2%D8%AF%E2%80%AD/data=!4m7!3m6!1s0x3fa61fe690206a51:0xb3247c0316ddc70a!8m2!3d31.8453382!4d54.3839205!16s%2Fg%2F11qgy64b5r!19sChIJUWogkOYfpj8RCsfdFgN8JLM?authuser=0&hl=en&rclk=1,2026-08-02T23:27:46.025949+00:00
730,google_maps,Tipax,تیپاکس صفائیه یزد,یزد,NULL,31.8453382,54.3839205,1.0,"They sent me a package from Tehran with a lot of requests from the company. Tipax called me several times. When I called them, they said come and pick it up. When I went, they said we should send it to the company, even though they hadn't sent it yet.",2 years ago,غلامرضا صادقیان,NULL,NULL,NULL,https://www.google.com/maps/place/%D9%86%D9%85%D8%A7%DB%8C%D9%86%D8%AF%DA%AF%DB%8C+%D8%AA%DB%8C%D9%BE%D8%A7%DA%A9%D8%B3+%D8%B5%D9%81%D8%A7%D8%A6%DB%8C%D9%87+%DB%8C%D8%B2%D8%AF%E2%80%AD/data=!4m7!3m6!1s0x3fa61fe690206a51:0xb3247c0316ddc70a!8m2!3d31.8453382!4d54.3839205!16s%2Fg%2F11qgy64b5r!19sChIJUWogkOYfpj8RCsfdFgN8JLM?authuser=0&hl=en&rclk=1,2026-08-02T23:27:46.025949+00:00
731,google_maps,Tipax,تیپاکس صفائیه یزد,یزد,NULL,31.8453382,54.3839205,1.0,"This is one of the most disorganized and irresponsible branches of Tipax!!! I wish Tipax would supervise this branch!! They should be open on the 5th of April, but they don't seem to be!!!",a year ago,Abolfazl Ghannad,NULL,NULL,NULL,https://www.google.com/maps/place/%D9%86%D9%85%D8%A7%DB%8C%D9%86%D8%AF%DA%AF%DB%8C+%D8%AA%DB%8C%D9%BE%D8%A7%DA%A9%D8%B3+%D8%B5%D9%81%D8%A7%D8%A6%DB%8C%D9%87+%DB%8C%D8%B2%D8%AF%E2%80%AD/data=!4m7!3m6!1s0x3fa61fe690206a51:0xb3247c0316ddc70a!8m2!3d31.8453382!4d54.3839205!16s%2Fg%2F11qgy64b5r!19sChIJUWogkOYfpj8RCsfdFgN8JLM?authuser=0&hl=en&rclk=1,2026-08-02T23:27:46.025949+00:00
732,google_maps,Tipax,تیپاکس صفائیه یزد,یزد,NULL,31.8453382,54.3839205,1.0,"Without specifying the Yazd provincial office, the phone is never answered. Friends, please do not deliver to Pasdar Boulevard, otherwise all the belongings will be stolen.",a year ago,Behnam,NULL,NULL,NULL,https://www.google.com/maps/place/%D9%86%D9%85%D8%A7%DB%8C%D9%86%D8%AF%DA%AF%DB%8C+%D8%AA%DB%8C%D9%BE%D8%A7%DA%A9%D8%B3+%D8%B5%D9%81%D8%A7%D8%A6%DB%8C%D9%87+%DB%8C%D8%B2%D8%AF%E2%80%AD/data=!4m7!3m6!1s0x3fa61fe690206a51:0xb3247c0316ddc70a!8m2!3d31.8453382!4d54.3839205!16s%2Fg%2F11qgy64b5r!19sChIJUWogkOYfpj8RCsfdFgN8JLM?authuser=0&hl=en&rclk=1,2026-08-02T23:27:46.025949+00:00
733,google_maps,Tipax,تیپاکس صفائیه یزد,یزد,NULL,31.8453382,54.3839205,1.0,"Failure to deliver the shipment and failure to contact the recipient's address for delivery, and failure to respond or answer the phone.",2 years ago,منصور پارسی پور,NULL,NULL,NULL,https://www.google.com/maps/place/%D9%86%D9%85%D8%A7%DB%8C%D9%86%D8%AF%DA%AF%DB%8C+%D8%AA%DB%8C%D9%BE%D8%A7%DA%A9%D8%B3+%D8%B5%D9%81%D8%A7%D8%A6%DB%8C%D9%87+%DB%8C%D8%B2%D8%AF%E2%80%AD/data=!4m7!3m6!1s0x3fa61fe690206a51:0xb3247c0316ddc70a!8m2!3d31.8453382!4d54.3839205!16s%2Fg%2F11qgy64b5r!19sChIJUWogkOYfpj8RCsfdFgN8JLM?authuser=0&hl=en&rclk=1,2026-08-02T23:27:46.025949+00:00
734,google_maps,Tipax,تیپاکس صفائیه یزد,یزد,NULL,31.8453382,54.3839205,1.0,"It's awful that you charge so much money, and in the end we have to go and get our package ourselves, you're going to lock the door.",2 years ago,Maryam Habibollahi,NULL,NULL,NULL,https://www.google.com/maps/place/%D9%86%D9%85%D8%A7%DB%8C%D9%86%D8%AF%DA%AF%DB%8C+%D8%AA%DB%8C%D9%BE%D8%A7%DA%A9%D8%B3+%D8%B5%D9%81%D8%A7%D8%A6%DB%8C%D9%87+%DB%8C%D8%B2%D8%AF%E2%80%AD/data=!4m7!3m6!1s0x3fa61fe690206a51:0xb3247c0316ddc70a!8m2!3d31.8453382!4d54.3839205!16s%2Fg%2F11qgy64b5r!19sChIJUWogkOYfpj8RCsfdFgN8JLM?authuser=0&hl=en&rclk=1,2026-08-02T23:27:46.025949+00:00
735,google_maps,Tipax,تیپاکس صفائیه یزد,یزد,NULL,31.8453382,54.3839205,1.0,"Tipax Safaiyeh is useless, they charge so much money, then you have to go look for a remedy.",a year ago,Maky Seahi,NULL,NULL,NULL,https://www.google.com/maps/place/%D9%86%D9%85%D8%A7%DB%8C%D9%86%D8%AF%DA%AF%DB%8C+%D8%AA%DB%8C%D9%BE%D8%A7%DA%A9%D8%B3+%D8%B5%D9%81%D8%A7%D8%A6%DB%8C%D9%87+%DB%8C%D8%B2%D8%AF%E2%80%AD/data=!4m7!3m6!1s0x3fa61fe690206a51:0xb3247c0316ddc70a!8m2!3d31.8453382!4d54.3839205!16s%2Fg%2F11qgy64b5r!19sChIJUWogkOYfpj8RCsfdFgN8JLM?authuser=0&hl=en&rclk=1,2026-08-02T23:27:46.025949+00:00
736,google_maps,Tipax,تیپاکس صفائیه یزد,یزد,NULL,31.8453382,54.3839205,1.0,Literally awful What promise of receiving the package? Wednesday sent from Tehran …,3 years ago,sami majidi,NULL,NULL,NULL,https://www.google.com/maps/place/%D9%86%D9%85%D8%A7%DB%8C%D9%86%D8%AF%DA%AF%DB%8C+%D8%AA%DB%8C%D9%BE%D8%A7%DA%A9%D8%B3+%D8%B5%D9%81%D8%A7%D8%A6%DB%8C%D9%87+%DB%8C%D8%B2%D8%AF%E2%80%AD/data=!4m7!3m6!1s0x3fa61fe690206a51:0xb3247c0316ddc70a!8m2!3d31.8453382!4d54.3839205!16s%2Fg%2F11qgy64b5r!19sChIJUWogkOYfpj8RCsfdFgN8JLM?authuser=0&hl=en&rclk=1,2026-08-02T23:27:46.025949+00:00
737,google_maps,Tipax,تیپاکس صفائیه یزد,یزد,NULL,31.8453382,54.3839205,1.0,Ridiculous branch... seal the door.,a year ago,نسرین امیری,NULL,NULL,NULL,https://www.google.com/maps/place/%D9%86%D9%85%D8%A7%DB%8C%D9%86%D8%AF%DA%AF%DB%8C+%D8%AA%DB%8C%D9%BE%D8%A7%DA%A9%D8%B3+%D8%B5%D9%81%D8%A7%D8%A6%DB%8C%D9%87+%DB%8C%D8%B2%D8%AF%E2%80%AD/data=!4m7!3m6!1s0x3fa61fe690206a51:0xb3247c0316ddc70a!8m2!3d31.8453382!4d54.3839205!16s%2Fg%2F11qgy64b5r!19sChIJUWogkOYfpj8RCsfdFgN8JLM?authuser=0&hl=en&rclk=1,2026-08-02T23:27:46.025949+00:00
738,google_maps,Tipax,تیپاکس کارمانیا( ۹),کرمان,NULL,30.2663798,57.0320205,1.0,"It says here that they are open until 1:30, but they don't open until 1:00. They don't even offer home delivery.",a month ago,Zahra Shamsaddinifard85,NULL,NULL,NULL,https://www.google.com/maps/place/%D8%AA%DB%8C%D9%BE%D8%A7%DA%A9%D8%B3+%DA%A9%D8%A7%D8%B1%D9%85%D8%A7%D9%86%DB%8C%D8%A7%28%D8%B4%D8%B9%D8%A8%D9%87+%DB%B9%29%E2%80%AD/data=!4m7!3m6!1s0x3f0219004040ce65:0x51f62f53f10dea3!8m2!3d30.2663798!4d57.0320205!16s%2Fg%2F11yqqz7rzd!19sChIJZc5AQAAZAj8Ro94QP_ViHwU?authuser=0&hl=en&rclk=1,2026-08-02T23:53:25.787533+00:00
739,google_maps,Tipax,تیپاکس الغدیر کرمان,کرمان,NULL,30.2805513,57.0250466,1.0,They don't send packages at all and return them themselves. I am not satisfied with this branch at all.,a month ago,Amirho3ein Mirzaei,NULL,NULL,NULL,https://www.google.com/maps/place/%D9%86%D9%85%D8%A7%DB%8C%D9%86%D8%AF%DA%AF%DB%8C+%D8%AA%DB%8C%D9%BE%D8%A7%DA%A9%D8%B3+%D8%A7%D9%84%D8%BA%D8%AF%DB%8C%D8%B1+%DA%A9%D8%B1%D9%85%D8%A7%D9%86%E2%80%AD/data=!4m7!3m6!1s0x3f0219afb25629bd:0x86e75925361854c5!8m2!3d30.2805513!4d57.0250466!16s%2Fg%2F11r9gbs59s!19sChIJvSlWsq8ZAj8RxVQYNiVZ54Y?authuser=0&hl=en&rclk=1,2026-08-02T23:53:43.751067+00:00
740,google_maps,Tipax,تیپاکس الغدیر کرمان,کرمان,NULL,30.2805513,57.0250466,1.0,"Disorganized, inappropriate and irresponsible behavior, they took our package and are not accountable.",4 years ago,alex2 As,NULL,NULL,NULL,https://www.google.com/maps/place/%D9%86%D9%85%D8%A7%DB%8C%D9%86%D8%AF%DA%AF%DB%8C+%D8%AA%DB%8C%D9%BE%D8%A7%DA%A9%D8%B3+%D8%A7%D9%84%D8%BA%D8%AF%DB%8C%D8%B1+%DA%A9%D8%B1%D9%85%D8%A7%D9%86%E2%80%AD/data=!4m7!3m6!1s0x3f0219afb25629bd:0x86e75925361854c5!8m2!3d30.2805513!4d57.0250466!16s%2Fg%2F11r9gbs59s!19sChIJvSlWsq8ZAj8RxVQYNiVZ54Y?authuser=0&hl=en&rclk=1,2026-08-02T23:53:43.751067+00:00
741,google_maps,Tipax,تیپاکس الغدیر کرمان,کرمان,NULL,30.2805513,57.0250466,1.0,"They are busier than their employees, especially the Abuzar branch.",3 years ago,kourosh topia funplus,NULL,NULL,NULL,https://www.google.com/maps/place/%D9%86%D9%85%D8%A7%DB%8C%D9%86%D8%AF%DA%AF%DB%8C+%D8%AA%DB%8C%D9%BE%D8%A7%DA%A9%D8%B3+%D8%A7%D9%84%D8%BA%D8%AF%DB%8C%D8%B1+%DA%A9%D8%B1%D9%85%D8%A7%D9%86%E2%80%AD/data=!4m7!3m6!1s0x3f0219afb25629bd:0x86e75925361854c5!8m2!3d30.2805513!4d57.0250466!16s%2Fg%2F11r9gbs59s!19sChIJvSlWsq8ZAj8RxVQYNiVZ54Y?authuser=0&hl=en&rclk=1,2026-08-02T23:53:43.751067+00:00
742,google_maps,Tipax,تیپاکس الغدیر کرمان,کرمان,NULL,30.2805513,57.0250466,1.0,There is no place more luxurious than Tipax Kerman.,3 years ago,Saleh Gilani,NULL,NULL,NULL,https://www.google.com/maps/place/%D9%86%D9%85%D8%A7%DB%8C%D9%86%D8%AF%DA%AF%DB%8C+%D8%AA%DB%8C%D9%BE%D8%A7%DA%A9%D8%B3+%D8%A7%D9%84%D8%BA%D8%AF%DB%8C%D8%B1+%DA%A9%D8%B1%D9%85%D8%A7%D9%86%E2%80%AD/data=!4m7!3m6!1s0x3f0219afb25629bd:0x86e75925361854c5!8m2!3d30.2805513!4d57.0250466!16s%2Fg%2F11r9gbs59s!19sChIJvSlWsq8ZAj8RxVQYNiVZ54Y?authuser=0&hl=en&rclk=1,2026-08-02T23:53:43.751067+00:00
743,google_maps,Tipax,تیپاکس الغدیر کرمان,کرمان,NULL,30.2805513,57.0250466,2.0,not any response and no one answered the calls.,2 years ago,hellvean blacker,NULL,NULL,NULL,https://www.google.com/maps/place/%D9%86%D9%85%D8%A7%DB%8C%D9%86%D8%AF%DA%AF%DB%8C+%D8%AA%DB%8C%D9%BE%D8%A7%DA%A9%D8%B3+%D8%A7%D9%84%D8%BA%D8%AF%DB%8C%D8%B1+%DA%A9%D8%B1%D9%85%D8%A7%D9%86%E2%80%AD/data=!4m7!3m6!1s0x3f0219afb25629bd:0x86e75925361854c5!8m2!3d30.2805513!4d57.0250466!16s%2Fg%2F11r9gbs59s!19sChIJvSlWsq8ZAj8RxVQYNiVZ54Y?authuser=0&hl=en&rclk=1,2026-08-02T23:53:43.751067+00:00
744,google_maps,Tipax,تیپاکس الغدیر کرمان,کرمان,NULL,30.2805513,57.0250466,1.0,It was closed during business hours.,3 years ago,mohammad irannezhad,NULL,NULL,NULL,https://www.google.com/maps/place/%D9%86%D9%85%D8%A7%DB%8C%D9%86%D8%AF%DA%AF%DB%8C+%D8%AA%DB%8C%D9%BE%D8%A7%DA%A9%D8%B3+%D8%A7%D9%84%D8%BA%D8%AF%DB%8C%D8%B1+%DA%A9%D8%B1%D9%85%D8%A7%D9%86%E2%80%AD/data=!4m7!3m6!1s0x3f0219afb25629bd:0x86e75925361854c5!8m2!3d30.2805513!4d57.0250466!16s%2Fg%2F11r9gbs59s!19sChIJvSlWsq8ZAj8RxVQYNiVZ54Y?authuser=0&hl=en&rclk=1,2026-08-02T23:53:43.751067+00:00
745,google_maps,Tipax,تیپاکس الغدیر کرمان,کرمان,NULL,30.2805513,57.0250466,5.0,Good and timely service,a year ago,Ali HOOSHMAND,NULL,NULL,NULL,https://www.google.com/maps/place/%D9%86%D9%85%D8%A7%DB%8C%D9%86%D8%AF%DA%AF%DB%8C+%D8%AA%DB%8C%D9%BE%D8%A7%DA%A9%D8%B3+%D8%A7%D9%84%D8%BA%D8%AF%DB%8C%D8%B1+%DA%A9%D8%B1%D9%85%D8%A7%D9%86%E2%80%AD/data=!4m7!3m6!1s0x3f0219afb25629bd:0x86e75925361854c5!8m2!3d30.2805513!4d57.0250466!16s%2Fg%2F11r9gbs59s!19sChIJvSlWsq8ZAj8RxVQYNiVZ54Y?authuser=0&hl=en&rclk=1,2026-08-02T23:53:43.751067+00:00
746,google_maps,Tipax,تیپاکس الغدیر کرمان,کرمان,NULL,30.2805513,57.0250466,5.0,Excellent,3 years ago,HAMIDREZA MOZHDEGANI,NULL,NULL,NULL,https://www.google.com/maps/place/%D9%86%D9%85%D8%A7%DB%8C%D9%86%D8%AF%DA%AF%DB%8C+%D8%AA%DB%8C%D9%BE%D8%A7%DA%A9%D8%B3+%D8%A7%D9%84%D8%BA%D8%AF%DB%8C%D8%B1+%DA%A9%D8%B1%D9%85%D8%A7%D9%86%E2%80%AD/data=!4m7!3m6!1s0x3f0219afb25629bd:0x86e75925361854c5!8m2!3d30.2805513!4d57.0250466!16s%2Fg%2F11r9gbs59s!19sChIJvSlWsq8ZAj8RxVQYNiVZ54Y?authuser=0&hl=en&rclk=1,2026-08-02T23:53:43.751067+00:00
747,google_maps,Tipax,تیپاکس نگارخانه,کرمان,NULL,30.277521,57.0830007,1.0,"They used to be good at first, but now they are extremely bad at promises and irresponsible. They hold orders for several days before they arrive or don't arrive at all. You have to go and get them yourself. They are also people's creditors, and it is not our job to deliver them to your door. I also left a contact number, God is always busy, but they don't answer the phone.",7 months ago,Mohamad Rajabzadeh,NULL,NULL,NULL,https://www.google.com/maps/place/%D8%AA%DB%8C%D9%BE%D8%A7%DA%A9%D8%B3+%D9%86%D9%85%D8%A7%DB%8C%D9%86%D8%AF%DA%AF%DB%8C+%D9%86%DA%AF%D8%A7%D8%B1%D8%AE%D8%A7%D9%86%D9%87%E2%80%AD/data=!4m7!3m6!1s0x3f021959f057bd93:0x46a0206c572470ba!8m2!3d30.277521!4d57.0830007!16s%2Fg%2F11t25l_n3h!19sChIJk71X8FkZAj8RunAkV2wgoEY?authuser=0&hl=en&rclk=1,2026-08-02T23:53:52.393863+00:00
748,google_maps,Tipax,تیپاکس نگارخانه,کرمان,NULL,30.277521,57.0830007,1.0,"Very ridiculous, they don't lock the door, then they charge double the price and don't even answer the phone.",5 months ago,فرزانه طهان,NULL,NULL,NULL,https://www.google.com/maps/place/%D8%AA%DB%8C%D9%BE%D8%A7%DA%A9%D8%B3+%D9%86%D9%85%D8%A7%DB%8C%D9%86%D8%AF%DA%AF%DB%8C+%D9%86%DA%AF%D8%A7%D8%B1%D8%AE%D8%A7%D9%86%D9%87%E2%80%AD/data=!4m7!3m6!1s0x3f021959f057bd93:0x46a0206c572470ba!8m2!3d30.277521!4d57.0830007!16s%2Fg%2F11t25l_n3h!19sChIJk71X8FkZAj8RunAkV2wgoEY?authuser=0&hl=en&rclk=1,2026-08-02T23:53:52.393863+00:00
749,google_maps,Tipax,تیپاکس نگارخانه,کرمان,NULL,30.277521,57.0830007,4.0,"It's a good agency, but it's all tipax in the end.",7 months ago,Yousef Vakilzadeh Ebrahimi,NULL,NULL,NULL,https://www.google.com/maps/place/%D8%AA%DB%8C%D9%BE%D8%A7%DA%A9%D8%B3+%D9%86%D9%85%D8%A7%DB%8C%D9%86%D8%AF%DA%AF%DB%8C+%D9%86%DA%AF%D8%A7%D8%B1%D8%AE%D8%A7%D9%86%D9%87%E2%80%AD/data=!4m7!3m6!1s0x3f021959f057bd93:0x46a0206c572470ba!8m2!3d30.277521!4d57.0830007!16s%2Fg%2F11t25l_n3h!19sChIJk71X8FkZAj8RunAkV2wgoEY?authuser=0&hl=en&rclk=1,2026-08-02T23:53:52.393863+00:00
750,google_maps,Tipax,تیپاکس نگارخانه,کرمان,NULL,30.277521,57.0830007,5.0,Excellent and friendly,2 years ago,Hadis Peyvand,NULL,NULL,NULL,https://www.google.com/maps/place/%D8%AA%DB%8C%D9%BE%D8%A7%DA%A9%D8%B3+%D9%86%D9%85%D8%A7%DB%8C%D9%86%D8%AF%DA%AF%DB%8C+%D9%86%DA%AF%D8%A7%D8%B1%D8%AE%D8%A7%D9%86%D9%87%E2%80%AD/data=!4m7!3m6!1s0x3f021959f057bd93:0x46a0206c572470ba!8m2!3d30.277521!4d57.0830007!16s%2Fg%2F11t25l_n3h!19sChIJk71X8FkZAj8RunAkV2wgoEY?authuser=0&hl=en&rclk=1,2026-08-02T23:53:52.393863+00:00
751,google_maps,Tipax,تیپاکس نگارخانه,کرمان,NULL,30.277521,57.0830007,5.0,Being accountable,a month ago,Mosyo Gahany,NULL,NULL,NULL,https://www.google.com/maps/place/%D8%AA%DB%8C%D9%BE%D8%A7%DA%A9%D8%B3+%D9%86%D9%85%D8%A7%DB%8C%D9%86%D8%AF%DA%AF%DB%8C+%D9%86%DA%AF%D8%A7%D8%B1%D8%AE%D8%A7%D9%86%D9%87%E2%80%AD/data=!4m7!3m6!1s0x3f021959f057bd93:0x46a0206c572470ba!8m2!3d30.277521!4d57.0830007!16s%2Fg%2F11t25l_n3h!19sChIJk71X8FkZAj8RunAkV2wgoEY?authuser=0&hl=en&rclk=1,2026-08-02T23:53:52.393863+00:00
752,google_maps,Tipax,تیپاکس نگارخانه,کرمان,NULL,30.277521,57.0830007,5.0,Excellent,2 years ago,عباس ایرندگانی,NULL,NULL,NULL,https://www.google.com/maps/place/%D8%AA%DB%8C%D9%BE%D8%A7%DA%A9%D8%B3+%D9%86%D9%85%D8%A7%DB%8C%D9%86%D8%AF%DA%AF%DB%8C+%D9%86%DA%AF%D8%A7%D8%B1%D8%AE%D8%A7%D9%86%D9%87%E2%80%AD/data=!4m7!3m6!1s0x3f021959f057bd93:0x46a0206c572470ba!8m2!3d30.277521!4d57.0830007!16s%2Fg%2F11t25l_n3h!19sChIJk71X8FkZAj8RunAkV2wgoEY?authuser=0&hl=en&rclk=1,2026-08-02T23:53:52.393863+00:00
753,google_maps,Tipax,تیپاکس بسطامی,کرمان,NULL,30.3076469,57.0526396,5.0,Nice job,a year ago,Mehrab Ar,NULL,NULL,NULL,https://www.google.com/maps/place/%D8%AA%DB%8C%D9%BE%D8%A7%DA%A9%D8%B3+%D8%A8%D8%B3%D8%B7%D8%A7%D9%85%DB%8C%E2%80%AD/data=!4m7!3m6!1s0x3f0219002b4fea27:0x24c0f277a03e8017!8m2!3d30.3076469!4d57.0526396!16s%2Fg%2F11vqm6fyyx!19sChIJJ-pPKwAZAj8RF4A-oHfywCQ?authuser=0&hl=en&rclk=1,2026-08-02T23:54:07.947222+00:00
754,google_maps,Tipax,تیپاکس مهدیه,کرمان,NULL,30.3021793,57.0770122,4.0,"The branch was relatively quiet and friendly, and they sent the hair package quickly.",a month ago,مانتو سایزبزرگ آفتاب کرمان,NULL,NULL,NULL,https://www.google.com/maps/place/%D8%AA%DB%8C%D9%BE%D8%A7%DA%A9%D8%B3+%D9%85%D9%87%D8%AF%DB%8C%D9%87%E2%80%AD/data=!4m7!3m6!1s0x3f0219fc10a847c9:0xae8449d0a50a0c30!8m2!3d30.3021793!4d57.0770122!16s%2Fg%2F11v5b8776y!19sChIJyUeoEPwZAj8RMAwKpdBJhK4?authuser=0&hl=en&rclk=1,2026-08-02T23:54:16.758811+00:00
755,google_maps,Tipax,تیپاکس مهدیه,کرمان,NULL,30.3021793,57.0770122,5.0,It was great and comfortable.,a year ago,Naser Hosieni,NULL,NULL,NULL,https://www.google.com/maps/place/%D8%AA%DB%8C%D9%BE%D8%A7%DA%A9%D8%B3+%D9%85%D9%87%D8%AF%DB%8C%D9%87%E2%80%AD/data=!4m7!3m6!1s0x3f0219fc10a847c9:0xae8449d0a50a0c30!8m2!3d30.3021793!4d57.0770122!16s%2Fg%2F11v5b8776y!19sChIJyUeoEPwZAj8RMAwKpdBJhK4?authuser=0&hl=en&rclk=1,2026-08-02T23:54:16.758811+00:00
756,google_maps,Tipax,تیپاکس مهدیه,کرمان,NULL,30.3021793,57.0770122,2.0,Awful 🤢🤢🤢🤢🤢 …,a year ago,sokote shabane (Naji Shab),NULL,NULL,NULL,https://www.google.com/maps/place/%D8%AA%DB%8C%D9%BE%D8%A7%DA%A9%D8%B3+%D9%85%D9%87%D8%AF%DB%8C%D9%87%E2%80%AD/data=!4m7!3m6!1s0x3f0219fc10a847c9:0xae8449d0a50a0c30!8m2!3d30.3021793!4d57.0770122!16s%2Fg%2F11v5b8776y!19sChIJyUeoEPwZAj8RMAwKpdBJhK4?authuser=0&hl=en&rclk=1,2026-08-02T23:54:16.758811+00:00
757,google_maps,Tipax,تیپاکس مهدیه,کرمان,NULL,30.3021793,57.0770122,5.0,It is good.,a year ago,نازنین شهابی,NULL,NULL,NULL,https://www.google.com/maps/place/%D8%AA%DB%8C%D9%BE%D8%A7%DA%A9%D8%B3+%D9%85%D9%87%D8%AF%DB%8C%D9%87%E2%80%AD/data=!4m7!3m6!1s0x3f0219fc10a847c9:0xae8449d0a50a0c30!8m2!3d30.3021793!4d57.0770122!16s%2Fg%2F11v5b8776y!19sChIJyUeoEPwZAj8RMAwKpdBJhK4?authuser=0&hl=en&rclk=1,2026-08-02T23:54:16.758811+00:00
758,google_maps,Tipax,تیپاکس تعاون,کرمان,NULL,34.376752,47.1077435,1.0,"The courier rudely took a small amount as a tip when he swiped the card and after entering the new password, said, ""I did this.""",2 weeks ago,Hossein,NULL,NULL,NULL,https://www.google.com/maps/place/%D8%AA%DB%8C%D9%BE%D8%A7%DA%A9%D8%B3+%D8%AA%D8%B9%D8%A7%D9%88%D9%86%E2%80%AD/data=!4m7!3m6!1s0x3ffaf30078c2c157:0x51add6d34dee8c61!8m2!3d34.376752!4d47.1077435!16s%2Fg%2F11w_z5bw4d!19sChIJV8HCeADz-j8RYYzuTdPWrVE?authuser=0&hl=en&rclk=1,2026-08-02T23:55:01.102999+00:00
759,google_maps,Tipax,تیپاکس ۲,همدان,NULL,34.7876456,48.5231345,1.0,"Never, ever work with Tipax. Respect yourself, don't work with Tipax. Every time I sent a package with Tipax, the delivery agent was so lazy that he didn't call or ring the doorbell to deliver the package. Once I went to Tipax to send a letter, I was met with a brutal and disgusting treatment from the clerk. They tried to force me to sell me a package when I had one myself because I didn't have money with me. They insulted me and dragged the delivery agent out to fight, who was cursing and shouting in the street. I called the Tipax center to complain. All they told me was that they were sorry it happened this way.",Edited 3 years ago,Siavash Alborzi,NULL,NULL,NULL,https://www.google.com/maps/place/%D8%AA%DB%8C%D9%BE%D8%A7%DA%A9%D8%B3+%D8%B4%D8%B9%D8%A8%D9%87+%DB%B2%E2%80%AD/data=!4m7!3m6!1s0x3ff1ed9f831b0c55:0x1edcc370f9e762a8!8m2!3d34.7876456!4d48.5231345!16s%2Fg%2F11j4s32s2t!19sChIJVQwbg5_t8T8RqGLn-XDD3B4?authuser=0&hl=en&rclk=1,2026-08-02T23:55:35.648955+00:00
760,google_maps,Tipax,تیپاکس ۲,همدان,NULL,34.7876456,48.5231345,1.0,"Tipax Hamedan's distribution agents either don't deliver the package and you have to pick it up yourself, or if they do, they ask you to pay extra as a courier. If you complain to the Tipax center, they say, ""Don't pay the extra fee."" …",4 years ago,Hiden P,NULL,NULL,NULL,https://www.google.com/maps/place/%D8%AA%DB%8C%D9%BE%D8%A7%DA%A9%D8%B3+%D8%B4%D8%B9%D8%A8%D9%87+%DB%B2%E2%80%AD/data=!4m7!3m6!1s0x3ff1ed9f831b0c55:0x1edcc370f9e762a8!8m2!3d34.7876456!4d48.5231345!16s%2Fg%2F11j4s32s2t!19sChIJVQwbg5_t8T8RqGLn-XDD3B4?authuser=0&hl=en&rclk=1,2026-08-02T23:55:35.648955+00:00
761,google_maps,Tipax,تیپاکس ۲,همدان,NULL,34.7876456,48.5231345,1.0,"Their work is terrible. After two weeks of being a loser, you have to go get your package yourself.",5 years ago,Hamid Shafaee,NULL,NULL,NULL,https://www.google.com/maps/place/%D8%AA%DB%8C%D9%BE%D8%A7%DA%A9%D8%B3+%D8%B4%D8%B9%D8%A8%D9%87+%DB%B2%E2%80%AD/data=!4m7!3m6!1s0x3ff1ed9f831b0c55:0x1edcc370f9e762a8!8m2!3d34.7876456!4d48.5231345!16s%2Fg%2F11j4s32s2t!19sChIJVQwbg5_t8T8RqGLn-XDD3B4?authuser=0&hl=en&rclk=1,2026-08-02T23:55:35.648955+00:00
762,google_maps,Tipax,تیپاکس ۲,همدان,NULL,34.7876456,48.5231345,1.0,"The post office does its job quickly, Tipax is not good at all.",5 months ago,saba taheri,NULL,NULL,NULL,https://www.google.com/maps/place/%D8%AA%DB%8C%D9%BE%D8%A7%DA%A9%D8%B3+%D8%B4%D8%B9%D8%A8%D9%87+%DB%B2%E2%80%AD/data=!4m7!3m6!1s0x3ff1ed9f831b0c55:0x1edcc370f9e762a8!8m2!3d34.7876456!4d48.5231345!16s%2Fg%2F11j4s32s2t!19sChIJVQwbg5_t8T8RqGLn-XDD3B4?authuser=0&hl=en&rclk=1,2026-08-02T23:55:35.648955+00:00
763,google_maps,Tipax,تیپاکس ۲,همدان,NULL,34.7876456,48.5231345,5.0,"Vazra perfume and cologne chain store, Hamedan branch",a year ago,Alireza Ariamehr,NULL,NULL,NULL,https://www.google.com/maps/place/%D8%AA%DB%8C%D9%BE%D8%A7%DA%A9%D8%B3+%D8%B4%D8%B9%D8%A8%D9%87+%DB%B2%E2%80%AD/data=!4m7!3m6!1s0x3ff1ed9f831b0c55:0x1edcc370f9e762a8!8m2!3d34.7876456!4d48.5231345!16s%2Fg%2F11j4s32s2t!19sChIJVQwbg5_t8T8RqGLn-XDD3B4?authuser=0&hl=en&rclk=1,2026-08-02T23:55:35.648955+00:00
764,google_maps,Tipax,تیپاکس ۲,همدان,NULL,34.7876456,48.5231345,2.0,I am not satisfied. Postal service is better.,2 years ago,Mahdi Bayat,NULL,NULL,NULL,https://www.google.com/maps/place/%D8%AA%DB%8C%D9%BE%D8%A7%DA%A9%D8%B3+%D8%B4%D8%B9%D8%A8%D9%87+%DB%B2%E2%80%AD/data=!4m7!3m6!1s0x3ff1ed9f831b0c55:0x1edcc370f9e762a8!8m2!3d34.7876456!4d48.5231345!16s%2Fg%2F11j4s32s2t!19sChIJVQwbg5_t8T8RqGLn-XDD3B4?authuser=0&hl=en&rclk=1,2026-08-02T23:55:35.648955+00:00
765,google_maps,Tipax,تیپاکس ۲,همدان,NULL,34.7876456,48.5231345,1.0,Bad promise.,4 years ago,Hamidreza,NULL,NULL,NULL,https://www.google.com/maps/place/%D8%AA%DB%8C%D9%BE%D8%A7%DA%A9%D8%B3+%D8%B4%D8%B9%D8%A8%D9%87+%DB%B2%E2%80%AD/data=!4m7!3m6!1s0x3ff1ed9f831b0c55:0x1edcc370f9e762a8!8m2!3d34.7876456!4d48.5231345!16s%2Fg%2F11j4s32s2t!19sChIJVQwbg5_t8T8RqGLn-XDD3B4?authuser=0&hl=en&rclk=1,2026-08-02T23:55:35.648955+00:00
766,google_maps,Tipax,تیپاکس ۲,همدان,NULL,34.7876456,48.5231345,5.0,It was good.,3 years ago,Fateme,NULL,NULL,NULL,https://www.google.com/maps/place/%D8%AA%DB%8C%D9%BE%D8%A7%DA%A9%D8%B3+%D8%B4%D8%B9%D8%A8%D9%87+%DB%B2%E2%80%AD/data=!4m7!3m6!1s0x3ff1ed9f831b0c55:0x1edcc370f9e762a8!8m2!3d34.7876456!4d48.5231345!16s%2Fg%2F11j4s32s2t!19sChIJVQwbg5_t8T8RqGLn-XDD3B4?authuser=0&hl=en&rclk=1,2026-08-02T23:55:35.648955+00:00
767,google_maps,Tipax,تیپاکس ۲,همدان,NULL,34.7876456,48.5231345,5.0,Aaaaaa,5 years ago,مجید لاریجانی,NULL,NULL,NULL,https://www.google.com/maps/place/%D8%AA%DB%8C%D9%BE%D8%A7%DA%A9%D8%B3+%D8%B4%D8%B9%D8%A8%D9%87+%DB%B2%E2%80%AD/data=!4m7!3m6!1s0x3ff1ed9f831b0c55:0x1edcc370f9e762a8!8m2!3d34.7876456!4d48.5231345!16s%2Fg%2F11j4s32s2t!19sChIJVQwbg5_t8T8RqGLn-XDD3B4?authuser=0&hl=en&rclk=1,2026-08-02T23:55:35.648955+00:00
768,google_maps,Tipax,سرپرستی تیپاکس همدان,همدان,همدان,34.8146899,48.5253882,1.0,It's really useless and a problem.. It takes money for postage and doesn't give any excuses. I went to the post office a thousand times to get the package.. Only the postal company is good.,2 years ago,Snap Deragon (‫کناف همدان‬‎),NULL,NULL,NULL,https://www.google.com/maps/place/%D8%B3%D8%B1%D9%BE%D8%B1%D8%B3%D8%AA%DB%8C+%D8%AA%DB%8C%D9%BE%D8%A7%DA%A9%D8%B3+%D9%87%D9%85%D8%AF%D8%A7%D9%86%E2%80%AD/data=!4m7!3m6!1s0x3ff193b92947dd09:0xac2e7ce71dcf6645!8m2!3d34.8146899!4d48.5253882!16s%2Fg%2F11p9wbl2ll!19sChIJCd1HKbmT8T8RRWbPHed8Lqw?authuser=0&hl=en&rclk=1,2026-08-02T23:55:44.278348+00:00
769,google_maps,Tipax,سرپرستی تیپاکس همدان,همدان,همدان,34.8146899,48.5253882,1.0,"Very disorganized and unplanned. The package stays at the pick-up location for several days. Post is much easier, safer, and faster.",2 years ago,Erfan Alaghebandan,NULL,NULL,NULL,https://www.google.com/maps/place/%D8%B3%D8%B1%D9%BE%D8%B1%D8%B3%D8%AA%DB%8C+%D8%AA%DB%8C%D9%BE%D8%A7%DA%A9%D8%B3+%D9%87%D9%85%D8%AF%D8%A7%D9%86%E2%80%AD/data=!4m7!3m6!1s0x3ff193b92947dd09:0xac2e7ce71dcf6645!8m2!3d34.8146899!4d48.5253882!16s%2Fg%2F11p9wbl2ll!19sChIJCd1HKbmT8T8RRWbPHed8Lqw?authuser=0&hl=en&rclk=1,2026-08-02T23:55:44.278348+00:00
770,google_maps,Tipax,سرپرستی تیپاکس همدان,همدان,همدان,34.8146899,48.5253882,5.0,"Excellent, always responsive.",4 years ago,Edris Moradi,NULL,NULL,NULL,https://www.google.com/maps/place/%D8%B3%D8%B1%D9%BE%D8%B1%D8%B3%D8%AA%DB%8C+%D8%AA%DB%8C%D9%BE%D8%A7%DA%A9%D8%B3+%D9%87%D9%85%D8%AF%D8%A7%D9%86%E2%80%AD/data=!4m7!3m6!1s0x3ff193b92947dd09:0xac2e7ce71dcf6645!8m2!3d34.8146899!4d48.5253882!16s%2Fg%2F11p9wbl2ll!19sChIJCd1HKbmT8T8RRWbPHed8Lqw?authuser=0&hl=en&rclk=1,2026-08-02T23:55:44.278348+00:00
771,google_maps,Tipax,سرپرستی تیپاکس همدان,همدان,همدان,34.8146899,48.5253882,1.0,God damn it.......,9 months ago,Yaser Norozi,NULL,NULL,NULL,https://www.google.com/maps/place/%D8%B3%D8%B1%D9%BE%D8%B1%D8%B3%D8%AA%DB%8C+%D8%AA%DB%8C%D9%BE%D8%A7%DA%A9%D8%B3+%D9%87%D9%85%D8%AF%D8%A7%D9%86%E2%80%AD/data=!4m7!3m6!1s0x3ff193b92947dd09:0xac2e7ce71dcf6645!8m2!3d34.8146899!4d48.5253882!16s%2Fg%2F11p9wbl2ll!19sChIJCd1HKbmT8T8RRWbPHed8Lqw?authuser=0&hl=en&rclk=1,2026-08-02T23:55:44.278348+00:00
772,google_maps,Tipax,سرپرستی تیپاکس همدان,همدان,همدان,34.8146899,48.5253882,5.0,Excellent support,3 years ago,hosna yari,NULL,NULL,NULL,https://www.google.com/maps/place/%D8%B3%D8%B1%D9%BE%D8%B1%D8%B3%D8%AA%DB%8C+%D8%AA%DB%8C%D9%BE%D8%A7%DA%A9%D8%B3+%D9%87%D9%85%D8%AF%D8%A7%D9%86%E2%80%AD/data=!4m7!3m6!1s0x3ff193b92947dd09:0xac2e7ce71dcf6645!8m2!3d34.8146899!4d48.5253882!16s%2Fg%2F11p9wbl2ll!19sChIJCd1HKbmT8T8RRWbPHed8Lqw?authuser=0&hl=en&rclk=1,2026-08-02T23:55:44.278348+00:00
773,google_maps,Tipax,سرپرستی تیپاکس همدان,همدان,همدان,34.8146899,48.5253882,1.0,Disgusting,3 years ago,Mohammad Reza Peyravi,NULL,NULL,NULL,https://www.google.com/maps/place/%D8%B3%D8%B1%D9%BE%D8%B1%D8%B3%D8%AA%DB%8C+%D8%AA%DB%8C%D9%BE%D8%A7%DA%A9%D8%B3+%D9%87%D9%85%D8%AF%D8%A7%D9%86%E2%80%AD/data=!4m7!3m6!1s0x3ff193b92947dd09:0xac2e7ce71dcf6645!8m2!3d34.8146899!4d48.5253882!16s%2Fg%2F11p9wbl2ll!19sChIJCd1HKbmT8T8RRWbPHed8Lqw?authuser=0&hl=en&rclk=1,2026-08-02T23:55:44.278348+00:00
774,google_maps,Tipax,تیپاکس قم نبوت,یزد,یزد,34.6502515,50.8533009,1.0,"It's been three days since my package arrived at the Region 2 agency, but they still haven't delivered it. They're charging the highest price and are being very rude.",2 weeks ago,Hasan Mohamadi,NULL,NULL,NULL,https://www.google.com/maps/place/%D9%86%D9%85%D8%A7%DB%8C%D9%86%D8%AF%DA%AF%DB%8C+%D8%AA%DB%8C%D9%BE%D8%A7%DA%A9%D8%B3+%D9%82%D9%85+%D9%86%D8%A8%D9%88%D8%AA%E2%80%AD/data=!4m7!3m6!1s0x3f93bb04e0beddb1:0xb4748ccf28c24adc!8m2!3d34.6502515!4d50.8533009!16s%2Fg%2F11spkm81xz!19sChIJsd2-4AS7kz8R3ErCKM-MdLQ?authuser=0&hl=en&rclk=1,2026-08-02T23:56:27.248118+00:00
775,google_maps,Tipax,تیپاکس قم نبوت,یزد,یزد,34.6502515,50.8533009,1.0,"You bastard, you take money every time you take money. We have to come and get our package ourselves.",2 years ago,Saeid Seddigh,NULL,NULL,NULL,https://www.google.com/maps/place/%D9%86%D9%85%D8%A7%DB%8C%D9%86%D8%AF%DA%AF%DB%8C+%D8%AA%DB%8C%D9%BE%D8%A7%DA%A9%D8%B3+%D9%82%D9%85+%D9%86%D8%A8%D9%88%D8%AA%E2%80%AD/data=!4m7!3m6!1s0x3f93bb04e0beddb1:0xb4748ccf28c24adc!8m2!3d34.6502515!4d50.8533009!16s%2Fg%2F11spkm81xz!19sChIJsd2-4AS7kz8R3ErCKM-MdLQ?authuser=0&hl=en&rclk=1,2026-08-02T23:56:27.248118+00:00
776,google_maps,Tipax,تیپاکس قم نبوت,یزد,یزد,34.6502515,50.8533009,1.0,"Why are you posting a fake address? If you move, correct the address. People aren't kidding you.",a year ago,a r,NULL,NULL,NULL,https://www.google.com/maps/place/%D9%86%D9%85%D8%A7%DB%8C%D9%86%D8%AF%DA%AF%DB%8C+%D8%AA%DB%8C%D9%BE%D8%A7%DA%A9%D8%B3+%D9%82%D9%85+%D9%86%D8%A8%D9%88%D8%AA%E2%80%AD/data=!4m7!3m6!1s0x3f93bb04e0beddb1:0xb4748ccf28c24adc!8m2!3d34.6502515!4d50.8533009!16s%2Fg%2F11spkm81xz!19sChIJsd2-4AS7kz8R3ErCKM-MdLQ?authuser=0&hl=en&rclk=1,2026-08-02T23:56:27.248118+00:00
777,google_maps,Tipax,تیپاکس قم نبوت,یزد,یزد,34.6502515,50.8533009,1.0,This is not a Tipax office. The information on the record is misleading. This is a post office.,a year ago,rasoul azizian,NULL,NULL,NULL,https://www.google.com/maps/place/%D9%86%D9%85%D8%A7%DB%8C%D9%86%D8%AF%DA%AF%DB%8C+%D8%AA%DB%8C%D9%BE%D8%A7%DA%A9%D8%B3+%D9%82%D9%85+%D9%86%D8%A8%D9%88%D8%AA%E2%80%AD/data=!4m7!3m6!1s0x3f93bb04e0beddb1:0xb4748ccf28c24adc!8m2!3d34.6502515!4d50.8533009!16s%2Fg%2F11spkm81xz!19sChIJsd2-4AS7kz8R3ErCKM-MdLQ?authuser=0&hl=en&rclk=1,2026-08-02T23:56:27.248118+00:00
778,google_maps,Tipax,تیپاکس قم نبوت,یزد,یزد,34.6502515,50.8533009,1.0,I have never seen more rubbish than this Tipax in my life A complete disgrace,2 years ago,javad amini,NULL,NULL,NULL,https://www.google.com/maps/place/%D9%86%D9%85%D8%A7%DB%8C%D9%86%D8%AF%DA%AF%DB%8C+%D8%AA%DB%8C%D9%BE%D8%A7%DA%A9%D8%B3+%D9%82%D9%85+%D9%86%D8%A8%D9%88%D8%AA%E2%80%AD/data=!4m7!3m6!1s0x3f93bb04e0beddb1:0xb4748ccf28c24adc!8m2!3d34.6502515!4d50.8533009!16s%2Fg%2F11spkm81xz!19sChIJsd2-4AS7kz8R3ErCKM-MdLQ?authuser=0&hl=en&rclk=1,2026-08-02T23:56:27.248118+00:00
779,google_maps,Tipax,تیپاکس قم نبوت,یزد,یزد,34.6502515,50.8533009,1.0,Time-consuming garbage with no response. What can I really say about it?,2 years ago,saeid mirzajani,NULL,NULL,NULL,https://www.google.com/maps/place/%D9%86%D9%85%D8%A7%DB%8C%D9%86%D8%AF%DA%AF%DB%8C+%D8%AA%DB%8C%D9%BE%D8%A7%DA%A9%D8%B3+%D9%82%D9%85+%D9%86%D8%A8%D9%88%D8%AA%E2%80%AD/data=!4m7!3m6!1s0x3f93bb04e0beddb1:0xb4748ccf28c24adc!8m2!3d34.6502515!4d50.8533009!16s%2Fg%2F11spkm81xz!19sChIJsd2-4AS7kz8R3ErCKM-MdLQ?authuser=0&hl=en&rclk=1,2026-08-02T23:56:27.248118+00:00
780,google_maps,Tipax,تیپاکس قم نبوت,یزد,یزد,34.6502515,50.8533009,1.0,Disgrace Take a board and go to your house.,3 years ago,Eghbal Vakil,NULL,NULL,NULL,https://www.google.com/maps/place/%D9%86%D9%85%D8%A7%DB%8C%D9%86%D8%AF%DA%AF%DB%8C+%D8%AA%DB%8C%D9%BE%D8%A7%DA%A9%D8%B3+%D9%82%D9%85+%D9%86%D8%A8%D9%88%D8%AA%E2%80%AD/data=!4m7!3m6!1s0x3f93bb04e0beddb1:0xb4748ccf28c24adc!8m2!3d34.6502515!4d50.8533009!16s%2Fg%2F11spkm81xz!19sChIJsd2-4AS7kz8R3ErCKM-MdLQ?authuser=0&hl=en&rclk=1,2026-08-02T23:56:27.248118+00:00
781,google_maps,Tipax,تیپاکس قم نبوت,یزد,یزد,34.6502515,50.8533009,1.0,Extremely selfish,a year ago,Ali Naseri,NULL,NULL,NULL,https://www.google.com/maps/place/%D9%86%D9%85%D8%A7%DB%8C%D9%86%D8%AF%DA%AF%DB%8C+%D8%AA%DB%8C%D9%BE%D8%A7%DA%A9%D8%B3+%D9%82%D9%85+%D9%86%D8%A8%D9%88%D8%AA%E2%80%AD/data=!4m7!3m6!1s0x3f93bb04e0beddb1:0xb4748ccf28c24adc!8m2!3d34.6502515!4d50.8533009!16s%2Fg%2F11spkm81xz!19sChIJsd2-4AS7kz8R3ErCKM-MdLQ?authuser=0&hl=en&rclk=1,2026-08-02T23:56:27.248118+00:00
782,google_maps,Tipax,تیپاکس قم نبوت,یزد,یزد,34.6502515,50.8533009,5.0,Very good.,4 years ago,Mohammad Moqahaddam,NULL,NULL,NULL,https://www.google.com/maps/place/%D9%86%D9%85%D8%A7%DB%8C%D9%86%D8%AF%DA%AF%DB%8C+%D8%AA%DB%8C%D9%BE%D8%A7%DA%A9%D8%B3+%D9%82%D9%85+%D9%86%D8%A8%D9%88%D8%AA%E2%80%AD/data=!4m7!3m6!1s0x3f93bb04e0beddb1:0xb4748ccf28c24adc!8m2!3d34.6502515!4d50.8533009!16s%2Fg%2F11spkm81xz!19sChIJsd2-4AS7kz8R3ErCKM-MdLQ?authuser=0&hl=en&rclk=1,2026-08-02T23:56:27.248118+00:00
783,google_maps,Tipax,تیپاکس کلهری,قم,NULL,34.629663,50.8923939,1.0,"It has the rudest and most condescending employees. I had two summers. I sent two of them four messages of no-show, meaning they came four times while they didn't come even once. I went to ask them in person. They handed it over to me with complete disrespect. I also paid 100 tomans in Snub money, in addition to the rent we paid, plus you're annoying me and complaining a hundred times. He just called me a liar. Why did I say my package arrived at the branch in five days, when it arrived in four? I told him in his complaint that the head office told me it arrived in five days. I don't know why Tipax doesn't come and read the reviews and see what a terrible branch they have.",2 months ago,Hoda Dastgir,NULL,NULL,NULL,https://www.google.com/maps/place/%D8%AA%DB%8C%D9%BE%D8%A7%DA%A9%D8%B3+%D8%B4%D8%B9%D8%A8%D9%87+%DA%A9%D9%84%D9%87%D8%B1%DB%8C%E2%80%AD/data=!4m7!3m6!1s0x3f93bd002f12d6e1:0x4ba8ed1e15d2b204!8m2!3d34.629663!4d50.8923939!16s%2Fg%2F11w_fgjhrh!19sChIJ4dYSLwC9kz8RBLLSFR7tqEs?authuser=0&hl=en&rclk=1,2026-08-02T23:56:44.552978+00:00
784,google_maps,Tipax,تیپاکس کلهری,قم,NULL,34.629663,50.8923939,1.0,"Disgusting is not even the right word to describe this post. There is nothing more ridiculous than Qom's Teabox. It's not good at all. You don't get the package. You have to go look for it yourself. When you look for it, the box is torn and damaged. When we tell them, they say it's their fault and we have to accept it.",7 months ago,Reyhane,NULL,NULL,NULL,https://www.google.com/maps/place/%D8%AA%DB%8C%D9%BE%D8%A7%DA%A9%D8%B3+%D8%B4%D8%B9%D8%A8%D9%87+%DA%A9%D9%84%D9%87%D8%B1%DB%8C%E2%80%AD/data=!4m7!3m6!1s0x3f93bd002f12d6e1:0x4ba8ed1e15d2b204!8m2!3d34.629663!4d50.8923939!16s%2Fg%2F11w_fgjhrh!19sChIJ4dYSLwC9kz8RBLLSFR7tqEs?authuser=0&hl=en&rclk=1,2026-08-02T23:56:44.552978+00:00
785,google_maps,Tipax,تیپاکس کلهری,قم,NULL,34.629663,50.8923939,1.0,"Hello. I have never seen anything like this before,, what kind of work model is this,, have some order, value the customer's work, today is the third day since I delivered the package,,, you still haven't sent a tracking number to the …",7 months ago,farezad asadi,NULL,NULL,NULL,https://www.google.com/maps/place/%D8%AA%DB%8C%D9%BE%D8%A7%DA%A9%D8%B3+%D8%B4%D8%B9%D8%A8%D9%87+%DA%A9%D9%84%D9%87%D8%B1%DB%8C%E2%80%AD/data=!4m7!3m6!1s0x3f93bd002f12d6e1:0x4ba8ed1e15d2b204!8m2!3d34.629663!4d50.8923939!16s%2Fg%2F11w_fgjhrh!19sChIJ4dYSLwC9kz8RBLLSFR7tqEs?authuser=0&hl=en&rclk=1,2026-08-02T23:56:44.552978+00:00
786,google_maps,Tipax,تیپاکس کلهری,قم,NULL,34.629663,50.8923939,1.0,"I have never seen a more ignorant, trashy, and rude group of people than this Tipax in Qom. They are so rude and ignorant, they delay work so much, they are not responsive, and no one is responsive.",7 months ago,Omid K,NULL,NULL,NULL,https://www.google.com/maps/place/%D8%AA%DB%8C%D9%BE%D8%A7%DA%A9%D8%B3+%D8%B4%D8%B9%D8%A8%D9%87+%DA%A9%D9%84%D9%87%D8%B1%DB%8C%E2%80%AD/data=!4m7!3m6!1s0x3f93bd002f12d6e1:0x4ba8ed1e15d2b204!8m2!3d34.629663!4d50.8923939!16s%2Fg%2F11w_fgjhrh!19sChIJ4dYSLwC9kz8RBLLSFR7tqEs?authuser=0&hl=en&rclk=1,2026-08-02T23:56:44.552978+00:00
787,google_maps,Tipax,تیپاکس کلهری,قم,NULL,34.629663,50.8923939,1.0,"Hello, I didn't receive a T-box message or a call. I went to look for the package I sent. If I wanted to do this, I would have sent it by post. I will. Please take better care of your work.",11 months ago,Reyhaneh Jahandideh,NULL,NULL,NULL,https://www.google.com/maps/place/%D8%AA%DB%8C%D9%BE%D8%A7%DA%A9%D8%B3+%D8%B4%D8%B9%D8%A8%D9%87+%DA%A9%D9%84%D9%87%D8%B1%DB%8C%E2%80%AD/data=!4m7!3m6!1s0x3f93bd002f12d6e1:0x4ba8ed1e15d2b204!8m2!3d34.629663!4d50.8923939!16s%2Fg%2F11w_fgjhrh!19sChIJ4dYSLwC9kz8RBLLSFR7tqEs?authuser=0&hl=en&rclk=1,2026-08-02T23:56:44.552978+00:00
788,google_maps,Tipax,تیپاکس کلهری,قم,NULL,34.629663,50.8923939,1.0,Really awful They say the recipient is not present and return the package without going to the destination address. …,5 months ago,Sina s,NULL,NULL,NULL,https://www.google.com/maps/place/%D8%AA%DB%8C%D9%BE%D8%A7%DA%A9%D8%B3+%D8%B4%D8%B9%D8%A8%D9%87+%DA%A9%D9%84%D9%87%D8%B1%DB%8C%E2%80%AD/data=!4m7!3m6!1s0x3f93bd002f12d6e1:0x4ba8ed1e15d2b204!8m2!3d34.629663!4d50.8923939!16s%2Fg%2F11w_fgjhrh!19sChIJ4dYSLwC9kz8RBLLSFR7tqEs?authuser=0&hl=en&rclk=1,2026-08-02T23:56:44.552978+00:00
789,google_maps,Tipax,تیپاکس کلهری,قم,NULL,34.629663,50.8923939,5.0,"Their staff is very ethical, the package arrived on time, thank you.",a year ago,معصومه هاشمی,NULL,NULL,NULL,https://www.google.com/maps/place/%D8%AA%DB%8C%D9%BE%D8%A7%DA%A9%D8%B3+%D8%B4%D8%B9%D8%A8%D9%87+%DA%A9%D9%84%D9%87%D8%B1%DB%8C%E2%80%AD/data=!4m7!3m6!1s0x3f93bd002f12d6e1:0x4ba8ed1e15d2b204!8m2!3d34.629663!4d50.8923939!16s%2Fg%2F11w_fgjhrh!19sChIJ4dYSLwC9kz8RBLLSFR7tqEs?authuser=0&hl=en&rclk=1,2026-08-02T23:56:44.552978+00:00
790,google_maps,Tipax,تیپاکس کلهری,قم,NULL,34.629663,50.8923939,1.0,I went to Tipax and the Kalhari agency!!!,8 months ago,Ali Al-Mohsen,NULL,NULL,NULL,https://www.google.com/maps/place/%D8%AA%DB%8C%D9%BE%D8%A7%DA%A9%D8%B3+%D8%B4%D8%B9%D8%A8%D9%87+%DA%A9%D9%84%D9%87%D8%B1%DB%8C%E2%80%AD/data=!4m7!3m6!1s0x3f93bd002f12d6e1:0x4ba8ed1e15d2b204!8m2!3d34.629663!4d50.8923939!16s%2Fg%2F11w_fgjhrh!19sChIJ4dYSLwC9kz8RBLLSFR7tqEs?authuser=0&hl=en&rclk=1,2026-08-02T23:56:44.552978+00:00
791,google_maps,Tipax,تیپاکس کلهری,قم,NULL,34.629663,50.8923939,5.0,Tipax is great 🌹🌹✔️✔️ …,10 months ago,mohammadreza mahvar,NULL,NULL,NULL,https://www.google.com/maps/place/%D8%AA%DB%8C%D9%BE%D8%A7%DA%A9%D8%B3+%D8%B4%D8%B9%D8%A8%D9%87+%DA%A9%D9%84%D9%87%D8%B1%DB%8C%E2%80%AD/data=!4m7!3m6!1s0x3f93bd002f12d6e1:0x4ba8ed1e15d2b204!8m2!3d34.629663!4d50.8923939!16s%2Fg%2F11w_fgjhrh!19sChIJ4dYSLwC9kz8RBLLSFR7tqEs?authuser=0&hl=en&rclk=1,2026-08-02T23:56:44.552978+00:00
792,google_maps,Tipax,تیپاکس کلهری,قم,NULL,34.629663,50.8923939,1.0,Bad,a month ago,Zz,NULL,NULL,NULL,https://www.google.com/maps/place/%D8%AA%DB%8C%D9%BE%D8%A7%DA%A9%D8%B3+%D8%B4%D8%B9%D8%A8%D9%87+%DA%A9%D9%84%D9%87%D8%B1%DB%8C%E2%80%AD/data=!4m7!3m6!1s0x3f93bd002f12d6e1:0x4ba8ed1e15d2b204!8m2!3d34.629663!4d50.8923939!16s%2Fg%2F11w_fgjhrh!19sChIJ4dYSLwC9kz8RBLLSFR7tqEs?authuser=0&hl=en&rclk=1,2026-08-02T23:56:44.552978+00:00
793,google_maps,Tipax,مرکزی تیپاکس تهران,تهران,تهران,35.7045408,51.2270074,1.0,"The WORST experience one might have😞😡!!! DELAYED and RUDE service!!! I encountered tipax because two of my online shoppings were sent to me by this service. In both cases, I could have my packs after calling the tipax center. For the second experience, I had to call the tipax center and their representative of Kerman Abouzar several times. No apology for their irresponsibility, but very impolite and unpleasant delivery!!! Even the minimum 1 star is too much.",3 years ago,Azadeh Hojat,NULL,NULL,NULL,"https://www.google.com/maps/place/%D8%AF%D9%81%D8%AA%D8%B1+%D9%85%D8%B1%DA%A9%D8%B2%DB%8C+%D8%AA%DB%8C%D9%BE%D8%A7%DA%A9%D8%B3+%D8%AA%D9%87%D8%B1%D8%A7%D9%86%E2%80%AD/@35.7045408,51.2270074,17z/data=!3m1!4b1!4m6!3m5!1s0x3f8e01839445e42b:0x106d1e3db176aee!8m2!3d35.7045408!4d51.2295877!16s%2Fg%2F11llyhj774?hl=en&entry=ttu&g_ep=EgoyMDI2MDcyOS4wIKXMDSoASAFQAw%3D%3D",2026-08-02T23:57:01.994212+00:00
794,google_maps,Tipax,مرکزی تیپاکس تهران,تهران,تهران,35.7045408,51.2270074,1.0,"It's really a shame. I paid a lot of money to have it packaged safely and delivered quickly, but it was delivered late and the packaging was terrible. They glued one piece of each carton together to bring me the items. They were also in the carton and they were damaged due to pressure. I'll post a photo for you.",3 years ago,fa as,NULL,NULL,NULL,"https://www.google.com/maps/place/%D8%AF%D9%81%D8%AA%D8%B1+%D9%85%D8%B1%DA%A9%D8%B2%DB%8C+%D8%AA%DB%8C%D9%BE%D8%A7%DA%A9%D8%B3+%D8%AA%D9%87%D8%B1%D8%A7%D9%86%E2%80%AD/@35.7045408,51.2270074,17z/data=!3m1!4b1!4m6!3m5!1s0x3f8e01839445e42b:0x106d1e3db176aee!8m2!3d35.7045408!4d51.2295877!16s%2Fg%2F11llyhj774?hl=en&entry=ttu&g_ep=EgoyMDI2MDcyOS4wIKXMDSoASAFQAw%3D%3D",2026-08-02T23:57:01.994212+00:00
795,google_maps,Tipax,مرکزی تیپاکس تهران,تهران,تهران,35.7045408,51.2270074,1.0,"If you are looking to measure your patience and tolerance threshold, I suggest you use the services of Tipax Company. It is narrated that Prophet Ayub himself lost his patience and his blessed tongue opened to profanity. So much so that this company has excellent management and quality services.",Edited 3 years ago,Reza rezaei,NULL,NULL,NULL,"https://www.google.com/maps/place/%D8%AF%D9%81%D8%AA%D8%B1+%D9%85%D8%B1%DA%A9%D8%B2%DB%8C+%D8%AA%DB%8C%D9%BE%D8%A7%DA%A9%D8%B3+%D8%AA%D9%87%D8%B1%D8%A7%D9%86%E2%80%AD/@35.7045408,51.2270074,17z/data=!3m1!4b1!4m6!3m5!1s0x3f8e01839445e42b:0x106d1e3db176aee!8m2!3d35.7045408!4d51.2295877!16s%2Fg%2F11llyhj774?hl=en&entry=ttu&g_ep=EgoyMDI2MDcyOS4wIKXMDSoASAFQAw%3D%3D",2026-08-02T23:57:01.994212+00:00
796,google_maps,Tipax,مرکزی تیپاکس تهران,تهران,تهران,35.7045408,51.2270074,1.0,"The answer, which I won't even mention, is that there is a number that says no one is answering at all, they just leave a number for the sake of being there. Another new and interesting discovery is that they charge a fare in the city, if …",5 years ago,kiyan MP,NULL,NULL,NULL,"https://www.google.com/maps/place/%D8%AF%D9%81%D8%AA%D8%B1+%D9%85%D8%B1%DA%A9%D8%B2%DB%8C+%D8%AA%DB%8C%D9%BE%D8%A7%DA%A9%D8%B3+%D8%AA%D9%87%D8%B1%D8%A7%D9%86%E2%80%AD/@35.7045408,51.2270074,17z/data=!3m1!4b1!4m6!3m5!1s0x3f8e01839445e42b:0x106d1e3db176aee!8m2!3d35.7045408!4d51.2295877!16s%2Fg%2F11llyhj774?hl=en&entry=ttu&g_ep=EgoyMDI2MDcyOS4wIKXMDSoASAFQAw%3D%3D",2026-08-02T23:57:01.994212+00:00
797,google_maps,Tipax,مرکزی تیپاکس تهران,تهران,تهران,35.7045408,51.2270074,1.0,"Do not use Tipax at all. They have not sent my package for 5 days. I say cancel, I want to give you the address, I will come and pick up my package, they say it is not possible, an expert must follow up. …",5 years ago,Roham,NULL,NULL,NULL,"https://www.google.com/maps/place/%D8%AF%D9%81%D8%AA%D8%B1+%D9%85%D8%B1%DA%A9%D8%B2%DB%8C+%D8%AA%DB%8C%D9%BE%D8%A7%DA%A9%D8%B3+%D8%AA%D9%87%D8%B1%D8%A7%D9%86%E2%80%AD/@35.7045408,51.2270074,17z/data=!3m1!4b1!4m6!3m5!1s0x3f8e01839445e42b:0x106d1e3db176aee!8m2!3d35.7045408!4d51.2295877!16s%2Fg%2F11llyhj774?hl=en&entry=ttu&g_ep=EgoyMDI2MDcyOS4wIKXMDSoASAFQAw%3D%3D",2026-08-02T23:57:01.994212+00:00
798,google_maps,Tipax,مرکزی تیپاکس تهران,تهران,تهران,35.7045408,51.2270074,1.0,Sending me packages with Tipax two or three times is enough for my 7 bucks. Get close to Tipax and you'll be stressed and nervous for a long time.,4 years ago,ak kaheh,NULL,NULL,NULL,"https://www.google.com/maps/place/%D8%AF%D9%81%D8%AA%D8%B1+%D9%85%D8%B1%DA%A9%D8%B2%DB%8C+%D8%AA%DB%8C%D9%BE%D8%A7%DA%A9%D8%B3+%D8%AA%D9%87%D8%B1%D8%A7%D9%86%E2%80%AD/@35.7045408,51.2270074,17z/data=!3m1!4b1!4m6!3m5!1s0x3f8e01839445e42b:0x106d1e3db176aee!8m2!3d35.7045408!4d51.2295877!16s%2Fg%2F11llyhj774?hl=en&entry=ttu&g_ep=EgoyMDI2MDcyOS4wIKXMDSoASAFQAw%3D%3D",2026-08-02T23:57:01.994212+00:00
799,google_maps,Tipax,مرکزی تیپاکس تهران,تهران,تهران,35.7045408,51.2270074,1.0,"Awful, irresponsible, you have to pick up the goods yourself from their office, even if you follow up, they will say they will refund you.",3 years ago,Safa Javanmardi,NULL,NULL,NULL,"https://www.google.com/maps/place/%D8%AF%D9%81%D8%AA%D8%B1+%D9%85%D8%B1%DA%A9%D8%B2%DB%8C+%D8%AA%DB%8C%D9%BE%D8%A7%DA%A9%D8%B3+%D8%AA%D9%87%D8%B1%D8%A7%D9%86%E2%80%AD/@35.7045408,51.2270074,17z/data=!3m1!4b1!4m6!3m5!1s0x3f8e01839445e42b:0x106d1e3db176aee!8m2!3d35.7045408!4d51.2295877!16s%2Fg%2F11llyhj774?hl=en&entry=ttu&g_ep=EgoyMDI2MDcyOS4wIKXMDSoASAFQAw%3D%3D",2026-08-02T23:57:01.994212+00:00
800,google_maps,Tipax,مرکزی تیپاکس تهران,تهران,تهران,35.7045408,51.2270074,1.0,"Very poor and slow service, to the point that orders from Tehran to Tehran with a 15-minute interval are delivered after 4 days.",5 years ago,M pazoki,NULL,NULL,NULL,"https://www.google.com/maps/place/%D8%AF%D9%81%D8%AA%D8%B1+%D9%85%D8%B1%DA%A9%D8%B2%DB%8C+%D8%AA%DB%8C%D9%BE%D8%A7%DA%A9%D8%B3+%D8%AA%D9%87%D8%B1%D8%A7%D9%86%E2%80%AD/@35.7045408,51.2270074,17z/data=!3m1!4b1!4m6!3m5!1s0x3f8e01839445e42b:0x106d1e3db176aee!8m2!3d35.7045408!4d51.2295877!16s%2Fg%2F11llyhj774?hl=en&entry=ttu&g_ep=EgoyMDI2MDcyOS4wIKXMDSoASAFQAw%3D%3D",2026-08-02T23:57:01.994212+00:00
801,google_maps,Tipax,مرکزی تیپاکس تهران,تهران,تهران,35.7045408,51.2270074,1.0,Disgusting Officially stealing takes a month to deliver a package,3 years ago,Alireza Estaki,NULL,NULL,NULL,"https://www.google.com/maps/place/%D8%AF%D9%81%D8%AA%D8%B1+%D9%85%D8%B1%DA%A9%D8%B2%DB%8C+%D8%AA%DB%8C%D9%BE%D8%A7%DA%A9%D8%B3+%D8%AA%D9%87%D8%B1%D8%A7%D9%86%E2%80%AD/@35.7045408,51.2270074,17z/data=!3m1!4b1!4m6!3m5!1s0x3f8e01839445e42b:0x106d1e3db176aee!8m2!3d35.7045408!4d51.2295877!16s%2Fg%2F11llyhj774?hl=en&entry=ttu&g_ep=EgoyMDI2MDcyOS4wIKXMDSoASAFQAw%3D%3D",2026-08-02T23:57:01.994212+00:00
802,google_maps,Tipax,مرکزی تیپاکس تهران,تهران,تهران,35.7045408,51.2270074,1.0,The package gets lost.. or arrives late or is damaged..,5 years ago,Niusha Hosseini,NULL,NULL,NULL,"https://www.google.com/maps/place/%D8%AF%D9%81%D8%AA%D8%B1+%D9%85%D8%B1%DA%A9%D8%B2%DB%8C+%D8%AA%DB%8C%D9%BE%D8%A7%DA%A9%D8%B3+%D8%AA%D9%87%D8%B1%D8%A7%D9%86%E2%80%AD/@35.7045408,51.2270074,17z/data=!3m1!4b1!4m6!3m5!1s0x3f8e01839445e42b:0x106d1e3db176aee!8m2!3d35.7045408!4d51.2295877!16s%2Fg%2F11llyhj774?hl=en&entry=ttu&g_ep=EgoyMDI2MDcyOS4wIKXMDSoASAFQAw%3D%3D",2026-08-02T23:57:01.994212+00:00
803,google_maps,Tipax,تیپاکس خرم آباد کیو,لرستان,NULL,33.5057483,48.3671579,1.0,"They behave very badly, thinking they are smart. They don't even bring orders to your door. They say come to the office and pick them up. Unfortunately, they attribute this to their own smartness. No, sir. You misunderstood. It's not smartness.",11 months ago,Soheila Hasanvand,NULL,NULL,NULL,https://www.google.com/maps/place/%D9%86%D9%85%D8%A7%DB%8C%D9%86%D8%AF%DA%AF%DB%8C+%D8%AA%DB%8C%D9%BE%D8%A7%DA%A9%D8%B3+%D8%AE%D8%B1%D9%85+%D8%A2%D8%A8%D8%A7%D8%AF+%DA%A9%DB%8C%D9%88%E2%80%AD/data=!4m7!3m6!1s0x3feec17714f952c1:0x5675cf4192cfccc4!8m2!3d33.5057483!4d48.3671579!16s%2Fg%2F11r2r2b4x7!19sChIJwVL5FHfB7j8RxMzPkkHPdVY?authuser=0&hl=en&rclk=1,2026-08-02T23:57:10.598445+00:00
804,google_maps,Tipax,تیپاکس خرم آباد کیو,لرستان,NULL,33.5057483,48.3671579,1.0,Tipax is the most disorganized and careless. We have been waiting for the rest of the goods for several days and there is no news from them. They don't answer the phone at all. They also charged the full cost of Tipax. It's unfortunate.,4 years ago,jim keley,NULL,NULL,NULL,https://www.google.com/maps/place/%D9%86%D9%85%D8%A7%DB%8C%D9%86%D8%AF%DA%AF%DB%8C+%D8%AA%DB%8C%D9%BE%D8%A7%DA%A9%D8%B3+%D8%AE%D8%B1%D9%85+%D8%A2%D8%A8%D8%A7%D8%AF+%DA%A9%DB%8C%D9%88%E2%80%AD/data=!4m7!3m6!1s0x3feec17714f952c1:0x5675cf4192cfccc4!8m2!3d33.5057483!4d48.3671579!16s%2Fg%2F11r2r2b4x7!19sChIJwVL5FHfB7j8RxMzPkkHPdVY?authuser=0&hl=en&rclk=1,2026-08-02T23:57:10.598445+00:00
805,google_maps,Tipax,تیپاکس خرم آباد کیو,لرستان,NULL,33.5057483,48.3671579,3.0,"His address is a secondary value. As always, Tipax is expensive. I received two packages of rice bread, and the shipping cost was 400 thousand.",5 months ago,بابازید بابازیدی,NULL,NULL,NULL,https://www.google.com/maps/place/%D9%86%D9%85%D8%A7%DB%8C%D9%86%D8%AF%DA%AF%DB%8C+%D8%AA%DB%8C%D9%BE%D8%A7%DA%A9%D8%B3+%D8%AE%D8%B1%D9%85+%D8%A2%D8%A8%D8%A7%D8%AF+%DA%A9%DB%8C%D9%88%E2%80%AD/data=!4m7!3m6!1s0x3feec17714f952c1:0x5675cf4192cfccc4!8m2!3d33.5057483!4d48.3671579!16s%2Fg%2F11r2r2b4x7!19sChIJwVL5FHfB7j8RxMzPkkHPdVY?authuser=0&hl=en&rclk=1,2026-08-02T23:57:10.598445+00:00
806,google_maps,Tipax,تیپاکس خرم آباد کیو,لرستان,NULL,33.5057483,48.3671579,1.0,"I mean, they're making me feel bad. If I could, I would change my city. I'm so jealous of these people.",3 years ago,Ali Abedi,NULL,NULL,NULL,https://www.google.com/maps/place/%D9%86%D9%85%D8%A7%DB%8C%D9%86%D8%AF%DA%AF%DB%8C+%D8%AA%DB%8C%D9%BE%D8%A7%DA%A9%D8%B3+%D8%AE%D8%B1%D9%85+%D8%A2%D8%A8%D8%A7%D8%AF+%DA%A9%DB%8C%D9%88%E2%80%AD/data=!4m7!3m6!1s0x3feec17714f952c1:0x5675cf4192cfccc4!8m2!3d33.5057483!4d48.3671579!16s%2Fg%2F11r2r2b4x7!19sChIJwVL5FHfB7j8RxMzPkkHPdVY?authuser=0&hl=en&rclk=1,2026-08-02T23:57:10.598445+00:00
807,google_maps,Tipax,تیپاکس خرم آباد کیو,لرستان,NULL,33.5057483,48.3671579,1.0,"They don't even bring the package to the door, they just say ""we came"" but you don't open it.",7 months ago,maryam shokri,NULL,NULL,NULL,https://www.google.com/maps/place/%D9%86%D9%85%D8%A7%DB%8C%D9%86%D8%AF%DA%AF%DB%8C+%D8%AA%DB%8C%D9%BE%D8%A7%DA%A9%D8%B3+%D8%AE%D8%B1%D9%85+%D8%A2%D8%A8%D8%A7%D8%AF+%DA%A9%DB%8C%D9%88%E2%80%AD/data=!4m7!3m6!1s0x3feec17714f952c1:0x5675cf4192cfccc4!8m2!3d33.5057483!4d48.3671579!16s%2Fg%2F11r2r2b4x7!19sChIJwVL5FHfB7j8RxMzPkkHPdVY?authuser=0&hl=en&rclk=1,2026-08-02T23:57:10.598445+00:00
808,google_maps,Tipax,تیپاکس خرم آباد کیو,لرستان,NULL,33.5057483,48.3671579,5.0,"Great treatment, some people don't let the package arrive and send it back.",8 months ago,ناهید حسنوند,NULL,NULL,NULL,https://www.google.com/maps/place/%D9%86%D9%85%D8%A7%DB%8C%D9%86%D8%AF%DA%AF%DB%8C+%D8%AA%DB%8C%D9%BE%D8%A7%DA%A9%D8%B3+%D8%AE%D8%B1%D9%85+%D8%A2%D8%A8%D8%A7%D8%AF+%DA%A9%DB%8C%D9%88%E2%80%AD/data=!4m7!3m6!1s0x3feec17714f952c1:0x5675cf4192cfccc4!8m2!3d33.5057483!4d48.3671579!16s%2Fg%2F11r2r2b4x7!19sChIJwVL5FHfB7j8RxMzPkkHPdVY?authuser=0&hl=en&rclk=1,2026-08-02T23:57:10.598445+00:00
809,google_maps,Tipax,تیپاکس خرم آباد کیو,لرستان,NULL,33.5057483,48.3671579,1.0,"Terrible service, delay in delivery of the parcel.",10 months ago,Amir Kh733,NULL,NULL,NULL,https://www.google.com/maps/place/%D9%86%D9%85%D8%A7%DB%8C%D9%86%D8%AF%DA%AF%DB%8C+%D8%AA%DB%8C%D9%BE%D8%A7%DA%A9%D8%B3+%D8%AE%D8%B1%D9%85+%D8%A2%D8%A8%D8%A7%D8%AF+%DA%A9%DB%8C%D9%88%E2%80%AD/data=!4m7!3m6!1s0x3feec17714f952c1:0x5675cf4192cfccc4!8m2!3d33.5057483!4d48.3671579!16s%2Fg%2F11r2r2b4x7!19sChIJwVL5FHfB7j8RxMzPkkHPdVY?authuser=0&hl=en&rclk=1,2026-08-02T23:57:10.598445+00:00
810,google_maps,Tipax,تیپاکس خرم آباد کیو,لرستان,NULL,33.5057483,48.3671579,5.0,"Very good, they really treat you with respect.",2 years ago,علی جعفری,NULL,NULL,NULL,https://www.google.com/maps/place/%D9%86%D9%85%D8%A7%DB%8C%D9%86%D8%AF%DA%AF%DB%8C+%D8%AA%DB%8C%D9%BE%D8%A7%DA%A9%D8%B3+%D8%AE%D8%B1%D9%85+%D8%A2%D8%A8%D8%A7%D8%AF+%DA%A9%DB%8C%D9%88%E2%80%AD/data=!4m7!3m6!1s0x3feec17714f952c1:0x5675cf4192cfccc4!8m2!3d33.5057483!4d48.3671579!16s%2Fg%2F11r2r2b4x7!19sChIJwVL5FHfB7j8RxMzPkkHPdVY?authuser=0&hl=en&rclk=1,2026-08-02T23:57:10.598445+00:00
811,google_maps,Tipax,تیپاکس خرم آباد کیو,لرستان,NULL,33.5057483,48.3671579,5.0,"Very bad, ill-mannered and disorganized",3 years ago,Alireza Ariaee,NULL,NULL,NULL,https://www.google.com/maps/place/%D9%86%D9%85%D8%A7%DB%8C%D9%86%D8%AF%DA%AF%DB%8C+%D8%AA%DB%8C%D9%BE%D8%A7%DA%A9%D8%B3+%D8%AE%D8%B1%D9%85+%D8%A2%D8%A8%D8%A7%D8%AF+%DA%A9%DB%8C%D9%88%E2%80%AD/data=!4m7!3m6!1s0x3feec17714f952c1:0x5675cf4192cfccc4!8m2!3d33.5057483!4d48.3671579!16s%2Fg%2F11r2r2b4x7!19sChIJwVL5FHfB7j8RxMzPkkHPdVY?authuser=0&hl=en&rclk=1,2026-08-02T23:57:10.598445+00:00
812,google_maps,Tipax,تیپاکس خرم آباد کیو,لرستان,NULL,33.5057483,48.3671579,5.0,"Very good, thank you.",4 years ago,Mojtaba Hashemi,NULL,NULL,NULL,https://www.google.com/maps/place/%D9%86%D9%85%D8%A7%DB%8C%D9%86%D8%AF%DA%AF%DB%8C+%D8%AA%DB%8C%D9%BE%D8%A7%DA%A9%D8%B3+%D8%AE%D8%B1%D9%85+%D8%A2%D8%A8%D8%A7%D8%AF+%DA%A9%DB%8C%D9%88%E2%80%AD/data=!4m7!3m6!1s0x3feec17714f952c1:0x5675cf4192cfccc4!8m2!3d33.5057483!4d48.3671579!16s%2Fg%2F11r2r2b4x7!19sChIJwVL5FHfB7j8RxMzPkkHPdVY?authuser=0&hl=en&rclk=1,2026-08-02T23:57:10.598445+00:00
813,google_maps,Tipax,تیپاکس الیگودرز,لرستان,NULL,33.4031097,49.6838972,5.0,Tipax,a month ago,mahdi karimi,NULL,NULL,NULL,https://www.google.com/maps/place/%D8%AA%DB%8C%D9%BE%D8%A7%DA%A9%D8%B3+%D8%A7%D9%84%DB%8C%DA%AF%D9%88%D8%AF%D8%B1%D8%B2%E2%80%AD/data=!4m7!3m6!1s0x3feb17004d3b61bf:0x8131640357b524c3!8m2!3d33.4031097!4d49.6838972!16s%2Fg%2F11z8l8t5x6!19sChIJv2E7TQAX6z8RwyS1VwNkMYE?authuser=0&hl=en&rclk=1,2026-08-02T23:57:36.140026+00:00
814,google_maps,Tipax,تیپاکس خرم آباد افلاک,لرستان,ری,33.5190437,48.3551018,1.0,"Every time, they say you have to come to the company to deliver it, under the pretext that you gave the office address and it's not office time, and if you don't go, they'll call you back, so I complained to them.",11 months ago,safoura,NULL,NULL,NULL,https://www.google.com/maps/place/%D9%86%D9%85%D8%A7%DB%8C%D9%86%D8%AF%DA%AF%DB%8C+%D8%AA%DB%8C%D9%BE%D8%A7%DA%A9%D8%B3+%D8%AE%D8%B1%D9%85+%D8%A2%D8%A8%D8%A7%D8%AF+%D8%A7%D9%81%D9%84%D8%A7%DA%A9%E2%80%AD/data=!4m7!3m6!1s0x3feec1003ec8850b:0xa51dde3aaa498511!8m2!3d33.5190437!4d48.3551018!16s%2Fg%2F11lyz1bsnc!19sChIJC4XIPgDB7j8REYVJqjreHaU?authuser=0&hl=en&rclk=1,2026-08-02T23:57:49.497820+00:00
815,google_maps,Tipax,تیپاکس خرم آباد افلاک,لرستان,ری,33.5190437,48.3551018,1.0,Why do you charge postage when we can pick it up from the office ourselves?,11 months ago,Soheila Hasanvand,NULL,NULL,NULL,https://www.google.com/maps/place/%D9%86%D9%85%D8%A7%DB%8C%D9%86%D8%AF%DA%AF%DB%8C+%D8%AA%DB%8C%D9%BE%D8%A7%DA%A9%D8%B3+%D8%AE%D8%B1%D9%85+%D8%A2%D8%A8%D8%A7%D8%AF+%D8%A7%D9%81%D9%84%D8%A7%DA%A9%E2%80%AD/data=!4m7!3m6!1s0x3feec1003ec8850b:0xa51dde3aaa498511!8m2!3d33.5190437!4d48.3551018!16s%2Fg%2F11lyz1bsnc!19sChIJC4XIPgDB7j8REYVJqjreHaU?authuser=0&hl=en&rclk=1,2026-08-02T23:57:49.497820+00:00
816,google_maps,Tipax,تیپاکس کوهدشت,لرستان,NULL,33.5324149,47.602693,5.0,"Good, but the price is higher than the leading post.",6 years ago,H Mo,NULL,NULL,NULL,https://www.google.com/maps/place/%D8%AA%DB%8C%D9%BE%D8%A7%DA%A9%D8%B3+%DA%A9%D9%88%D9%87%D8%AF%D8%B4%D8%AA%E2%80%AD/data=!4m7!3m6!1s0x3fef781e971e581d:0x45346d1ab29a0c5b!8m2!3d33.5324149!4d47.602693!16s%2Fg%2F11gg5r85j_!19sChIJHVgelx547z8RWwyashptNEU?authuser=0&hl=en&rclk=1,2026-08-02T23:58:15.245986+00:00
817,google_maps,Tipax,تیپاکس ( مرکزی اهواز)(سه راه خرمشهر، رو به روی بانک ملت),خوزستان,NULL,31.3341997,48.6319025,1.0,It's a complete crappy company with very poor service and very expensive. Customer service is not important to them at all.,a year ago,F NP,NULL,NULL,NULL,https://www.google.com/maps/place/%D8%AA%DB%8C%D9%BE%D8%A7%DA%A9%D8%B3+%28%D8%AF%D9%81%D8%AA%D8%B1+%D9%85%D8%B1%DA%A9%D8%B2%DB%8C+%D8%A7%D9%87%D9%88%D8%A7%D8%B2%29%28%D8%B3%D9%87+%D8%B1%D8%A7%D9%87+%D8%AE%D8%B1%D9%85%D8%B4%D9%87%D8%B1%D8%8C+%D8%B1%D9%88+%D8%A8%D9%87+%D8%B1%D9%88%DB%8C+%D8%A8%D8%A7%D9%86%DA%A9+%D9%85%D9%84%D8%AA%29%E2%80%AD/data=!4m7!3m6!1s0x3fc3dd64810f6ef9:0xb5b88f0610f57947!8m2!3d31.3341997!4d48.6319025!16s%2Fg%2F11rkbsb_z8!19sChIJ-W4PgWTdwz8RR3n1EAaPuLU?authuser=0&hl=en&rclk=1,2026-08-02T23:58:23.843591+00:00
818,google_maps,Tipax,تیپاکس ( مرکزی اهواز)(سه راه خرمشهر، رو به روی بانک ملت),خوزستان,NULL,31.3341997,48.6319025,1.0,"The worst option for sending a parcel My package arrived in Ahvaz in ten days, but it is not clear where it is.",3 years ago,farzad2024 kasit,NULL,NULL,NULL,https://www.google.com/maps/place/%D8%AA%DB%8C%D9%BE%D8%A7%DA%A9%D8%B3+%28%D8%AF%D9%81%D8%AA%D8%B1+%D9%85%D8%B1%DA%A9%D8%B2%DB%8C+%D8%A7%D9%87%D9%88%D8%A7%D8%B2%29%28%D8%B3%D9%87+%D8%B1%D8%A7%D9%87+%D8%AE%D8%B1%D9%85%D8%B4%D9%87%D8%B1%D8%8C+%D8%B1%D9%88+%D8%A8%D9%87+%D8%B1%D9%88%DB%8C+%D8%A8%D8%A7%D9%86%DA%A9+%D9%85%D9%84%D8%AA%29%E2%80%AD/data=!4m7!3m6!1s0x3fc3dd64810f6ef9:0xb5b88f0610f57947!8m2!3d31.3341997!4d48.6319025!16s%2Fg%2F11rkbsb_z8!19sChIJ-W4PgWTdwz8RR3n1EAaPuLU?authuser=0&hl=en&rclk=1,2026-08-02T23:58:23.843591+00:00
819,google_maps,Tipax,تیپاکس ( مرکزی اهواز)(سه راه خرمشهر، رو به روی بانک ملت),خوزستان,NULL,31.3341997,48.6319025,1.0,"Weak, irresponsible, unresponsive, bad behavior, and arrogant. A thousand blessings to the bus drivers.",2 years ago,iman Kashani birgani,NULL,NULL,NULL,https://www.google.com/maps/place/%D8%AA%DB%8C%D9%BE%D8%A7%DA%A9%D8%B3+%28%D8%AF%D9%81%D8%AA%D8%B1+%D9%85%D8%B1%DA%A9%D8%B2%DB%8C+%D8%A7%D9%87%D9%88%D8%A7%D8%B2%29%28%D8%B3%D9%87+%D8%B1%D8%A7%D9%87+%D8%AE%D8%B1%D9%85%D8%B4%D9%87%D8%B1%D8%8C+%D8%B1%D9%88+%D8%A8%D9%87+%D8%B1%D9%88%DB%8C+%D8%A8%D8%A7%D9%86%DA%A9+%D9%85%D9%84%D8%AA%29%E2%80%AD/data=!4m7!3m6!1s0x3fc3dd64810f6ef9:0xb5b88f0610f57947!8m2!3d31.3341997!4d48.6319025!16s%2Fg%2F11rkbsb_z8!19sChIJ-W4PgWTdwz8RR3n1EAaPuLU?authuser=0&hl=en&rclk=1,2026-08-02T23:58:23.843591+00:00
820,google_maps,Tipax,تیپاکس ( مرکزی اهواز)(سه راه خرمشهر، رو به روی بانک ملت),خوزستان,NULL,31.3341997,48.6319025,1.0,"The worst tipax is no follow-up, nothing. The best thing is just a tipax post, it's useless.",6 months ago,عباس بیت سیاح,NULL,NULL,NULL,https://www.google.com/maps/place/%D8%AA%DB%8C%D9%BE%D8%A7%DA%A9%D8%B3+%28%D8%AF%D9%81%D8%AA%D8%B1+%D9%85%D8%B1%DA%A9%D8%B2%DB%8C+%D8%A7%D9%87%D9%88%D8%A7%D8%B2%29%28%D8%B3%D9%87+%D8%B1%D8%A7%D9%87+%D8%AE%D8%B1%D9%85%D8%B4%D9%87%D8%B1%D8%8C+%D8%B1%D9%88+%D8%A8%D9%87+%D8%B1%D9%88%DB%8C+%D8%A8%D8%A7%D9%86%DA%A9+%D9%85%D9%84%D8%AA%29%E2%80%AD/data=!4m7!3m6!1s0x3fc3dd64810f6ef9:0xb5b88f0610f57947!8m2!3d31.3341997!4d48.6319025!16s%2Fg%2F11rkbsb_z8!19sChIJ-W4PgWTdwz8RR3n1EAaPuLU?authuser=0&hl=en&rclk=1,2026-08-02T23:58:23.843591+00:00
821,google_maps,Tipax,تیپاکس ( مرکزی اهواز)(سه راه خرمشهر، رو به روی بانک ملت),خوزستان,NULL,31.3341997,48.6319025,1.0,"They don't answer, they don't follow up...nothing.",2 years ago,‫محبوبه ممبنی (نوراشاپ)‬‎,NULL,NULL,NULL,https://www.google.com/maps/place/%D8%AA%DB%8C%D9%BE%D8%A7%DA%A9%D8%B3+%28%D8%AF%D9%81%D8%AA%D8%B1+%D9%85%D8%B1%DA%A9%D8%B2%DB%8C+%D8%A7%D9%87%D9%88%D8%A7%D8%B2%29%28%D8%B3%D9%87+%D8%B1%D8%A7%D9%87+%D8%AE%D8%B1%D9%85%D8%B4%D9%87%D8%B1%D8%8C+%D8%B1%D9%88+%D8%A8%D9%87+%D8%B1%D9%88%DB%8C+%D8%A8%D8%A7%D9%86%DA%A9+%D9%85%D9%84%D8%AA%29%E2%80%AD/data=!4m7!3m6!1s0x3fc3dd64810f6ef9:0xb5b88f0610f57947!8m2!3d31.3341997!4d48.6319025!16s%2Fg%2F11rkbsb_z8!19sChIJ-W4PgWTdwz8RR3n1EAaPuLU?authuser=0&hl=en&rclk=1,2026-08-02T23:58:23.843591+00:00
822,google_maps,Tipax,تیپاکس ( مرکزی اهواز)(سه راه خرمشهر، رو به روی بانک ملت),خوزستان,NULL,31.3341997,48.6319025,1.0,"He has no companions, no one is accountable.",2 years ago,Mj Far,NULL,NULL,NULL,https://www.google.com/maps/place/%D8%AA%DB%8C%D9%BE%D8%A7%DA%A9%D8%B3+%28%D8%AF%D9%81%D8%AA%D8%B1+%D9%85%D8%B1%DA%A9%D8%B2%DB%8C+%D8%A7%D9%87%D9%88%D8%A7%D8%B2%29%28%D8%B3%D9%87+%D8%B1%D8%A7%D9%87+%D8%AE%D8%B1%D9%85%D8%B4%D9%87%D8%B1%D8%8C+%D8%B1%D9%88+%D8%A8%D9%87+%D8%B1%D9%88%DB%8C+%D8%A8%D8%A7%D9%86%DA%A9+%D9%85%D9%84%D8%AA%29%E2%80%AD/data=!4m7!3m6!1s0x3fc3dd64810f6ef9:0xb5b88f0610f57947!8m2!3d31.3341997!4d48.6319025!16s%2Fg%2F11rkbsb_z8!19sChIJ-W4PgWTdwz8RR3n1EAaPuLU?authuser=0&hl=en&rclk=1,2026-08-02T23:58:23.843591+00:00
823,google_maps,Tipax,تیپاکس ( مرکزی اهواز)(سه راه خرمشهر، رو به روی بانک ملت),خوزستان,NULL,31.3341997,48.6319025,2.0,They don't know basic of customer services,3 years ago,Amin Chinisaz,NULL,NULL,NULL,https://www.google.com/maps/place/%D8%AA%DB%8C%D9%BE%D8%A7%DA%A9%D8%B3+%28%D8%AF%D9%81%D8%AA%D8%B1+%D9%85%D8%B1%DA%A9%D8%B2%DB%8C+%D8%A7%D9%87%D9%88%D8%A7%D8%B2%29%28%D8%B3%D9%87+%D8%B1%D8%A7%D9%87+%D8%AE%D8%B1%D9%85%D8%B4%D9%87%D8%B1%D8%8C+%D8%B1%D9%88+%D8%A8%D9%87+%D8%B1%D9%88%DB%8C+%D8%A8%D8%A7%D9%86%DA%A9+%D9%85%D9%84%D8%AA%29%E2%80%AD/data=!4m7!3m6!1s0x3fc3dd64810f6ef9:0xb5b88f0610f57947!8m2!3d31.3341997!4d48.6319025!16s%2Fg%2F11rkbsb_z8!19sChIJ-W4PgWTdwz8RR3n1EAaPuLU?authuser=0&hl=en&rclk=1,2026-08-02T23:58:23.843591+00:00
824,google_maps,Tipax,تیپاکس ( مرکزی اهواز)(سه راه خرمشهر، رو به روی بانک ملت),خوزستان,NULL,31.3341997,48.6319025,1.0,The worst postal company is Tipakse.,3 years ago,پویا زمان,NULL,NULL,NULL,https://www.google.com/maps/place/%D8%AA%DB%8C%D9%BE%D8%A7%DA%A9%D8%B3+%28%D8%AF%D9%81%D8%AA%D8%B1+%D9%85%D8%B1%DA%A9%D8%B2%DB%8C+%D8%A7%D9%87%D9%88%D8%A7%D8%B2%29%28%D8%B3%D9%87+%D8%B1%D8%A7%D9%87+%D8%AE%D8%B1%D9%85%D8%B4%D9%87%D8%B1%D8%8C+%D8%B1%D9%88+%D8%A8%D9%87+%D8%B1%D9%88%DB%8C+%D8%A8%D8%A7%D9%86%DA%A9+%D9%85%D9%84%D8%AA%29%E2%80%AD/data=!4m7!3m6!1s0x3fc3dd64810f6ef9:0xb5b88f0610f57947!8m2!3d31.3341997!4d48.6319025!16s%2Fg%2F11rkbsb_z8!19sChIJ-W4PgWTdwz8RR3n1EAaPuLU?authuser=0&hl=en&rclk=1,2026-08-02T23:58:23.843591+00:00
825,google_maps,Tipax,تیپاکس ( مرکزی اهواز)(سه راه خرمشهر، رو به روی بانک ملت),خوزستان,NULL,31.3341997,48.6319025,1.0,🌹 …,3 years ago,عیسی بوعذار,NULL,NULL,NULL,https://www.google.com/maps/place/%D8%AA%DB%8C%D9%BE%D8%A7%DA%A9%D8%B3+%28%D8%AF%D9%81%D8%AA%D8%B1+%D9%85%D8%B1%DA%A9%D8%B2%DB%8C+%D8%A7%D9%87%D9%88%D8%A7%D8%B2%29%28%D8%B3%D9%87+%D8%B1%D8%A7%D9%87+%D8%AE%D8%B1%D9%85%D8%B4%D9%87%D8%B1%D8%8C+%D8%B1%D9%88+%D8%A8%D9%87+%D8%B1%D9%88%DB%8C+%D8%A8%D8%A7%D9%86%DA%A9+%D9%85%D9%84%D8%AA%29%E2%80%AD/data=!4m7!3m6!1s0x3fc3dd64810f6ef9:0xb5b88f0610f57947!8m2!3d31.3341997!4d48.6319025!16s%2Fg%2F11rkbsb_z8!19sChIJ-W4PgWTdwz8RR3n1EAaPuLU?authuser=0&hl=en&rclk=1,2026-08-02T23:58:23.843591+00:00
826,google_maps,Tipax,تیپاکس فرهنگ شهر,خوزستان,اهواز,31.2938609,48.6197752,5.0,"Very good and polite and got the job done without any delay I used the door to door mail service, they picked it up and sent it to me at the door and it arrived at the destination the next day and I handed it over to the recipient at his door. The information this agency gave about the delivery time was more accurate than the information from the head office I had a very good experience overall, thank you",a year ago,Marzieh,NULL,NULL,NULL,https://www.google.com/maps/place/%D8%AA%DB%8C%D9%BE%D8%A7%DA%A9%D8%B3+%D9%81%D8%B1%D9%87%D9%86%DA%AF+%D8%B4%D9%87%D8%B1%E2%80%AD/data=!4m7!3m6!1s0x3fc3dd5daf1efa4b:0x5fed3a42668eec6f!8m2!3d31.2938609!4d48.6197752!16s%2Fg%2F11pkcjjcrj!19sChIJS_oer13dwz8Rb-yOZkI67V8?authuser=0&hl=en&rclk=1,2026-08-02T23:58:32.570155+00:00
827,google_maps,Tipax,تیپاکس فرهنگ شهر,خوزستان,اهواز,31.2938609,48.6197752,1.0,"Hello, this agency charges a fee of ten thousand tomans from the recipient of the goods, in addition to the fare that is calculated and paid at the origin.",a year ago,رز محمدی,NULL,NULL,NULL,https://www.google.com/maps/place/%D8%AA%DB%8C%D9%BE%D8%A7%DA%A9%D8%B3+%D9%81%D8%B1%D9%87%D9%86%DA%AF+%D8%B4%D9%87%D8%B1%E2%80%AD/data=!4m7!3m6!1s0x3fc3dd5daf1efa4b:0x5fed3a42668eec6f!8m2!3d31.2938609!4d48.6197752!16s%2Fg%2F11pkcjjcrj!19sChIJS_oer13dwz8Rb-yOZkI67V8?authuser=0&hl=en&rclk=1,2026-08-02T23:58:32.570155+00:00
828,google_maps,Tipax,تیپاکس فرهنگ شهر,خوزستان,اهواز,31.2938609,48.6197752,1.0,"Unfortunately, some drivers don't coordinate beforehand and don't have the patience for 2 or 3 minutes.",8 months ago,mehdi kordzangene,NULL,NULL,NULL,https://www.google.com/maps/place/%D8%AA%DB%8C%D9%BE%D8%A7%DA%A9%D8%B3+%D9%81%D8%B1%D9%87%D9%86%DA%AF+%D8%B4%D9%87%D8%B1%E2%80%AD/data=!4m7!3m6!1s0x3fc3dd5daf1efa4b:0x5fed3a42668eec6f!8m2!3d31.2938609!4d48.6197752!16s%2Fg%2F11pkcjjcrj!19sChIJS_oer13dwz8Rb-yOZkI67V8?authuser=0&hl=en&rclk=1,2026-08-02T23:58:32.570155+00:00
829,google_maps,Tipax,تیپاکس فرهنگ شهر,خوزستان,اهواز,31.2938609,48.6197752,5.0,The best Tipax agency in Khuzestan Responsiveness Processing …,a year ago,Mani Rahnema,NULL,NULL,NULL,https://www.google.com/maps/place/%D8%AA%DB%8C%D9%BE%D8%A7%DA%A9%D8%B3+%D9%81%D8%B1%D9%87%D9%86%DA%AF+%D8%B4%D9%87%D8%B1%E2%80%AD/data=!4m7!3m6!1s0x3fc3dd5daf1efa4b:0x5fed3a42668eec6f!8m2!3d31.2938609!4d48.6197752!16s%2Fg%2F11pkcjjcrj!19sChIJS_oer13dwz8Rb-yOZkI67V8?authuser=0&hl=en&rclk=1,2026-08-02T23:58:32.570155+00:00
830,google_maps,Tipax,تیپاکس فرهنگ شهر,خوزستان,اهواز,31.2938609,48.6197752,5.0,Responsive and responsible. Unlike some other Ahvaz agencies,a year ago,Karim Ebrahimi,NULL,NULL,NULL,https://www.google.com/maps/place/%D8%AA%DB%8C%D9%BE%D8%A7%DA%A9%D8%B3+%D9%81%D8%B1%D9%87%D9%86%DA%AF+%D8%B4%D9%87%D8%B1%E2%80%AD/data=!4m7!3m6!1s0x3fc3dd5daf1efa4b:0x5fed3a42668eec6f!8m2!3d31.2938609!4d48.6197752!16s%2Fg%2F11pkcjjcrj!19sChIJS_oer13dwz8Rb-yOZkI67V8?authuser=0&hl=en&rclk=1,2026-08-02T23:58:32.570155+00:00
831,google_maps,Tipax,تیپاکس فرهنگ شهر,خوزستان,اهواز,31.2938609,48.6197752,5.0,Excellent customer service and excellent shipping speed.,4 years ago,Mehdi Momeni,NULL,NULL,NULL,https://www.google.com/maps/place/%D8%AA%DB%8C%D9%BE%D8%A7%DA%A9%D8%B3+%D9%81%D8%B1%D9%87%D9%86%DA%AF+%D8%B4%D9%87%D8%B1%E2%80%AD/data=!4m7!3m6!1s0x3fc3dd5daf1efa4b:0x5fed3a42668eec6f!8m2!3d31.2938609!4d48.6197752!16s%2Fg%2F11pkcjjcrj!19sChIJS_oer13dwz8Rb-yOZkI67V8?authuser=0&hl=en&rclk=1,2026-08-02T23:58:32.570155+00:00
832,google_maps,Tipax,تیپاکس فرهنگ شهر,خوزستان,اهواز,31.2938609,48.6197752,5.0,The staff is very nice and polite.,a year ago,آرزو,NULL,NULL,NULL,https://www.google.com/maps/place/%D8%AA%DB%8C%D9%BE%D8%A7%DA%A9%D8%B3+%D9%81%D8%B1%D9%87%D9%86%DA%AF+%D8%B4%D9%87%D8%B1%E2%80%AD/data=!4m7!3m6!1s0x3fc3dd5daf1efa4b:0x5fed3a42668eec6f!8m2!3d31.2938609!4d48.6197752!16s%2Fg%2F11pkcjjcrj!19sChIJS_oer13dwz8Rb-yOZkI67V8?authuser=0&hl=en&rclk=1,2026-08-02T23:58:32.570155+00:00
833,google_maps,Tipax,تیپاکس فرهنگ شهر,خوزستان,اهواز,31.2938609,48.6197752,5.0,The work is going well.,3 years ago,alireza janatmakan,NULL,NULL,NULL,https://www.google.com/maps/place/%D8%AA%DB%8C%D9%BE%D8%A7%DA%A9%D8%B3+%D9%81%D8%B1%D9%87%D9%86%DA%AF+%D8%B4%D9%87%D8%B1%E2%80%AD/data=!4m7!3m6!1s0x3fc3dd5daf1efa4b:0x5fed3a42668eec6f!8m2!3d31.2938609!4d48.6197752!16s%2Fg%2F11pkcjjcrj!19sChIJS_oer13dwz8Rb-yOZkI67V8?authuser=0&hl=en&rclk=1,2026-08-02T23:58:32.570155+00:00
834,google_maps,Tipax,تیپاکس فرهنگ شهر,خوزستان,اهواز,31.2938609,48.6197752,5.0,Excellent,2 years ago,زاهد مویدی,NULL,NULL,NULL,https://www.google.com/maps/place/%D8%AA%DB%8C%D9%BE%D8%A7%DA%A9%D8%B3+%D9%81%D8%B1%D9%87%D9%86%DA%AF+%D8%B4%D9%87%D8%B1%E2%80%AD/data=!4m7!3m6!1s0x3fc3dd5daf1efa4b:0x5fed3a42668eec6f!8m2!3d31.2938609!4d48.6197752!16s%2Fg%2F11pkcjjcrj!19sChIJS_oer13dwz8Rb-yOZkI67V8?authuser=0&hl=en&rclk=1,2026-08-02T23:58:32.570155+00:00
835,google_maps,Tipax,تیپاکس فرهنگ شهر,خوزستان,اهواز,31.2938609,48.6197752,3.0,Good,a year ago,Abu Ali Mansour,NULL,NULL,NULL,https://www.google.com/maps/place/%D8%AA%DB%8C%D9%BE%D8%A7%DA%A9%D8%B3+%D9%81%D8%B1%D9%87%D9%86%DA%AF+%D8%B4%D9%87%D8%B1%E2%80%AD/data=!4m7!3m6!1s0x3fc3dd5daf1efa4b:0x5fed3a42668eec6f!8m2!3d31.2938609!4d48.6197752!16s%2Fg%2F11pkcjjcrj!19sChIJS_oer13dwz8Rb-yOZkI67V8?authuser=0&hl=en&rclk=1,2026-08-02T23:58:32.570155+00:00
836,google_maps,Tipax,تیپاکس 3اهواز,خوزستان,NULL,31.3175726,48.7100303,1.0,"Such a branch does not exist, or perhaps such a branch was here before and has already collected it. Don't waste your time and go to the city center to send a package, including Chapar, on Kafi Street, near Katanbaf.",7 months ago,ضحی,NULL,NULL,NULL,https://www.google.com/maps/place/%D8%AA%DB%8C%D9%BE%D8%A7%DA%A9%D8%B3+%D8%B4%D8%B9%D8%A8%D9%87+3%D8%A7%D9%87%D9%88%D8%A7%D8%B2%E2%80%AD/data=!4m7!3m6!1s0x3fc3df028ecf8801:0xa5c0d7a0faa94904!8m2!3d31.3175726!4d48.7100303!16s%2Fg%2F11lkkwfh_f!19sChIJAYjPjgLfwz8RBEmp-qDXwKU?authuser=0&hl=en&rclk=1,2026-08-02T23:58:41.187234+00:00
837,google_maps,Tipax,تیپاکس 3اهواز,خوزستان,NULL,31.3175726,48.7100303,1.0,They are not responsive and have left no way of communication.,5 years ago,Hosein Noorelahi,NULL,NULL,NULL,https://www.google.com/maps/place/%D8%AA%DB%8C%D9%BE%D8%A7%DA%A9%D8%B3+%D8%B4%D8%B9%D8%A8%D9%87+3%D8%A7%D9%87%D9%88%D8%A7%D8%B2%E2%80%AD/data=!4m7!3m6!1s0x3fc3df028ecf8801:0xa5c0d7a0faa94904!8m2!3d31.3175726!4d48.7100303!16s%2Fg%2F11lkkwfh_f!19sChIJAYjPjgLfwz8RBEmp-qDXwKU?authuser=0&hl=en&rclk=1,2026-08-02T23:58:41.187234+00:00
838,google_maps,Tipax,tippax ahwaz تیپاکس اهواز غرب کارون,خوزستان,NULL,31.3252473,48.6491427,1.0,"Sooooooooooooo bad, I'm really sorry for them. So many people are unhappy. I don't know if they even care. My package arrived in Ahvaz. It had to go to a city that didn't have Tipax. I really needed it. They didn't call me to tell me what to do with it. They sent it back to Tehran. Then they called me and said we returned it. 😶😶😶😶 …",6 years ago,Baharan 59,NULL,NULL,NULL,https://www.google.com/maps/place/tippax+ahwaz+%D8%AA%DB%8C%D9%BE%D8%A7%DA%A9%D8%B3+%D8%A7%D9%87%D9%88%D8%A7%D8%B2+%D8%B4%D8%B9%D8%A8%D9%87+%D8%BA%D8%B1%D8%A8+%DA%A9%D8%A7%D8%B1%D9%88%D9%86%E2%80%AD/data=!4m7!3m6!1s0x3fc3df7ca87a51ff:0xfe02de3bfed3c8ac!8m2!3d31.3252473!4d48.6491427!16s%2Fg%2F11gmfmv5nn!19sChIJ_1F6qHzfwz8RrMjT_jveAv4?authuser=0&hl=en&rclk=1,2026-08-02T23:58:58.436626+00:00
839,google_maps,Tipax,tippax ahwaz تیپاکس اهواز غرب کارون,خوزستان,NULL,31.3252473,48.6491427,1.0,"The package has been in Ahvaz for three days, but no one has picked it up yet. They never answer the phone. Damn this crappy system of theirs. It feels like I have to drive all the way to pick it up myself. I'm wasting the 30 tomans I paid for the delivery. By the way, their slogan is ""door to door!!!!""",7 years ago,Hassan,NULL,NULL,NULL,https://www.google.com/maps/place/tippax+ahwaz+%D8%AA%DB%8C%D9%BE%D8%A7%DA%A9%D8%B3+%D8%A7%D9%87%D9%88%D8%A7%D8%B2+%D8%B4%D8%B9%D8%A8%D9%87+%D8%BA%D8%B1%D8%A8+%DA%A9%D8%A7%D8%B1%D9%88%D9%86%E2%80%AD/data=!4m7!3m6!1s0x3fc3df7ca87a51ff:0xfe02de3bfed3c8ac!8m2!3d31.3252473!4d48.6491427!16s%2Fg%2F11gmfmv5nn!19sChIJ_1F6qHzfwz8RrMjT_jveAv4?authuser=0&hl=en&rclk=1,2026-08-02T23:58:58.436626+00:00
840,google_maps,Tipax,tippax ahwaz تیپاکس اهواز غرب کارون,خوزستان,NULL,31.3252473,48.6491427,1.0,"The best way is to post it yourself. Please don't let these scam companies take your money and laugh at your beard. For God's sake, don't send the package yourself with Tipax, or have them send it to you with Tipax. Tell everyone else not to use Tipax (disgraceful, shameless",a year ago,Gray Wolv,NULL,NULL,NULL,https://www.google.com/maps/place/tippax+ahwaz+%D8%AA%DB%8C%D9%BE%D8%A7%DA%A9%D8%B3+%D8%A7%D9%87%D9%88%D8%A7%D8%B2+%D8%B4%D8%B9%D8%A8%D9%87+%D8%BA%D8%B1%D8%A8+%DA%A9%D8%A7%D8%B1%D9%88%D9%86%E2%80%AD/data=!4m7!3m6!1s0x3fc3df7ca87a51ff:0xfe02de3bfed3c8ac!8m2!3d31.3252473!4d48.6491427!16s%2Fg%2F11gmfmv5nn!19sChIJ_1F6qHzfwz8RrMjT_jveAv4?authuser=0&hl=en&rclk=1,2026-08-02T23:58:58.436626+00:00
841,google_maps,Tipax,tippax ahwaz تیپاکس اهواز غرب کارون,خوزستان,NULL,31.3252473,48.6491427,1.0,"Take a look at the offices in other cities in Iran and see what you can find. In fact, each of them should be used for your public relations. The lady in the office responds as if she bought this package for you herself and now regrets giving you the gift. I'm really sorry.",6 years ago,احمد حیدری,NULL,NULL,NULL,https://www.google.com/maps/place/tippax+ahwaz+%D8%AA%DB%8C%D9%BE%D8%A7%DA%A9%D8%B3+%D8%A7%D9%87%D9%88%D8%A7%D8%B2+%D8%B4%D8%B9%D8%A8%D9%87+%D8%BA%D8%B1%D8%A8+%DA%A9%D8%A7%D8%B1%D9%88%D9%86%E2%80%AD/data=!4m7!3m6!1s0x3fc3df7ca87a51ff:0xfe02de3bfed3c8ac!8m2!3d31.3252473!4d48.6491427!16s%2Fg%2F11gmfmv5nn!19sChIJ_1F6qHzfwz8RrMjT_jveAv4?authuser=0&hl=en&rclk=1,2026-08-02T23:58:58.436626+00:00
842,google_maps,Tipax,tippax ahwaz تیپاکس اهواز غرب کارون,خوزستان,NULL,31.3252473,48.6491427,1.0,"So far, Tipax has sent me goods three times, each time it took weeks to reach me, and no one is responsible. I am very unhappy about this. This irresponsibility is really unacceptable. This is the last time I will use Tipax, and I suggest you not to use Tipax either. 1",6 years ago,Parsa Bahadori,NULL,NULL,NULL,https://www.google.com/maps/place/tippax+ahwaz+%D8%AA%DB%8C%D9%BE%D8%A7%DA%A9%D8%B3+%D8%A7%D9%87%D9%88%D8%A7%D8%B2+%D8%B4%D8%B9%D8%A8%D9%87+%D8%BA%D8%B1%D8%A8+%DA%A9%D8%A7%D8%B1%D9%88%D9%86%E2%80%AD/data=!4m7!3m6!1s0x3fc3df7ca87a51ff:0xfe02de3bfed3c8ac!8m2!3d31.3252473!4d48.6491427!16s%2Fg%2F11gmfmv5nn!19sChIJ_1F6qHzfwz8RrMjT_jveAv4?authuser=0&hl=en&rclk=1,2026-08-02T23:58:58.436626+00:00
843,google_maps,Tipax,tippax ahwaz تیپاکس اهواز غرب کارون,خوزستان,NULL,31.3252473,48.6491427,1.0,"I've had a package from Tehran for over a week now, but I still haven't received it. My package is a sewing machine that I paid 2 million for. There's still no news of it. God forbid you play with people's money and money. What should I do now?",6 years ago,Roya Parichehreh,NULL,NULL,NULL,https://www.google.com/maps/place/tippax+ahwaz+%D8%AA%DB%8C%D9%BE%D8%A7%DA%A9%D8%B3+%D8%A7%D9%87%D9%88%D8%A7%D8%B2+%D8%B4%D8%B9%D8%A8%D9%87+%D8%BA%D8%B1%D8%A8+%DA%A9%D8%A7%D8%B1%D9%88%D9%86%E2%80%AD/data=!4m7!3m6!1s0x3fc3df7ca87a51ff:0xfe02de3bfed3c8ac!8m2!3d31.3252473!4d48.6491427!16s%2Fg%2F11gmfmv5nn!19sChIJ_1F6qHzfwz8RrMjT_jveAv4?authuser=0&hl=en&rclk=1,2026-08-02T23:58:58.436626+00:00
844,google_maps,Tipax,tippax ahwaz تیپاکس اهواز غرب کارون,خوزستان,NULL,31.3252473,48.6491427,1.0,"Hello, they don't deliver the package on time, they don't respond. I went in person to deliver the package to the post office, what did they do? It took two days for it to arrive, and they never respond.",a year ago,A Amal,NULL,NULL,NULL,https://www.google.com/maps/place/tippax+ahwaz+%D8%AA%DB%8C%D9%BE%D8%A7%DA%A9%D8%B3+%D8%A7%D9%87%D9%88%D8%A7%D8%B2+%D8%B4%D8%B9%D8%A8%D9%87+%D8%BA%D8%B1%D8%A8+%DA%A9%D8%A7%D8%B1%D9%88%D9%86%E2%80%AD/data=!4m7!3m6!1s0x3fc3df7ca87a51ff:0xfe02de3bfed3c8ac!8m2!3d31.3252473!4d48.6491427!16s%2Fg%2F11gmfmv5nn!19sChIJ_1F6qHzfwz8RrMjT_jveAv4?authuser=0&hl=en&rclk=1,2026-08-02T23:58:58.436626+00:00
845,google_maps,Tipax,tippax ahwaz تیپاکس اهواز غرب کارون,خوزستان,NULL,31.3252473,48.6491427,1.0,"It's so awful, they really got on my nerves. I've been holding back for days. They keep sending messages saying that it will be delivered in the next 24 hours due to the delay, and nothing happens.",a year ago,هاشمیه حلاف,NULL,NULL,NULL,https://www.google.com/maps/place/tippax+ahwaz+%D8%AA%DB%8C%D9%BE%D8%A7%DA%A9%D8%B3+%D8%A7%D9%87%D9%88%D8%A7%D8%B2+%D8%B4%D8%B9%D8%A8%D9%87+%D8%BA%D8%B1%D8%A8+%DA%A9%D8%A7%D8%B1%D9%88%D9%86%E2%80%AD/data=!4m7!3m6!1s0x3fc3df7ca87a51ff:0xfe02de3bfed3c8ac!8m2!3d31.3252473!4d48.6491427!16s%2Fg%2F11gmfmv5nn!19sChIJ_1F6qHzfwz8RrMjT_jveAv4?authuser=0&hl=en&rclk=1,2026-08-02T23:58:58.436626+00:00
846,google_maps,Tipax,tippax ahwaz تیپاکس اهواز غرب کارون,خوزستان,NULL,31.3252473,48.6491427,1.0,"Considering that they sent it to me through T-Box for the first time, and now the goods haven't arrived for several days and no one is responding, I'm very unhappy about this...",6 years ago,سیدهاشم فاضلی,NULL,NULL,NULL,https://www.google.com/maps/place/tippax+ahwaz+%D8%AA%DB%8C%D9%BE%D8%A7%DA%A9%D8%B3+%D8%A7%D9%87%D9%88%D8%A7%D8%B2+%D8%B4%D8%B9%D8%A8%D9%87+%D8%BA%D8%B1%D8%A8+%DA%A9%D8%A7%D8%B1%D9%88%D9%86%E2%80%AD/data=!4m7!3m6!1s0x3fc3df7ca87a51ff:0xfe02de3bfed3c8ac!8m2!3d31.3252473!4d48.6491427!16s%2Fg%2F11gmfmv5nn!19sChIJ_1F6qHzfwz8RrMjT_jveAv4?authuser=0&hl=en&rclk=1,2026-08-02T23:58:58.436626+00:00
847,google_maps,Tipax,tippax ahwaz تیپاکس اهواز غرب کارون,خوزستان,NULL,31.3252473,48.6491427,1.0,"It's a shame that they haven't sent the package for three days now, and the seller (mester-abzar) isn't responding. Tipax is really a scammer. I will never use Tipax again.",3 months ago,Atousa All,NULL,NULL,NULL,https://www.google.com/maps/place/tippax+ahwaz+%D8%AA%DB%8C%D9%BE%D8%A7%DA%A9%D8%B3+%D8%A7%D9%87%D9%88%D8%A7%D8%B2+%D8%B4%D8%B9%D8%A8%D9%87+%D8%BA%D8%B1%D8%A8+%DA%A9%D8%A7%D8%B1%D9%88%D9%86%E2%80%AD/data=!4m7!3m6!1s0x3fc3df7ca87a51ff:0xfe02de3bfed3c8ac!8m2!3d31.3252473!4d48.6491427!16s%2Fg%2F11gmfmv5nn!19sChIJ_1F6qHzfwz8RrMjT_jveAv4?authuser=0&hl=en&rclk=1,2026-08-02T23:58:58.436626+00:00
848,google_maps,Tipax,تیپاکس اهواز سه,Ahvaz,9P2H+P63,31.3517704,48.7280425,1.0,"Ahvaz Zeytun representative is a very uneducated, irresponsible, and fraudulent employee. They want to get extra money from the customer by any means, even by packing the package unnecessarily Especially the rude and impolite secretary who is a woman who is not known where they found her on 1400/03/22 Friends, be sure to specify which branch the delivery location is when receiving the package - the staff of this branch are very impersonal and extremely rude - it is better not to choose - and that the opinions of friends who have written here in the past are completely correct and based on reality - and my opinion is also based on comparing the treatment of other branches with the Koy Mellat branch - I hope that this branch's points will be taken away from them as soon as possible",5 years ago,Ahmad B,NULL,NULL,NULL,https://www.google.com/maps/place/%D9%86%D9%85%D8%A7%DB%8C%D9%86%D8%AF%DA%AF%DB%8C+%D8%AA%DB%8C%D9%BE%D8%A7%DA%A9%D8%B3+%D8%A7%D9%87%D9%88%D8%A7%D8%B2+%D8%B3%D9%87%E2%80%AD/data=!4m7!3m6!1s0x3fc161b1520b8163:0x2669009f8d2333b2!8m2!3d31.3517704!4d48.7280425!16s%2Fg%2F11ncb5ltxf!19sChIJY4ELUrFhwT8RsjMjjZ8AaSY?authuser=0&hl=en&rclk=1,2026-08-02T23:59:07.117518+00:00
849,google_maps,Tipax,تیپاکس اهواز سه,Ahvaz,9P2H+P63,31.3517704,48.7280425,1.0,"Disgusting, one star is too much My client's package has been sitting in their office for four days, you who are forced to send it, at least call them to come pick it up, God forbid you charge me for it, irresponsible in every sense",3 years ago,Reza Ataei,NULL,NULL,NULL,https://www.google.com/maps/place/%D9%86%D9%85%D8%A7%DB%8C%D9%86%D8%AF%DA%AF%DB%8C+%D8%AA%DB%8C%D9%BE%D8%A7%DA%A9%D8%B3+%D8%A7%D9%87%D9%88%D8%A7%D8%B2+%D8%B3%D9%87%E2%80%AD/data=!4m7!3m6!1s0x3fc161b1520b8163:0x2669009f8d2333b2!8m2!3d31.3517704!4d48.7280425!16s%2Fg%2F11ncb5ltxf!19sChIJY4ELUrFhwT8RsjMjjZ8AaSY?authuser=0&hl=en&rclk=1,2026-08-02T23:59:07.117518+00:00
850,google_maps,Tipax,تیپاکس اهواز سه,Ahvaz,9P2H+P63,31.3517704,48.7280425,1.0,I feel sorry for myself for sending a package with this company without a dropshipper.,5 years ago,Siyamak Alas,NULL,NULL,NULL,https://www.google.com/maps/place/%D9%86%D9%85%D8%A7%DB%8C%D9%86%D8%AF%DA%AF%DB%8C+%D8%AA%DB%8C%D9%BE%D8%A7%DA%A9%D8%B3+%D8%A7%D9%87%D9%88%D8%A7%D8%B2+%D8%B3%D9%87%E2%80%AD/data=!4m7!3m6!1s0x3fc161b1520b8163:0x2669009f8d2333b2!8m2!3d31.3517704!4d48.7280425!16s%2Fg%2F11ncb5ltxf!19sChIJY4ELUrFhwT8RsjMjjZ8AaSY?authuser=0&hl=en&rclk=1,2026-08-02T23:59:07.117518+00:00
851,google_maps,Tipax,تیپاکس اهواز سه,Ahvaz,9P2H+P63,31.3517704,48.7280425,4.0,Tipax fees have become expensive. Cargo delivery in Ahvaz is delayed.,3 years ago,Ebrahim Jalili,NULL,NULL,NULL,https://www.google.com/maps/place/%D9%86%D9%85%D8%A7%DB%8C%D9%86%D8%AF%DA%AF%DB%8C+%D8%AA%DB%8C%D9%BE%D8%A7%DA%A9%D8%B3+%D8%A7%D9%87%D9%88%D8%A7%D8%B2+%D8%B3%D9%87%E2%80%AD/data=!4m7!3m6!1s0x3fc161b1520b8163:0x2669009f8d2333b2!8m2!3d31.3517704!4d48.7280425!16s%2Fg%2F11ncb5ltxf!19sChIJY4ELUrFhwT8RsjMjjZ8AaSY?authuser=0&hl=en&rclk=1,2026-08-02T23:59:07.117518+00:00
852,google_maps,Tipax,تیپاکس اهواز سه,Ahvaz,9P2H+P63,31.3517704,48.7280425,5.0,Excellent performance. Very friendly and quick to get the job done.,4 years ago,maysam dadar,NULL,NULL,NULL,https://www.google.com/maps/place/%D9%86%D9%85%D8%A7%DB%8C%D9%86%D8%AF%DA%AF%DB%8C+%D8%AA%DB%8C%D9%BE%D8%A7%DA%A9%D8%B3+%D8%A7%D9%87%D9%88%D8%A7%D8%B2+%D8%B3%D9%87%E2%80%AD/data=!4m7!3m6!1s0x3fc161b1520b8163:0x2669009f8d2333b2!8m2!3d31.3517704!4d48.7280425!16s%2Fg%2F11ncb5ltxf!19sChIJY4ELUrFhwT8RsjMjjZ8AaSY?authuser=0&hl=en&rclk=1,2026-08-02T23:59:07.117518+00:00
853,google_maps,Tipax,تیپاکس اهواز سه,Ahvaz,9P2H+P63,31.3517704,48.7280425,1.0,They don't answer the phone during their working hours.,2 years ago,K M,NULL,NULL,NULL,https://www.google.com/maps/place/%D9%86%D9%85%D8%A7%DB%8C%D9%86%D8%AF%DA%AF%DB%8C+%D8%AA%DB%8C%D9%BE%D8%A7%DA%A9%D8%B3+%D8%A7%D9%87%D9%88%D8%A7%D8%B2+%D8%B3%D9%87%E2%80%AD/data=!4m7!3m6!1s0x3fc161b1520b8163:0x2669009f8d2333b2!8m2!3d31.3517704!4d48.7280425!16s%2Fg%2F11ncb5ltxf!19sChIJY4ELUrFhwT8RsjMjjZ8AaSY?authuser=0&hl=en&rclk=1,2026-08-02T23:59:07.117518+00:00
854,google_maps,Tipax,تیپاکس اهواز سه,Ahvaz,9P2H+P63,31.3517704,48.7280425,1.0,Disrespectful behavior towards customers,a year ago,آرمین میرزاخانی,NULL,NULL,NULL,https://www.google.com/maps/place/%D9%86%D9%85%D8%A7%DB%8C%D9%86%D8%AF%DA%AF%DB%8C+%D8%AA%DB%8C%D9%BE%D8%A7%DA%A9%D8%B3+%D8%A7%D9%87%D9%88%D8%A7%D8%B2+%D8%B3%D9%87%E2%80%AD/data=!4m7!3m6!1s0x3fc161b1520b8163:0x2669009f8d2333b2!8m2!3d31.3517704!4d48.7280425!16s%2Fg%2F11ncb5ltxf!19sChIJY4ELUrFhwT8RsjMjjZ8AaSY?authuser=0&hl=en&rclk=1,2026-08-02T23:59:07.117518+00:00
855,google_maps,Tipax,تیپاکس اهواز سه,Ahvaz,9P2H+P63,31.3517704,48.7280425,1.0,They are very disorganized.,3 years ago,Behrooz Taki,NULL,NULL,NULL,https://www.google.com/maps/place/%D9%86%D9%85%D8%A7%DB%8C%D9%86%D8%AF%DA%AF%DB%8C+%D8%AA%DB%8C%D9%BE%D8%A7%DA%A9%D8%B3+%D8%A7%D9%87%D9%88%D8%A7%D8%B2+%D8%B3%D9%87%E2%80%AD/data=!4m7!3m6!1s0x3fc161b1520b8163:0x2669009f8d2333b2!8m2!3d31.3517704!4d48.7280425!16s%2Fg%2F11ncb5ltxf!19sChIJY4ELUrFhwT8RsjMjjZ8AaSY?authuser=0&hl=en&rclk=1,2026-08-02T23:59:07.117518+00:00
856,google_maps,Tipax,تیپاکس اهواز سه,Ahvaz,9P2H+P63,31.3517704,48.7280425,1.0,Garbage,3 years ago,ehsan yousefi,NULL,NULL,NULL,https://www.google.com/maps/place/%D9%86%D9%85%D8%A7%DB%8C%D9%86%D8%AF%DA%AF%DB%8C+%D8%AA%DB%8C%D9%BE%D8%A7%DA%A9%D8%B3+%D8%A7%D9%87%D9%88%D8%A7%D8%B2+%D8%B3%D9%87%E2%80%AD/data=!4m7!3m6!1s0x3fc161b1520b8163:0x2669009f8d2333b2!8m2!3d31.3517704!4d48.7280425!16s%2Fg%2F11ncb5ltxf!19sChIJY4ELUrFhwT8RsjMjjZ8AaSY?authuser=0&hl=en&rclk=1,2026-08-02T23:59:07.117518+00:00
857,google_maps,Tipax,تیپاکس سرپرستی اهواز,خوزستان,NULL,31.299514,48.587733,1.0,The worst Tipax branch,a year ago,مستر عبدالله خنفری,NULL,NULL,NULL,https://www.google.com/maps/place/%D8%AA%DB%8C%D9%BE%D8%A7%DA%A9%D8%B3+%D8%B3%D8%B1%D9%BE%D8%B1%D8%B3%D8%AA%DB%8C+%D8%A7%D9%87%D9%88%D8%A7%D8%B2%E2%80%AD/data=!4m7!3m6!1s0x3fc3dd000bb30f21:0xde56ae872da01c08!8m2!3d31.299514!4d48.587733!16s%2Fg%2F11w2lysqw7!19sChIJIQ-zCwDdwz8RCBygLYeuVt4?authuser=0&hl=en&rclk=1,2026-08-02T23:59:32.900850+00:00
858,google_maps,Tipax,"تیپاکس نیوساید اهواز (,NEWSIDE)",خوزستان,NULL,31.3152611,48.6924131,5.0,Reliable and customer-oriented,6 months ago,ک ش,NULL,NULL,NULL,"https://www.google.com/maps/place/%D8%AA%DB%8C%D9%BE%D8%A7%DA%A9%D8%B3+%D9%86%DB%8C%D9%88%D8%B3%D8%A7%DB%8C%D8%AF+%D8%A7%D9%87%D9%88%D8%A7%D8%B2+%28TIPAX,NEWSIDE%29%E2%80%AD/data=!4m7!3m6!1s0x3fc3df006972828b:0x5bf9917d6f6f69ca!8m2!3d31.3152611!4d48.6924131!16s%2Fg%2F11myhj546j!19sChIJi4JyaQDfwz8Rymlvb32R-Vs?authuser=0&hl=en&rclk=1",2026-08-02T23:59:41.464512+00:00
859,google_maps,Tipax,تیپاکس کوی نفت,خوزستان,NULL,31.3147079,48.7530169,1.0,"Very very poor I called several times, unfortunately no one answered. I called other branches of Tipax. They answered the phone immediately and spoke with a pleasant face. It is really unfortunate that they did not answer the call even once. I hope the situation is addressed.",a year ago,Sina aleomran,NULL,NULL,NULL,https://www.google.com/maps/place/%D8%AA%DB%8C%D9%BE%D8%A7%DA%A9%D8%B3+%DA%A9%D9%88%DB%8C+%D9%86%D9%81%D8%AA+tipax%E2%80%AD/data=!4m7!3m6!1s0x3fc15f006e0017bd:0x8d28c2c992a9928b!8m2!3d31.3147079!4d48.7530169!16s%2Fg%2F11w7dmy0b_!19sChIJvRcAbgBfwT8Ri5KpksnCKI0?authuser=0&hl=en&rclk=1,2026-08-02T23:59:50.187302+00:00
860,google_maps,Tipax,تیپاکس کوی نفت,خوزستان,NULL,31.3147079,48.7530169,1.0,Horrible! Unscrupulous and irresponsible! My package was delivered without even posting it on their website!!!!,10 months ago,ilnaz Khd,NULL,NULL,NULL,https://www.google.com/maps/place/%D8%AA%DB%8C%D9%BE%D8%A7%DA%A9%D8%B3+%DA%A9%D9%88%DB%8C+%D9%86%D9%81%D8%AA+tipax%E2%80%AD/data=!4m7!3m6!1s0x3fc15f006e0017bd:0x8d28c2c992a9928b!8m2!3d31.3147079!4d48.7530169!16s%2Fg%2F11w7dmy0b_!19sChIJvRcAbgBfwT8Ri5KpksnCKI0?authuser=0&hl=en&rclk=1,2026-08-02T23:59:50.187302+00:00
861,google_maps,Tipax,تیپاکس کوی نفت,خوزستان,NULL,31.3147079,48.7530169,5.0,They are completely ridiculous and irresponsible If they don't lose the package They spoil it …,11 months ago,MovafaghIt Servat,NULL,NULL,NULL,https://www.google.com/maps/place/%D8%AA%DB%8C%D9%BE%D8%A7%DA%A9%D8%B3+%DA%A9%D9%88%DB%8C+%D9%86%D9%81%D8%AA+tipax%E2%80%AD/data=!4m7!3m6!1s0x3fc15f006e0017bd:0x8d28c2c992a9928b!8m2!3d31.3147079!4d48.7530169!16s%2Fg%2F11w7dmy0b_!19sChIJvRcAbgBfwT8Ri5KpksnCKI0?authuser=0&hl=en&rclk=1,2026-08-02T23:59:50.187302+00:00
862,google_maps,Tipax,تیپاکس کوی نفت,خوزستان,NULL,31.3147079,48.7530169,5.0,"Thank you, your good company, for your fast and timely service and very friendly support.",9 months ago,آرین mirghaed,NULL,NULL,NULL,https://www.google.com/maps/place/%D8%AA%DB%8C%D9%BE%D8%A7%DA%A9%D8%B3+%DA%A9%D9%88%DB%8C+%D9%86%D9%81%D8%AA+tipax%E2%80%AD/data=!4m7!3m6!1s0x3fc15f006e0017bd:0x8d28c2c992a9928b!8m2!3d31.3147079!4d48.7530169!16s%2Fg%2F11w7dmy0b_!19sChIJvRcAbgBfwT8Ri5KpksnCKI0?authuser=0&hl=en&rclk=1,2026-08-02T23:59:50.187302+00:00
863,google_maps,Tipax,تیپاکس کوی نفت,خوزستان,NULL,31.3147079,48.7530169,5.0,Thank you to Tipax Group for opening a new branch in our neighborhood. We needed it here.,a year ago,ELY KR,NULL,NULL,NULL,https://www.google.com/maps/place/%D8%AA%DB%8C%D9%BE%D8%A7%DA%A9%D8%B3+%DA%A9%D9%88%DB%8C+%D9%86%D9%81%D8%AA+tipax%E2%80%AD/data=!4m7!3m6!1s0x3fc15f006e0017bd:0x8d28c2c992a9928b!8m2!3d31.3147079!4d48.7530169!16s%2Fg%2F11w7dmy0b_!19sChIJvRcAbgBfwT8Ri5KpksnCKI0?authuser=0&hl=en&rclk=1,2026-08-02T23:59:50.187302+00:00
864,google_maps,Tipax,تیپاکس کوی نفت,خوزستان,NULL,31.3147079,48.7530169,1.0,It's impossible to call a Tipax representative in Ahvaz and have them answer.,6 months ago,javad mohammadi,NULL,NULL,NULL,https://www.google.com/maps/place/%D8%AA%DB%8C%D9%BE%D8%A7%DA%A9%D8%B3+%DA%A9%D9%88%DB%8C+%D9%86%D9%81%D8%AA+tipax%E2%80%AD/data=!4m7!3m6!1s0x3fc15f006e0017bd:0x8d28c2c992a9928b!8m2!3d31.3147079!4d48.7530169!16s%2Fg%2F11w7dmy0b_!19sChIJvRcAbgBfwT8Ri5KpksnCKI0?authuser=0&hl=en&rclk=1,2026-08-02T23:59:50.187302+00:00
865,google_maps,Tipax,تیپاکس کوی نفت,خوزستان,NULL,31.3147079,48.7530169,2.0,They are not responsive at all. Please take care of it.,a year ago,Lale,NULL,NULL,NULL,https://www.google.com/maps/place/%D8%AA%DB%8C%D9%BE%D8%A7%DA%A9%D8%B3+%DA%A9%D9%88%DB%8C+%D9%86%D9%81%D8%AA+tipax%E2%80%AD/data=!4m7!3m6!1s0x3fc15f006e0017bd:0x8d28c2c992a9928b!8m2!3d31.3147079!4d48.7530169!16s%2Fg%2F11w7dmy0b_!19sChIJvRcAbgBfwT8Ri5KpksnCKI0?authuser=0&hl=en&rclk=1,2026-08-02T23:59:50.187302+00:00
866,google_maps,Tipax,تیپاکس کوی نفت,خوزستان,NULL,31.3147079,48.7530169,1.0,They are not responsible at all. Too irresponsible.,a year ago,Majed Janami,NULL,NULL,NULL,https://www.google.com/maps/place/%D8%AA%DB%8C%D9%BE%D8%A7%DA%A9%D8%B3+%DA%A9%D9%88%DB%8C+%D9%86%D9%81%D8%AA+tipax%E2%80%AD/data=!4m7!3m6!1s0x3fc15f006e0017bd:0x8d28c2c992a9928b!8m2!3d31.3147079!4d48.7530169!16s%2Fg%2F11w7dmy0b_!19sChIJvRcAbgBfwT8Ri5KpksnCKI0?authuser=0&hl=en&rclk=1,2026-08-02T23:59:50.187302+00:00
867,google_maps,Tipax,تیپاکس کوی نفت,خوزستان,NULL,31.3147079,48.7530169,1.0,You are irresponsible and unscrupulous.,a year ago,Maral Sahragard,NULL,NULL,NULL,https://www.google.com/maps/place/%D8%AA%DB%8C%D9%BE%D8%A7%DA%A9%D8%B3+%DA%A9%D9%88%DB%8C+%D9%86%D9%81%D8%AA+tipax%E2%80%AD/data=!4m7!3m6!1s0x3fc15f006e0017bd:0x8d28c2c992a9928b!8m2!3d31.3147079!4d48.7530169!16s%2Fg%2F11w7dmy0b_!19sChIJvRcAbgBfwT8Ri5KpksnCKI0?authuser=0&hl=en&rclk=1,2026-08-02T23:59:50.187302+00:00
868,google_maps,Tipax,تیپاکس کوی نفت,خوزستان,NULL,31.3147079,48.7530169,1.0,So rude and irresponsible,8 months ago,elham azadmanesh,NULL,NULL,NULL,https://www.google.com/maps/place/%D8%AA%DB%8C%D9%BE%D8%A7%DA%A9%D8%B3+%DA%A9%D9%88%DB%8C+%D9%86%D9%81%D8%AA+tipax%E2%80%AD/data=!4m7!3m6!1s0x3fc15f006e0017bd:0x8d28c2c992a9928b!8m2!3d31.3147079!4d48.7530169!16s%2Fg%2F11w7dmy0b_!19sChIJvRcAbgBfwT8Ri5KpksnCKI0?authuser=0&hl=en&rclk=1,2026-08-02T23:59:50.187302+00:00
869,google_maps,Tipax,تیپاکس زیتون کارگری,خوزستان,NULL,31.3332513,48.7101066,1.0,"It's a disgrace, I said it all. If you don't care about your packages, throw them in the well. It's better to take them to this branch. They broke more than 10 packages from me, lost them, or sent them to the wrong destination. The branch's support staff is weak and unresponsive. In short, go to the terminal, go to the post office, wherever you go, don't go more than 10 kilometers from this branch.",2 years ago,mohamad salamati,NULL,NULL,NULL,https://www.google.com/maps/place/%D8%AA%DB%8C%D9%BE%D8%A7%DA%A9%D8%B3+%D8%B4%D8%B9%D8%A8%D9%87+%D8%B2%DB%8C%D8%AA%D9%88%D9%86+%DA%A9%D8%A7%D8%B1%DA%AF%D8%B1%DB%8C%E2%80%AD/data=!4m7!3m6!1s0x3fc3dfda9eccc24f:0x31c860749fe0ea90!8m2!3d31.3332513!4d48.7101066!16s%2Fg%2F11sppb63dw!19sChIJT8LMntrfwz8RkOrgn3RgyDE?authuser=0&hl=en&rclk=1,2026-08-02T23:59:58.884726+00:00
870,google_maps,Tipax,تیپاکس زیتون کارگری,خوزستان,NULL,31.3332513,48.7101066,1.0,"The most ridiculous tip I've ever seen, sitting at the head of his chair, he left a message saying that the package was returned due to your absence. Well, tell me you should have called. If you're telling the truth, we pay the fare so that …",2 years ago,Amin Valipoor,NULL,NULL,NULL,https://www.google.com/maps/place/%D8%AA%DB%8C%D9%BE%D8%A7%DA%A9%D8%B3+%D8%B4%D8%B9%D8%A8%D9%87+%D8%B2%DB%8C%D8%AA%D9%88%D9%86+%DA%A9%D8%A7%D8%B1%DA%AF%D8%B1%DB%8C%E2%80%AD/data=!4m7!3m6!1s0x3fc3dfda9eccc24f:0x31c860749fe0ea90!8m2!3d31.3332513!4d48.7101066!16s%2Fg%2F11sppb63dw!19sChIJT8LMntrfwz8RkOrgn3RgyDE?authuser=0&hl=en&rclk=1,2026-08-02T23:59:58.884726+00:00
871,google_maps,Tipax,تیپاکس زیتون کارگری,خوزستان,NULL,31.3332513,48.7101066,1.0,"I had a package last summer, and it hasn't arrived in a month. I came all the way from home to your center with Snap, and I paid for it. A lady didn't give me the package, saying it was an agent's. After it didn't arrive for 15 days, I …",2 years ago,Sara Jafal,NULL,NULL,NULL,https://www.google.com/maps/place/%D8%AA%DB%8C%D9%BE%D8%A7%DA%A9%D8%B3+%D8%B4%D8%B9%D8%A8%D9%87+%D8%B2%DB%8C%D8%AA%D9%88%D9%86+%DA%A9%D8%A7%D8%B1%DA%AF%D8%B1%DB%8C%E2%80%AD/data=!4m7!3m6!1s0x3fc3dfda9eccc24f:0x31c860749fe0ea90!8m2!3d31.3332513!4d48.7101066!16s%2Fg%2F11sppb63dw!19sChIJT8LMntrfwz8RkOrgn3RgyDE?authuser=0&hl=en&rclk=1,2026-08-02T23:59:58.884726+00:00
872,google_maps,Tipax,تیپاکس زیتون کارگری,خوزستان,NULL,31.3332513,48.7101066,1.0,"They delivered the car, broken down, dirty, and charged me an extra fee.",10 months ago,mohamadreza abasi,NULL,NULL,NULL,https://www.google.com/maps/place/%D8%AA%DB%8C%D9%BE%D8%A7%DA%A9%D8%B3+%D8%B4%D8%B9%D8%A8%D9%87+%D8%B2%DB%8C%D8%AA%D9%88%D9%86+%DA%A9%D8%A7%D8%B1%DA%AF%D8%B1%DB%8C%E2%80%AD/data=!4m7!3m6!1s0x3fc3dfda9eccc24f:0x31c860749fe0ea90!8m2!3d31.3332513!4d48.7101066!16s%2Fg%2F11sppb63dw!19sChIJT8LMntrfwz8RkOrgn3RgyDE?authuser=0&hl=en&rclk=1,2026-08-02T23:59:58.884726+00:00
873,google_maps,Tipax,تیپاکس زیتون کارگری,خوزستان,NULL,31.3332513,48.7101066,1.0,"Nonsense, liars, they say we came, but you weren't hungry and useless.",a year ago,mo. birgani62,NULL,NULL,NULL,https://www.google.com/maps/place/%D8%AA%DB%8C%D9%BE%D8%A7%DA%A9%D8%B3+%D8%B4%D8%B9%D8%A8%D9%87+%D8%B2%DB%8C%D8%AA%D9%88%D9%86+%DA%A9%D8%A7%D8%B1%DA%AF%D8%B1%DB%8C%E2%80%AD/data=!4m7!3m6!1s0x3fc3dfda9eccc24f:0x31c860749fe0ea90!8m2!3d31.3332513!4d48.7101066!16s%2Fg%2F11sppb63dw!19sChIJT8LMntrfwz8RkOrgn3RgyDE?authuser=0&hl=en&rclk=1,2026-08-02T23:59:58.884726+00:00
874,google_maps,Tipax,تیپاکس زیتون کارگری,خوزستان,NULL,31.3332513,48.7101066,5.0,They are both kind and they keep you safe.,a year ago,Farhad Shahiti,NULL,NULL,NULL,https://www.google.com/maps/place/%D8%AA%DB%8C%D9%BE%D8%A7%DA%A9%D8%B3+%D8%B4%D8%B9%D8%A8%D9%87+%D8%B2%DB%8C%D8%AA%D9%88%D9%86+%DA%A9%D8%A7%D8%B1%DA%AF%D8%B1%DB%8C%E2%80%AD/data=!4m7!3m6!1s0x3fc3dfda9eccc24f:0x31c860749fe0ea90!8m2!3d31.3332513!4d48.7101066!16s%2Fg%2F11sppb63dw!19sChIJT8LMntrfwz8RkOrgn3RgyDE?authuser=0&hl=en&rclk=1,2026-08-02T23:59:58.884726+00:00
875,google_maps,Tipax,تیپاکس زیتون کارگری,خوزستان,NULL,31.3332513,48.7101066,1.0,"It's so bad and boring, it's awful.",3 years ago,mhde mosa,NULL,NULL,NULL,https://www.google.com/maps/place/%D8%AA%DB%8C%D9%BE%D8%A7%DA%A9%D8%B3+%D8%B4%D8%B9%D8%A8%D9%87+%D8%B2%DB%8C%D8%AA%D9%88%D9%86+%DA%A9%D8%A7%D8%B1%DA%AF%D8%B1%DB%8C%E2%80%AD/data=!4m7!3m6!1s0x3fc3dfda9eccc24f:0x31c860749fe0ea90!8m2!3d31.3332513!4d48.7101066!16s%2Fg%2F11sppb63dw!19sChIJT8LMntrfwz8RkOrgn3RgyDE?authuser=0&hl=en&rclk=1,2026-08-02T23:59:58.884726+00:00
876,google_maps,Tipax,تیپاکس زیتون کارگری,خوزستان,NULL,31.3332513,48.7101066,1.0,More curtains,2 years ago,Esmael Emami,NULL,NULL,NULL,https://www.google.com/maps/place/%D8%AA%DB%8C%D9%BE%D8%A7%DA%A9%D8%B3+%D8%B4%D8%B9%D8%A8%D9%87+%D8%B2%DB%8C%D8%AA%D9%88%D9%86+%DA%A9%D8%A7%D8%B1%DA%AF%D8%B1%DB%8C%E2%80%AD/data=!4m7!3m6!1s0x3fc3dfda9eccc24f:0x31c860749fe0ea90!8m2!3d31.3332513!4d48.7101066!16s%2Fg%2F11sppb63dw!19sChIJT8LMntrfwz8RkOrgn3RgyDE?authuser=0&hl=en&rclk=1,2026-08-02T23:59:58.884726+00:00
877,google_maps,Tipax,تیپاکس کیان آباد_وهابی,خوزستان,NULL,31.3503923,48.6762088,1.0,Useless post.,2 years ago,a. R.d.m.r (Jokerbaz),NULL,NULL,NULL,https://www.google.com/maps/place/%D8%AA%DB%8C%D9%BE%D8%A7%DA%A9%D8%B3+%DA%A9%DB%8C%D8%A7%D9%86+%D8%A2%D8%A8%D8%A7%D8%AF_%D9%88%D9%87%D8%A7%D8%A8%DB%8C%E2%80%AD/data=!4m7!3m6!1s0x3fc3dfcd0724e6cf:0xff638335b51b9299!8m2!3d31.3503923!4d48.6762088!16s%2Fg%2F11s9kgqbw2!19sChIJz-YkB83fwz8RmZIbtTWDY_8?authuser=0&hl=en&rclk=1,2026-08-03T00:00:07.460381+00:00
878,google_maps,Tipax,تیپاکس پاداد,خوزستان,NULL,31.2972598,48.7013697,1.0,Very bad service. Charged extra and out of the ordinary.,2 years ago,mehdi mmp,NULL,NULL,NULL,https://www.google.com/maps/place/%D8%AA%DB%8C%D9%BE%D8%A7%DA%A9%D8%B3+%D9%BE%D8%A7%D8%AF%D8%A7%D8%AF%E2%80%AD/data=!4m7!3m6!1s0x3fc3e12d386571ff:0x8a2c60246e62e35d!8m2!3d31.2972598!4d48.7013697!16s%2Fg%2F11l6rt8p1v!19sChIJ_3FlOC3hwz8RXeNibiRgLIo?authuser=0&hl=en&rclk=1,2026-08-03T00:00:33.713736+00:00
879,google_maps,Tipax,تیپاکس پاداد,خوزستان,NULL,31.2972598,48.7013697,1.0,Very very bad experience. A total mistake.,11 months ago,Ashamirirad Nafasam,NULL,NULL,NULL,https://www.google.com/maps/place/%D8%AA%DB%8C%D9%BE%D8%A7%DA%A9%D8%B3+%D9%BE%D8%A7%D8%AF%D8%A7%D8%AF%E2%80%AD/data=!4m7!3m6!1s0x3fc3e12d386571ff:0x8a2c60246e62e35d!8m2!3d31.2972598!4d48.7013697!16s%2Fg%2F11l6rt8p1v!19sChIJ_3FlOC3hwz8RXeNibiRgLIo?authuser=0&hl=en&rclk=1,2026-08-03T00:00:33.713736+00:00
880,google_maps,Tipax,تیپاکس پاداد,خوزستان,NULL,31.2972598,48.7013697,5.0,They are following.,6 months ago,Ali Maleki,NULL,NULL,NULL,https://www.google.com/maps/place/%D8%AA%DB%8C%D9%BE%D8%A7%DA%A9%D8%B3+%D9%BE%D8%A7%D8%AF%D8%A7%D8%AF%E2%80%AD/data=!4m7!3m6!1s0x3fc3e12d386571ff:0x8a2c60246e62e35d!8m2!3d31.2972598!4d48.7013697!16s%2Fg%2F11l6rt8p1v!19sChIJ_3FlOC3hwz8RXeNibiRgLIo?authuser=0&hl=en&rclk=1,2026-08-03T00:00:33.713736+00:00
881,google_maps,Tipax,تیپاکس پادادشهر,Iran,Ahvaz، ‫معلم غربی، 7MRR+6R7,31.2905255,48.6920362,1.0,Disgusting,a month ago,narges nikroo,NULL,NULL,NULL,https://www.google.com/maps/place/%D8%AA%DB%8C%D9%BE%D8%A7%DA%A9%D8%B3+%D8%B4%D8%B9%D8%A8%D9%87+%D9%BE%D8%A7%D8%AF%D8%A7%D8%AF%D8%B4%D9%87%D8%B1%E2%80%AD/data=!4m7!3m6!1s0x3fc3e10056721091:0x4586bf0bf89ebcd!8m2!3d31.2905255!4d48.6920362!16s%2Fg%2F11wh6jl5g1!19sChIJkRByVgDhwz8RzeuJv_BrWAQ?authuser=0&hl=en&rclk=1,2026-08-03T00:00:50.831182+00:00
882,google_maps,Tipax,تیپاکس اروند ماهشهر,خوزستان,NULL,30.5505327,49.204543,5.0,"Hello, thank you to the staff and employees of Tipax Excellent delivery speed",a year ago,امیرحسین,NULL,NULL,NULL,https://www.google.com/maps/place/%D9%86%D9%85%D8%A7%DB%8C%D9%86%D8%AF%DA%AF%DB%8C+%D8%AA%DB%8C%D9%BE%D8%A7%DA%A9%D8%B3+%D8%B4%D8%B9%D8%A8%D9%87+%D8%A7%D8%B1%D9%88%D9%86%D8%AF+%D9%85%D8%A7%D9%87%D8%B4%D9%87%D8%B1%E2%80%AD/data=!4m7!3m6!1s0x3fc657ae877306d9:0xa61209f5fd99c804!8m2!3d30.5505327!4d49.204543!16s%2Fg%2F11s850gqx0!19sChIJ2QZzh65Xxj8RBMiZ_fUJEqY?authuser=0&hl=en&rclk=1,2026-08-03T00:00:59.372914+00:00
883,google_maps,Tipax,تیپاکس اروند ماهشهر,خوزستان,NULL,30.5505327,49.204543,5.0,He has good children.,a year ago,mohsen azad,NULL,NULL,NULL,https://www.google.com/maps/place/%D9%86%D9%85%D8%A7%DB%8C%D9%86%D8%AF%DA%AF%DB%8C+%D8%AA%DB%8C%D9%BE%D8%A7%DA%A9%D8%B3+%D8%B4%D8%B9%D8%A8%D9%87+%D8%A7%D8%B1%D9%88%D9%86%D8%AF+%D9%85%D8%A7%D9%87%D8%B4%D9%87%D8%B1%E2%80%AD/data=!4m7!3m6!1s0x3fc657ae877306d9:0xa61209f5fd99c804!8m2!3d30.5505327!4d49.204543!16s%2Fg%2F11s850gqx0!19sChIJ2QZzh65Xxj8RBMiZ_fUJEqY?authuser=0&hl=en&rclk=1,2026-08-03T00:00:59.372914+00:00
884,google_maps,Tipax,تیپاکس دزفول کمیل,خوزستان,دزفول,32.3855933,48.4067632,1.0,They deliver the package to the door but don't contact the recipient to arrange for it to be delivered to the door. Tipax's performance is really terrible and poor.,a year ago,shaparak,NULL,NULL,NULL,https://www.google.com/maps/place/%D9%86%D9%85%D8%A7%DB%8C%D9%86%D8%AF%DA%AF%DB%8C+%D8%AA%DB%8C%D9%BE%D8%A7%DA%A9%D8%B3+%D8%AF%D8%B2%D9%81%D9%88%D9%84+%DA%A9%D9%85%DB%8C%D9%84%E2%80%AD/data=!4m7!3m6!1s0x3fe9eb6f0a240333:0xaa952fd9e6134535!8m2!3d32.3855933!4d48.4067632!16s%2Fg%2F11fkq_bx2x!19sChIJMwMkCm_r6T8RNUUT5tkvlao?authuser=0&hl=en&rclk=1,2026-08-03T00:01:16.598340+00:00
885,google_maps,Tipax,تیپاکس دزفول کمیل,خوزستان,دزفول,32.3855933,48.4067632,5.0,Doing our job in the best way possible.,3 years ago,مسعود ترابی زاده,NULL,NULL,NULL,https://www.google.com/maps/place/%D9%86%D9%85%D8%A7%DB%8C%D9%86%D8%AF%DA%AF%DB%8C+%D8%AA%DB%8C%D9%BE%D8%A7%DA%A9%D8%B3+%D8%AF%D8%B2%D9%81%D9%88%D9%84+%DA%A9%D9%85%DB%8C%D9%84%E2%80%AD/data=!4m7!3m6!1s0x3fe9eb6f0a240333:0xaa952fd9e6134535!8m2!3d32.3855933!4d48.4067632!16s%2Fg%2F11fkq_bx2x!19sChIJMwMkCm_r6T8RNUUT5tkvlao?authuser=0&hl=en&rclk=1,2026-08-03T00:01:16.598340+00:00
886,google_maps,Tipax,Mahshahr,Abozar Blvd,Bandar-e Mahshahr، فاز 4، بوستان ششم غربی,30.5469875,49.189315,1.0,"It's awful, his troops are all getting extra money for delivering packages, as if they're demanding their father's inheritance from us.",3 years ago,raha sohrabi,NULL,NULL,NULL,https://www.google.com/maps/place/Mahshahr+Tipax/data=!4m7!3m6!1s0x3fc659c683b7b411:0x69931c04411c39e!8m2!3d30.5469875!4d49.189315!16s%2Fg%2F11tfw27bxh!19sChIJEbS3g8ZZxj8RnsMRRMAxmQY?authuser=0&hl=en&rclk=1,2026-08-03T00:01:25.202674+00:00
887,google_maps,Tipax,Mahshahr,Abozar Blvd,Bandar-e Mahshahr، فاز 4، بوستان ششم غربی,30.5469875,49.189315,1.0,"Like most government agencies in the country, they are not responsive. The phone is out of reach from abroad.",a year ago,hossin yadegari,NULL,NULL,NULL,https://www.google.com/maps/place/Mahshahr+Tipax/data=!4m7!3m6!1s0x3fc659c683b7b411:0x69931c04411c39e!8m2!3d30.5469875!4d49.189315!16s%2Fg%2F11tfw27bxh!19sChIJEbS3g8ZZxj8RnsMRRMAxmQY?authuser=0&hl=en&rclk=1,2026-08-03T00:01:25.202674+00:00
888,google_maps,Tipax,Mahshahr,Abozar Blvd,Bandar-e Mahshahr، فاز 4، بوستان ششم غربی,30.5469875,49.189315,1.0,Disgusting The package arrived in three days and they don't deliver it Tipax support doesn't follow up,11 months ago,Ah Kh,NULL,NULL,NULL,https://www.google.com/maps/place/Mahshahr+Tipax/data=!4m7!3m6!1s0x3fc659c683b7b411:0x69931c04411c39e!8m2!3d30.5469875!4d49.189315!16s%2Fg%2F11tfw27bxh!19sChIJEbS3g8ZZxj8RnsMRRMAxmQY?authuser=0&hl=en&rclk=1,2026-08-03T00:01:25.202674+00:00
889,google_maps,Tipax,Mahshahr,Abozar Blvd,Bandar-e Mahshahr، فاز 4، بوستان ششم غربی,30.5469875,49.189315,1.0,"I'm sorry, Tipax, even the agencies that call are not responding, it's turned off.",a year ago,ebi sepehri,NULL,NULL,NULL,https://www.google.com/maps/place/Mahshahr+Tipax/data=!4m7!3m6!1s0x3fc659c683b7b411:0x69931c04411c39e!8m2!3d30.5469875!4d49.189315!16s%2Fg%2F11tfw27bxh!19sChIJEbS3g8ZZxj8RnsMRRMAxmQY?authuser=0&hl=en&rclk=1,2026-08-03T00:01:25.202674+00:00
890,google_maps,Tipax,Mahshahr,Abozar Blvd,Bandar-e Mahshahr، فاز 4، بوستان ششم غربی,30.5469875,49.189315,5.0,"Disgusting, they are not responsible or accountable at all.",8 months ago,اصغر داسمه,NULL,NULL,NULL,https://www.google.com/maps/place/Mahshahr+Tipax/data=!4m7!3m6!1s0x3fc659c683b7b411:0x69931c04411c39e!8m2!3d30.5469875!4d49.189315!16s%2Fg%2F11tfw27bxh!19sChIJEbS3g8ZZxj8RnsMRRMAxmQY?authuser=0&hl=en&rclk=1,2026-08-03T00:01:25.202674+00:00
891,google_maps,Tipax,Mahshahr,Abozar Blvd,Bandar-e Mahshahr، فاز 4، بوستان ششم غربی,30.5469875,49.189315,5.0,Orders are delivered very quickly and on time.,2 years ago,babak sadeghi,NULL,NULL,NULL,https://www.google.com/maps/place/Mahshahr+Tipax/data=!4m7!3m6!1s0x3fc659c683b7b411:0x69931c04411c39e!8m2!3d30.5469875!4d49.189315!16s%2Fg%2F11tfw27bxh!19sChIJEbS3g8ZZxj8RnsMRRMAxmQY?authuser=0&hl=en&rclk=1,2026-08-03T00:01:25.202674+00:00
892,google_maps,Tipax,Mahshahr,Abozar Blvd,Bandar-e Mahshahr، فاز 4، بوستان ششم غربی,30.5469875,49.189315,5.0,Excellent,3 years ago,مصطفی خنفری,NULL,NULL,NULL,https://www.google.com/maps/place/Mahshahr+Tipax/data=!4m7!3m6!1s0x3fc659c683b7b411:0x69931c04411c39e!8m2!3d30.5469875!4d49.189315!16s%2Fg%2F11tfw27bxh!19sChIJEbS3g8ZZxj8RnsMRRMAxmQY?authuser=0&hl=en&rclk=1,2026-08-03T00:01:25.202674+00:00
893,google_maps,Tipax,تیپاکس باهنر,Iran,Ahvaz، ‫بلوار ناصح شرقی،دفتر تیپاکس، بلوار معلم، پلاک ابتدای,31.2936551,48.7209239,5.0,"Getting to know Tipax is not an accident, it is an opportunity to progress towards the future.",a month ago,پیمان کمیاب,NULL,NULL,NULL,https://www.google.com/maps/place/%D8%AA%DB%8C%D9%BE%D8%A7%DA%A9%D8%B3+%D8%A8%D8%A7%D9%87%D9%86%D8%B1%E2%80%AD/data=!4m7!3m6!1s0x3fc15f000e0d933f:0xdbb79a694d1fe4bd!8m2!3d31.2936551!4d48.7209239!16s%2Fg%2F11xzbw5z54!19sChIJP5MNDgBfwT8RveQfTWmat9s?authuser=0&hl=en&rclk=1,2026-08-03T00:01:33.693092+00:00
894,google_maps,Tipax,پست تیپاکس کوروش,خوزستان,NULL,31.3549269,48.7354805,4.0,"The quality of service is much better than other Tipax branches in Ahvaz, Tehran, and Isfahan that I have used, I have often sent and so far they have been without incident or problem. If you live in an area where your only choice other than here is to post, Tipax is definitely a much better choice.",10 months ago,Mohammad Jafari,NULL,NULL,NULL,https://www.google.com/maps/place/%D9%BE%D8%B3%D8%AA+%D8%AA%DB%8C%D9%BE%D8%A7%DA%A9%D8%B3+%D9%86%D9%85%D8%A7%DB%8C%D9%86%D8%AF%DA%AF%DB%8C+%DA%A9%D9%88%D8%B1%D9%88%D8%B4%E2%80%AD/data=!4m7!3m6!1s0x3fc1612c78c0eac1:0x2d1fe8dd4d2aa12d!8m2!3d31.3549269!4d48.7354805!16s%2Fg%2F11v3nnkr82!19sChIJwerAeCxhwT8RLaEqTd3oHy0?authuser=0&hl=en&rclk=1,2026-08-03T00:01:42.324525+00:00
895,google_maps,Tipax,پست تیپاکس کوروش,خوزستان,NULL,31.3549269,48.7354805,5.0,"They have a lot of management weaknesses I've been waiting for a few days, or is this the last time they called and said, …",2 years ago,Javid Saadi,NULL,NULL,NULL,https://www.google.com/maps/place/%D9%BE%D8%B3%D8%AA+%D8%AA%DB%8C%D9%BE%D8%A7%DA%A9%D8%B3+%D9%86%D9%85%D8%A7%DB%8C%D9%86%D8%AF%DA%AF%DB%8C+%DA%A9%D9%88%D8%B1%D9%88%D8%B4%E2%80%AD/data=!4m7!3m6!1s0x3fc1612c78c0eac1:0x2d1fe8dd4d2aa12d!8m2!3d31.3549269!4d48.7354805!16s%2Fg%2F11v3nnkr82!19sChIJwerAeCxhwT8RLaEqTd3oHy0?authuser=0&hl=en&rclk=1,2026-08-03T00:01:42.324525+00:00
896,google_maps,Tipax,پست تیپاکس کوروش,خوزستان,NULL,31.3549269,48.7354805,1.0,"Really weaker than Tipax Ahvaz, I don't think there is anywhere.",a year ago,Mohammad reza Shamshirgar,NULL,NULL,NULL,https://www.google.com/maps/place/%D9%BE%D8%B3%D8%AA+%D8%AA%DB%8C%D9%BE%D8%A7%DA%A9%D8%B3+%D9%86%D9%85%D8%A7%DB%8C%D9%86%D8%AF%DA%AF%DB%8C+%DA%A9%D9%88%D8%B1%D9%88%D8%B4%E2%80%AD/data=!4m7!3m6!1s0x3fc1612c78c0eac1:0x2d1fe8dd4d2aa12d!8m2!3d31.3549269!4d48.7354805!16s%2Fg%2F11v3nnkr82!19sChIJwerAeCxhwT8RLaEqTd3oHy0?authuser=0&hl=en&rclk=1,2026-08-03T00:01:42.324525+00:00
897,google_maps,Tipax,پست تیپاکس کوروش,خوزستان,NULL,31.3549269,48.7354805,5.0,May God always provide you with sustenance. Do the right thing.,6 months ago,هانی,NULL,NULL,NULL,https://www.google.com/maps/place/%D9%BE%D8%B3%D8%AA+%D8%AA%DB%8C%D9%BE%D8%A7%DA%A9%D8%B3+%D9%86%D9%85%D8%A7%DB%8C%D9%86%D8%AF%DA%AF%DB%8C+%DA%A9%D9%88%D8%B1%D9%88%D8%B4%E2%80%AD/data=!4m7!3m6!1s0x3fc1612c78c0eac1:0x2d1fe8dd4d2aa12d!8m2!3d31.3549269!4d48.7354805!16s%2Fg%2F11v3nnkr82!19sChIJwerAeCxhwT8RLaEqTd3oHy0?authuser=0&hl=en&rclk=1,2026-08-03T00:01:42.324525+00:00
898,google_maps,Tipax,پست تیپاکس کوروش,خوزستان,NULL,31.3549269,48.7354805,1.0,The worst post you can find.,a year ago,Ahmad GML,NULL,NULL,NULL,https://www.google.com/maps/place/%D9%BE%D8%B3%D8%AA+%D8%AA%DB%8C%D9%BE%D8%A7%DA%A9%D8%B3+%D9%86%D9%85%D8%A7%DB%8C%D9%86%D8%AF%DA%AF%DB%8C+%DA%A9%D9%88%D8%B1%D9%88%D8%B4%E2%80%AD/data=!4m7!3m6!1s0x3fc1612c78c0eac1:0x2d1fe8dd4d2aa12d!8m2!3d31.3549269!4d48.7354805!16s%2Fg%2F11v3nnkr82!19sChIJwerAeCxhwT8RLaEqTd3oHy0?authuser=0&hl=en&rclk=1,2026-08-03T00:01:42.324525+00:00
899,google_maps,Tipax,تیپاکس خرمشهر,خوزستان,فردوس,30.4331341,48.172542,1.0,"The most impersonal, ignorant, and unprofessional Tipak I have ever seen. The Khorramshahr branch on Ferdowsi Street They do not deliver the package to the destination. You have to go and pick it up yourself Call them and they respond in a demanding manner They are zero customer-oriented From the secretary to the gentlemen The office management is extremely rude The secretary says I don't have the patience or the nerve to answer. They also hang up the phone The staff brutally pick up people's trust packages that are scattered on the floor and throw them at you. They don't care at all that the packages are trusts. They don't care if their credibility is questioned. In short, you either have to remain silent or if you protest, you will face physical violence and be thrown out. They also throw people's packages on the floor in hot weather, in a sloppy and irregular manner. Their office is extremely dirty and disorganized. The staff has no knowledge of labor laws, customer rights, or response etiquette. They only came to get paid, nothing else matters to them. They had several calls in front of me complaining, and after the call ended, they laughed and mocked the customer.",2 years ago,Raziye Farokhnezhad,NULL,NULL,NULL,https://www.google.com/maps/place/%D8%AA%DB%8C%D9%BE%D8%A7%DA%A9%D8%B3+%D8%B4%D8%B9%D8%A8%D9%87+%D8%AE%D8%B1%D9%85%D8%B4%D9%87%D8%B1%E2%80%AD/data=!4m7!3m6!1s0x3fc45dfad7cc5281:0xd7bba0e9cfbe6e3f!8m2!3d30.4331341!4d48.172542!16s%2Fg%2F11fmqcdw7v!19sChIJgVLM1_pdxD8RP26-z-mgu9c?authuser=0&hl=en&rclk=1,2026-08-03T00:01:51.105686+00:00
900,google_maps,Tipax,تیپاکس خرمشهر,خوزستان,فردوس,30.4331341,48.172542,1.0,"Unfortunately, all employees of Tipax Khorramshahr, especially the management of the complex, are uneducated, impolite, irresponsible and impersonal individuals and never respond properly and provide very, very poor service. The delivery agents also do not know the addresses and quickly return the packages and you have to go and find the packages yourself among the packages and receive them. If possible, do not leave your packages with this complex and report the poor service of this complex by filing a complaint with the Tipax customer relations department so that they can either improve their services or shut them down altogether.",a year ago,Habib Sayar,NULL,NULL,NULL,https://www.google.com/maps/place/%D8%AA%DB%8C%D9%BE%D8%A7%DA%A9%D8%B3+%D8%B4%D8%B9%D8%A8%D9%87+%D8%AE%D8%B1%D9%85%D8%B4%D9%87%D8%B1%E2%80%AD/data=!4m7!3m6!1s0x3fc45dfad7cc5281:0xd7bba0e9cfbe6e3f!8m2!3d30.4331341!4d48.172542!16s%2Fg%2F11fmqcdw7v!19sChIJgVLM1_pdxD8RP26-z-mgu9c?authuser=0&hl=en&rclk=1,2026-08-03T00:01:51.105686+00:00
901,google_maps,Tipax,تیپاکس خرمشهر,خوزستان,فردوس,30.4331341,48.172542,1.0,"They don't deliver the packages to their destination at all, they send messages to come and pick them up yourself, and if we don't go to their office to pick them up, they put it in the system and say the customer wasn't responsive and they return them!! Zero intelligence, personality, and commitment! I reported to Tipax many times but to no avail",10 months ago,Mana Musavi,NULL,NULL,NULL,https://www.google.com/maps/place/%D8%AA%DB%8C%D9%BE%D8%A7%DA%A9%D8%B3+%D8%B4%D8%B9%D8%A8%D9%87+%D8%AE%D8%B1%D9%85%D8%B4%D9%87%D8%B1%E2%80%AD/data=!4m7!3m6!1s0x3fc45dfad7cc5281:0xd7bba0e9cfbe6e3f!8m2!3d30.4331341!4d48.172542!16s%2Fg%2F11fmqcdw7v!19sChIJgVLM1_pdxD8RP26-z-mgu9c?authuser=0&hl=en&rclk=1,2026-08-03T00:01:51.105686+00:00
902,google_maps,Tipax,تیپاکس خرمشهر,خوزستان,فردوس,30.4331341,48.172542,1.0,"First, they selectively deliver packages to more distant addresses, saying, ""We don't have delivery, come to the office and pick it up."" I have the SMS messages they sent, come and pick it up on my phone. Can't Tipax have delivery to the destination, and they say they won't charge for it?",a year ago,حسین عبدالمالکی,NULL,NULL,NULL,https://www.google.com/maps/place/%D8%AA%DB%8C%D9%BE%D8%A7%DA%A9%D8%B3+%D8%B4%D8%B9%D8%A8%D9%87+%D8%AE%D8%B1%D9%85%D8%B4%D9%87%D8%B1%E2%80%AD/data=!4m7!3m6!1s0x3fc45dfad7cc5281:0xd7bba0e9cfbe6e3f!8m2!3d30.4331341!4d48.172542!16s%2Fg%2F11fmqcdw7v!19sChIJgVLM1_pdxD8RP26-z-mgu9c?authuser=0&hl=en&rclk=1,2026-08-03T00:01:51.105686+00:00
903,google_maps,Tipax,تیپاکس خرمشهر,خوزستان,فردوس,30.4331341,48.172542,5.0,"In terms of security and service, it's great. I'm really very satisfied. I just had a question: What time does the Khorramshahr branch work on Thursdays from 9 am to 8 pm? I googled it and it says 9 am to 8 pm, but the website says it's open on Thursdays until 1 pm. Which one is correct?",6 years ago,Alu Park,NULL,NULL,NULL,https://www.google.com/maps/place/%D8%AA%DB%8C%D9%BE%D8%A7%DA%A9%D8%B3+%D8%B4%D8%B9%D8%A8%D9%87+%D8%AE%D8%B1%D9%85%D8%B4%D9%87%D8%B1%E2%80%AD/data=!4m7!3m6!1s0x3fc45dfad7cc5281:0xd7bba0e9cfbe6e3f!8m2!3d30.4331341!4d48.172542!16s%2Fg%2F11fmqcdw7v!19sChIJgVLM1_pdxD8RP26-z-mgu9c?authuser=0&hl=en&rclk=1,2026-08-03T00:01:51.105686+00:00
904,google_maps,Tipax,تیپاکس خرمشهر,خوزستان,فردوس,30.4331341,48.172542,4.0,"I am deducting one star because they do not send messages or they send messages late to receive the package and deliver the package. This is the third time that they do not send messages or they send messages late. They know me well, but I …",6 years ago,saeid javanpoor,NULL,NULL,NULL,https://www.google.com/maps/place/%D8%AA%DB%8C%D9%BE%D8%A7%DA%A9%D8%B3+%D8%B4%D8%B9%D8%A8%D9%87+%D8%AE%D8%B1%D9%85%D8%B4%D9%87%D8%B1%E2%80%AD/data=!4m7!3m6!1s0x3fc45dfad7cc5281:0xd7bba0e9cfbe6e3f!8m2!3d30.4331341!4d48.172542!16s%2Fg%2F11fmqcdw7v!19sChIJgVLM1_pdxD8RP26-z-mgu9c?authuser=0&hl=en&rclk=1,2026-08-03T00:01:51.105686+00:00
905,google_maps,Tipax,تیپاکس خرمشهر,خوزستان,فردوس,30.4331341,48.172542,1.0,"I closed it, it had been a few days, they didn't call me until I wanted to return the package. They called me from the same place I ordered it from. Then I called them myself, but they answered, I'm not satisfied at all.",5 years ago,Satar F2,NULL,NULL,NULL,https://www.google.com/maps/place/%D8%AA%DB%8C%D9%BE%D8%A7%DA%A9%D8%B3+%D8%B4%D8%B9%D8%A8%D9%87+%D8%AE%D8%B1%D9%85%D8%B4%D9%87%D8%B1%E2%80%AD/data=!4m7!3m6!1s0x3fc45dfad7cc5281:0xd7bba0e9cfbe6e3f!8m2!3d30.4331341!4d48.172542!16s%2Fg%2F11fmqcdw7v!19sChIJgVLM1_pdxD8RP26-z-mgu9c?authuser=0&hl=en&rclk=1,2026-08-03T00:01:51.105686+00:00
906,google_maps,Tipax,تیپاکس خرمشهر,خوزستان,فردوس,30.4331341,48.172542,1.0,"Disgusting, disgusting, disgusting, and uncaring!!! Rude and uncultured! Instead of delivering the package to the customer, they tell them to come pick it up themselves or they will return it! Morality is zero!",2 years ago,Parisa Niknezhad,NULL,NULL,NULL,https://www.google.com/maps/place/%D8%AA%DB%8C%D9%BE%D8%A7%DA%A9%D8%B3+%D8%B4%D8%B9%D8%A8%D9%87+%D8%AE%D8%B1%D9%85%D8%B4%D9%87%D8%B1%E2%80%AD/data=!4m7!3m6!1s0x3fc45dfad7cc5281:0xd7bba0e9cfbe6e3f!8m2!3d30.4331341!4d48.172542!16s%2Fg%2F11fmqcdw7v!19sChIJgVLM1_pdxD8RP26-z-mgu9c?authuser=0&hl=en&rclk=1,2026-08-03T00:01:51.105686+00:00
907,google_maps,Tipax,تیپاکس خرمشهر,خوزستان,فردوس,30.4331341,48.172542,1.0,It's really a shame. I sent a package and it didn't arrive in 4 days. It went to a different city by mistake. It would have been better if I had sent it by bus. Then no one is responsible.,6 years ago,Lighting Warrior,NULL,NULL,NULL,https://www.google.com/maps/place/%D8%AA%DB%8C%D9%BE%D8%A7%DA%A9%D8%B3+%D8%B4%D8%B9%D8%A8%D9%87+%D8%AE%D8%B1%D9%85%D8%B4%D9%87%D8%B1%E2%80%AD/data=!4m7!3m6!1s0x3fc45dfad7cc5281:0xd7bba0e9cfbe6e3f!8m2!3d30.4331341!4d48.172542!16s%2Fg%2F11fmqcdw7v!19sChIJgVLM1_pdxD8RP26-z-mgu9c?authuser=0&hl=en&rclk=1,2026-08-03T00:01:51.105686+00:00
908,google_maps,Tipax,تیپاکس خرمشهر,خوزستان,فردوس,30.4331341,48.172542,1.0,"Rude, disrespectful, just because they are Kurdish, they reject Mordad, characterless, completely disorganized.",a year ago,محسن احمدی,NULL,NULL,NULL,https://www.google.com/maps/place/%D8%AA%DB%8C%D9%BE%D8%A7%DA%A9%D8%B3+%D8%B4%D8%B9%D8%A8%D9%87+%D8%AE%D8%B1%D9%85%D8%B4%D9%87%D8%B1%E2%80%AD/data=!4m7!3m6!1s0x3fc45dfad7cc5281:0xd7bba0e9cfbe6e3f!8m2!3d30.4331341!4d48.172542!16s%2Fg%2F11fmqcdw7v!19sChIJgVLM1_pdxD8RP26-z-mgu9c?authuser=0&hl=en&rclk=1,2026-08-03T00:01:51.105686+00:00
909,google_maps,Tipax,behbahan,خوزستان,NULL,30.5867972,50.2541853,1.0,"When you're in a hurry, you give the package to Tipax, but Tipax Behbahan never brings the package to you. You either have to call and argue, or go in person to pick up the package after a few days of having it in their hands. They're very irresponsible.",6 years ago,Aram Archer,NULL,NULL,NULL,https://www.google.com/maps/place/Tipax+behbahan/data=!4m7!3m6!1s0x3fb8117a5b7128eb:0xc90579e17925cec4!8m2!3d30.5867972!4d50.2541853!16s%2Fg%2F11bzvbmc1w!19sChIJ6yhxW3oRuD8RxM4leeF5Bck?authuser=0&hl=en&rclk=1,2026-08-03T00:02:11.591183+00:00
910,google_maps,Tipax,behbahan,خوزستان,NULL,30.5867972,50.2541853,1.0,You have the most disorganized and irresponsible branch in the entire country. You haven't delivered a 48-hour package for a week now.,6 years ago,Ba Bak,NULL,NULL,NULL,https://www.google.com/maps/place/Tipax+behbahan/data=!4m7!3m6!1s0x3fb8117a5b7128eb:0xc90579e17925cec4!8m2!3d30.5867972!4d50.2541853!16s%2Fg%2F11bzvbmc1w!19sChIJ6yhxW3oRuD8RxM4leeF5Bck?authuser=0&hl=en&rclk=1,2026-08-03T00:02:11.591183+00:00
911,google_maps,Tipax,behbahan,خوزستان,NULL,30.5867972,50.2541853,2.0,"They didn't respond well. Our package was stuck there, and no matter how many times we called from Tehran, they didn't answer.",6 years ago,Shahed Vafaee,NULL,NULL,NULL,https://www.google.com/maps/place/Tipax+behbahan/data=!4m7!3m6!1s0x3fb8117a5b7128eb:0xc90579e17925cec4!8m2!3d30.5867972!4d50.2541853!16s%2Fg%2F11bzvbmc1w!19sChIJ6yhxW3oRuD8RxM4leeF5Bck?authuser=0&hl=en&rclk=1,2026-08-03T00:02:11.591183+00:00
912,google_maps,Tipax,behbahan,خوزستان,NULL,30.5867972,50.2541853,1.0,"Wrong address, blocked phone, worst postal service company in the world, most irresponsible staff in the entire world.",2 years ago,M EHDI,NULL,NULL,NULL,https://www.google.com/maps/place/Tipax+behbahan/data=!4m7!3m6!1s0x3fb8117a5b7128eb:0xc90579e17925cec4!8m2!3d30.5867972!4d50.2541853!16s%2Fg%2F11bzvbmc1w!19sChIJ6yhxW3oRuD8RxM4leeF5Bck?authuser=0&hl=en&rclk=1,2026-08-03T00:02:11.591183+00:00
913,google_maps,Tipax,behbahan,خوزستان,NULL,30.5867972,50.2541853,1.0,"A package was sent to me from Zahedan on August 26th, and I received it on August 3rd. This means it took 6 days.",6 years ago,میلاد عبدالهی,NULL,NULL,NULL,https://www.google.com/maps/place/Tipax+behbahan/data=!4m7!3m6!1s0x3fb8117a5b7128eb:0xc90579e17925cec4!8m2!3d30.5867972!4d50.2541853!16s%2Fg%2F11bzvbmc1w!19sChIJ6yhxW3oRuD8RxM4leeF5Bck?authuser=0&hl=en&rclk=1,2026-08-03T00:02:11.591183+00:00
914,google_maps,Tipax,behbahan,خوزستان,NULL,30.5867972,50.2541853,1.0,"The website says it's open until 10:30 PM, but it's closed. I came all the way, but it was closed.",a year ago,Vahid Amiri,NULL,NULL,NULL,https://www.google.com/maps/place/Tipax+behbahan/data=!4m7!3m6!1s0x3fb8117a5b7128eb:0xc90579e17925cec4!8m2!3d30.5867972!4d50.2541853!16s%2Fg%2F11bzvbmc1w!19sChIJ6yhxW3oRuD8RxM4leeF5Bck?authuser=0&hl=en&rclk=1,2026-08-03T00:02:11.591183+00:00
915,google_maps,Tipax,behbahan,خوزستان,NULL,30.5867972,50.2541853,1.0,The weakest branch is Tipaxe. They are not responsive at all. It takes two weeks to deliver.,6 years ago,Ali Reza,NULL,NULL,NULL,https://www.google.com/maps/place/Tipax+behbahan/data=!4m7!3m6!1s0x3fb8117a5b7128eb:0xc90579e17925cec4!8m2!3d30.5867972!4d50.2541853!16s%2Fg%2F11bzvbmc1w!19sChIJ6yhxW3oRuD8RxM4leeF5Bck?authuser=0&hl=en&rclk=1,2026-08-03T00:02:11.591183+00:00
916,google_maps,Tipax,behbahan,خوزستان,NULL,30.5867972,50.2541853,1.0,Give them service The numbers they put up for calling are not correct.,5 years ago,ZiZi 94,NULL,NULL,NULL,https://www.google.com/maps/place/Tipax+behbahan/data=!4m7!3m6!1s0x3fb8117a5b7128eb:0xc90579e17925cec4!8m2!3d30.5867972!4d50.2541853!16s%2Fg%2F11bzvbmc1w!19sChIJ6yhxW3oRuD8RxM4leeF5Bck?authuser=0&hl=en&rclk=1,2026-08-03T00:02:11.591183+00:00
917,google_maps,Tipax,behbahan,خوزستان,NULL,30.5867972,50.2541853,1.0,I'm sick of the way they work. Their fees are not halal.,5 years ago,m aram,NULL,NULL,NULL,https://www.google.com/maps/place/Tipax+behbahan/data=!4m7!3m6!1s0x3fb8117a5b7128eb:0xc90579e17925cec4!8m2!3d30.5867972!4d50.2541853!16s%2Fg%2F11bzvbmc1w!19sChIJ6yhxW3oRuD8RxM4leeF5Bck?authuser=0&hl=en&rclk=1,2026-08-03T00:02:11.591183+00:00
918,google_maps,Tipax,behbahan,خوزستان,NULL,30.5867972,50.2541853,5.0,"Okay, but for cities other than Tehran, 2 days.",8 years ago,سعید دست یافته,NULL,NULL,NULL,https://www.google.com/maps/place/Tipax+behbahan/data=!4m7!3m6!1s0x3fb8117a5b7128eb:0xc90579e17925cec4!8m2!3d30.5867972!4d50.2541853!16s%2Fg%2F11bzvbmc1w!19sChIJ6yhxW3oRuD8RxM4leeF5Bck?authuser=0&hl=en&rclk=1,2026-08-03T00:02:11.591183+00:00
919,google_maps,Tipax,Izeh agency,خوزستان,ایذه,31.8365472,49.8672448,1.0,"T-Box Izeh branch, Basij Sub-Zafar intersection, the package arrived a few days ago, but their office does not deliver it. We call them and the office does not answer. The management's mobile phone is always either turned off or, if it is on, it beeps and does not answer.",8 months ago,Arash Ahmadi2022,NULL,NULL,NULL,https://www.google.com/maps/place/Izeh+Tipax+agency/data=!4m7!3m6!1s0x3fc09b2f8cecf613:0x890232053a995ef1!8m2!3d31.8365472!4d49.8672448!16s%2Fg%2F11fjwx52fd!19sChIJE_bsjC-bwD8R8V6ZOgUyAok?authuser=0&hl=en&rclk=1,2026-08-03T00:02:37.623162+00:00
920,google_maps,Tipax,Izeh agency,خوزستان,ایذه,31.8365472,49.8672448,3.0,"The operation of Tipax inside Izeh is not very good, and this is due to the policy of the main company, and the fact that Tipax agents sometimes deliver packages at night, which is not good at all.",4 years ago,احسان اسمعیلی,NULL,NULL,NULL,https://www.google.com/maps/place/Izeh+Tipax+agency/data=!4m7!3m6!1s0x3fc09b2f8cecf613:0x890232053a995ef1!8m2!3d31.8365472!4d49.8672448!16s%2Fg%2F11fjwx52fd!19sChIJE_bsjC-bwD8R8V6ZOgUyAok?authuser=0&hl=en&rclk=1,2026-08-03T00:02:37.623162+00:00
921,google_maps,Tipax,Izeh agency,خوزستان,ایذه,31.8365472,49.8672448,1.0,"My package hasn't been delivered for a few days now. It's really awful. I knew I would have sent the package. When they can't manage it, why are they making fun of people? My phone is turned off.",9 months ago,حدیث,NULL,NULL,NULL,https://www.google.com/maps/place/Izeh+Tipax+agency/data=!4m7!3m6!1s0x3fc09b2f8cecf613:0x890232053a995ef1!8m2!3d31.8365472!4d49.8672448!16s%2Fg%2F11fjwx52fd!19sChIJE_bsjC-bwD8R8V6ZOgUyAok?authuser=0&hl=en&rclk=1,2026-08-03T00:02:37.623162+00:00
922,google_maps,Tipax,Izeh agency,خوزستان,ایذه,31.8365472,49.8672448,1.0,"The phone number is never answered. I have to visit several times. The working hours are not respected. Overall, very poor.",2 years ago,mohamad zandi,NULL,NULL,NULL,https://www.google.com/maps/place/Izeh+Tipax+agency/data=!4m7!3m6!1s0x3fc09b2f8cecf613:0x890232053a995ef1!8m2!3d31.8365472!4d49.8672448!16s%2Fg%2F11fjwx52fd!19sChIJE_bsjC-bwD8R8V6ZOgUyAok?authuser=0&hl=en&rclk=1,2026-08-03T00:02:37.623162+00:00
923,google_maps,Tipax,Izeh agency,خوزستان,ایذه,31.8365472,49.8672448,1.0,My most horrible package arrived four days ago and has not been delivered. I call and no one answers.,3 years ago,Bahareh Mousavi,NULL,NULL,NULL,https://www.google.com/maps/place/Izeh+Tipax+agency/data=!4m7!3m6!1s0x3fc09b2f8cecf613:0x890232053a995ef1!8m2!3d31.8365472!4d49.8672448!16s%2Fg%2F11fjwx52fd!19sChIJE_bsjC-bwD8R8V6ZOgUyAok?authuser=0&hl=en&rclk=1,2026-08-03T00:02:37.623162+00:00
924,google_maps,Tipax,Izeh agency,خوزستان,ایذه,31.8365472,49.8672448,5.0,Fast and secure,5 years ago,Soheil Tahmasebi,NULL,NULL,NULL,https://www.google.com/maps/place/Izeh+Tipax+agency/data=!4m7!3m6!1s0x3fc09b2f8cecf613:0x890232053a995ef1!8m2!3d31.8365472!4d49.8672448!16s%2Fg%2F11fjwx52fd!19sChIJE_bsjC-bwD8R8V6ZOgUyAok?authuser=0&hl=en&rclk=1,2026-08-03T00:02:37.623162+00:00
925,google_maps,Tipax,Izeh agency,خوزستان,ایذه,31.8365472,49.8672448,4.0,👌 …,6 years ago,Farzad Mehdipoor,NULL,NULL,NULL,https://www.google.com/maps/place/Izeh+Tipax+agency/data=!4m7!3m6!1s0x3fc09b2f8cecf613:0x890232053a995ef1!8m2!3d31.8365472!4d49.8672448!16s%2Fg%2F11fjwx52fd!19sChIJE_bsjC-bwD8R8V6ZOgUyAok?authuser=0&hl=en&rclk=1,2026-08-03T00:02:37.623162+00:00
926,google_maps,Tipax,Izeh agency,خوزستان,ایذه,31.8365472,49.8672448,1.0,😡 …,a year ago,سلمان موسوی رکعتی,NULL,NULL,NULL,https://www.google.com/maps/place/Izeh+Tipax+agency/data=!4m7!3m6!1s0x3fc09b2f8cecf613:0x890232053a995ef1!8m2!3d31.8365472!4d49.8672448!16s%2Fg%2F11fjwx52fd!19sChIJE_bsjC-bwD8R8V6ZOgUyAok?authuser=0&hl=en&rclk=1,2026-08-03T00:02:37.623162+00:00
927,google_maps,Tipax,تیپاکس گتوند,خوزستان,NULL,32.2425718,48.8198891,1.0,My package here is badly damaged because they didn't pack it properly ❌ Their behavior is also very inappropriate 👎 …,2 years ago,MohammadAmin Ahmadi Kian,NULL,NULL,NULL,https://www.google.com/maps/place/%D9%86%D9%85%D8%A7%DB%8C%D9%86%D8%AF%DA%AF%DB%8C+%D8%AA%DB%8C%D9%BE%D8%A7%DA%A9%D8%B3+%DA%AF%D8%AA%D9%88%D9%86%D8%AF%E2%80%AD/data=!4m7!3m6!1s0x3fc1fd4e2d18bd0d:0x1d184e547f327d88!8m2!3d32.2425718!4d48.8198891!16s%2Fg%2F11m_j1_sww!19sChIJDb0YLU79wT8RiH0yf1ROGB0?authuser=0&hl=en&rclk=1,2026-08-03T00:02:46.154187+00:00
928,google_maps,Tipax,تیپاکس گتوند,خوزستان,NULL,32.2425718,48.8198891,2.0,"The staff is polite and nice, but Tipax's performance in delivering on time is terrible.",a year ago,Reza Mzk,NULL,NULL,NULL,https://www.google.com/maps/place/%D9%86%D9%85%D8%A7%DB%8C%D9%86%D8%AF%DA%AF%DB%8C+%D8%AA%DB%8C%D9%BE%D8%A7%DA%A9%D8%B3+%DA%AF%D8%AA%D9%88%D9%86%D8%AF%E2%80%AD/data=!4m7!3m6!1s0x3fc1fd4e2d18bd0d:0x1d184e547f327d88!8m2!3d32.2425718!4d48.8198891!16s%2Fg%2F11m_j1_sww!19sChIJDb0YLU79wT8RiH0yf1ROGB0?authuser=0&hl=en&rclk=1,2026-08-03T00:02:46.154187+00:00
929,google_maps,Tipax,تیپاکس گتوند,خوزستان,NULL,32.2425718,48.8198891,1.0,Inappropriate and very bad behavior and attitude of the staff 👎 …,3 years ago,Baby D,NULL,NULL,NULL,https://www.google.com/maps/place/%D9%86%D9%85%D8%A7%DB%8C%D9%86%D8%AF%DA%AF%DB%8C+%D8%AA%DB%8C%D9%BE%D8%A7%DA%A9%D8%B3+%DA%AF%D8%AA%D9%88%D9%86%D8%AF%E2%80%AD/data=!4m7!3m6!1s0x3fc1fd4e2d18bd0d:0x1d184e547f327d88!8m2!3d32.2425718!4d48.8198891!16s%2Fg%2F11m_j1_sww!19sChIJDb0YLU79wT8RiH0yf1ROGB0?authuser=0&hl=en&rclk=1,2026-08-03T00:02:46.154187+00:00
930,google_maps,Tipax,تیپاکس گتوند,خوزستان,NULL,32.2425718,48.8198891,1.0,The package I sent from Tehran was damaged here.,3 years ago,Fereydun Maghami,NULL,NULL,NULL,https://www.google.com/maps/place/%D9%86%D9%85%D8%A7%DB%8C%D9%86%D8%AF%DA%AF%DB%8C+%D8%AA%DB%8C%D9%BE%D8%A7%DA%A9%D8%B3+%DA%AF%D8%AA%D9%88%D9%86%D8%AF%E2%80%AD/data=!4m7!3m6!1s0x3fc1fd4e2d18bd0d:0x1d184e547f327d88!8m2!3d32.2425718!4d48.8198891!16s%2Fg%2F11m_j1_sww!19sChIJDb0YLU79wT8RiH0yf1ROGB0?authuser=0&hl=en&rclk=1,2026-08-03T00:02:46.154187+00:00
931,google_maps,Tipax,تیپاکس بندر امام خمینی,خوزستان,NULL,30.554335,49.0569163,1.0,"It's terrible, I haven't received my package for almost 20 days now. I call them and they say, ""The package has been at the port for 3 days now, but it hasn't been delivered to me."" What's the situation? This is the first and last time I'm sending a package. Handling: terrible. Responder: terrible. Handling complaints; terrible. Everything is terrible.",5 years ago,jodi Crazy,NULL,NULL,NULL,https://www.google.com/maps/place/%D8%AA%DB%8C%D9%BE%D8%A7%DA%A9%D8%B3+%D9%86%D9%85%D8%A7%DB%8C%D9%86%D8%AF%DA%AF%DB%8C+%D8%A8%D9%86%D8%AF%D8%B1+%D8%A7%D9%85%D8%A7%D9%85+%D8%AE%D9%85%DB%8C%D9%86%DB%8C%E2%80%AD/data=!4m7!3m6!1s0x3fc6f5cd2383f3ad:0x3afbd6034eb81e96!8m2!3d30.554335!4d49.0569163!16s%2Fg%2F11h4x8sqn7!19sChIJrfODI831xj8Rlh64TgPW-zo?authuser=0&hl=en&rclk=1,2026-08-03T00:02:54.855178+00:00
932,google_maps,Tipax,تیپاکس بندر امام خمینی,خوزستان,NULL,30.554335,49.0569163,1.0,They don't answer the phone and they're not there during the day as if there's no taxi …,Edited 5 years ago,Neda Nozari,NULL,NULL,NULL,https://www.google.com/maps/place/%D8%AA%DB%8C%D9%BE%D8%A7%DA%A9%D8%B3+%D9%86%D9%85%D8%A7%DB%8C%D9%86%D8%AF%DA%AF%DB%8C+%D8%A8%D9%86%D8%AF%D8%B1+%D8%A7%D9%85%D8%A7%D9%85+%D8%AE%D9%85%DB%8C%D9%86%DB%8C%E2%80%AD/data=!4m7!3m6!1s0x3fc6f5cd2383f3ad:0x3afbd6034eb81e96!8m2!3d30.554335!4d49.0569163!16s%2Fg%2F11h4x8sqn7!19sChIJrfODI831xj8Rlh64TgPW-zo?authuser=0&hl=en&rclk=1,2026-08-03T00:02:54.855178+00:00
933,google_maps,Tipax,تیپاکس بندر امام خمینی,خوزستان,NULL,30.554335,49.0569163,5.0,Everything is great Excellent communication Speed ​​of action Precision in work,6 years ago,Adel{GEN} Maria,NULL,NULL,NULL,https://www.google.com/maps/place/%D8%AA%DB%8C%D9%BE%D8%A7%DA%A9%D8%B3+%D9%86%D9%85%D8%A7%DB%8C%D9%86%D8%AF%DA%AF%DB%8C+%D8%A8%D9%86%D8%AF%D8%B1+%D8%A7%D9%85%D8%A7%D9%85+%D8%AE%D9%85%DB%8C%D9%86%DB%8C%E2%80%AD/data=!4m7!3m6!1s0x3fc6f5cd2383f3ad:0x3afbd6034eb81e96!8m2!3d30.554335!4d49.0569163!16s%2Fg%2F11h4x8sqn7!19sChIJrfODI831xj8Rlh64TgPW-zo?authuser=0&hl=en&rclk=1,2026-08-03T00:02:54.855178+00:00
934,google_maps,Tipax,تیپاکس بندر امام خمینی,خوزستان,NULL,30.554335,49.0569163,1.0,Disgusting,5 years ago,Miss saeedi,NULL,NULL,NULL,https://www.google.com/maps/place/%D8%AA%DB%8C%D9%BE%D8%A7%DA%A9%D8%B3+%D9%86%D9%85%D8%A7%DB%8C%D9%86%D8%AF%DA%AF%DB%8C+%D8%A8%D9%86%D8%AF%D8%B1+%D8%A7%D9%85%D8%A7%D9%85+%D8%AE%D9%85%DB%8C%D9%86%DB%8C%E2%80%AD/data=!4m7!3m6!1s0x3fc6f5cd2383f3ad:0x3afbd6034eb81e96!8m2!3d30.554335!4d49.0569163!16s%2Fg%2F11h4x8sqn7!19sChIJrfODI831xj8Rlh64TgPW-zo?authuser=0&hl=en&rclk=1,2026-08-03T00:02:54.855178+00:00
935,google_maps,Tipax,تیپاکس بندر امام خمینی,خوزستان,NULL,30.554335,49.0569163,5.0,Excellent,2 years ago,Omid Alipoor,NULL,NULL,NULL,https://www.google.com/maps/place/%D8%AA%DB%8C%D9%BE%D8%A7%DA%A9%D8%B3+%D9%86%D9%85%D8%A7%DB%8C%D9%86%D8%AF%DA%AF%DB%8C+%D8%A8%D9%86%D8%AF%D8%B1+%D8%A7%D9%85%D8%A7%D9%85+%D8%AE%D9%85%DB%8C%D9%86%DB%8C%E2%80%AD/data=!4m7!3m6!1s0x3fc6f5cd2383f3ad:0x3afbd6034eb81e96!8m2!3d30.554335!4d49.0569163!16s%2Fg%2F11h4x8sqn7!19sChIJrfODI831xj8Rlh64TgPW-zo?authuser=0&hl=en&rclk=1,2026-08-03T00:02:54.855178+00:00
936,google_maps,Tipax,تیپاکس بندر امام خمینی,خوزستان,NULL,30.554335,49.0569163,3.0,Okay.,3 years ago,حسین فری فایر نوب,NULL,NULL,NULL,https://www.google.com/maps/place/%D8%AA%DB%8C%D9%BE%D8%A7%DA%A9%D8%B3+%D9%86%D9%85%D8%A7%DB%8C%D9%86%D8%AF%DA%AF%DB%8C+%D8%A8%D9%86%D8%AF%D8%B1+%D8%A7%D9%85%D8%A7%D9%85+%D8%AE%D9%85%DB%8C%D9%86%DB%8C%E2%80%AD/data=!4m7!3m6!1s0x3fc6f5cd2383f3ad:0x3afbd6034eb81e96!8m2!3d30.554335!4d49.0569163!16s%2Fg%2F11h4x8sqn7!19sChIJrfODI831xj8Rlh64TgPW-zo?authuser=0&hl=en&rclk=1,2026-08-03T00:02:54.855178+00:00
937,google_maps,Tipax,تیپاکس بندر امام خمینی,خوزستان,NULL,30.554335,49.0569163,4.0,👌🏻 …,5 years ago,sarina,NULL,NULL,NULL,https://www.google.com/maps/place/%D8%AA%DB%8C%D9%BE%D8%A7%DA%A9%D8%B3+%D9%86%D9%85%D8%A7%DB%8C%D9%86%D8%AF%DA%AF%DB%8C+%D8%A8%D9%86%D8%AF%D8%B1+%D8%A7%D9%85%D8%A7%D9%85+%D8%AE%D9%85%DB%8C%D9%86%DB%8C%E2%80%AD/data=!4m7!3m6!1s0x3fc6f5cd2383f3ad:0x3afbd6034eb81e96!8m2!3d30.554335!4d49.0569163!16s%2Fg%2F11h4x8sqn7!19sChIJrfODI831xj8Rlh64TgPW-zo?authuser=0&hl=en&rclk=1,2026-08-03T00:02:54.855178+00:00
938,google_maps,Tipax,تیپاکس بندر امام خمینی,خوزستان,NULL,30.554335,49.0569163,4.0,👍🏻 …,2 years ago,Ali zalaghi,NULL,NULL,NULL,https://www.google.com/maps/place/%D8%AA%DB%8C%D9%BE%D8%A7%DA%A9%D8%B3+%D9%86%D9%85%D8%A7%DB%8C%D9%86%D8%AF%DA%AF%DB%8C+%D8%A8%D9%86%D8%AF%D8%B1+%D8%A7%D9%85%D8%A7%D9%85+%D8%AE%D9%85%DB%8C%D9%86%DB%8C%E2%80%AD/data=!4m7!3m6!1s0x3fc6f5cd2383f3ad:0x3afbd6034eb81e96!8m2!3d30.554335!4d49.0569163!16s%2Fg%2F11h4x8sqn7!19sChIJrfODI831xj8Rlh64TgPW-zo?authuser=0&hl=en&rclk=1,2026-08-03T00:02:54.855178+00:00
939,google_maps,Tipax,تیپاکس رامهرمز,خوزستان,NULL,31.2772042,49.604399,1.0,"My package has been in Hormoz for 5 days now..but they don't answer every time I call..they are really disorganized..we pay extra to have it delivered faster by T-box, so they don't let it stay there and we have to pay 50 tomans for a taxi to get our package.",a year ago,زهرا مرادی,NULL,NULL,NULL,https://www.google.com/maps/place/%D8%AA%DB%8C%D9%BE%D8%A7%DA%A9%D8%B3+%D8%B1%D8%A7%D9%85%D9%87%D8%B1%D9%85%D8%B2%E2%80%AD/data=!4m7!3m6!1s0x3fc733c66a71f4fd:0x55b6626898be0b7e!8m2!3d31.2772042!4d49.604399!16s%2Fg%2F11nx3c1vlw!19sChIJ_fRxasYzxz8Rfgu-mGhitlU?authuser=0&hl=en&rclk=1,2026-08-03T00:03:08.567247+00:00
940,google_maps,Tipax,تیپاکس رامهرمز,خوزستان,NULL,31.2772042,49.604399,1.0,"Really irresponsible and disorganized. After ten days, our package arrived at the customer's hands. They don't answer the phone or anything. After complaining to T-Pax Tehran, our problem was solved. They are really weak and disorganized.",2 years ago,Saeed Nourizadeh2014,NULL,NULL,NULL,https://www.google.com/maps/place/%D8%AA%DB%8C%D9%BE%D8%A7%DA%A9%D8%B3+%D8%B1%D8%A7%D9%85%D9%87%D8%B1%D9%85%D8%B2%E2%80%AD/data=!4m7!3m6!1s0x3fc733c66a71f4fd:0x55b6626898be0b7e!8m2!3d31.2772042!4d49.604399!16s%2Fg%2F11nx3c1vlw!19sChIJ_fRxasYzxz8Rfgu-mGhitlU?authuser=0&hl=en&rclk=1,2026-08-03T00:03:08.567247+00:00
941,google_maps,Tipax,تیپاکس رامهرمز,خوزستان,NULL,31.2772042,49.604399,5.0,"I am Abbas Mahali from Google and the beautiful country of America and also the very good and good people of America and also the Hotbird satellite, Google satellite and the American satellite. Thank you very much. Thank you very much. …",a year ago,عباس محالی,NULL,NULL,NULL,https://www.google.com/maps/place/%D8%AA%DB%8C%D9%BE%D8%A7%DA%A9%D8%B3+%D8%B1%D8%A7%D9%85%D9%87%D8%B1%D9%85%D8%B2%E2%80%AD/data=!4m7!3m6!1s0x3fc733c66a71f4fd:0x55b6626898be0b7e!8m2!3d31.2772042!4d49.604399!16s%2Fg%2F11nx3c1vlw!19sChIJ_fRxasYzxz8Rfgu-mGhitlU?authuser=0&hl=en&rclk=1,2026-08-03T00:03:08.567247+00:00
942,google_maps,Tipax,تیپاکس رامهرمز,خوزستان,NULL,31.2772042,49.604399,1.0,"Irresponsible, undisciplined and a liar.. My package arrived after 35 days..If it had arrived 2 days after sending, Tipax Ramhormoz..I broke it myself and went to get the news and saw that the package …",2 years ago,مهرداد حاجی زاده,NULL,NULL,NULL,https://www.google.com/maps/place/%D8%AA%DB%8C%D9%BE%D8%A7%DA%A9%D8%B3+%D8%B1%D8%A7%D9%85%D9%87%D8%B1%D9%85%D8%B2%E2%80%AD/data=!4m7!3m6!1s0x3fc733c66a71f4fd:0x55b6626898be0b7e!8m2!3d31.2772042!4d49.604399!16s%2Fg%2F11nx3c1vlw!19sChIJ_fRxasYzxz8Rfgu-mGhitlU?authuser=0&hl=en&rclk=1,2026-08-03T00:03:08.567247+00:00
943,google_maps,Tipax,تیپاکس رامهرمز,خوزستان,NULL,31.2772042,49.604399,1.0,"Extremely irresponsible.. It took exactly 8 days for my package to arrive. The phone was not answered at all, it kept ringing, they kept picking up and hanging up, very impersonal and rude …",2 years ago,ریحانه بدرقه,NULL,NULL,NULL,https://www.google.com/maps/place/%D8%AA%DB%8C%D9%BE%D8%A7%DA%A9%D8%B3+%D8%B1%D8%A7%D9%85%D9%87%D8%B1%D9%85%D8%B2%E2%80%AD/data=!4m7!3m6!1s0x3fc733c66a71f4fd:0x55b6626898be0b7e!8m2!3d31.2772042!4d49.604399!16s%2Fg%2F11nx3c1vlw!19sChIJ_fRxasYzxz8Rfgu-mGhitlU?authuser=0&hl=en&rclk=1,2026-08-03T00:03:08.567247+00:00
944,google_maps,Tipax,تیپاکس بوشهر,بوشهر,NULL,28.9714455,50.8409521,1.0,"In the name of God First the bigwigs eat the people's money, then Tipax eats the people's money You can call them, they won't answer Both branches in Bushehr are irresponsible They don't think about themselves or their families As if we are their customers They take my money and then don't pay it on time They either pay it late or expect us to go to their place They just want to give it to their place As if they don't want to give it to us, we have to force them to give it to them May God not spare them for the 5 people We left, worried, thinking about others May God be with you and protect you Oh God",5 years ago,Benyamin TD,NULL,NULL,NULL,https://www.google.com/maps/place/%D8%AA%DB%8C%D9%BE%D8%A7%DA%A9%D8%B3+%D8%B4%D8%B9%D8%A8%D9%87+%D8%A8%D9%88%D8%B4%D9%87%D8%B1%E2%80%AD/data=!4m7!3m6!1s0x3fb4493daa6b87ed:0x850bbbf042d8efd5!8m2!3d28.9714455!4d50.8409521!16s%2Fg%2F11fhkqfwcq!19sChIJ7Ydrqj1JtD8R1e_YQvC7C4U?authuser=0&hl=en&rclk=1,2026-08-03T00:03:33.577578+00:00
945,google_maps,Tipax,تیپاکس بوشهر,بوشهر,NULL,28.9714455,50.8409521,1.0,"It's a disgrace and the height of irresponsibility, even when it comes later, they finally say, ""Come and get it yourself!"" They have no honor, the phones are all switched off. If the Tehran head office had cared, they would have taken action and taken the agency away from them.",5 years ago,danial omega,NULL,NULL,NULL,https://www.google.com/maps/place/%D8%AA%DB%8C%D9%BE%D8%A7%DA%A9%D8%B3+%D8%B4%D8%B9%D8%A8%D9%87+%D8%A8%D9%88%D8%B4%D9%87%D8%B1%E2%80%AD/data=!4m7!3m6!1s0x3fb4493daa6b87ed:0x850bbbf042d8efd5!8m2!3d28.9714455!4d50.8409521!16s%2Fg%2F11fhkqfwcq!19sChIJ7Ydrqj1JtD8R1e_YQvC7C4U?authuser=0&hl=en&rclk=1,2026-08-03T00:03:33.577578+00:00
946,google_maps,Tipax,تیپاکس بوشهر,بوشهر,NULL,28.9714455,50.8409521,1.0,The Bushehr office is a disgrace. The goods stay there for a week. No one is responsible. Curse the grave of the father of the person who gives documents and licenses to every dishonest person.,6 years ago,Mohamad Asadpour,NULL,NULL,NULL,https://www.google.com/maps/place/%D8%AA%DB%8C%D9%BE%D8%A7%DA%A9%D8%B3+%D8%B4%D8%B9%D8%A8%D9%87+%D8%A8%D9%88%D8%B4%D9%87%D8%B1%E2%80%AD/data=!4m7!3m6!1s0x3fb4493daa6b87ed:0x850bbbf042d8efd5!8m2!3d28.9714455!4d50.8409521!16s%2Fg%2F11fhkqfwcq!19sChIJ7Ydrqj1JtD8R1e_YQvC7C4U?authuser=0&hl=en&rclk=1,2026-08-03T00:03:33.577578+00:00
947,google_maps,Tipax,تیپاکس بوشهر,بوشهر,NULL,28.9714455,50.8409521,1.0,"I'm really not satisfied. Very disorganized and irresponsible. They don't answer the phone at all. My product arrived yesterday, but I didn't follow up until the next day. I'm really sorry.",6 years ago,Reza Abdolvand,NULL,NULL,NULL,https://www.google.com/maps/place/%D8%AA%DB%8C%D9%BE%D8%A7%DA%A9%D8%B3+%D8%B4%D8%B9%D8%A8%D9%87+%D8%A8%D9%88%D8%B4%D9%87%D8%B1%E2%80%AD/data=!4m7!3m6!1s0x3fb4493daa6b87ed:0x850bbbf042d8efd5!8m2!3d28.9714455!4d50.8409521!16s%2Fg%2F11fhkqfwcq!19sChIJ7Ydrqj1JtD8R1e_YQvC7C4U?authuser=0&hl=en&rclk=1,2026-08-03T00:03:33.577578+00:00
948,google_maps,Tipax,تیپاکس بوشهر,بوشهر,NULL,28.9714455,50.8409521,1.0,"Awful, awful. A sensitive plant takes two days to arrive from Tehran to Bushehr, but it stays in the Bushehr branch for three days. Then I have to go and pick up the package myself.",4 years ago,Dor Badi,NULL,NULL,NULL,https://www.google.com/maps/place/%D8%AA%DB%8C%D9%BE%D8%A7%DA%A9%D8%B3+%D8%B4%D8%B9%D8%A8%D9%87+%D8%A8%D9%88%D8%B4%D9%87%D8%B1%E2%80%AD/data=!4m7!3m6!1s0x3fb4493daa6b87ed:0x850bbbf042d8efd5!8m2!3d28.9714455!4d50.8409521!16s%2Fg%2F11fhkqfwcq!19sChIJ7Ydrqj1JtD8R1e_YQvC7C4U?authuser=0&hl=en&rclk=1,2026-08-03T00:03:33.577578+00:00
949,google_maps,Tipax,تیپاکس بوشهر,بوشهر,NULL,28.9714455,50.8409521,1.0,They don't answer their phones at all and you really don't know how to find out about the weather and when they will arrive.,6 years ago,Narges Azadi,NULL,NULL,NULL,https://www.google.com/maps/place/%D8%AA%DB%8C%D9%BE%D8%A7%DA%A9%D8%B3+%D8%B4%D8%B9%D8%A8%D9%87+%D8%A8%D9%88%D8%B4%D9%87%D8%B1%E2%80%AD/data=!4m7!3m6!1s0x3fb4493daa6b87ed:0x850bbbf042d8efd5!8m2!3d28.9714455!4d50.8409521!16s%2Fg%2F11fhkqfwcq!19sChIJ7Ydrqj1JtD8R1e_YQvC7C4U?authuser=0&hl=en&rclk=1,2026-08-03T00:03:33.577578+00:00
950,google_maps,Tipax,تیپاکس بوشهر,بوشهر,NULL,28.9714455,50.8409521,1.0,I really haven't seen a more thorough Tipaxe than this branch. It made me stop working with Tipaxe altogether.,5 years ago,Amir Sahlabadi,NULL,NULL,NULL,https://www.google.com/maps/place/%D8%AA%DB%8C%D9%BE%D8%A7%DA%A9%D8%B3+%D8%B4%D8%B9%D8%A8%D9%87+%D8%A8%D9%88%D8%B4%D9%87%D8%B1%E2%80%AD/data=!4m7!3m6!1s0x3fb4493daa6b87ed:0x850bbbf042d8efd5!8m2!3d28.9714455!4d50.8409521!16s%2Fg%2F11fhkqfwcq!19sChIJ7Ydrqj1JtD8R1e_YQvC7C4U?authuser=0&hl=en&rclk=1,2026-08-03T00:03:33.577578+00:00
951,google_maps,Tipax,تیپاکس بوشهر,بوشهر,NULL,28.9714455,50.8409521,5.0,"Despite the slack, the staff got my work done.",6 years ago,Mohammad Roohollah,NULL,NULL,NULL,https://www.google.com/maps/place/%D8%AA%DB%8C%D9%BE%D8%A7%DA%A9%D8%B3+%D8%B4%D8%B9%D8%A8%D9%87+%D8%A8%D9%88%D8%B4%D9%87%D8%B1%E2%80%AD/data=!4m7!3m6!1s0x3fb4493daa6b87ed:0x850bbbf042d8efd5!8m2!3d28.9714455!4d50.8409521!16s%2Fg%2F11fhkqfwcq!19sChIJ7Ydrqj1JtD8R1e_YQvC7C4U?authuser=0&hl=en&rclk=1,2026-08-03T00:03:33.577578+00:00
952,google_maps,Tipax,تیپاکس بوشهر,بوشهر,NULL,28.9714455,50.8409521,1.0,They are very irresponsible and rude.,6 years ago,mahmood foroudi,NULL,NULL,NULL,https://www.google.com/maps/place/%D8%AA%DB%8C%D9%BE%D8%A7%DA%A9%D8%B3+%D8%B4%D8%B9%D8%A8%D9%87+%D8%A8%D9%88%D8%B4%D9%87%D8%B1%E2%80%AD/data=!4m7!3m6!1s0x3fb4493daa6b87ed:0x850bbbf042d8efd5!8m2!3d28.9714455!4d50.8409521!16s%2Fg%2F11fhkqfwcq!19sChIJ7Ydrqj1JtD8R1e_YQvC7C4U?authuser=0&hl=en&rclk=1,2026-08-03T00:03:33.577578+00:00
953,google_maps,Tipax,تیپاکس بوشهر,بوشهر,NULL,28.9714455,50.8409521,1.0,No discipline in office,5 years ago,Esi Mouji,NULL,NULL,NULL,https://www.google.com/maps/place/%D8%AA%DB%8C%D9%BE%D8%A7%DA%A9%D8%B3+%D8%B4%D8%B9%D8%A8%D9%87+%D8%A8%D9%88%D8%B4%D9%87%D8%B1%E2%80%AD/data=!4m7!3m6!1s0x3fb4493daa6b87ed:0x850bbbf042d8efd5!8m2!3d28.9714455!4d50.8409521!16s%2Fg%2F11fhkqfwcq!19sChIJ7Ydrqj1JtD8R1e_YQvC7C4U?authuser=0&hl=en&rclk=1,2026-08-03T00:03:33.577578+00:00
954,google_maps,Tipax,تیپاکس بوشهر سلمان فارسی,بوشهر,NULL,28.9102263,50.8233848,1.0,"Tipax in Bushehr has no phone number, no one to answer the phone, no driver to deliver our packages, and it is not clear exactly where its main branch is, so that we at least know where to pick up our packages ourselves. I went to the office in Bagh Zahra, at the end of the fire station, and they left from there without giving an address for people to go. It has three centers in Bushehr, and we do not know which of them is responsible for the customers.",3 years ago,tayebeh ghasmezadeh,NULL,NULL,NULL,https://www.google.com/maps/place/%D9%86%D9%85%D8%A7%DB%8C%D9%86%D8%AF%DA%AF%DB%8C+%D8%AA%DB%8C%D9%BE%D8%A7%DA%A9%D8%B3+%D8%A8%D9%88%D8%B4%D9%87%D8%B1+%D8%B3%D9%84%D9%85%D8%A7%D9%86+%D9%81%D8%A7%D8%B1%D8%B3%DB%8C%E2%80%AD/data=!4m7!3m6!1s0x3fb44f2398bc0213:0xb7134b814d4dc7d8!8m2!3d28.9102263!4d50.8233848!16s%2Fg%2F11q37761dz!19sChIJEwK8mCNPtD8R2MdNTYFLE7c?authuser=0&hl=en&rclk=1,2026-08-03T00:03:42.229139+00:00
955,google_maps,Tipax,تیپاکس بوشهر سلمان فارسی,بوشهر,NULL,28.9102263,50.8233848,2.0,"I haven't used Tipax's services yet, but many people were unhappy. Those 2 photos were old and related to Tipax in Rishar, which is now closed. I updated it for you and posted photos of its new location.",3 years ago,Arya,NULL,NULL,NULL,https://www.google.com/maps/place/%D9%86%D9%85%D8%A7%DB%8C%D9%86%D8%AF%DA%AF%DB%8C+%D8%AA%DB%8C%D9%BE%D8%A7%DA%A9%D8%B3+%D8%A8%D9%88%D8%B4%D9%87%D8%B1+%D8%B3%D9%84%D9%85%D8%A7%D9%86+%D9%81%D8%A7%D8%B1%D8%B3%DB%8C%E2%80%AD/data=!4m7!3m6!1s0x3fb44f2398bc0213:0xb7134b814d4dc7d8!8m2!3d28.9102263!4d50.8233848!16s%2Fg%2F11q37761dz!19sChIJEwK8mCNPtD8R2MdNTYFLE7c?authuser=0&hl=en&rclk=1,2026-08-03T00:03:42.229139+00:00
956,google_maps,Tipax,تیپاکس بوشهر سلمان فارسی,بوشهر,NULL,28.9102263,50.8233848,1.0,"Hello, the package was sent from Fasa 16 and has been delivered to Tipax Bushehr since yesterday, but no action has been taken to deliver the package to its destination. Please follow up.",3 years ago,ZIBA,NULL,NULL,NULL,https://www.google.com/maps/place/%D9%86%D9%85%D8%A7%DB%8C%D9%86%D8%AF%DA%AF%DB%8C+%D8%AA%DB%8C%D9%BE%D8%A7%DA%A9%D8%B3+%D8%A8%D9%88%D8%B4%D9%87%D8%B1+%D8%B3%D9%84%D9%85%D8%A7%D9%86+%D9%81%D8%A7%D8%B1%D8%B3%DB%8C%E2%80%AD/data=!4m7!3m6!1s0x3fb44f2398bc0213:0xb7134b814d4dc7d8!8m2!3d28.9102263!4d50.8233848!16s%2Fg%2F11q37761dz!19sChIJEwK8mCNPtD8R2MdNTYFLE7c?authuser=0&hl=en&rclk=1,2026-08-03T00:03:42.229139+00:00
957,google_maps,Tipax,تیپاکس بوشهر سلمان فارسی,بوشهر,NULL,28.9102263,50.8233848,1.0,"Too bad the package arrived 2 weeks ago, they didn't even call to come pick it up. I was following up on it myself until I picked it up.",3 years ago,Abbas Salmanpour,NULL,NULL,NULL,https://www.google.com/maps/place/%D9%86%D9%85%D8%A7%DB%8C%D9%86%D8%AF%DA%AF%DB%8C+%D8%AA%DB%8C%D9%BE%D8%A7%DA%A9%D8%B3+%D8%A8%D9%88%D8%B4%D9%87%D8%B1+%D8%B3%D9%84%D9%85%D8%A7%D9%86+%D9%81%D8%A7%D8%B1%D8%B3%DB%8C%E2%80%AD/data=!4m7!3m6!1s0x3fb44f2398bc0213:0xb7134b814d4dc7d8!8m2!3d28.9102263!4d50.8233848!16s%2Fg%2F11q37761dz!19sChIJEwK8mCNPtD8R2MdNTYFLE7c?authuser=0&hl=en&rclk=1,2026-08-03T00:03:42.229139+00:00
958,google_maps,Tipax,تیپاکس بوشهر سلمان فارسی,بوشهر,NULL,28.9102263,50.8233848,1.0,"It's like you're sick, you're not answering your phone. It won't take less than 12 days to trust people, you should be ashamed.",3 years ago,Hamed Hatami,NULL,NULL,NULL,https://www.google.com/maps/place/%D9%86%D9%85%D8%A7%DB%8C%D9%86%D8%AF%DA%AF%DB%8C+%D8%AA%DB%8C%D9%BE%D8%A7%DA%A9%D8%B3+%D8%A8%D9%88%D8%B4%D9%87%D8%B1+%D8%B3%D9%84%D9%85%D8%A7%D9%86+%D9%81%D8%A7%D8%B1%D8%B3%DB%8C%E2%80%AD/data=!4m7!3m6!1s0x3fb44f2398bc0213:0xb7134b814d4dc7d8!8m2!3d28.9102263!4d50.8233848!16s%2Fg%2F11q37761dz!19sChIJEwK8mCNPtD8R2MdNTYFLE7c?authuser=0&hl=en&rclk=1,2026-08-03T00:03:42.229139+00:00
959,google_maps,Tipax,تیپاکس بوشهر سلمان فارسی,بوشهر,NULL,28.9102263,50.8233848,1.0,They are not present in this place.,4 years ago,Hassan Taei,NULL,NULL,NULL,https://www.google.com/maps/place/%D9%86%D9%85%D8%A7%DB%8C%D9%86%D8%AF%DA%AF%DB%8C+%D8%AA%DB%8C%D9%BE%D8%A7%DA%A9%D8%B3+%D8%A8%D9%88%D8%B4%D9%87%D8%B1+%D8%B3%D9%84%D9%85%D8%A7%D9%86+%D9%81%D8%A7%D8%B1%D8%B3%DB%8C%E2%80%AD/data=!4m7!3m6!1s0x3fb44f2398bc0213:0xb7134b814d4dc7d8!8m2!3d28.9102263!4d50.8233848!16s%2Fg%2F11q37761dz!19sChIJEwK8mCNPtD8R2MdNTYFLE7c?authuser=0&hl=en&rclk=1,2026-08-03T00:03:42.229139+00:00
960,google_maps,Tipax,تیپاکس بوشهر سلمان فارسی,بوشهر,NULL,28.9102263,50.8233848,5.0,Excellent,3 years ago,karam kareme,NULL,NULL,NULL,https://www.google.com/maps/place/%D9%86%D9%85%D8%A7%DB%8C%D9%86%D8%AF%DA%AF%DB%8C+%D8%AA%DB%8C%D9%BE%D8%A7%DA%A9%D8%B3+%D8%A8%D9%88%D8%B4%D9%87%D8%B1+%D8%B3%D9%84%D9%85%D8%A7%D9%86+%D9%81%D8%A7%D8%B1%D8%B3%DB%8C%E2%80%AD/data=!4m7!3m6!1s0x3fb44f2398bc0213:0xb7134b814d4dc7d8!8m2!3d28.9102263!4d50.8233848!16s%2Fg%2F11q37761dz!19sChIJEwK8mCNPtD8R2MdNTYFLE7c?authuser=0&hl=en&rclk=1,2026-08-03T00:03:42.229139+00:00
961,google_maps,Tipax,(Branch No.1 of BandarAbbas),هرمزگان,ری,27.1840693,56.2747446,1.0,"My package has been in the port for two weeks now, but they won't send it. It's been there for a while. Then they say it's not working. It's been 14 days. In addition to that, other places used to charge 100 to 150. Now it costs 380. Sir, you got 380. It's been 14 days. Where is my package?",11 months ago,Kam2,NULL,NULL,NULL,https://www.google.com/maps/place/Tipax+%28Branch+No.1+of+BandarAbbas%29/data=!4m7!3m6!1s0x3ef9d5c663df98c7:0xaf6cc259a6946e27!8m2!3d27.1840693!4d56.2747446!16s%2Fg%2F11ql_4l_ff!19sChIJx5jfY8bV-T4RJ26UplnCbK8?authuser=0&hl=en&rclk=1,2026-08-03T00:03:53.735458+00:00
962,google_maps,Tipax,(Branch No.1 of BandarAbbas),هرمزگان,ری,27.1840693,56.2747446,1.0,The shipment that came to me from Tehran to Bandar Abbas was really expensive. Three ten-kilogram cartons that used to be delivered by carriers for fifty thousand tomans were charged by Tipax one million and five hundred thousand tomans. Tipax is using its name to empty people's pockets.,a year ago,mahdi mahdimahdi,NULL,NULL,NULL,https://www.google.com/maps/place/Tipax+%28Branch+No.1+of+BandarAbbas%29/data=!4m7!3m6!1s0x3ef9d5c663df98c7:0xaf6cc259a6946e27!8m2!3d27.1840693!4d56.2747446!16s%2Fg%2F11ql_4l_ff!19sChIJx5jfY8bV-T4RJ26UplnCbK8?authuser=0&hl=en&rclk=1,2026-08-03T00:03:53.735458+00:00
963,google_maps,Tipax,(Branch No.1 of BandarAbbas),هرمزگان,ری,27.1840693,56.2747446,1.0,"The response was not good at all. After an hour in the text message, I realized that the destination city and province were registered incorrectly. I went back because it had not been sent. The address was still corrected, but they are very bad at their job.",9 months ago,yaser mohebbati,NULL,NULL,NULL,https://www.google.com/maps/place/Tipax+%28Branch+No.1+of+BandarAbbas%29/data=!4m7!3m6!1s0x3ef9d5c663df98c7:0xaf6cc259a6946e27!8m2!3d27.1840693!4d56.2747446!16s%2Fg%2F11ql_4l_ff!19sChIJx5jfY8bV-T4RJ26UplnCbK8?authuser=0&hl=en&rclk=1,2026-08-03T00:03:53.735458+00:00
964,google_maps,Tipax,(Branch No.1 of BandarAbbas),هرمزگان,ری,27.1840693,56.2747446,5.0,"The postal item was delivered personally to the office of this agency. Unfortunately, with a delay of two months, not only was it not delivered to the destination, but the item was returned. Instead of delivering it to the sender's address, …",5 years ago,Amir Adel,NULL,NULL,NULL,https://www.google.com/maps/place/Tipax+%28Branch+No.1+of+BandarAbbas%29/data=!4m7!3m6!1s0x3ef9d5c663df98c7:0xaf6cc259a6946e27!8m2!3d27.1840693!4d56.2747446!16s%2Fg%2F11ql_4l_ff!19sChIJx5jfY8bV-T4RJ26UplnCbK8?authuser=0&hl=en&rclk=1,2026-08-03T00:03:53.735458+00:00
965,google_maps,Tipax,(Branch No.1 of BandarAbbas),هرمزگان,ری,27.1840693,56.2747446,1.0,"Three hundred and fifty thousand tomans for a laptop from Tehran to Bandar Abbas! There has been no news for five days, all the dealerships have had their phones disconnected due to debt, and only Seyyed Kamel's dealership's phone rings, …",a year ago,kaveh Ahangar,NULL,NULL,NULL,https://www.google.com/maps/place/Tipax+%28Branch+No.1+of+BandarAbbas%29/data=!4m7!3m6!1s0x3ef9d5c663df98c7:0xaf6cc259a6946e27!8m2!3d27.1840693!4d56.2747446!16s%2Fg%2F11ql_4l_ff!19sChIJx5jfY8bV-T4RJ26UplnCbK8?authuser=0&hl=en&rclk=1,2026-08-03T00:03:53.735458+00:00
966,google_maps,Tipax,(Branch No.1 of BandarAbbas),هرمزگان,ری,27.1840693,56.2747446,1.0,"Hello, I ordered a package named Rasoul Zarei, it's been almost a month now, it's in Bandar Abbas, why isn't it being sent? Hashtbandi 3142920260616152018525 …",a month ago,رسول زارعی,NULL,NULL,NULL,https://www.google.com/maps/place/Tipax+%28Branch+No.1+of+BandarAbbas%29/data=!4m7!3m6!1s0x3ef9d5c663df98c7:0xaf6cc259a6946e27!8m2!3d27.1840693!4d56.2747446!16s%2Fg%2F11ql_4l_ff!19sChIJx5jfY8bV-T4RJ26UplnCbK8?authuser=0&hl=en&rclk=1,2026-08-03T00:03:53.735458+00:00
967,google_maps,Tipax,(Branch No.1 of BandarAbbas),هرمزگان,ری,27.1840693,56.2747446,1.0,They just remember to take money They told me your package will arrive in 2 days It took 6 days for it to be delivered to me From Mashhad to Bandar Abbas,a year ago,Mahdi Saadat,NULL,NULL,NULL,https://www.google.com/maps/place/Tipax+%28Branch+No.1+of+BandarAbbas%29/data=!4m7!3m6!1s0x3ef9d5c663df98c7:0xaf6cc259a6946e27!8m2!3d27.1840693!4d56.2747446!16s%2Fg%2F11ql_4l_ff!19sChIJx5jfY8bV-T4RJ26UplnCbK8?authuser=0&hl=en&rclk=1,2026-08-03T00:03:53.735458+00:00
968,google_maps,Tipax,(Branch No.1 of BandarAbbas),هرمزگان,ری,27.1840693,56.2747446,4.0,Was closeed😏 …,2 years ago,Jelveh Faghih,NULL,NULL,NULL,https://www.google.com/maps/place/Tipax+%28Branch+No.1+of+BandarAbbas%29/data=!4m7!3m6!1s0x3ef9d5c663df98c7:0xaf6cc259a6946e27!8m2!3d27.1840693!4d56.2747446!16s%2Fg%2F11ql_4l_ff!19sChIJx5jfY8bV-T4RJ26UplnCbK8?authuser=0&hl=en&rclk=1,2026-08-03T00:03:53.735458+00:00
969,google_maps,Tipax,(Branch No.1 of BandarAbbas),هرمزگان,ری,27.1840693,56.2747446,5.0,Best city,4 years ago,hamed hosseynipoor,NULL,NULL,NULL,https://www.google.com/maps/place/Tipax+%28Branch+No.1+of+BandarAbbas%29/data=!4m7!3m6!1s0x3ef9d5c663df98c7:0xaf6cc259a6946e27!8m2!3d27.1840693!4d56.2747446!16s%2Fg%2F11ql_4l_ff!19sChIJx5jfY8bV-T4RJ26UplnCbK8?authuser=0&hl=en&rclk=1,2026-08-03T00:03:53.735458+00:00
970,google_maps,Tipax,(Branch No.1 of BandarAbbas),هرمزگان,ری,27.1840693,56.2747446,5.0,Okay,2 years ago,arman valizadeh,NULL,NULL,NULL,https://www.google.com/maps/place/Tipax+%28Branch+No.1+of+BandarAbbas%29/data=!4m7!3m6!1s0x3ef9d5c663df98c7:0xaf6cc259a6946e27!8m2!3d27.1840693!4d56.2747446!16s%2Fg%2F11ql_4l_ff!19sChIJx5jfY8bV-T4RJ26UplnCbK8?authuser=0&hl=en&rclk=1,2026-08-03T00:03:53.735458+00:00
971,google_maps,Tipax,تیپاکس ملوان,هرمزگان,NULL,27.1723208,56.2499152,1.0,"I wasn't satisfied, so I had to go in person to pick up my package every time, and they still haven't delivered it to my door yet. They don't care about customer satisfaction at all.",11 months ago,faramarz M,NULL,NULL,NULL,https://www.google.com/maps/place/%D8%AA%DB%8C%D9%BE%D8%A7%DA%A9%D8%B3+%D8%B4%D8%B9%D8%A8%D9%87+%D9%85%D9%84%D9%88%D8%A7%D9%86%E2%80%AD/data=!4m7!3m6!1s0x3ef9d535945e08eb:0x34ccff6ab8b165d2!8m2!3d27.1723208!4d56.2499152!16s%2Fg%2F11sx4rlkby!19sChIJ6whelDXV-T4R0mWxuGr_zDQ?authuser=0&hl=en&rclk=1,2026-08-03T00:04:02.272422+00:00
972,google_maps,Tipax,تیپاکس ملوان,هرمزگان,NULL,27.1723208,56.2499152,1.0,"There are too many stars, they even forcefully answer the phone.",a year ago,علیرضا گلساز,NULL,NULL,NULL,https://www.google.com/maps/place/%D8%AA%DB%8C%D9%BE%D8%A7%DA%A9%D8%B3+%D8%B4%D8%B9%D8%A8%D9%87+%D9%85%D9%84%D9%88%D8%A7%D9%86%E2%80%AD/data=!4m7!3m6!1s0x3ef9d535945e08eb:0x34ccff6ab8b165d2!8m2!3d27.1723208!4d56.2499152!16s%2Fg%2F11sx4rlkby!19sChIJ6whelDXV-T4R0mWxuGr_zDQ?authuser=0&hl=en&rclk=1,2026-08-03T00:04:02.272422+00:00
973,google_maps,Tipax,تیپاکس ملوان,هرمزگان,NULL,27.1723208,56.2499152,5.0,Well-mannered and responsible staff!,2 years ago,MAZIAR Abadipoor,NULL,NULL,NULL,https://www.google.com/maps/place/%D8%AA%DB%8C%D9%BE%D8%A7%DA%A9%D8%B3+%D8%B4%D8%B9%D8%A8%D9%87+%D9%85%D9%84%D9%88%D8%A7%D9%86%E2%80%AD/data=!4m7!3m6!1s0x3ef9d535945e08eb:0x34ccff6ab8b165d2!8m2!3d27.1723208!4d56.2499152!16s%2Fg%2F11sx4rlkby!19sChIJ6whelDXV-T4R0mWxuGr_zDQ?authuser=0&hl=en&rclk=1,2026-08-03T00:04:02.272422+00:00
974,google_maps,Tipax,تیپاکس ملوان,هرمزگان,NULL,27.1723208,56.2499152,1.0,No submissions,a year ago,Saeed Rastin,NULL,NULL,NULL,https://www.google.com/maps/place/%D8%AA%DB%8C%D9%BE%D8%A7%DA%A9%D8%B3+%D8%B4%D8%B9%D8%A8%D9%87+%D9%85%D9%84%D9%88%D8%A7%D9%86%E2%80%AD/data=!4m7!3m6!1s0x3ef9d535945e08eb:0x34ccff6ab8b165d2!8m2!3d27.1723208!4d56.2499152!16s%2Fg%2F11sx4rlkby!19sChIJ6whelDXV-T4R0mWxuGr_zDQ?authuser=0&hl=en&rclk=1,2026-08-03T00:04:02.272422+00:00
975,google_maps,Tipax,تیپاکس ملوان,هرمزگان,NULL,27.1723208,56.2499152,5.0,Very friendly.,3 years ago,Mohammad Farrokh pour,NULL,NULL,NULL,https://www.google.com/maps/place/%D8%AA%DB%8C%D9%BE%D8%A7%DA%A9%D8%B3+%D8%B4%D8%B9%D8%A8%D9%87+%D9%85%D9%84%D9%88%D8%A7%D9%86%E2%80%AD/data=!4m7!3m6!1s0x3ef9d535945e08eb:0x34ccff6ab8b165d2!8m2!3d27.1723208!4d56.2499152!16s%2Fg%2F11sx4rlkby!19sChIJ6whelDXV-T4R0mWxuGr_zDQ?authuser=0&hl=en&rclk=1,2026-08-03T00:04:02.272422+00:00
976,google_maps,Tipax,تیپاکس ایثار,هرمزگان,اراک,27.2055899,56.3378966,1.0,"It's a shame how many ladies here are so rude that they don't even bother to answer the phone or come in person. They answer the phone, but you call them, they reject your call, and they close at noon. When other places are open until 8, you pick up a package, and they say, ""No, you can't pick up the same package, they'll send it to another branch."" It's unclear if anyone even monitors the quality of their services.",9 months ago,M.D,NULL,NULL,NULL,https://www.google.com/maps/place/Tipax+%D9%86%D9%85%D8%A7%DB%8C%D9%86%D8%AF%DA%AF%DB%8C+%D8%AA%DB%8C%D9%BE%D8%A7%DA%A9%D8%B3+%D8%B4%D8%B9%D8%A8%D9%87+%D8%A7%DB%8C%D8%AB%D8%A7%D8%B1%E2%80%AD/data=!4m7!3m6!1s0x3ef9d7004eff3b93:0xe596bc5723e5c3de!8m2!3d27.2055899!4d56.3378966!16s%2Fg%2F11w7pk68rk!19sChIJkzv_TgDX-T4R3sPlI1e8luU?authuser=0&hl=en&rclk=1,2026-08-03T00:04:10.903322+00:00
977,google_maps,Tipax,تیپاکس ایثار,هرمزگان,اراک,27.2055899,56.3378966,1.0,"Garbage, every time we go, it's closed, we call, they say we're going to the store, it's closed. I went 8 times, it was closed. I went 6 times, it was closed.",a year ago,Arya,NULL,NULL,NULL,https://www.google.com/maps/place/Tipax+%D9%86%D9%85%D8%A7%DB%8C%D9%86%D8%AF%DA%AF%DB%8C+%D8%AA%DB%8C%D9%BE%D8%A7%DA%A9%D8%B3+%D8%B4%D8%B9%D8%A8%D9%87+%D8%A7%DB%8C%D8%AB%D8%A7%D8%B1%E2%80%AD/data=!4m7!3m6!1s0x3ef9d7004eff3b93:0xe596bc5723e5c3de!8m2!3d27.2055899!4d56.3378966!16s%2Fg%2F11w7pk68rk!19sChIJkzv_TgDX-T4R3sPlI1e8luU?authuser=0&hl=en&rclk=1,2026-08-03T00:04:10.903322+00:00
978,google_maps,Tipax,تیپاکس ایثار,هرمزگان,اراک,27.2055899,56.3378966,1.0,They haven't delivered my order for eighteen days May God truly forgive you.,2 years ago,ali kurdish5909,NULL,NULL,NULL,https://www.google.com/maps/place/Tipax+%D9%86%D9%85%D8%A7%DB%8C%D9%86%D8%AF%DA%AF%DB%8C+%D8%AA%DB%8C%D9%BE%D8%A7%DA%A9%D8%B3+%D8%B4%D8%B9%D8%A8%D9%87+%D8%A7%DB%8C%D8%AB%D8%A7%D8%B1%E2%80%AD/data=!4m7!3m6!1s0x3ef9d7004eff3b93:0xe596bc5723e5c3de!8m2!3d27.2055899!4d56.3378966!16s%2Fg%2F11w7pk68rk!19sChIJkzv_TgDX-T4R3sPlI1e8luU?authuser=0&hl=en&rclk=1,2026-08-03T00:04:10.903322+00:00
979,google_maps,Tipax,تیپاکس ایثار,هرمزگان,اراک,27.2055899,56.3378966,5.0,Excellent responsiveness and cooperation,a year ago,Farshid Abbasi,NULL,NULL,NULL,https://www.google.com/maps/place/Tipax+%D9%86%D9%85%D8%A7%DB%8C%D9%86%D8%AF%DA%AF%DB%8C+%D8%AA%DB%8C%D9%BE%D8%A7%DA%A9%D8%B3+%D8%B4%D8%B9%D8%A8%D9%87+%D8%A7%DB%8C%D8%AB%D8%A7%D8%B1%E2%80%AD/data=!4m7!3m6!1s0x3ef9d7004eff3b93:0xe596bc5723e5c3de!8m2!3d27.2055899!4d56.3378966!16s%2Fg%2F11w7pk68rk!19sChIJkzv_TgDX-T4R3sPlI1e8luU?authuser=0&hl=en&rclk=1,2026-08-03T00:04:10.903322+00:00
980,google_maps,Tipax,تیپاکس ایثار,هرمزگان,اراک,27.2055899,56.3378966,5.0,Very friendly and conscientious 🙏🏼 …,5 months ago,Maryam Aghaei,NULL,NULL,NULL,https://www.google.com/maps/place/Tipax+%D9%86%D9%85%D8%A7%DB%8C%D9%86%D8%AF%DA%AF%DB%8C+%D8%AA%DB%8C%D9%BE%D8%A7%DA%A9%D8%B3+%D8%B4%D8%B9%D8%A8%D9%87+%D8%A7%DB%8C%D8%AB%D8%A7%D8%B1%E2%80%AD/data=!4m7!3m6!1s0x3ef9d7004eff3b93:0xe596bc5723e5c3de!8m2!3d27.2055899!4d56.3378966!16s%2Fg%2F11w7pk68rk!19sChIJkzv_TgDX-T4R3sPlI1e8luU?authuser=0&hl=en&rclk=1,2026-08-03T00:04:10.903322+00:00
981,google_maps,Tipax,تیپاکس ایثار,هرمزگان,اراک,27.2055899,56.3378966,1.0,It has no credibility or security.,2 years ago,Amir Sharifi,NULL,NULL,NULL,https://www.google.com/maps/place/Tipax+%D9%86%D9%85%D8%A7%DB%8C%D9%86%D8%AF%DA%AF%DB%8C+%D8%AA%DB%8C%D9%BE%D8%A7%DA%A9%D8%B3+%D8%B4%D8%B9%D8%A8%D9%87+%D8%A7%DB%8C%D8%AB%D8%A7%D8%B1%E2%80%AD/data=!4m7!3m6!1s0x3ef9d7004eff3b93:0xe596bc5723e5c3de!8m2!3d27.2055899!4d56.3378966!16s%2Fg%2F11w7pk68rk!19sChIJkzv_TgDX-T4R3sPlI1e8luU?authuser=0&hl=en&rclk=1,2026-08-03T00:04:10.903322+00:00
982,google_maps,Tipax,تیپاکس ایثار,هرمزگان,اراک,27.2055899,56.3378966,3.0,"Easy access, but expensive",2 years ago,morteza khakpour,NULL,NULL,NULL,https://www.google.com/maps/place/Tipax+%D9%86%D9%85%D8%A7%DB%8C%D9%86%D8%AF%DA%AF%DB%8C+%D8%AA%DB%8C%D9%BE%D8%A7%DA%A9%D8%B3+%D8%B4%D8%B9%D8%A8%D9%87+%D8%A7%DB%8C%D8%AB%D8%A7%D8%B1%E2%80%AD/data=!4m7!3m6!1s0x3ef9d7004eff3b93:0xe596bc5723e5c3de!8m2!3d27.2055899!4d56.3378966!16s%2Fg%2F11w7pk68rk!19sChIJkzv_TgDX-T4R3sPlI1e8luU?authuser=0&hl=en&rclk=1,2026-08-03T00:04:10.903322+00:00
983,google_maps,Tipax,تیپاکس ایثار,هرمزگان,اراک,27.2055899,56.3378966,4.0,They have good follow-up.,4 years ago,Mr behnam hero,NULL,NULL,NULL,https://www.google.com/maps/place/Tipax+%D9%86%D9%85%D8%A7%DB%8C%D9%86%D8%AF%DA%AF%DB%8C+%D8%AA%DB%8C%D9%BE%D8%A7%DA%A9%D8%B3+%D8%B4%D8%B9%D8%A8%D9%87+%D8%A7%DB%8C%D8%AB%D8%A7%D8%B1%E2%80%AD/data=!4m7!3m6!1s0x3ef9d7004eff3b93:0xe596bc5723e5c3de!8m2!3d27.2055899!4d56.3378966!16s%2Fg%2F11w7pk68rk!19sChIJkzv_TgDX-T4R3sPlI1e8luU?authuser=0&hl=en&rclk=1,2026-08-03T00:04:10.903322+00:00
984,google_maps,Tipax,تیپاکس ایثار,هرمزگان,اراک,27.2055899,56.3378966,5.0,thanks for adding tipax,4 years ago,rezayi sina,NULL,NULL,NULL,https://www.google.com/maps/place/Tipax+%D9%86%D9%85%D8%A7%DB%8C%D9%86%D8%AF%DA%AF%DB%8C+%D8%AA%DB%8C%D9%BE%D8%A7%DA%A9%D8%B3+%D8%B4%D8%B9%D8%A8%D9%87+%D8%A7%DB%8C%D8%AB%D8%A7%D8%B1%E2%80%AD/data=!4m7!3m6!1s0x3ef9d7004eff3b93:0xe596bc5723e5c3de!8m2!3d27.2055899!4d56.3378966!16s%2Fg%2F11w7pk68rk!19sChIJkzv_TgDX-T4R3sPlI1e8luU?authuser=0&hl=en&rclk=1,2026-08-03T00:04:10.903322+00:00
985,google_maps,Tipax,تیپاکس ایثار,هرمزگان,اراک,27.2055899,56.3378966,5.0,Very good.,a year ago,Notebookland,NULL,NULL,NULL,https://www.google.com/maps/place/Tipax+%D9%86%D9%85%D8%A7%DB%8C%D9%86%D8%AF%DA%AF%DB%8C+%D8%AA%DB%8C%D9%BE%D8%A7%DA%A9%D8%B3+%D8%B4%D8%B9%D8%A8%D9%87+%D8%A7%DB%8C%D8%AB%D8%A7%D8%B1%E2%80%AD/data=!4m7!3m6!1s0x3ef9d7004eff3b93:0xe596bc5723e5c3de!8m2!3d27.2055899!4d56.3378966!16s%2Fg%2F11w7pk68rk!19sChIJkzv_TgDX-T4R3sPlI1e8luU?authuser=0&hl=en&rclk=1,2026-08-03T00:04:10.903322+00:00
986,google_maps,Tipax,تیپاکس شهرک نبوت,Bandar Abbas,69Q3+5GP,27.2379507,56.3538307,1.0,"You really should get a job. They answer every call you make. They act like they're going to get you. They put people like you in charge. When you can't do something right, you make a mistake and accept responsibility. People like you only care about money.",a year ago,Abolfazl Ma,NULL,NULL,NULL,https://www.google.com/maps/place/%D8%AA%DB%8C%D9%BE%D8%A7%DA%A9%D8%B3+%D8%B4%D8%B9%D8%A8%D9%87+%D8%B4%D9%87%D8%B1%DA%A9+%D9%86%D8%A8%D9%88%D8%AA%E2%80%AD/data=!4m7!3m6!1s0x3ef9d1dc45d95fd5:0xc180dfc0cca7318e!8m2!3d27.2379507!4d56.3538307!16s%2Fg%2F11t2vf1dyx!19sChIJ1V_ZRdzR-T4RjjGnzMDfgME?authuser=0&hl=en&rclk=1,2026-08-03T00:04:27.945767+00:00
987,google_maps,Tipax,تیپاکس شهرک نبوت,Bandar Abbas,69Q3+5GP,27.2379507,56.3538307,1.0,"Completely irresponsible, they don't even deliver the packages themselves, you have to go and pick them up yourself.",a year ago,Mute,NULL,NULL,NULL,https://www.google.com/maps/place/%D8%AA%DB%8C%D9%BE%D8%A7%DA%A9%D8%B3+%D8%B4%D8%B9%D8%A8%D9%87+%D8%B4%D9%87%D8%B1%DA%A9+%D9%86%D8%A8%D9%88%D8%AA%E2%80%AD/data=!4m7!3m6!1s0x3ef9d1dc45d95fd5:0xc180dfc0cca7318e!8m2!3d27.2379507!4d56.3538307!16s%2Fg%2F11t2vf1dyx!19sChIJ1V_ZRdzR-T4RjjGnzMDfgME?authuser=0&hl=en&rclk=1,2026-08-03T00:04:27.945767+00:00
988,google_maps,Tipax,تیپاکس شهرک نبوت,Bandar Abbas,69Q3+5GP,27.2379507,56.3538307,1.0,Excellent in terms of irresponsibility.,3 years ago,Milad Moradi,NULL,NULL,NULL,https://www.google.com/maps/place/%D8%AA%DB%8C%D9%BE%D8%A7%DA%A9%D8%B3+%D8%B4%D8%B9%D8%A8%D9%87+%D8%B4%D9%87%D8%B1%DA%A9+%D9%86%D8%A8%D9%88%D8%AA%E2%80%AD/data=!4m7!3m6!1s0x3ef9d1dc45d95fd5:0xc180dfc0cca7318e!8m2!3d27.2379507!4d56.3538307!16s%2Fg%2F11t2vf1dyx!19sChIJ1V_ZRdzR-T4RjjGnzMDfgME?authuser=0&hl=en&rclk=1,2026-08-03T00:04:27.945767+00:00
989,google_maps,Tipax,تیپاکس شهرک نبوت,Bandar Abbas,69Q3+5GP,27.2379507,56.3538307,1.0,Really irresponsible.,7 months ago,حمید,NULL,NULL,NULL,https://www.google.com/maps/place/%D8%AA%DB%8C%D9%BE%D8%A7%DA%A9%D8%B3+%D8%B4%D8%B9%D8%A8%D9%87+%D8%B4%D9%87%D8%B1%DA%A9+%D9%86%D8%A8%D9%88%D8%AA%E2%80%AD/data=!4m7!3m6!1s0x3ef9d1dc45d95fd5:0xc180dfc0cca7318e!8m2!3d27.2379507!4d56.3538307!16s%2Fg%2F11t2vf1dyx!19sChIJ1V_ZRdzR-T4RjjGnzMDfgME?authuser=0&hl=en&rclk=1,2026-08-03T00:04:27.945767+00:00
990,google_maps,Tipax,تیپاکس شهرک نبوت,Bandar Abbas,69Q3+5GP,27.2379507,56.3538307,5.0,Aali Beton,3 years ago,Reza Aalizadeh,NULL,NULL,NULL,https://www.google.com/maps/place/%D8%AA%DB%8C%D9%BE%D8%A7%DA%A9%D8%B3+%D8%B4%D8%B9%D8%A8%D9%87+%D8%B4%D9%87%D8%B1%DA%A9+%D9%86%D8%A8%D9%88%D8%AA%E2%80%AD/data=!4m7!3m6!1s0x3ef9d1dc45d95fd5:0xc180dfc0cca7318e!8m2!3d27.2379507!4d56.3538307!16s%2Fg%2F11t2vf1dyx!19sChIJ1V_ZRdzR-T4RjjGnzMDfgME?authuser=0&hl=en&rclk=1,2026-08-03T00:04:27.945767+00:00
991,google_maps,Tipax,تیپاکس ( جاسک),هرمزگان,NULL,25.6424065,57.7698667,1.0,"When the package arrives, no text message is sent or a call is made, this is really bad!",3 years ago,Najmeh Shams,NULL,NULL,NULL,https://www.google.com/maps/place/%D8%AA%DB%8C%D9%BE%D8%A7%DA%A9%D8%B3+%28%D9%86%D9%85%D8%A7%DB%8C%D9%86%D8%AF%DA%AF%DB%8C+%D8%AC%D8%A7%D8%B3%DA%A9%29%E2%80%AD/data=!4m7!3m6!1s0x3ef251b96507bc71:0x2ec35de17ebb9aa3!8m2!3d25.6424065!4d57.7698667!16s%2Fg%2F11qp2v3frk!19sChIJcbwHZblR8j4Ro5q7fuFdwy4?authuser=0&hl=en&rclk=1,2026-08-03T00:04:53.610859+00:00
992,google_maps,Tipax,تیپاکس ( جاسک),هرمزگان,NULL,25.6424065,57.7698667,3.0,I think they ship and receive cargo two days a week (Monday and Thursday).,5 years ago,علی پاکاری,NULL,NULL,NULL,https://www.google.com/maps/place/%D8%AA%DB%8C%D9%BE%D8%A7%DA%A9%D8%B3+%28%D9%86%D9%85%D8%A7%DB%8C%D9%86%D8%AF%DA%AF%DB%8C+%D8%AC%D8%A7%D8%B3%DA%A9%29%E2%80%AD/data=!4m7!3m6!1s0x3ef251b96507bc71:0x2ec35de17ebb9aa3!8m2!3d25.6424065!4d57.7698667!16s%2Fg%2F11qp2v3frk!19sChIJcbwHZblR8j4Ro5q7fuFdwy4?authuser=0&hl=en&rclk=1,2026-08-03T00:04:53.610859+00:00
993,google_maps,Tipax,تیپاکس ( جاسک),هرمزگان,NULL,25.6424065,57.7698667,1.0,Very poor service Inappropriate attitude of staff,2 years ago,saeed Bhr,NULL,NULL,NULL,https://www.google.com/maps/place/%D8%AA%DB%8C%D9%BE%D8%A7%DA%A9%D8%B3+%28%D9%86%D9%85%D8%A7%DB%8C%D9%86%D8%AF%DA%AF%DB%8C+%D8%AC%D8%A7%D8%B3%DA%A9%29%E2%80%AD/data=!4m7!3m6!1s0x3ef251b96507bc71:0x2ec35de17ebb9aa3!8m2!3d25.6424065!4d57.7698667!16s%2Fg%2F11qp2v3frk!19sChIJcbwHZblR8j4Ro5q7fuFdwy4?authuser=0&hl=en&rclk=1,2026-08-03T00:04:53.610859+00:00
994,google_maps,Tipax,تیپاکس درگهان (استان هرمزگان),هرمزگان,NULL,26.953213,56.068646,1.0,"Horrible. We had this story a few times. I call when the package will arrive, they say in a few days, and then the next day I see a message saying that the package was sent back due to not being present at the delivery... When I call, the line is either busy or completely off. My package was damaged. They wouldn't pick it up, even though the sender had sent a video confirming that it was delivered and that it was intact.",a year ago,METI rapper,NULL,NULL,NULL,https://www.google.com/maps/place/%D9%86%D9%85%D8%A7%DB%8C%D9%86%D8%AF%DA%AF%DB%8C+%D8%AA%DB%8C%D9%BE%D8%A7%DA%A9%D8%B3+%D8%AF%D8%B1%DA%AF%D9%87%D8%A7%D9%86+%28%D8%A7%D8%B3%D8%AA%D8%A7%D9%86+%D9%87%D8%B1%D9%85%D8%B2%DA%AF%D8%A7%D9%86%29%E2%80%AD/data=!4m7!3m6!1s0x3ef785cca1261cc9:0x4c7ac4f968e65228!8m2!3d26.953213!4d56.068646!16s%2Fg%2F11qgy25z5q!19sChIJyRwmocyF9z4RKFLmaPnEekw?authuser=0&hl=en&rclk=1,2026-08-03T00:05:02.280243+00:00
995,google_maps,Tipax,تیپاکس درگهان (استان هرمزگان),هرمزگان,NULL,26.953213,56.068646,1.0,The most disgusting and irresponsible. I haven't received my package in 20 days. They don't respond at all. Their lines are always busy. Tipax Tehran also doesn't answer every time I call them.,a year ago,روناک پارسا,NULL,NULL,NULL,https://www.google.com/maps/place/%D9%86%D9%85%D8%A7%DB%8C%D9%86%D8%AF%DA%AF%DB%8C+%D8%AA%DB%8C%D9%BE%D8%A7%DA%A9%D8%B3+%D8%AF%D8%B1%DA%AF%D9%87%D8%A7%D9%86+%28%D8%A7%D8%B3%D8%AA%D8%A7%D9%86+%D9%87%D8%B1%D9%85%D8%B2%DA%AF%D8%A7%D9%86%29%E2%80%AD/data=!4m7!3m6!1s0x3ef785cca1261cc9:0x4c7ac4f968e65228!8m2!3d26.953213!4d56.068646!16s%2Fg%2F11qgy25z5q!19sChIJyRwmocyF9z4RKFLmaPnEekw?authuser=0&hl=en&rclk=1,2026-08-03T00:05:02.280243+00:00
996,google_maps,Tipax,تیپاکس درگهان (استان هرمزگان),هرمزگان,NULL,26.953213,56.068646,5.0,"The most irresponsible Tipax branch in Dargahan. The package arrived a few days ago, it was not delivered, and I left 2 numbers. It is switched off.",a year ago,Armin Asadpour,NULL,NULL,NULL,https://www.google.com/maps/place/%D9%86%D9%85%D8%A7%DB%8C%D9%86%D8%AF%DA%AF%DB%8C+%D8%AA%DB%8C%D9%BE%D8%A7%DA%A9%D8%B3+%D8%AF%D8%B1%DA%AF%D9%87%D8%A7%D9%86+%28%D8%A7%D8%B3%D8%AA%D8%A7%D9%86+%D9%87%D8%B1%D9%85%D8%B2%DA%AF%D8%A7%D9%86%29%E2%80%AD/data=!4m7!3m6!1s0x3ef785cca1261cc9:0x4c7ac4f968e65228!8m2!3d26.953213!4d56.068646!16s%2Fg%2F11qgy25z5q!19sChIJyRwmocyF9z4RKFLmaPnEekw?authuser=0&hl=en&rclk=1,2026-08-03T00:05:02.280243+00:00
997,google_maps,Tipax,تیپاکس درگهان (استان هرمزگان),هرمزگان,NULL,26.953213,56.068646,1.0,"It's really awful. When the package arrives at the house, they don't even call us to pick it up. Then we get a text message back.",11 months ago,Crypto BTC,NULL,NULL,NULL,https://www.google.com/maps/place/%D9%86%D9%85%D8%A7%DB%8C%D9%86%D8%AF%DA%AF%DB%8C+%D8%AA%DB%8C%D9%BE%D8%A7%DA%A9%D8%B3+%D8%AF%D8%B1%DA%AF%D9%87%D8%A7%D9%86+%28%D8%A7%D8%B3%D8%AA%D8%A7%D9%86+%D9%87%D8%B1%D9%85%D8%B2%DA%AF%D8%A7%D9%86%29%E2%80%AD/data=!4m7!3m6!1s0x3ef785cca1261cc9:0x4c7ac4f968e65228!8m2!3d26.953213!4d56.068646!16s%2Fg%2F11qgy25z5q!19sChIJyRwmocyF9z4RKFLmaPnEekw?authuser=0&hl=en&rclk=1,2026-08-03T00:05:02.280243+00:00
998,google_maps,Tipax,تیپاکس درگهان (استان هرمزگان),هرمزگان,NULL,26.953213,56.068646,1.0,I'm really sorry. They returned my package without calling or bringing it to my address. The recipient was not at the location.,10 months ago,Boshra Rahimi,NULL,NULL,NULL,https://www.google.com/maps/place/%D9%86%D9%85%D8%A7%DB%8C%D9%86%D8%AF%DA%AF%DB%8C+%D8%AA%DB%8C%D9%BE%D8%A7%DA%A9%D8%B3+%D8%AF%D8%B1%DA%AF%D9%87%D8%A7%D9%86+%28%D8%A7%D8%B3%D8%AA%D8%A7%D9%86+%D9%87%D8%B1%D9%85%D8%B2%DA%AF%D8%A7%D9%86%29%E2%80%AD/data=!4m7!3m6!1s0x3ef785cca1261cc9:0x4c7ac4f968e65228!8m2!3d26.953213!4d56.068646!16s%2Fg%2F11qgy25z5q!19sChIJyRwmocyF9z4RKFLmaPnEekw?authuser=0&hl=en&rclk=1,2026-08-03T00:05:02.280243+00:00
999,google_maps,Tipax,تیپاکس درگهان (استان هرمزگان),هرمزگان,NULL,26.953213,56.068646,1.0,"No matter how many times I called, they wouldn't answer. I sent a taxi to their office and they said they were closed.",4 years ago,M Phoenix,NULL,NULL,NULL,https://www.google.com/maps/place/%D9%86%D9%85%D8%A7%DB%8C%D9%86%D8%AF%DA%AF%DB%8C+%D8%AA%DB%8C%D9%BE%D8%A7%DA%A9%D8%B3+%D8%AF%D8%B1%DA%AF%D9%87%D8%A7%D9%86+%28%D8%A7%D8%B3%D8%AA%D8%A7%D9%86+%D9%87%D8%B1%D9%85%D8%B2%DA%AF%D8%A7%D9%86%29%E2%80%AD/data=!4m7!3m6!1s0x3ef785cca1261cc9:0x4c7ac4f968e65228!8m2!3d26.953213!4d56.068646!16s%2Fg%2F11qgy25z5q!19sChIJyRwmocyF9z4RKFLmaPnEekw?authuser=0&hl=en&rclk=1,2026-08-03T00:05:02.280243+00:00
1000,google_maps,Tipax,تیپاکس درگهان (استان هرمزگان),هرمزگان,NULL,26.953213,56.068646,1.0,"If you want your package to get lost or you want to be charged more money, come to Tipax.",2 years ago,lll xrz,NULL,NULL,NULL,https://www.google.com/maps/place/%D9%86%D9%85%D8%A7%DB%8C%D9%86%D8%AF%DA%AF%DB%8C+%D8%AA%DB%8C%D9%BE%D8%A7%DA%A9%D8%B3+%D8%AF%D8%B1%DA%AF%D9%87%D8%A7%D9%86+%28%D8%A7%D8%B3%D8%AA%D8%A7%D9%86+%D9%87%D8%B1%D9%85%D8%B2%DA%AF%D8%A7%D9%86%29%E2%80%AD/data=!4m7!3m6!1s0x3ef785cca1261cc9:0x4c7ac4f968e65228!8m2!3d26.953213!4d56.068646!16s%2Fg%2F11qgy25z5q!19sChIJyRwmocyF9z4RKFLmaPnEekw?authuser=0&hl=en&rclk=1,2026-08-03T00:05:02.280243+00:00
1001,google_maps,Tipax,تیپاکس درگهان (استان هرمزگان),هرمزگان,NULL,26.953213,56.068646,4.0,"Like all Tipaxes, it has its own problems, but those responsible are responding.",4 years ago,Baby Jesus,NULL,NULL,NULL,https://www.google.com/maps/place/%D9%86%D9%85%D8%A7%DB%8C%D9%86%D8%AF%DA%AF%DB%8C+%D8%AA%DB%8C%D9%BE%D8%A7%DA%A9%D8%B3+%D8%AF%D8%B1%DA%AF%D9%87%D8%A7%D9%86+%28%D8%A7%D8%B3%D8%AA%D8%A7%D9%86+%D9%87%D8%B1%D9%85%D8%B2%DA%AF%D8%A7%D9%86%29%E2%80%AD/data=!4m7!3m6!1s0x3ef785cca1261cc9:0x4c7ac4f968e65228!8m2!3d26.953213!4d56.068646!16s%2Fg%2F11qgy25z5q!19sChIJyRwmocyF9z4RKFLmaPnEekw?authuser=0&hl=en&rclk=1,2026-08-03T00:05:02.280243+00:00
1002,google_maps,Tipax,تیپاکس درگهان (استان هرمزگان),هرمزگان,NULL,26.953213,56.068646,1.0,Disgusting,3 years ago,Saeid Y,NULL,NULL,NULL,https://www.google.com/maps/place/%D9%86%D9%85%D8%A7%DB%8C%D9%86%D8%AF%DA%AF%DB%8C+%D8%AA%DB%8C%D9%BE%D8%A7%DA%A9%D8%B3+%D8%AF%D8%B1%DA%AF%D9%87%D8%A7%D9%86+%28%D8%A7%D8%B3%D8%AA%D8%A7%D9%86+%D9%87%D8%B1%D9%85%D8%B2%DA%AF%D8%A7%D9%86%29%E2%80%AD/data=!4m7!3m6!1s0x3ef785cca1261cc9:0x4c7ac4f968e65228!8m2!3d26.953213!4d56.068646!16s%2Fg%2F11qgy25z5q!19sChIJyRwmocyF9z4RKFLmaPnEekw?authuser=0&hl=en&rclk=1,2026-08-03T00:05:02.280243+00:00
1003,google_maps,Tipax,تیپاکس درگهان (استان هرمزگان),هرمزگان,NULL,26.953213,56.068646,5.0,Excellent,4 years ago,Setayesh Darya,NULL,NULL,NULL,https://www.google.com/maps/place/%D9%86%D9%85%D8%A7%DB%8C%D9%86%D8%AF%DA%AF%DB%8C+%D8%AA%DB%8C%D9%BE%D8%A7%DA%A9%D8%B3+%D8%AF%D8%B1%DA%AF%D9%87%D8%A7%D9%86+%28%D8%A7%D8%B3%D8%AA%D8%A7%D9%86+%D9%87%D8%B1%D9%85%D8%B2%DA%AF%D8%A7%D9%86%29%E2%80%AD/data=!4m7!3m6!1s0x3ef785cca1261cc9:0x4c7ac4f968e65228!8m2!3d26.953213!4d56.068646!16s%2Fg%2F11qgy25z5q!19sChIJyRwmocyF9z4RKFLmaPnEekw?authuser=0&hl=en&rclk=1,2026-08-03T00:05:02.280243+00:00
1004,google_maps,Tipax,پست تیپاکس سرپرستی,هرمزگان,ری,27.2879977,56.3398225,1.0,"After a week, my package hadn't arrived, so I called Tehran and they said you have to wait three business days for your complaint to be reviewed. So why did you charge me 100,000 tomans for a 100-gram package?",3 years ago,Mehrab Hajiei,NULL,NULL,NULL,https://www.google.com/maps/place/%D9%BE%D8%B3%D8%AA+%D8%AA%DB%8C%D9%BE%D8%A7%DA%A9%D8%B3+%D8%B3%D8%B1%D9%BE%D8%B1%D8%B3%D8%AA%DB%8C%E2%80%AD/data=!4m7!3m6!1s0x3ef9d16348fd9bfb:0xfd04323b3bf6a481!8m2!3d27.2879977!4d56.3398225!16s%2Fg%2F11tm_2hk25!19sChIJ-5v9SGPR-T4RgaT2OzsyBP0?authuser=0&hl=en&rclk=1,2026-08-03T00:05:10.796787+00:00
1005,google_maps,Tipax,پست تیپاکس سرپرستی,هرمزگان,ری,27.2879977,56.3398225,1.0,The most useless postal organization in the world,2 years ago,Amir Sharifi,NULL,NULL,NULL,https://www.google.com/maps/place/%D9%BE%D8%B3%D8%AA+%D8%AA%DB%8C%D9%BE%D8%A7%DA%A9%D8%B3+%D8%B3%D8%B1%D9%BE%D8%B1%D8%B3%D8%AA%DB%8C%E2%80%AD/data=!4m7!3m6!1s0x3ef9d16348fd9bfb:0xfd04323b3bf6a481!8m2!3d27.2879977!4d56.3398225!16s%2Fg%2F11tm_2hk25!19sChIJ-5v9SGPR-T4RgaT2OzsyBP0?authuser=0&hl=en&rclk=1,2026-08-03T00:05:10.796787+00:00
1006,google_maps,Tipax,پست تیپاکس سرپرستی,هرمزگان,ری,27.2879977,56.3398225,1.0,It's so ridiculous.,3 years ago,پیمان شهابی,NULL,NULL,NULL,https://www.google.com/maps/place/%D9%BE%D8%B3%D8%AA+%D8%AA%DB%8C%D9%BE%D8%A7%DA%A9%D8%B3+%D8%B3%D8%B1%D9%BE%D8%B1%D8%B3%D8%AA%DB%8C%E2%80%AD/data=!4m7!3m6!1s0x3ef9d16348fd9bfb:0xfd04323b3bf6a481!8m2!3d27.2879977!4d56.3398225!16s%2Fg%2F11tm_2hk25!19sChIJ-5v9SGPR-T4RgaT2OzsyBP0?authuser=0&hl=en&rclk=1,2026-08-03T00:05:10.796787+00:00
1007,google_maps,Tipax,تیپاکس بندرلنگه,هرمزگان,NULL,26.5752588,54.9069261,5.0,"In my opinion, Tipax is the best and most excellent post in Iran. At least their officials or representatives are responsible and apologize for any kind of incompetence or mistake in their work, which I must say, all officials should learn a lot. With best regards, Ghasem Nejad",2 years ago,orooj mohandes,NULL,NULL,NULL,https://www.google.com/maps/place/%D8%AA%DB%8C%D9%BE%D8%A7%DA%A9%D8%B3+%D8%A8%D9%86%D8%AF%D8%B1%D9%84%D9%86%DA%AF%D9%87%E2%80%AD/data=!4m7!3m6!1s0x3e58310a1ed109c3:0x57e43fa567577dbd!8m2!3d26.5752588!4d54.9069261!16s%2Fg%2F11j1dlh8bf!19sChIJwwnRHgoxWD4RvX1XZ6U_5Fc?authuser=0&hl=en&rclk=1,2026-08-03T00:05:35.292421+00:00
1008,google_maps,Tipax,تیپاکس بندرلنگه,هرمزگان,NULL,26.5752588,54.9069261,1.0,I am not satisfied at all. They don't answer when you call them and they don't even let you know when your package arrives. I gave them one star so that my opinion can be recorded.,7 months ago,ahmad ahmadi,NULL,NULL,NULL,https://www.google.com/maps/place/%D8%AA%DB%8C%D9%BE%D8%A7%DA%A9%D8%B3+%D8%A8%D9%86%D8%AF%D8%B1%D9%84%D9%86%DA%AF%D9%87%E2%80%AD/data=!4m7!3m6!1s0x3e58310a1ed109c3:0x57e43fa567577dbd!8m2!3d26.5752588!4d54.9069261!16s%2Fg%2F11j1dlh8bf!19sChIJwwnRHgoxWD4RvX1XZ6U_5Fc?authuser=0&hl=en&rclk=1,2026-08-03T00:05:35.292421+00:00
1009,google_maps,Tipax,تیپاکس بندرلنگه,هرمزگان,NULL,26.5752588,54.9069261,3.0,"Thank you very much for bringing this service to our city, so that it can be competitive with the post and provide better results for customers.",5 years ago,Hassan Rabiei,NULL,NULL,NULL,https://www.google.com/maps/place/%D8%AA%DB%8C%D9%BE%D8%A7%DA%A9%D8%B3+%D8%A8%D9%86%D8%AF%D8%B1%D9%84%D9%86%DA%AF%D9%87%E2%80%AD/data=!4m7!3m6!1s0x3e58310a1ed109c3:0x57e43fa567577dbd!8m2!3d26.5752588!4d54.9069261!16s%2Fg%2F11j1dlh8bf!19sChIJwwnRHgoxWD4RvX1XZ6U_5Fc?authuser=0&hl=en&rclk=1,2026-08-03T00:05:35.292421+00:00
1010,google_maps,Tipax,تیپاکس بندرلنگه,هرمزگان,NULL,26.5752588,54.9069261,1.0,"Google gave me the wrong address and took me to the neighborhood, but Tipax was in the city center. I was lost for an hour.",a month ago,h_hamodzadeh,NULL,NULL,NULL,https://www.google.com/maps/place/%D8%AA%DB%8C%D9%BE%D8%A7%DA%A9%D8%B3+%D8%A8%D9%86%D8%AF%D8%B1%D9%84%D9%86%DA%AF%D9%87%E2%80%AD/data=!4m7!3m6!1s0x3e58310a1ed109c3:0x57e43fa567577dbd!8m2!3d26.5752588!4d54.9069261!16s%2Fg%2F11j1dlh8bf!19sChIJwwnRHgoxWD4RvX1XZ6U_5Fc?authuser=0&hl=en&rclk=1,2026-08-03T00:05:35.292421+00:00
1011,google_maps,Tipax,تیپاکس بندرلنگه,هرمزگان,NULL,26.5752588,54.9069261,3.0,"Very very good, try it.",6 years ago,hamid galvi,NULL,NULL,NULL,https://www.google.com/maps/place/%D8%AA%DB%8C%D9%BE%D8%A7%DA%A9%D8%B3+%D8%A8%D9%86%D8%AF%D8%B1%D9%84%D9%86%DA%AF%D9%87%E2%80%AD/data=!4m7!3m6!1s0x3e58310a1ed109c3:0x57e43fa567577dbd!8m2!3d26.5752588!4d54.9069261!16s%2Fg%2F11j1dlh8bf!19sChIJwwnRHgoxWD4RvX1XZ6U_5Fc?authuser=0&hl=en&rclk=1,2026-08-03T00:05:35.292421+00:00
1012,google_maps,Tipax,تیپاکس بندرلنگه,هرمزگان,NULL,26.5752588,54.9069261,3.0,It was great.,4 years ago,Sina SadeghPoor,NULL,NULL,NULL,https://www.google.com/maps/place/%D8%AA%DB%8C%D9%BE%D8%A7%DA%A9%D8%B3+%D8%A8%D9%86%D8%AF%D8%B1%D9%84%D9%86%DA%AF%D9%87%E2%80%AD/data=!4m7!3m6!1s0x3e58310a1ed109c3:0x57e43fa567577dbd!8m2!3d26.5752588!4d54.9069261!16s%2Fg%2F11j1dlh8bf!19sChIJwwnRHgoxWD4RvX1XZ6U_5Fc?authuser=0&hl=en&rclk=1,2026-08-03T00:05:35.292421+00:00
1013,google_maps,Tipax,تیپاکس قشم ساحل,هرمزگان,NULL,26.9541772,56.2734299,1.0,"I have never seen anything better than this agency They want 3 times the amount On the Tipax website, the cost of sending my package was 228 thousand Tomans, but they charged me 750 thousand Tomans I feel sorry for this agency that is ruining the name of Tipax with their dirty work You should go to this company, these dirty agencies, ............",2 years ago,Matin Foroghi Abari,NULL,NULL,NULL,https://www.google.com/maps/place/%D9%86%D9%85%D8%A7%DB%8C%D9%86%D8%AF%DA%AF%DB%8C+%D8%AA%DB%8C%D9%BE%D8%A7%DA%A9%D8%B3+%D9%82%D8%B4%D9%85+%D8%B3%D8%A7%D8%AD%D9%84%E2%80%AD/data=!4m7!3m6!1s0x3ef777a4c5527acb:0x8aa0ab59a7e119fd!8m2!3d26.9541772!4d56.2734299!16s%2Fg%2F11tcs4xmkv!19sChIJy3pSxaR39z4R_Rnhp1mroIo?authuser=0&hl=en&rclk=1,2026-08-03T00:05:43.919511+00:00
1014,google_maps,Tipax,تیپاکس قشم ساحل,هرمزگان,NULL,26.9541772,56.2734299,1.0,"They have no commitment to delivery on time. When the package does not arrive on time, their respectful behavior becomes rude. I was fined a heavy bank fine by Tipax for not delivering my documents on time and got into trouble. The Post Office has the honor to do so. They drove me to the brink of bankruptcy. May God bankrupt them.",2 years ago,Mohsen Banassiri,NULL,NULL,NULL,https://www.google.com/maps/place/%D9%86%D9%85%D8%A7%DB%8C%D9%86%D8%AF%DA%AF%DB%8C+%D8%AA%DB%8C%D9%BE%D8%A7%DA%A9%D8%B3+%D9%82%D8%B4%D9%85+%D8%B3%D8%A7%D8%AD%D9%84%E2%80%AD/data=!4m7!3m6!1s0x3ef777a4c5527acb:0x8aa0ab59a7e119fd!8m2!3d26.9541772!4d56.2734299!16s%2Fg%2F11tcs4xmkv!19sChIJy3pSxaR39z4R_Rnhp1mroIo?authuser=0&hl=en&rclk=1,2026-08-03T00:05:43.919511+00:00
1015,google_maps,Tipax,تیپاکس قشم ساحل,هرمزگان,NULL,26.9541772,56.2734299,1.0,"Terrible response, they never answer the phone. My package is delayed for 15 days and I have to walk a long way to get there. Unfortunately, I don't even get a proper answer. They just say, ""It's unclear what the situation is. I don't know what to do with Tipax. At least they should call so that people can answer.""",2 years ago,mehrdad kh,NULL,NULL,NULL,https://www.google.com/maps/place/%D9%86%D9%85%D8%A7%DB%8C%D9%86%D8%AF%DA%AF%DB%8C+%D8%AA%DB%8C%D9%BE%D8%A7%DA%A9%D8%B3+%D9%82%D8%B4%D9%85+%D8%B3%D8%A7%D8%AD%D9%84%E2%80%AD/data=!4m7!3m6!1s0x3ef777a4c5527acb:0x8aa0ab59a7e119fd!8m2!3d26.9541772!4d56.2734299!16s%2Fg%2F11tcs4xmkv!19sChIJy3pSxaR39z4R_Rnhp1mroIo?authuser=0&hl=en&rclk=1,2026-08-03T00:05:43.919511+00:00
1016,google_maps,Tipax,تیپاکس قشم ساحل,هرمزگان,NULL,26.9541772,56.2734299,5.0,"I have sent items from here several times. The employees are polite and very proactive. Once my package was in transit for a month and I had lost its number, and they were very cooperative and tracked it down with the name and city.",2 years ago,Azita M,NULL,NULL,NULL,https://www.google.com/maps/place/%D9%86%D9%85%D8%A7%DB%8C%D9%86%D8%AF%DA%AF%DB%8C+%D8%AA%DB%8C%D9%BE%D8%A7%DA%A9%D8%B3+%D9%82%D8%B4%D9%85+%D8%B3%D8%A7%D8%AD%D9%84%E2%80%AD/data=!4m7!3m6!1s0x3ef777a4c5527acb:0x8aa0ab59a7e119fd!8m2!3d26.9541772!4d56.2734299!16s%2Fg%2F11tcs4xmkv!19sChIJy3pSxaR39z4R_Rnhp1mroIo?authuser=0&hl=en&rclk=1,2026-08-03T00:05:43.919511+00:00
1017,google_maps,Tipax,تیپاکس قشم ساحل,هرمزگان,NULL,26.9541772,56.2734299,1.0,"Unfortunately, their phone is always busy, their response rate is below zero, they are not really responsive to customers, and they have no commitment to customer service at all.",a year ago,Mojahed Ansari,NULL,NULL,NULL,https://www.google.com/maps/place/%D9%86%D9%85%D8%A7%DB%8C%D9%86%D8%AF%DA%AF%DB%8C+%D8%AA%DB%8C%D9%BE%D8%A7%DA%A9%D8%B3+%D9%82%D8%B4%D9%85+%D8%B3%D8%A7%D8%AD%D9%84%E2%80%AD/data=!4m7!3m6!1s0x3ef777a4c5527acb:0x8aa0ab59a7e119fd!8m2!3d26.9541772!4d56.2734299!16s%2Fg%2F11tcs4xmkv!19sChIJy3pSxaR39z4R_Rnhp1mroIo?authuser=0&hl=en&rclk=1,2026-08-03T00:05:43.919511+00:00
1018,google_maps,Tipax,تیپاکس قشم ساحل,هرمزگان,NULL,26.9541772,56.2734299,1.0,"You hand over your package to this agency for a missing package and then they don't answer you at all, it's that simple.",8 months ago,Mohi Danesh,NULL,NULL,NULL,https://www.google.com/maps/place/%D9%86%D9%85%D8%A7%DB%8C%D9%86%D8%AF%DA%AF%DB%8C+%D8%AA%DB%8C%D9%BE%D8%A7%DA%A9%D8%B3+%D9%82%D8%B4%D9%85+%D8%B3%D8%A7%D8%AD%D9%84%E2%80%AD/data=!4m7!3m6!1s0x3ef777a4c5527acb:0x8aa0ab59a7e119fd!8m2!3d26.9541772!4d56.2734299!16s%2Fg%2F11tcs4xmkv!19sChIJy3pSxaR39z4R_Rnhp1mroIo?authuser=0&hl=en&rclk=1,2026-08-03T00:05:43.919511+00:00
1019,google_maps,Tipax,تیپاکس قشم ساحل,هرمزگان,NULL,26.9541772,56.2734299,1.0,Very expensive. The staff is also very irresponsible. They deliver the shipment late. Post is much better.,2 years ago,Yadollah Allipour,NULL,NULL,NULL,https://www.google.com/maps/place/%D9%86%D9%85%D8%A7%DB%8C%D9%86%D8%AF%DA%AF%DB%8C+%D8%AA%DB%8C%D9%BE%D8%A7%DA%A9%D8%B3+%D9%82%D8%B4%D9%85+%D8%B3%D8%A7%D8%AD%D9%84%E2%80%AD/data=!4m7!3m6!1s0x3ef777a4c5527acb:0x8aa0ab59a7e119fd!8m2!3d26.9541772!4d56.2734299!16s%2Fg%2F11tcs4xmkv!19sChIJy3pSxaR39z4R_Rnhp1mroIo?authuser=0&hl=en&rclk=1,2026-08-03T00:05:43.919511+00:00
1020,google_maps,Tipax,تیپاکس قشم ساحل,هرمزگان,NULL,26.9541772,56.2734299,5.0,"I went to the post office to send a package, and my order was processed very quickly.",2 years ago,Ali akbar Kascoo,NULL,NULL,NULL,https://www.google.com/maps/place/%D9%86%D9%85%D8%A7%DB%8C%D9%86%D8%AF%DA%AF%DB%8C+%D8%AA%DB%8C%D9%BE%D8%A7%DA%A9%D8%B3+%D9%82%D8%B4%D9%85+%D8%B3%D8%A7%D8%AD%D9%84%E2%80%AD/data=!4m7!3m6!1s0x3ef777a4c5527acb:0x8aa0ab59a7e119fd!8m2!3d26.9541772!4d56.2734299!16s%2Fg%2F11tcs4xmkv!19sChIJy3pSxaR39z4R_Rnhp1mroIo?authuser=0&hl=en&rclk=1,2026-08-03T00:05:43.919511+00:00
1021,google_maps,Tipax,تیپاکس قشم ساحل,هرمزگان,NULL,26.9541772,56.2734299,1.0,They are homeless. They don't answer the phone and their work is not organized.,2 years ago,HMiD,NULL,NULL,NULL,https://www.google.com/maps/place/%D9%86%D9%85%D8%A7%DB%8C%D9%86%D8%AF%DA%AF%DB%8C+%D8%AA%DB%8C%D9%BE%D8%A7%DA%A9%D8%B3+%D9%82%D8%B4%D9%85+%D8%B3%D8%A7%D8%AD%D9%84%E2%80%AD/data=!4m7!3m6!1s0x3ef777a4c5527acb:0x8aa0ab59a7e119fd!8m2!3d26.9541772!4d56.2734299!16s%2Fg%2F11tcs4xmkv!19sChIJy3pSxaR39z4R_Rnhp1mroIo?authuser=0&hl=en&rclk=1,2026-08-03T00:05:43.919511+00:00
1022,google_maps,Tipax,تیپاکس قشم ساحل,هرمزگان,NULL,26.9541772,56.2734299,2.0,All calls miss out,a year ago,Alireza Q,NULL,NULL,NULL,https://www.google.com/maps/place/%D9%86%D9%85%D8%A7%DB%8C%D9%86%D8%AF%DA%AF%DB%8C+%D8%AA%DB%8C%D9%BE%D8%A7%DA%A9%D8%B3+%D9%82%D8%B4%D9%85+%D8%B3%D8%A7%D8%AD%D9%84%E2%80%AD/data=!4m7!3m6!1s0x3ef777a4c5527acb:0x8aa0ab59a7e119fd!8m2!3d26.9541772!4d56.2734299!16s%2Fg%2F11tcs4xmkv!19sChIJy3pSxaR39z4R_Rnhp1mroIo?authuser=0&hl=en&rclk=1,2026-08-03T00:05:43.919511+00:00
1023,google_maps,Tipax,TPG,هرمزگان,اهر,27.1846879,56.2836953,5.0,It was good.,3 years ago,navid mohammadpour,NULL,NULL,NULL,https://www.google.com/maps/place/TPG+post/data=!4m7!3m6!1s0x3ef9d5f320e9975d:0x1527ba0e5be44ed!8m2!3d27.1846879!4d56.2836953!16s%2Fg%2F11h1sks4__!19sChIJXZfpIPPV-T4R7US-5aB7UgE?authuser=0&hl=en&rclk=1,2026-08-03T00:06:00.953312+00:00
1024,google_maps,Tipax,تیپاکس شهرک های صنعتی,هرمزگان,NULL,27.3318551,56.3343237,1.0,You are the most disgusting and irresponsible person in your cartoon. It's really a shame 🙂 I even gave you one star too many. …,a year ago,sajadi,NULL,NULL,NULL,https://www.google.com/maps/place/%D9%86%D9%85%D8%A7%DB%8C%D9%86%D8%AF%DA%AF%DB%8C+%D8%AA%DB%8C%D9%BE%D8%A7%DA%A9%D8%B3+%D8%B4%D9%87%D8%B1%DA%A9+%D9%87%D8%A7%DB%8C+%D8%B5%D9%86%D8%B9%D8%AA%DB%8C%E2%80%AD/data=!4m7!3m6!1s0x3ef9cf3c7c72f2e3:0xbf7e3da6faa1f016!8m2!3d27.3318551!4d56.3343237!16s%2Fg%2F11rqp0rqr2!19sChIJ4_JyfDzP-T4RFvCh-qY9fr8?authuser=0&hl=en&rclk=1,2026-08-03T00:06:09.459335+00:00
1025,google_maps,Tipax,تیپاکس شهرک های صنعتی,هرمزگان,NULL,27.3318551,56.3343237,5.0,They do a good job and deliver packages on time.,3 years ago,Ahad Sherezadhe,NULL,NULL,NULL,https://www.google.com/maps/place/%D9%86%D9%85%D8%A7%DB%8C%D9%86%D8%AF%DA%AF%DB%8C+%D8%AA%DB%8C%D9%BE%D8%A7%DA%A9%D8%B3+%D8%B4%D9%87%D8%B1%DA%A9+%D9%87%D8%A7%DB%8C+%D8%B5%D9%86%D8%B9%D8%AA%DB%8C%E2%80%AD/data=!4m7!3m6!1s0x3ef9cf3c7c72f2e3:0xbf7e3da6faa1f016!8m2!3d27.3318551!4d56.3343237!16s%2Fg%2F11rqp0rqr2!19sChIJ4_JyfDzP-T4RFvCh-qY9fr8?authuser=0&hl=en&rclk=1,2026-08-03T00:06:09.459335+00:00
1026,google_maps,Tipax,تیپاکس توکهور هشتبندی,هرمزگان,NULL,27.1639217,57.4512518,1.0,Hello What agency is this? I went there at 12 noon and it was closed and there is no phone number to contact them. Then it says on the website that it is open until 13:00. Please collect when you can't start people's work.,2 years ago,Eslam Pirozi,NULL,NULL,NULL,https://www.google.com/maps/place/%D9%86%D9%85%D8%A7%DB%8C%D9%86%D8%AF%DA%AF%DB%8C+%D8%AA%DB%8C%D9%BE%D8%A7%DA%A9%D8%B3+%D8%AA%D9%88%DA%A9%D9%87%D9%88%D8%B1+%D9%87%D8%B4%D8%AA%D8%A8%D9%86%D8%AF%DB%8C%E2%80%AD/data=!4m7!3m6!1s0x3ef0939b662ceab3:0x7dd9183e84bdb5aa!8m2!3d27.1639217!4d57.4512518!16s%2Fg%2F11tggsvv7s!19sChIJs-osZpuT8D4RqrW9hD4Y2X0?authuser=0&hl=en&rclk=1,2026-08-03T00:06:17.973692+00:00
1027,google_maps,Tipax,تیپاکس توکهور هشتبندی,هرمزگان,NULL,27.1639217,57.4512518,1.0,It's always closed.,a year ago,Reyhan T,NULL,NULL,NULL,https://www.google.com/maps/place/%D9%86%D9%85%D8%A7%DB%8C%D9%86%D8%AF%DA%AF%DB%8C+%D8%AA%DB%8C%D9%BE%D8%A7%DA%A9%D8%B3+%D8%AA%D9%88%DA%A9%D9%87%D9%88%D8%B1+%D9%87%D8%B4%D8%AA%D8%A8%D9%86%D8%AF%DB%8C%E2%80%AD/data=!4m7!3m6!1s0x3ef0939b662ceab3:0x7dd9183e84bdb5aa!8m2!3d27.1639217!4d57.4512518!16s%2Fg%2F11tggsvv7s!19sChIJs-osZpuT8D4RqrW9hD4Y2X0?authuser=0&hl=en&rclk=1,2026-08-03T00:06:17.973692+00:00
1028,google_maps,Tipax,تیپاکس توکهور هشتبندی,هرمزگان,NULL,27.1639217,57.4512518,1.0,Nonsense,a year ago,shahab shahdoost,NULL,NULL,NULL,https://www.google.com/maps/place/%D9%86%D9%85%D8%A7%DB%8C%D9%86%D8%AF%DA%AF%DB%8C+%D8%AA%DB%8C%D9%BE%D8%A7%DA%A9%D8%B3+%D8%AA%D9%88%DA%A9%D9%87%D9%88%D8%B1+%D9%87%D8%B4%D8%AA%D8%A8%D9%86%D8%AF%DB%8C%E2%80%AD/data=!4m7!3m6!1s0x3ef0939b662ceab3:0x7dd9183e84bdb5aa!8m2!3d27.1639217!4d57.4512518!16s%2Fg%2F11tggsvv7s!19sChIJs-osZpuT8D4RqrW9hD4Y2X0?authuser=0&hl=en&rclk=1,2026-08-03T00:06:17.973692+00:00
1029,google_maps,Tipax,تیپاکس سیریک,هرمزگان,ری,26.5206303,57.0957573,5.0,Very good.,3 years ago,Mehrshad Zakeri,NULL,NULL,NULL,https://www.google.com/maps/place/%D9%86%D9%85%D8%A7%DB%8C%D9%86%D8%AF%DA%AF%DB%8C+%D8%AA%DB%8C%D9%BE%D8%A7%DA%A9%D8%B3+%D8%B3%DB%8C%D8%B1%DB%8C%DA%A9%E2%80%AD/data=!4m7!3m6!1s0x3ef12f6fb9babcc5:0xed32846d645cd2dd!8m2!3d26.5206303!4d57.0957573!16s%2Fg%2F11q_p4lfv3!19sChIJxby6uW8v8T4R3dJcZG2EMu0?authuser=0&hl=en&rclk=1,2026-08-03T00:06:31.477009+00:00
1030,google_maps,Tipax,تیپاکس سیریک,هرمزگان,ری,26.5206303,57.0957573,5.0,Ok,3 years ago,mohammad Amir,NULL,NULL,NULL,https://www.google.com/maps/place/%D9%86%D9%85%D8%A7%DB%8C%D9%86%D8%AF%DA%AF%DB%8C+%D8%AA%DB%8C%D9%BE%D8%A7%DA%A9%D8%B3+%D8%B3%DB%8C%D8%B1%DB%8C%DA%A9%E2%80%AD/data=!4m7!3m6!1s0x3ef12f6fb9babcc5:0xed32846d645cd2dd!8m2!3d26.5206303!4d57.0957573!16s%2Fg%2F11q_p4lfv3!19sChIJxby6uW8v8T4R3dJcZG2EMu0?authuser=0&hl=en&rclk=1,2026-08-03T00:06:31.477009+00:00
1031,google_maps,Tipax,zabol,سیستان و بلوچستان,زابل,31.0294664,61.4882578,1.0,"I have never seen such irresponsible Tipax. It does not have a valid contact number. Its office is open during regular hours. It does not deliver packages on time. So what is this extra money you are getting? You have already paid for the damages that you did not pay. Your cars are changing every day. I called Tehran and filed a complaint. Nothing. They are scammers. They have no horns or tails. God willing, they will spend their money on your wife and children. The money you get is for the package we order and we have to come ourselves. How many times is the office open? Is that okay? So what are you getting paid for? I am really sorry for you.",a year ago,اسما روزور,NULL,NULL,NULL,https://www.google.com/maps/place/Tipax+zabol/data=!4m7!3m6!1s0x3edffb9aae0a0bd9:0x233b4b7f46a25d92!8m2!3d31.0294664!4d61.4882578!16s%2Fg%2F11j9dvqtzl!19sChIJ2QsKrpr73z4Rkl2iRn9LOyM?authuser=0&hl=en&rclk=1,2026-08-03T00:07:06.265246+00:00
1032,google_maps,Tipax,zabol,سیستان و بلوچستان,زابل,31.0294664,61.4882578,1.0,"The most unorganized, the most illiterate, the most immoral, and... the Zabol office is a shame. I feel sorry for the CEO of Tipax who chooses the worst. The behavior of a shepherd is better than that of a representative of the Tipax Zabol office. It's a shame, one star. I wish there was a negative star too.",4 years ago,Behnam Noori,NULL,NULL,NULL,https://www.google.com/maps/place/Tipax+zabol/data=!4m7!3m6!1s0x3edffb9aae0a0bd9:0x233b4b7f46a25d92!8m2!3d31.0294664!4d61.4882578!16s%2Fg%2F11j9dvqtzl!19sChIJ2QsKrpr73z4Rkl2iRn9LOyM?authuser=0&hl=en&rclk=1,2026-08-03T00:07:06.265246+00:00
1033,google_maps,Tipax,zabol,سیستان و بلوچستان,زابل,31.0294664,61.4882578,1.0,"One of the most irresponsible branches of Tipax, which unfortunately cannot be handled at all. It is truly lawless... The package was delivered a month ago, but after 24 days, it has not moved. It is still sitting in the branch. Maybe this …",4 years ago,Maryam Janalizadeh,NULL,NULL,NULL,https://www.google.com/maps/place/Tipax+zabol/data=!4m7!3m6!1s0x3edffb9aae0a0bd9:0x233b4b7f46a25d92!8m2!3d31.0294664!4d61.4882578!16s%2Fg%2F11j9dvqtzl!19sChIJ2QsKrpr73z4Rkl2iRn9LOyM?authuser=0&hl=en&rclk=1,2026-08-03T00:07:06.265246+00:00
1034,google_maps,Tipax,zabol,سیستان و بلوچستان,زابل,31.0294664,61.4882578,1.0,"The most irresponsible, most disgusting thing I've ever seen. They don't have a phone number to call, nor an opening to go and pick it up. What's this situation? The package stays for 5 days, they don't call, then they send a message that …",3 years ago,فاطمه رودینی,NULL,NULL,NULL,https://www.google.com/maps/place/Tipax+zabol/data=!4m7!3m6!1s0x3edffb9aae0a0bd9:0x233b4b7f46a25d92!8m2!3d31.0294664!4d61.4882578!16s%2Fg%2F11j9dvqtzl!19sChIJ2QsKrpr73z4Rkl2iRn9LOyM?authuser=0&hl=en&rclk=1,2026-08-03T00:07:06.265246+00:00
1035,google_maps,Tipax,zabol,سیستان و بلوچستان,زابل,31.0294664,61.4882578,1.0,"The worst post office in history, I will never send any more packages with Tipax, nor will I tell them to send them, they are not responsive, no package has arrived yet, I am tired, I have checked many times and it still hasn't arrived.",2 years ago,مهدی مالکی,NULL,NULL,NULL,https://www.google.com/maps/place/Tipax+zabol/data=!4m7!3m6!1s0x3edffb9aae0a0bd9:0x233b4b7f46a25d92!8m2!3d31.0294664!4d61.4882578!16s%2Fg%2F11j9dvqtzl!19sChIJ2QsKrpr73z4Rkl2iRn9LOyM?authuser=0&hl=en&rclk=1,2026-08-03T00:07:06.265246+00:00
1036,google_maps,Tipax,zabol,سیستان و بلوچستان,زابل,31.0294664,61.4882578,1.0,"I ordered the equipment myself from the city. He said, ""Go get it from T-Box, which has been closed for two months."" He didn't even have a phone number. ""You're the one who gave me a number.""",2 years ago,یعقوب نورزهی,NULL,NULL,NULL,https://www.google.com/maps/place/Tipax+zabol/data=!4m7!3m6!1s0x3edffb9aae0a0bd9:0x233b4b7f46a25d92!8m2!3d31.0294664!4d61.4882578!16s%2Fg%2F11j9dvqtzl!19sChIJ2QsKrpr73z4Rkl2iRn9LOyM?authuser=0&hl=en&rclk=1,2026-08-03T00:07:06.265246+00:00
1037,google_maps,Tipax,zabol,سیستان و بلوچستان,زابل,31.0294664,61.4882578,1.0,"They are not accountable, and it is not known where they are located. It is a shame to give them this money. At least someone with a conscience will be found at the post office.",a year ago,Nafise Gh,NULL,NULL,NULL,https://www.google.com/maps/place/Tipax+zabol/data=!4m7!3m6!1s0x3edffb9aae0a0bd9:0x233b4b7f46a25d92!8m2!3d31.0294664!4d61.4882578!16s%2Fg%2F11j9dvqtzl!19sChIJ2QsKrpr73z4Rkl2iRn9LOyM?authuser=0&hl=en&rclk=1,2026-08-03T00:07:06.265246+00:00
1038,google_maps,Tipax,zabol,سیستان و بلوچستان,زابل,31.0294664,61.4882578,5.0,"The worst is T-Box, my package arrived at 8am, it's now 5pm and they still haven't delivered it. I was in a hurry and said, ""With T-Box, have mercy on the postal packages.""",2 years ago,شبنم باران,NULL,NULL,NULL,https://www.google.com/maps/place/Tipax+zabol/data=!4m7!3m6!1s0x3edffb9aae0a0bd9:0x233b4b7f46a25d92!8m2!3d31.0294664!4d61.4882578!16s%2Fg%2F11j9dvqtzl!19sChIJ2QsKrpr73z4Rkl2iRn9LOyM?authuser=0&hl=en&rclk=1,2026-08-03T00:07:06.265246+00:00
1039,google_maps,Tipax,zabol,سیستان و بلوچستان,زابل,31.0294664,61.4882578,1.0,"I mean, God forbid, my eyes dried up and I closed the door, but it didn't reach the Middle Ages. You would have left a phone number at least.",2 years ago,عبدالحسین جهانتیغ,NULL,NULL,NULL,https://www.google.com/maps/place/Tipax+zabol/data=!4m7!3m6!1s0x3edffb9aae0a0bd9:0x233b4b7f46a25d92!8m2!3d31.0294664!4d61.4882578!16s%2Fg%2F11j9dvqtzl!19sChIJ2QsKrpr73z4Rkl2iRn9LOyM?authuser=0&hl=en&rclk=1,2026-08-03T00:07:06.265246+00:00
1040,google_maps,Tipax,zabol,سیستان و بلوچستان,زابل,31.0294664,61.4882578,5.0,Your warm welcome was great. I received the package safely ❤️🙏 …,10 months ago,حامد براهویی,NULL,NULL,NULL,https://www.google.com/maps/place/Tipax+zabol/data=!4m7!3m6!1s0x3edffb9aae0a0bd9:0x233b4b7f46a25d92!8m2!3d31.0294664!4d61.4882578!16s%2Fg%2F11j9dvqtzl!19sChIJ2QsKrpr73z4Rkl2iRn9LOyM?authuser=0&hl=en&rclk=1,2026-08-03T00:07:06.265246+00:00
1041,google_maps,Tipax,تیپاکس ایرانشهر,سیستان و بلوچستان,NULL,27.2059339,60.6925166,5.0,"First, Tipax, contrary to its claims, has a very slow system and even a very bad response system. For example, they can't even track which distributor they deliver their cargo to. The Iranshahr Tipax branch is also in a fight, and God …",a year ago,sahar,NULL,NULL,NULL,https://www.google.com/maps/place/%D8%AA%DB%8C%D9%BE%D8%A7%DA%A9%D8%B3+%D8%A7%DB%8C%D8%B1%D8%A7%D9%86%D8%B4%D9%87%D8%B1%E2%80%AD/data=!4m7!3m6!1s0x3ee9990015324afb:0x4687b7c369e2c84f!8m2!3d27.2059339!4d60.6925166!16s%2Fg%2F11x8z3z0qb!19sChIJ-0oyFQCZ6T4RT8jiacO3h0Y?authuser=0&hl=en&rclk=1,2026-08-03T00:07:14.831410+00:00
1042,google_maps,Tipax,تیپاکس ایرانشهر,سیستان و بلوچستان,NULL,27.2059339,60.6925166,1.0,"They bring my package to the address in a few days, but they don't call to come pick it up, they don't knock on the door, they just bring it and then take it back💔 …",7 months ago,mahdiye 2025,NULL,NULL,NULL,https://www.google.com/maps/place/%D8%AA%DB%8C%D9%BE%D8%A7%DA%A9%D8%B3+%D8%A7%DB%8C%D8%B1%D8%A7%D9%86%D8%B4%D9%87%D8%B1%E2%80%AD/data=!4m7!3m6!1s0x3ee9990015324afb:0x4687b7c369e2c84f!8m2!3d27.2059339!4d60.6925166!16s%2Fg%2F11x8z3z0qb!19sChIJ-0oyFQCZ6T4RT8jiacO3h0Y?authuser=0&hl=en&rclk=1,2026-08-03T00:07:14.831410+00:00
1043,google_maps,Tipax,تیپاکس ایرانشهر,سیستان و بلوچستان,NULL,27.2059339,60.6925166,1.0,"They are very unhelpful, only looking for their own benefit. Zero ethics. No follow-up on my package being stolen.",2 weeks ago,بسام,NULL,NULL,NULL,https://www.google.com/maps/place/%D8%AA%DB%8C%D9%BE%D8%A7%DA%A9%D8%B3+%D8%A7%DB%8C%D8%B1%D8%A7%D9%86%D8%B4%D9%87%D8%B1%E2%80%AD/data=!4m7!3m6!1s0x3ee9990015324afb:0x4687b7c369e2c84f!8m2!3d27.2059339!4d60.6925166!16s%2Fg%2F11x8z3z0qb!19sChIJ-0oyFQCZ6T4RT8jiacO3h0Y?authuser=0&hl=en&rclk=1,2026-08-03T00:07:14.831410+00:00
1044,google_maps,Tipax,تیپاکس ایرانشهر,سیستان و بلوچستان,NULL,27.2059339,60.6925166,1.0,The phone number is completely switched off.,a year ago,Kakami Miami,NULL,NULL,NULL,https://www.google.com/maps/place/%D8%AA%DB%8C%D9%BE%D8%A7%DA%A9%D8%B3+%D8%A7%DB%8C%D8%B1%D8%A7%D9%86%D8%B4%D9%87%D8%B1%E2%80%AD/data=!4m7!3m6!1s0x3ee9990015324afb:0x4687b7c369e2c84f!8m2!3d27.2059339!4d60.6925166!16s%2Fg%2F11x8z3z0qb!19sChIJ-0oyFQCZ6T4RT8jiacO3h0Y?authuser=0&hl=en&rclk=1,2026-08-03T00:07:14.831410+00:00
1045,google_maps,Tipax,تیپاکس ایرانشهر,سیستان و بلوچستان,NULL,27.2059339,60.6925166,1.0,Scandal,8 months ago,Sahin Raisi,NULL,NULL,NULL,https://www.google.com/maps/place/%D8%AA%DB%8C%D9%BE%D8%A7%DA%A9%D8%B3+%D8%A7%DB%8C%D8%B1%D8%A7%D9%86%D8%B4%D9%87%D8%B1%E2%80%AD/data=!4m7!3m6!1s0x3ee9990015324afb:0x4687b7c369e2c84f!8m2!3d27.2059339!4d60.6925166!16s%2Fg%2F11x8z3z0qb!19sChIJ-0oyFQCZ6T4RT8jiacO3h0Y?authuser=0&hl=en&rclk=1,2026-08-03T00:07:14.831410+00:00
1046,google_maps,Tipax,تیپاکس سراوان,سیستان و بلوچستان,NULL,27.3650251,62.3522786,1.0,"The package arrived at night, and in the morning they returned it without calling or asking to pick it up. The working hours are stated as 9am to 6pm. I was there and it was closed. You don't know how to take responsibility. Don't accept anything.",2 years ago,مهدی میرزایی,NULL,NULL,NULL,https://www.google.com/maps/place/%D9%86%D9%85%D8%A7%DB%8C%D9%86%D8%AF%DA%AF%DB%8C+%D8%AA%DB%8C%D9%BE%D8%A7%DA%A9%D8%B3+%D8%B3%D8%B1%D8%A7%D9%88%D8%A7%D9%86%E2%80%AD/data=!4m7!3m6!1s0x3ec3dbf982e5be91:0x9b622a3220f0a0f6!8m2!3d27.3650251!4d62.3522786!16s%2Fg%2F11fswpcjks!19sChIJkb7lgvnbwz4R9qDwIDIqYps?authuser=0&hl=en&rclk=1,2026-08-03T00:07:23.461718+00:00
1047,google_maps,Tipax,تیپاکس سراوان,سیستان و بلوچستان,NULL,27.3650251,62.3522786,1.0,"They are really irresponsible. My package arrived in the morning. They sent me a message saying, ""Your package has arrived."" Come pick it up. I didn't have time to go pick it up. They sent me a message in the evening saying, ""Your package …",a year ago,Mobinaook,NULL,NULL,NULL,https://www.google.com/maps/place/%D9%86%D9%85%D8%A7%DB%8C%D9%86%D8%AF%DA%AF%DB%8C+%D8%AA%DB%8C%D9%BE%D8%A7%DA%A9%D8%B3+%D8%B3%D8%B1%D8%A7%D9%88%D8%A7%D9%86%E2%80%AD/data=!4m7!3m6!1s0x3ec3dbf982e5be91:0x9b622a3220f0a0f6!8m2!3d27.3650251!4d62.3522786!16s%2Fg%2F11fswpcjks!19sChIJkb7lgvnbwz4R9qDwIDIqYps?authuser=0&hl=en&rclk=1,2026-08-03T00:07:23.461718+00:00
1048,google_maps,Tipax,تیپاکس سراوان,سیستان و بلوچستان,NULL,27.3650251,62.3522786,1.0,"We paid for the shipping on the website, went to pick up the package, and they still charged for the shipping, but they don't contact the customer to say that the package has arrived.",2 years ago,younes raisi,NULL,NULL,NULL,https://www.google.com/maps/place/%D9%86%D9%85%D8%A7%DB%8C%D9%86%D8%AF%DA%AF%DB%8C+%D8%AA%DB%8C%D9%BE%D8%A7%DA%A9%D8%B3+%D8%B3%D8%B1%D8%A7%D9%88%D8%A7%D9%86%E2%80%AD/data=!4m7!3m6!1s0x3ec3dbf982e5be91:0x9b622a3220f0a0f6!8m2!3d27.3650251!4d62.3522786!16s%2Fg%2F11fswpcjks!19sChIJkb7lgvnbwz4R9qDwIDIqYps?authuser=0&hl=en&rclk=1,2026-08-03T00:07:23.461718+00:00
1049,google_maps,Tipax,تیپاکس سراوان,سیستان و بلوچستان,NULL,27.3650251,62.3522786,1.0,The phone of the Tipax manager is always off and they quickly want to return the package that they did not deliver themselves. The destination agency is irresponsible.,a year ago,Saeed Nourizadeh2014,NULL,NULL,NULL,https://www.google.com/maps/place/%D9%86%D9%85%D8%A7%DB%8C%D9%86%D8%AF%DA%AF%DB%8C+%D8%AA%DB%8C%D9%BE%D8%A7%DA%A9%D8%B3+%D8%B3%D8%B1%D8%A7%D9%88%D8%A7%D9%86%E2%80%AD/data=!4m7!3m6!1s0x3ec3dbf982e5be91:0x9b622a3220f0a0f6!8m2!3d27.3650251!4d62.3522786!16s%2Fg%2F11fswpcjks!19sChIJkb7lgvnbwz4R9qDwIDIqYps?authuser=0&hl=en&rclk=1,2026-08-03T00:07:23.461718+00:00
1050,google_maps,Tipax,تیپاکس سراوان,سیستان و بلوچستان,NULL,27.3650251,62.3522786,1.0,"It's better to seal it in a ziplock bag. I'll deliver the package to you without them calling or texting, and that's the same day.",7 months ago,مرتضی مرادی,NULL,NULL,NULL,https://www.google.com/maps/place/%D9%86%D9%85%D8%A7%DB%8C%D9%86%D8%AF%DA%AF%DB%8C+%D8%AA%DB%8C%D9%BE%D8%A7%DA%A9%D8%B3+%D8%B3%D8%B1%D8%A7%D9%88%D8%A7%D9%86%E2%80%AD/data=!4m7!3m6!1s0x3ec3dbf982e5be91:0x9b622a3220f0a0f6!8m2!3d27.3650251!4d62.3522786!16s%2Fg%2F11fswpcjks!19sChIJkb7lgvnbwz4R9qDwIDIqYps?authuser=0&hl=en&rclk=1,2026-08-03T00:07:23.461718+00:00
1051,google_maps,Tipax,تیپاکس سراوان,سیستان و بلوچستان,NULL,27.3650251,62.3522786,1.0,"You don't call, you don't text, you don't give any information. You always block the door depending on what the problem is.",a year ago,salman gho,NULL,NULL,NULL,https://www.google.com/maps/place/%D9%86%D9%85%D8%A7%DB%8C%D9%86%D8%AF%DA%AF%DB%8C+%D8%AA%DB%8C%D9%BE%D8%A7%DA%A9%D8%B3+%D8%B3%D8%B1%D8%A7%D9%88%D8%A7%D9%86%E2%80%AD/data=!4m7!3m6!1s0x3ec3dbf982e5be91:0x9b622a3220f0a0f6!8m2!3d27.3650251!4d62.3522786!16s%2Fg%2F11fswpcjks!19sChIJkb7lgvnbwz4R9qDwIDIqYps?authuser=0&hl=en&rclk=1,2026-08-03T00:07:23.461718+00:00
1052,google_maps,Tipax,تیپاکس سراوان,سیستان و بلوچستان,NULL,27.3650251,62.3522786,1.0,"Sir, they didn't call me at all, your package arrived, they sent it back again, I don't know what to say.",5 months ago,مزاری بچه گک,NULL,NULL,NULL,https://www.google.com/maps/place/%D9%86%D9%85%D8%A7%DB%8C%D9%86%D8%AF%DA%AF%DB%8C+%D8%AA%DB%8C%D9%BE%D8%A7%DA%A9%D8%B3+%D8%B3%D8%B1%D8%A7%D9%88%D8%A7%D9%86%E2%80%AD/data=!4m7!3m6!1s0x3ec3dbf982e5be91:0x9b622a3220f0a0f6!8m2!3d27.3650251!4d62.3522786!16s%2Fg%2F11fswpcjks!19sChIJkb7lgvnbwz4R9qDwIDIqYps?authuser=0&hl=en&rclk=1,2026-08-03T00:07:23.461718+00:00
1053,google_maps,Tipax,تیپاکس سراوان,سیستان و بلوچستان,NULL,27.3650251,62.3522786,1.0,They returned our customer's package without a visit and 3 hours after it arrived at the dealership.,a year ago,Mohammad Ahmadi Akbari,NULL,NULL,NULL,https://www.google.com/maps/place/%D9%86%D9%85%D8%A7%DB%8C%D9%86%D8%AF%DA%AF%DB%8C+%D8%AA%DB%8C%D9%BE%D8%A7%DA%A9%D8%B3+%D8%B3%D8%B1%D8%A7%D9%88%D8%A7%D9%86%E2%80%AD/data=!4m7!3m6!1s0x3ec3dbf982e5be91:0x9b622a3220f0a0f6!8m2!3d27.3650251!4d62.3522786!16s%2Fg%2F11fswpcjks!19sChIJkb7lgvnbwz4R9qDwIDIqYps?authuser=0&hl=en&rclk=1,2026-08-03T00:07:23.461718+00:00
1054,google_maps,Tipax,تیپاکس سراوان,سیستان و بلوچستان,NULL,27.3650251,62.3522786,1.0,Tipax Saravan is the most rude and unorganized place I've ever seen.,a year ago,خلیل سپاسی,NULL,NULL,NULL,https://www.google.com/maps/place/%D9%86%D9%85%D8%A7%DB%8C%D9%86%D8%AF%DA%AF%DB%8C+%D8%AA%DB%8C%D9%BE%D8%A7%DA%A9%D8%B3+%D8%B3%D8%B1%D8%A7%D9%88%D8%A7%D9%86%E2%80%AD/data=!4m7!3m6!1s0x3ec3dbf982e5be91:0x9b622a3220f0a0f6!8m2!3d27.3650251!4d62.3522786!16s%2Fg%2F11fswpcjks!19sChIJkb7lgvnbwz4R9qDwIDIqYps?authuser=0&hl=en&rclk=1,2026-08-03T00:07:23.461718+00:00
1055,google_maps,Tipax,تیپاکس سراوان,سیستان و بلوچستان,NULL,27.3650251,62.3522786,5.0,like,6 years ago,Masoud Dabbagh,NULL,NULL,NULL,https://www.google.com/maps/place/%D9%86%D9%85%D8%A7%DB%8C%D9%86%D8%AF%DA%AF%DB%8C+%D8%AA%DB%8C%D9%BE%D8%A7%DA%A9%D8%B3+%D8%B3%D8%B1%D8%A7%D9%88%D8%A7%D9%86%E2%80%AD/data=!4m7!3m6!1s0x3ec3dbf982e5be91:0x9b622a3220f0a0f6!8m2!3d27.3650251!4d62.3522786!16s%2Fg%2F11fswpcjks!19sChIJkb7lgvnbwz4R9qDwIDIqYps?authuser=0&hl=en&rclk=1,2026-08-03T00:07:23.461718+00:00
1056,google_maps,Tipax,تیپاکس زیباشهر,Zahedan,FV47+X35,29.4573816,60.8627486,1.0,Hello A very valuable customer and you have a day in the customer's hands. Why don't you deliver the package that was delivered to the customer in three days? No one answered the phone.,4 years ago,maryam alipour,NULL,NULL,NULL,https://www.google.com/maps/place/%D8%AA%DB%8C%D9%BE%D8%A7%DA%A9%D8%B3+%D8%B2%DB%8C%D8%A8%D8%A7%D8%B4%D9%87%D8%B1%E2%80%AD/data=!4m7!3m6!1s0x3ee739c19c860425:0x9e617e3995412892!8m2!3d29.4573816!4d60.8627486!16s%2Fg%2F11ngsnpfh3!19sChIJJQSGnME55z4RkihBlTl-YZ4?authuser=0&hl=en&rclk=1,2026-08-03T00:07:32.031272+00:00
1057,google_maps,Tipax,تیپاکس زیباشهر,Zahedan,FV47+X35,29.4573816,60.8627486,1.0,"After 2 weeks, they still haven't delivered the package.",2 years ago,hakima vaezi,NULL,NULL,NULL,https://www.google.com/maps/place/%D8%AA%DB%8C%D9%BE%D8%A7%DA%A9%D8%B3+%D8%B2%DB%8C%D8%A8%D8%A7%D8%B4%D9%87%D8%B1%E2%80%AD/data=!4m7!3m6!1s0x3ee739c19c860425:0x9e617e3995412892!8m2!3d29.4573816!4d60.8627486!16s%2Fg%2F11ngsnpfh3!19sChIJJQSGnME55z4RkihBlTl-YZ4?authuser=0&hl=en&rclk=1,2026-08-03T00:07:32.031272+00:00
1058,google_maps,Tipax,تیپاکس زیباشهر,Zahedan,FV47+X35,29.4573816,60.8627486,1.0,"Very, very poor quality and useless.",2 years ago,Dahmarde,NULL,NULL,NULL,https://www.google.com/maps/place/%D8%AA%DB%8C%D9%BE%D8%A7%DA%A9%D8%B3+%D8%B2%DB%8C%D8%A8%D8%A7%D8%B4%D9%87%D8%B1%E2%80%AD/data=!4m7!3m6!1s0x3ee739c19c860425:0x9e617e3995412892!8m2!3d29.4573816!4d60.8627486!16s%2Fg%2F11ngsnpfh3!19sChIJJQSGnME55z4RkihBlTl-YZ4?authuser=0&hl=en&rclk=1,2026-08-03T00:07:32.031272+00:00
1059,google_maps,Tipax,تیپاکس زیباشهر,Zahedan,FV47+X35,29.4573816,60.8627486,1.0,Leave a contact number.,3 years ago,soheyl,NULL,NULL,NULL,https://www.google.com/maps/place/%D8%AA%DB%8C%D9%BE%D8%A7%DA%A9%D8%B3+%D8%B2%DB%8C%D8%A8%D8%A7%D8%B4%D9%87%D8%B1%E2%80%AD/data=!4m7!3m6!1s0x3ee739c19c860425:0x9e617e3995412892!8m2!3d29.4573816!4d60.8627486!16s%2Fg%2F11ngsnpfh3!19sChIJJQSGnME55z4RkihBlTl-YZ4?authuser=0&hl=en&rclk=1,2026-08-03T00:07:32.031272+00:00
1060,google_maps,Tipax,تیپاکس زیباشهر,Zahedan,FV47+X35,29.4573816,60.8627486,5.0,Web site make speed,3 years ago,Masood Kord,NULL,NULL,NULL,https://www.google.com/maps/place/%D8%AA%DB%8C%D9%BE%D8%A7%DA%A9%D8%B3+%D8%B2%DB%8C%D8%A8%D8%A7%D8%B4%D9%87%D8%B1%E2%80%AD/data=!4m7!3m6!1s0x3ee739c19c860425:0x9e617e3995412892!8m2!3d29.4573816!4d60.8627486!16s%2Fg%2F11ngsnpfh3!19sChIJJQSGnME55z4RkihBlTl-YZ4?authuser=0&hl=en&rclk=1,2026-08-03T00:07:32.031272+00:00
1061,google_maps,Tipax,تیپاکس زیباشهر,Zahedan,FV47+X35,29.4573816,60.8627486,3.0,Tipax Nasr Street,3 years ago,amir hosein kaffash,NULL,NULL,NULL,https://www.google.com/maps/place/%D8%AA%DB%8C%D9%BE%D8%A7%DA%A9%D8%B3+%D8%B2%DB%8C%D8%A8%D8%A7%D8%B4%D9%87%D8%B1%E2%80%AD/data=!4m7!3m6!1s0x3ee739c19c860425:0x9e617e3995412892!8m2!3d29.4573816!4d60.8627486!16s%2Fg%2F11ngsnpfh3!19sChIJJQSGnME55z4RkihBlTl-YZ4?authuser=0&hl=en&rclk=1,2026-08-03T00:07:32.031272+00:00
1062,google_maps,Tipax,شرکت تیپاکس,سیستان و بلوچستان,خمین,26.230321,60.2203418,1.0,Don't trust this.,3 years ago,Only tnt,NULL,NULL,NULL,https://www.google.com/maps/place/%D8%B4%D8%B1%DA%A9%D8%AA+%D8%AA%DB%8C%D9%BE%D8%A7%DA%A9%D8%B3%E2%80%AD/data=!4m7!3m6!1s0x3eeba31345bdf999:0xe873139ae5560219!8m2!3d26.230321!4d60.2203418!16s%2Fg%2F11rd8qdr5f!19sChIJmfm9RROj6z4RGQJW5ZoTc-g?authuser=0&hl=en&rclk=1,2026-08-03T00:38:44.471475+00:00
1063,google_maps,Tipax,سرویس پوینت تیپاکس رزمجو,سیستان و بلوچستان,NULL,29.4911769,60.8734497,1.0,"It used to be great, they answered the phone, I don't know what happened, the phone is always busy and they don't answer at all. The package arrives at Tipax Yar's hands, then it is delivered in a day and a half or two. Don't be tired, …",2 years ago,Sahar Sahar,NULL,NULL,NULL,https://www.google.com/maps/place/%D8%B3%D8%B1%D9%88%DB%8C%D8%B3+%D9%BE%D9%88%DB%8C%D9%86%D8%AA+%D8%AA%DB%8C%D9%BE%D8%A7%DA%A9%D8%B3+%D8%B1%D8%B2%D9%85%D8%AC%D9%88%E2%80%AD/data=!4m7!3m6!1s0x3ee7372d0cd5517f:0xa135dba482fd6ea4!8m2!3d29.4911769!4d60.8734497!16s%2Fg%2F11ptv9ljkj!19sChIJf1HVDC035z4RpG79gqTbNaE?authuser=0&hl=en&rclk=1,2026-08-03T00:08:20.533674+00:00
1064,google_maps,Tipax,سرویس پوینت تیپاکس رزمجو,سیستان و بلوچستان,NULL,29.4911769,60.8734497,1.0,You're always busy and late. You're not annoying.,2 years ago,yurtai makhtumi,NULL,NULL,NULL,https://www.google.com/maps/place/%D8%B3%D8%B1%D9%88%DB%8C%D8%B3+%D9%BE%D9%88%DB%8C%D9%86%D8%AA+%D8%AA%DB%8C%D9%BE%D8%A7%DA%A9%D8%B3+%D8%B1%D8%B2%D9%85%D8%AC%D9%88%E2%80%AD/data=!4m7!3m6!1s0x3ee7372d0cd5517f:0xa135dba482fd6ea4!8m2!3d29.4911769!4d60.8734497!16s%2Fg%2F11ptv9ljkj!19sChIJf1HVDC035z4RpG79gqTbNaE?authuser=0&hl=en&rclk=1,2026-08-03T00:08:20.533674+00:00
1065,google_maps,Tipax,تیپاکس خاش,Iran,Khash، خیابان نیکبخت، 66F7+576,28.2229197,61.2131551,1.0,"Why don't they deliver packages on time? They don't answer the phone or the Tipax phone. Yesterday and today I paid 160,000 Kyats. It was closed. I didn't get an answer. They say, ""Call me and I'll check."" Then they don't answer the office or the phone. Their phone is turned off. You people are ridiculous.",3 years ago,پیربخش عمرزهی,NULL,NULL,NULL,https://www.google.com/maps/place/%D9%86%D9%85%D8%A7%DB%8C%D9%86%D8%AF%DA%AF%DB%8C+%D8%AA%DB%8C%D9%BE%D8%A7%DA%A9%D8%B3+%D8%AE%D8%A7%D8%B4%E2%80%AD/data=!4m7!3m6!1s0x3ee805411d9410ab:0x21630dd1a2c5eaf9!8m2!3d28.2229197!4d61.2131551!16s%2Fg%2F11nz0lwl88!19sChIJqxCUHUEF6D4R-erFotENYyE?authuser=0&hl=en&rclk=1,2026-08-03T00:38:53.447593+00:00
1066,google_maps,Tipax,تیپاکس خاش,Iran,Khash، خیابان نیکبخت، 66F7+576,28.2229197,61.2131551,1.0,The Khash dealership does not have the correct phone number.,2 years ago,Samir Baloch,NULL,NULL,NULL,https://www.google.com/maps/place/%D9%86%D9%85%D8%A7%DB%8C%D9%86%D8%AF%DA%AF%DB%8C+%D8%AA%DB%8C%D9%BE%D8%A7%DA%A9%D8%B3+%D8%AE%D8%A7%D8%B4%E2%80%AD/data=!4m7!3m6!1s0x3ee805411d9410ab:0x21630dd1a2c5eaf9!8m2!3d28.2229197!4d61.2131551!16s%2Fg%2F11nz0lwl88!19sChIJqxCUHUEF6D4R-erFotENYyE?authuser=0&hl=en&rclk=1,2026-08-03T00:38:53.447593+00:00
1067,google_maps,Tipax,تیپاکس خاش,Iran,Khash، خیابان نیکبخت، 66F7+576,28.2229197,61.2131551,5.0,He doesn't answer the phone at all and then turns it off.,a year ago,زهرا رفیق,NULL,NULL,NULL,https://www.google.com/maps/place/%D9%86%D9%85%D8%A7%DB%8C%D9%86%D8%AF%DA%AF%DB%8C+%D8%AA%DB%8C%D9%BE%D8%A7%DA%A9%D8%B3+%D8%AE%D8%A7%D8%B4%E2%80%AD/data=!4m7!3m6!1s0x3ee805411d9410ab:0x21630dd1a2c5eaf9!8m2!3d28.2229197!4d61.2131551!16s%2Fg%2F11nz0lwl88!19sChIJqxCUHUEF6D4R-erFotENYyE?authuser=0&hl=en&rclk=1,2026-08-03T00:38:53.447593+00:00
1068,google_maps,Tipax,تیپاکس خاش,Iran,Khash، خیابان نیکبخت، 66F7+576,28.2229197,61.2131551,1.0,"Unfortunately, I call and they don't answer at all.",7 months ago,Omar Sharif,NULL,NULL,NULL,https://www.google.com/maps/place/%D9%86%D9%85%D8%A7%DB%8C%D9%86%D8%AF%DA%AF%DB%8C+%D8%AA%DB%8C%D9%BE%D8%A7%DA%A9%D8%B3+%D8%AE%D8%A7%D8%B4%E2%80%AD/data=!4m7!3m6!1s0x3ee805411d9410ab:0x21630dd1a2c5eaf9!8m2!3d28.2229197!4d61.2131551!16s%2Fg%2F11nz0lwl88!19sChIJqxCUHUEF6D4R-erFotENYyE?authuser=0&hl=en&rclk=1,2026-08-03T00:38:53.447593+00:00
1069,google_maps,Tipax,تیپاکس خاش,Iran,Khash، خیابان نیکبخت، 66F7+576,28.2229197,61.2131551,4.0,"With the app, quick response",2 years ago,عرفان کهرازه,NULL,NULL,NULL,https://www.google.com/maps/place/%D9%86%D9%85%D8%A7%DB%8C%D9%86%D8%AF%DA%AF%DB%8C+%D8%AA%DB%8C%D9%BE%D8%A7%DA%A9%D8%B3+%D8%AE%D8%A7%D8%B4%E2%80%AD/data=!4m7!3m6!1s0x3ee805411d9410ab:0x21630dd1a2c5eaf9!8m2!3d28.2229197!4d61.2131551!16s%2Fg%2F11nz0lwl88!19sChIJqxCUHUEF6D4R-erFotENYyE?authuser=0&hl=en&rclk=1,2026-08-03T00:38:53.447593+00:00
1070,google_maps,Tipax,تیپاکس خاش,Iran,Khash، خیابان نیکبخت، 66F7+576,28.2229197,61.2131551,5.0,"It was great, thank you 🥰 …",3 years ago,Muhammad Afghan,NULL,NULL,NULL,https://www.google.com/maps/place/%D9%86%D9%85%D8%A7%DB%8C%D9%86%D8%AF%DA%AF%DB%8C+%D8%AA%DB%8C%D9%BE%D8%A7%DA%A9%D8%B3+%D8%AE%D8%A7%D8%B4%E2%80%AD/data=!4m7!3m6!1s0x3ee805411d9410ab:0x21630dd1a2c5eaf9!8m2!3d28.2229197!4d61.2131551!16s%2Fg%2F11nz0lwl88!19sChIJqxCUHUEF6D4R-erFotENYyE?authuser=0&hl=en&rclk=1,2026-08-03T00:38:53.447593+00:00
1071,google_maps,Tipax,تیپاکس خاش,Iran,Khash، خیابان نیکبخت، 66F7+576,28.2229197,61.2131551,5.0,It's really great.,11 months ago,فهام ریگی,NULL,NULL,NULL,https://www.google.com/maps/place/%D9%86%D9%85%D8%A7%DB%8C%D9%86%D8%AF%DA%AF%DB%8C+%D8%AA%DB%8C%D9%BE%D8%A7%DA%A9%D8%B3+%D8%AE%D8%A7%D8%B4%E2%80%AD/data=!4m7!3m6!1s0x3ee805411d9410ab:0x21630dd1a2c5eaf9!8m2!3d28.2229197!4d61.2131551!16s%2Fg%2F11nz0lwl88!19sChIJqxCUHUEF6D4R-erFotENYyE?authuser=0&hl=en&rclk=1,2026-08-03T00:38:53.447593+00:00
1072,google_maps,Tipax,تیپاکس خاش,Iran,Khash، خیابان نیکبخت، 66F7+576,28.2229197,61.2131551,1.0,You close early.,2 years ago,Abubakr Baluch,NULL,NULL,NULL,https://www.google.com/maps/place/%D9%86%D9%85%D8%A7%DB%8C%D9%86%D8%AF%DA%AF%DB%8C+%D8%AA%DB%8C%D9%BE%D8%A7%DA%A9%D8%B3+%D8%AE%D8%A7%D8%B4%E2%80%AD/data=!4m7!3m6!1s0x3ee805411d9410ab:0x21630dd1a2c5eaf9!8m2!3d28.2229197!4d61.2131551!16s%2Fg%2F11nz0lwl88!19sChIJqxCUHUEF6D4R-erFotENYyE?authuser=0&hl=en&rclk=1,2026-08-03T00:38:53.447593+00:00
1073,google_maps,Tipax,تیپاکس خاش,Iran,Khash، خیابان نیکبخت، 66F7+576,28.2229197,61.2131551,1.0,Always closed,3 years ago,Mohamad Mohamad,NULL,NULL,NULL,https://www.google.com/maps/place/%D9%86%D9%85%D8%A7%DB%8C%D9%86%D8%AF%DA%AF%DB%8C+%D8%AA%DB%8C%D9%BE%D8%A7%DA%A9%D8%B3+%D8%AE%D8%A7%D8%B4%E2%80%AD/data=!4m7!3m6!1s0x3ee805411d9410ab:0x21630dd1a2c5eaf9!8m2!3d28.2229197!4d61.2131551!16s%2Fg%2F11nz0lwl88!19sChIJqxCUHUEF6D4R-erFotENYyE?authuser=0&hl=en&rclk=1,2026-08-03T00:38:53.447593+00:00
1074,google_maps,Tipax,تیپاکس خاش,Iran,Khash، خیابان نیکبخت، 66F7+576,28.2229197,61.2131551,5.0,Excellent,2 years ago,علیرضا سعادت فر,NULL,NULL,NULL,https://www.google.com/maps/place/%D9%86%D9%85%D8%A7%DB%8C%D9%86%D8%AF%DA%AF%DB%8C+%D8%AA%DB%8C%D9%BE%D8%A7%DA%A9%D8%B3+%D8%AE%D8%A7%D8%B4%E2%80%AD/data=!4m7!3m6!1s0x3ee805411d9410ab:0x21630dd1a2c5eaf9!8m2!3d28.2229197!4d61.2131551!16s%2Fg%2F11nz0lwl88!19sChIJqxCUHUEF6D4R-erFotENYyE?authuser=0&hl=en&rclk=1,2026-08-03T00:38:53.447593+00:00
1075,google_maps,Tipax,تیپاکس بنجار,سیستان و بلوچستان,خمین,31.04197,61.5632449,1.0,"Irresponsible, zero customer focus",3 years ago,Ali J,NULL,NULL,NULL,https://www.google.com/maps/place/%D9%86%D9%85%D8%A7%DB%8C%D9%86%D8%AF%DA%AF%DB%8C+%D8%AA%DB%8C%D9%BE%D8%A7%DA%A9%D8%B3+%D8%A8%D9%86%D8%AC%D8%A7%D8%B1%E2%80%AD/data=!4m7!3m6!1s0x3edff137b2c429ed:0xf8ac16f972b019fb!8m2!3d31.04197!4d61.5632449!16s%2Fg%2F11nnqt43s8!19sChIJ7SnEsjfx3z4R-xmwcvkWrPg?authuser=0&hl=en&rclk=1,2026-08-03T00:39:01.949549+00:00
1076,google_maps,Tipax,تیپاکس ۲ سنندج,کردستان,NULL,35.3194566,46.9924243,1.0,"Extremely rude, irresponsible and greedy, they still charge money for delivering a package that was already prepaid. And I feel sorry for Tipax company that has no supervision over these extortionate, rude and greedy representatives. And despite numerous complaints, they promise to follow up and do nothing. That was the last time I will use Tipax.",a year ago,Bahare Azizi,NULL,NULL,NULL,https://www.google.com/maps/place/%D8%AA%DB%8C%D9%BE%D8%A7%DA%A9%D8%B3+%D9%86%D9%85%D8%A7%DB%8C%D9%86%D8%AF%DA%AF%DB%8C+%DB%B2+%D8%B3%D9%86%D9%86%D8%AF%D8%AC%E2%80%AD/data=!4m7!3m6!1s0x3ff9bd8646951b05:0x7486be628ebd2b1e!8m2!3d35.3194566!4d46.9924243!16s%2Fg%2F11fr762lhg!19sChIJBRuVRoa9-T8RHiu9jmK-hnQ?authuser=0&hl=en&rclk=1,2026-08-03T00:39:26.123555+00:00
1077,google_maps,Tipax,تیپاکس ۲ سنندج,کردستان,NULL,35.3194566,46.9924243,1.0,Very poor service. Rude. Truly awful.,a year ago,Lavin Fatahi,NULL,NULL,NULL,https://www.google.com/maps/place/%D8%AA%DB%8C%D9%BE%D8%A7%DA%A9%D8%B3+%D9%86%D9%85%D8%A7%DB%8C%D9%86%D8%AF%DA%AF%DB%8C+%DB%B2+%D8%B3%D9%86%D9%86%D8%AF%D8%AC%E2%80%AD/data=!4m7!3m6!1s0x3ff9bd8646951b05:0x7486be628ebd2b1e!8m2!3d35.3194566!4d46.9924243!16s%2Fg%2F11fr762lhg!19sChIJBRuVRoa9-T8RHiu9jmK-hnQ?authuser=0&hl=en&rclk=1,2026-08-03T00:39:26.123555+00:00
1078,google_maps,Tipax,تیپاکس ۲ سنندج,کردستان,NULL,35.3194566,46.9924243,2.0,Send immediately,3 years ago,میلاد جعفری,NULL,NULL,NULL,https://www.google.com/maps/place/%D8%AA%DB%8C%D9%BE%D8%A7%DA%A9%D8%B3+%D9%86%D9%85%D8%A7%DB%8C%D9%86%D8%AF%DA%AF%DB%8C+%DB%B2+%D8%B3%D9%86%D9%86%D8%AF%D8%AC%E2%80%AD/data=!4m7!3m6!1s0x3ff9bd8646951b05:0x7486be628ebd2b1e!8m2!3d35.3194566!4d46.9924243!16s%2Fg%2F11fr762lhg!19sChIJBRuVRoa9-T8RHiu9jmK-hnQ?authuser=0&hl=en&rclk=1,2026-08-03T00:39:26.123555+00:00
1079,google_maps,Tipax,تیپاکس ۲ سنندج,کردستان,NULL,35.3194566,46.9924243,1.0,Good,3 years ago,پوریا الیاسی,NULL,NULL,NULL,https://www.google.com/maps/place/%D8%AA%DB%8C%D9%BE%D8%A7%DA%A9%D8%B3+%D9%86%D9%85%D8%A7%DB%8C%D9%86%D8%AF%DA%AF%DB%8C+%DB%B2+%D8%B3%D9%86%D9%86%D8%AF%D8%AC%E2%80%AD/data=!4m7!3m6!1s0x3ff9bd8646951b05:0x7486be628ebd2b1e!8m2!3d35.3194566!4d46.9924243!16s%2Fg%2F11fr762lhg!19sChIJBRuVRoa9-T8RHiu9jmK-hnQ?authuser=0&hl=en&rclk=1,2026-08-03T00:39:26.123555+00:00
1080,google_maps,Tipax,تیپاکس کامیاران,کردستان,NULL,34.7933989,46.9280164,1.0,Irresponsible and uncommitted have no discipline.,7 months ago,راشد حسینی,NULL,NULL,NULL,https://www.google.com/maps/place/%D9%86%D9%85%D8%A7%DB%8C%D9%86%D8%AF%DA%AF%DB%8C+%D8%AA%DB%8C%D9%BE%D8%A7%DA%A9%D8%B3+%DA%A9%D8%A7%D9%85%DB%8C%D8%A7%D8%B1%D8%A7%D9%86%E2%80%AD/data=!4m7!3m6!1s0x3ffa3106ad4df395:0xaf8a23a78fcd4827!8m2!3d34.7933989!4d46.9280164!16s%2Fg%2F11fm4rblqd!19sChIJlfNNrQYx-j8RJ0jNj6cjiq8?authuser=0&hl=en&rclk=1,2026-08-03T00:40:04.498281+00:00
1081,google_maps,Tipax,تیپاکس کامیاران,کردستان,NULL,34.7933989,46.9280164,5.0,Because they are well-mannered and fair.,4 years ago,Kiomars Amani,NULL,NULL,NULL,https://www.google.com/maps/place/%D9%86%D9%85%D8%A7%DB%8C%D9%86%D8%AF%DA%AF%DB%8C+%D8%AA%DB%8C%D9%BE%D8%A7%DA%A9%D8%B3+%DA%A9%D8%A7%D9%85%DB%8C%D8%A7%D8%B1%D8%A7%D9%86%E2%80%AD/data=!4m7!3m6!1s0x3ffa3106ad4df395:0xaf8a23a78fcd4827!8m2!3d34.7933989!4d46.9280164!16s%2Fg%2F11fm4rblqd!19sChIJlfNNrQYx-j8RJ0jNj6cjiq8?authuser=0&hl=en&rclk=1,2026-08-03T00:40:04.498281+00:00
1082,google_maps,Tipax,تیپاکس کامیاران,کردستان,NULL,34.7933989,46.9280164,1.0,The most irresponsible,11 months ago,somaye somaye. sadeghi0918,NULL,NULL,NULL,https://www.google.com/maps/place/%D9%86%D9%85%D8%A7%DB%8C%D9%86%D8%AF%DA%AF%DB%8C+%D8%AA%DB%8C%D9%BE%D8%A7%DA%A9%D8%B3+%DA%A9%D8%A7%D9%85%DB%8C%D8%A7%D8%B1%D8%A7%D9%86%E2%80%AD/data=!4m7!3m6!1s0x3ffa3106ad4df395:0xaf8a23a78fcd4827!8m2!3d34.7933989!4d46.9280164!16s%2Fg%2F11fm4rblqd!19sChIJlfNNrQYx-j8RJ0jNj6cjiq8?authuser=0&hl=en&rclk=1,2026-08-03T00:40:04.498281+00:00
1083,google_maps,Tipax,تیپاکس کامیاران,کردستان,NULL,34.7933989,46.9280164,4.0,"Thank you, Marizad.",4 years ago,Mehdi Habibi,NULL,NULL,NULL,https://www.google.com/maps/place/%D9%86%D9%85%D8%A7%DB%8C%D9%86%D8%AF%DA%AF%DB%8C+%D8%AA%DB%8C%D9%BE%D8%A7%DA%A9%D8%B3+%DA%A9%D8%A7%D9%85%DB%8C%D8%A7%D8%B1%D8%A7%D9%86%E2%80%AD/data=!4m7!3m6!1s0x3ffa3106ad4df395:0xaf8a23a78fcd4827!8m2!3d34.7933989!4d46.9280164!16s%2Fg%2F11fm4rblqd!19sChIJlfNNrQYx-j8RJ0jNj6cjiq8?authuser=0&hl=en&rclk=1,2026-08-03T00:40:04.498281+00:00
1084,google_maps,Tipax,تیپاکس کامیاران,کردستان,NULL,34.7933989,46.9280164,3.0,Excellent.,4 years ago,بهزاد فرهادیان,NULL,NULL,NULL,https://www.google.com/maps/place/%D9%86%D9%85%D8%A7%DB%8C%D9%86%D8%AF%DA%AF%DB%8C+%D8%AA%DB%8C%D9%BE%D8%A7%DA%A9%D8%B3+%DA%A9%D8%A7%D9%85%DB%8C%D8%A7%D8%B1%D8%A7%D9%86%E2%80%AD/data=!4m7!3m6!1s0x3ffa3106ad4df395:0xaf8a23a78fcd4827!8m2!3d34.7933989!4d46.9280164!16s%2Fg%2F11fm4rblqd!19sChIJlfNNrQYx-j8RJ0jNj6cjiq8?authuser=0&hl=en&rclk=1,2026-08-03T00:40:04.498281+00:00
1085,google_maps,Tipax,تیپاکس ،ارسال سریع پستی,کردستان,NULL,36.2408139,46.264099,1.0,"These are employees or scumbags, who knows what they are doing? I said, ""I'm done."" He said, ""When will we get the number of our superior or manager?"" He kicked me out. I will never use T-Box again. I will also make this suggestion to you.",3 years ago,چیا عزیزی,NULL,NULL,NULL,https://www.google.com/maps/place/%D8%AA%DB%8C%D9%BE%D8%A7%DA%A9%D8%B3+%D8%8C%D8%A7%D8%B1%D8%B3%D8%A7%D9%84+%D8%B3%D8%B1%DB%8C%D8%B9+%D9%BE%D8%B3%D8%AA%DB%8C%E2%80%AD/data=!4m7!3m6!1s0x40025be608564f69:0xe47447225cbf00e0!8m2!3d36.2408139!4d46.264099!16s%2Fg%2F11h75zc4hj!19sChIJaU9WCOZbAkAR4AC_XCJHdOQ?authuser=0&hl=en&rclk=1,2026-08-03T00:40:13.135664+00:00
1086,google_maps,Tipax,تیپاکس ،ارسال سریع پستی,کردستان,NULL,36.2408139,46.264099,1.0,"Hello. I suggest you give this quota to someone who at least has an understanding of how to deal with customers. They are rude, don't answer the phone at all, and are very expensive for the service they don't provide.",2 years ago,miran khan,NULL,NULL,NULL,https://www.google.com/maps/place/%D8%AA%DB%8C%D9%BE%D8%A7%DA%A9%D8%B3+%D8%8C%D8%A7%D8%B1%D8%B3%D8%A7%D9%84+%D8%B3%D8%B1%DB%8C%D8%B9+%D9%BE%D8%B3%D8%AA%DB%8C%E2%80%AD/data=!4m7!3m6!1s0x40025be608564f69:0xe47447225cbf00e0!8m2!3d36.2408139!4d46.264099!16s%2Fg%2F11h75zc4hj!19sChIJaU9WCOZbAkAR4AC_XCJHdOQ?authuser=0&hl=en&rclk=1,2026-08-03T00:40:13.135664+00:00
1087,google_maps,Tipax,تیپاکس ،ارسال سریع پستی,کردستان,NULL,36.2408139,46.264099,1.0,"The most disgusting place I've seen in all of Iran, it's really sad. The postmen who used to ride bicycles in the past don't answer the phone or in person. Where did they give them permission? This is the post office.",3 years ago,محمد احمدی,NULL,NULL,NULL,https://www.google.com/maps/place/%D8%AA%DB%8C%D9%BE%D8%A7%DA%A9%D8%B3+%D8%8C%D8%A7%D8%B1%D8%B3%D8%A7%D9%84+%D8%B3%D8%B1%DB%8C%D8%B9+%D9%BE%D8%B3%D8%AA%DB%8C%E2%80%AD/data=!4m7!3m6!1s0x40025be608564f69:0xe47447225cbf00e0!8m2!3d36.2408139!4d46.264099!16s%2Fg%2F11h75zc4hj!19sChIJaU9WCOZbAkAR4AC_XCJHdOQ?authuser=0&hl=en&rclk=1,2026-08-03T00:40:13.135664+00:00
1088,google_maps,Tipax,تیپاکس ،ارسال سریع پستی,کردستان,NULL,36.2408139,46.264099,1.0,"Oh my God, the delivery guys are no different from thieves and knife-wielders. Rude and impolite. The biggest mistake was choosing Teabox Saqqez on Vahdat Boulevard.",2 years ago,پارسا پارسا,NULL,NULL,NULL,https://www.google.com/maps/place/%D8%AA%DB%8C%D9%BE%D8%A7%DA%A9%D8%B3+%D8%8C%D8%A7%D8%B1%D8%B3%D8%A7%D9%84+%D8%B3%D8%B1%DB%8C%D8%B9+%D9%BE%D8%B3%D8%AA%DB%8C%E2%80%AD/data=!4m7!3m6!1s0x40025be608564f69:0xe47447225cbf00e0!8m2!3d36.2408139!4d46.264099!16s%2Fg%2F11h75zc4hj!19sChIJaU9WCOZbAkAR4AC_XCJHdOQ?authuser=0&hl=en&rclk=1,2026-08-03T00:40:13.135664+00:00
1089,google_maps,Tipax,تیپاکس ،ارسال سریع پستی,کردستان,NULL,36.2408139,46.264099,1.0,They are not active at all. It takes a month for a package to arrive. Your father is so burned out that he doesn't answer the phone.,a year ago,Mohammad Sharifi,NULL,NULL,NULL,https://www.google.com/maps/place/%D8%AA%DB%8C%D9%BE%D8%A7%DA%A9%D8%B3+%D8%8C%D8%A7%D8%B1%D8%B3%D8%A7%D9%84+%D8%B3%D8%B1%DB%8C%D8%B9+%D9%BE%D8%B3%D8%AA%DB%8C%E2%80%AD/data=!4m7!3m6!1s0x40025be608564f69:0xe47447225cbf00e0!8m2!3d36.2408139!4d46.264099!16s%2Fg%2F11h75zc4hj!19sChIJaU9WCOZbAkAR4AC_XCJHdOQ?authuser=0&hl=en&rclk=1,2026-08-03T00:40:13.135664+00:00
1090,google_maps,Tipax,تیپاکس ،ارسال سریع پستی,کردستان,NULL,36.2408139,46.264099,1.0,"Answer that damn phone, which idiot put you in charge there? I mean, the post office and T-boxes in Iran are completely unreadable.",4 years ago,Darvish Nouri,NULL,NULL,NULL,https://www.google.com/maps/place/%D8%AA%DB%8C%D9%BE%D8%A7%DA%A9%D8%B3+%D8%8C%D8%A7%D8%B1%D8%B3%D8%A7%D9%84+%D8%B3%D8%B1%DB%8C%D8%B9+%D9%BE%D8%B3%D8%AA%DB%8C%E2%80%AD/data=!4m7!3m6!1s0x40025be608564f69:0xe47447225cbf00e0!8m2!3d36.2408139!4d46.264099!16s%2Fg%2F11h75zc4hj!19sChIJaU9WCOZbAkAR4AC_XCJHdOQ?authuser=0&hl=en&rclk=1,2026-08-03T00:40:13.135664+00:00
1091,google_maps,Tipax,تیپاکس ،ارسال سریع پستی,کردستان,NULL,36.2408139,46.264099,1.0,"😦 I mean, g.... your service and shipping, it's been 5 days now and my package still hasn't been delivered to its destination... …",6 years ago,Rzgar Bot,NULL,NULL,NULL,https://www.google.com/maps/place/%D8%AA%DB%8C%D9%BE%D8%A7%DA%A9%D8%B3+%D8%8C%D8%A7%D8%B1%D8%B3%D8%A7%D9%84+%D8%B3%D8%B1%DB%8C%D8%B9+%D9%BE%D8%B3%D8%AA%DB%8C%E2%80%AD/data=!4m7!3m6!1s0x40025be608564f69:0xe47447225cbf00e0!8m2!3d36.2408139!4d46.264099!16s%2Fg%2F11h75zc4hj!19sChIJaU9WCOZbAkAR4AC_XCJHdOQ?authuser=0&hl=en&rclk=1,2026-08-03T00:40:13.135664+00:00
1092,google_maps,Tipax,تیپاکس ،ارسال سریع پستی,کردستان,NULL,36.2408139,46.264099,1.0,"Horrible, useless The senders are rude The response center is weak and it's like they're making fun of us …",a year ago,آریا مرادی,NULL,NULL,NULL,https://www.google.com/maps/place/%D8%AA%DB%8C%D9%BE%D8%A7%DA%A9%D8%B3+%D8%8C%D8%A7%D8%B1%D8%B3%D8%A7%D9%84+%D8%B3%D8%B1%DB%8C%D8%B9+%D9%BE%D8%B3%D8%AA%DB%8C%E2%80%AD/data=!4m7!3m6!1s0x40025be608564f69:0xe47447225cbf00e0!8m2!3d36.2408139!4d46.264099!16s%2Fg%2F11h75zc4hj!19sChIJaU9WCOZbAkAR4AC_XCJHdOQ?authuser=0&hl=en&rclk=1,2026-08-03T00:40:13.135664+00:00
1093,google_maps,Tipax,تیپاکس ،ارسال سریع پستی,کردستان,NULL,36.2408139,46.264099,1.0,"It takes just a few minutes to change this song, so you can sing it in just a few minutes.",a year ago,Afshin H,NULL,NULL,NULL,https://www.google.com/maps/place/%D8%AA%DB%8C%D9%BE%D8%A7%DA%A9%D8%B3+%D8%8C%D8%A7%D8%B1%D8%B3%D8%A7%D9%84+%D8%B3%D8%B1%DB%8C%D8%B9+%D9%BE%D8%B3%D8%AA%DB%8C%E2%80%AD/data=!4m7!3m6!1s0x40025be608564f69:0xe47447225cbf00e0!8m2!3d36.2408139!4d46.264099!16s%2Fg%2F11h75zc4hj!19sChIJaU9WCOZbAkAR4AC_XCJHdOQ?authuser=0&hl=en&rclk=1,2026-08-03T00:40:13.135664+00:00
1094,google_maps,Tipax,تیپاکس ،ارسال سریع پستی,کردستان,NULL,36.2408139,46.264099,1.0,They are not responsible at all Shame on them,Edited 7 months ago,Omid Ghaderi,NULL,NULL,NULL,https://www.google.com/maps/place/%D8%AA%DB%8C%D9%BE%D8%A7%DA%A9%D8%B3+%D8%8C%D8%A7%D8%B1%D8%B3%D8%A7%D9%84+%D8%B3%D8%B1%DB%8C%D8%B9+%D9%BE%D8%B3%D8%AA%DB%8C%E2%80%AD/data=!4m7!3m6!1s0x40025be608564f69:0xe47447225cbf00e0!8m2!3d36.2408139!4d46.264099!16s%2Fg%2F11h75zc4hj!19sChIJaU9WCOZbAkAR4AC_XCJHdOQ?authuser=0&hl=en&rclk=1,2026-08-03T00:40:13.135664+00:00
1095,google_maps,Tipax,تیپاکس بیجار,کردستان,NULL,35.8726098,47.6033152,1.0,Non-delivery of the parcel to the address,2 months ago,Hatemeh Alavi,NULL,NULL,NULL,https://www.google.com/maps/place/%D9%86%D9%85%D8%A7%DB%8C%D9%86%D8%AF%DA%AF%DB%8C+%D8%AA%DB%8C%D9%BE%D8%A7%DA%A9%D8%B3+%D8%A8%DB%8C%D8%AC%D8%A7%D8%B1%E2%80%AD/data=!4m7!3m6!1s0x3ff7790570e13cd7:0x8de1028aaac4d4dc!8m2!3d35.8726098!4d47.6033152!16s%2Fg%2F11mv45k_ft!19sChIJ1zzhcAV59z8R3NTEqooC4Y0?authuser=0&hl=en&rclk=1,2026-08-03T00:40:21.631774+00:00
1096,google_maps,Tipax,تیپاکس,ایلام,ری,33.6381419,46.4052981,1.0,"I don't know why they put this phone there. I've called a thousand times and they haven't answered once. I mean, every time I get a package sent to me by Tipax, I have to walk seven blocks to get it. Now I've got the origin and destination addresses wrong, and they're not answering either.",11 months ago,زری ناز,NULL,NULL,NULL,"https://www.google.com/maps/place/%D8%AA%DB%8C%D9%BE%D8%A7%DA%A9%D8%B3%E2%80%AD/@33.6381419,46.4052981,17z/data=!3m1!4b1!4m6!3m5!1s0x3ffb4ddfddb26b57:0xb71499bc0d586905!8m2!3d33.6381419!4d46.4078784!16s%2Fg%2F11q440vpwh?hl=en&entry=ttu&g_ep=EgoyMDI2MDcyOS4wIKXMDSoASAFQAw%3D%3D",2026-08-03T00:40:38.897551+00:00
1097,google_maps,Tipax,تیپاکس,ایلام,ری,33.6381419,46.4052981,1.0,"I had the worst experience Their tone of voice and attitude towards the customer was very harsh Then we sent the order to send it, the person said we will not package it, it will be sent to you as you sent it You can deliver it anywhere except this Tipax branch",2 years ago,صفورا رضایی,NULL,NULL,NULL,"https://www.google.com/maps/place/%D8%AA%DB%8C%D9%BE%D8%A7%DA%A9%D8%B3%E2%80%AD/@33.6381419,46.4052981,17z/data=!3m1!4b1!4m6!3m5!1s0x3ffb4ddfddb26b57:0xb71499bc0d586905!8m2!3d33.6381419!4d46.4078784!16s%2Fg%2F11q440vpwh?hl=en&entry=ttu&g_ep=EgoyMDI2MDcyOS4wIKXMDSoASAFQAw%3D%3D",2026-08-03T00:40:38.897551+00:00
1098,google_maps,Tipax,تیپاکس,ایلام,ری,33.6381419,46.4052981,1.0,"The postman never delivers the package to you and they falsely write on the site that the recipient is not present. They are the worst possible branch. The purchase I was making was not sent by post, otherwise I would never have gotten involved in this.",7 months ago,فاطمه عزیزی,NULL,NULL,NULL,"https://www.google.com/maps/place/%D8%AA%DB%8C%D9%BE%D8%A7%DA%A9%D8%B3%E2%80%AD/@33.6381419,46.4052981,17z/data=!3m1!4b1!4m6!3m5!1s0x3ffb4ddfddb26b57:0xb71499bc0d586905!8m2!3d33.6381419!4d46.4078784!16s%2Fg%2F11q440vpwh?hl=en&entry=ttu&g_ep=EgoyMDI2MDcyOS4wIKXMDSoASAFQAw%3D%3D",2026-08-03T00:40:38.897551+00:00
1099,google_maps,Tipax,تیپاکس,ایلام,ری,33.6381419,46.4052981,1.0,The most stupid shipping company in the world The most irresponsible The most pretentious and outrageous I am the representative of Ilam,a year ago,Rza Khdi,NULL,NULL,NULL,"https://www.google.com/maps/place/%D8%AA%DB%8C%D9%BE%D8%A7%DA%A9%D8%B3%E2%80%AD/@33.6381419,46.4052981,17z/data=!3m1!4b1!4m6!3m5!1s0x3ffb4ddfddb26b57:0xb71499bc0d586905!8m2!3d33.6381419!4d46.4078784!16s%2Fg%2F11q440vpwh?hl=en&entry=ttu&g_ep=EgoyMDI2MDcyOS4wIKXMDSoASAFQAw%3D%3D",2026-08-03T00:40:38.897551+00:00
1100,google_maps,Tipax,تیپاکس,ایلام,ری,33.6381419,46.4052981,5.0,Thank you and thank you to this branch that is always closed. They always deliver me on time.,a month ago,Koohnavard Damavand,NULL,NULL,NULL,"https://www.google.com/maps/place/%D8%AA%DB%8C%D9%BE%D8%A7%DA%A9%D8%B3%E2%80%AD/@33.6381419,46.4052981,17z/data=!3m1!4b1!4m6!3m5!1s0x3ffb4ddfddb26b57:0xb71499bc0d586905!8m2!3d33.6381419!4d46.4078784!16s%2Fg%2F11q440vpwh?hl=en&entry=ttu&g_ep=EgoyMDI2MDcyOS4wIKXMDSoASAFQAw%3D%3D",2026-08-03T00:40:38.897551+00:00
1101,google_maps,Tipax,تیپاکس,ایلام,ری,33.6381419,46.4052981,5.0,The staff was very nice. They packed the package for me and sent it to Tehran within a day.,a year ago,امیر حسین نظریان,NULL,NULL,NULL,"https://www.google.com/maps/place/%D8%AA%DB%8C%D9%BE%D8%A7%DA%A9%D8%B3%E2%80%AD/@33.6381419,46.4052981,17z/data=!3m1!4b1!4m6!3m5!1s0x3ffb4ddfddb26b57:0xb71499bc0d586905!8m2!3d33.6381419!4d46.4078784!16s%2Fg%2F11q440vpwh?hl=en&entry=ttu&g_ep=EgoyMDI2MDcyOS4wIKXMDSoASAFQAw%3D%3D",2026-08-03T00:40:38.897551+00:00
1102,google_maps,Tipax,تیپاکس,ایلام,ری,33.6381419,46.4052981,5.0,Thank you for delivering my package on time. Their manners were also good.,2 years ago,Jhhu Jgihh,NULL,NULL,NULL,"https://www.google.com/maps/place/%D8%AA%DB%8C%D9%BE%D8%A7%DA%A9%D8%B3%E2%80%AD/@33.6381419,46.4052981,17z/data=!3m1!4b1!4m6!3m5!1s0x3ffb4ddfddb26b57:0xb71499bc0d586905!8m2!3d33.6381419!4d46.4078784!16s%2Fg%2F11q440vpwh?hl=en&entry=ttu&g_ep=EgoyMDI2MDcyOS4wIKXMDSoASAFQAw%3D%3D",2026-08-03T00:40:38.897551+00:00
1103,google_maps,Tipax,تیپاکس,ایلام,ری,33.6381419,46.4052981,5.0,"Thank you very much, you delivered my package to the store door on time.",2 years ago,moshtaq 1370,NULL,NULL,NULL,"https://www.google.com/maps/place/%D8%AA%DB%8C%D9%BE%D8%A7%DA%A9%D8%B3%E2%80%AD/@33.6381419,46.4052981,17z/data=!3m1!4b1!4m6!3m5!1s0x3ffb4ddfddb26b57:0xb71499bc0d586905!8m2!3d33.6381419!4d46.4078784!16s%2Fg%2F11q440vpwh?hl=en&entry=ttu&g_ep=EgoyMDI2MDcyOS4wIKXMDSoASAFQAw%3D%3D",2026-08-03T00:40:38.897551+00:00
1104,google_maps,Tipax,تیپاکس,ایلام,ری,33.6381419,46.4052981,5.0,"Thank you. Thank you, my dears, for making it easy to send parcels...",a year ago,bahman jauidi,NULL,NULL,NULL,"https://www.google.com/maps/place/%D8%AA%DB%8C%D9%BE%D8%A7%DA%A9%D8%B3%E2%80%AD/@33.6381419,46.4052981,17z/data=!3m1!4b1!4m6!3m5!1s0x3ffb4ddfddb26b57:0xb71499bc0d586905!8m2!3d33.6381419!4d46.4078784!16s%2Fg%2F11q440vpwh?hl=en&entry=ttu&g_ep=EgoyMDI2MDcyOS4wIKXMDSoASAFQAw%3D%3D",2026-08-03T00:40:38.897551+00:00
1105,google_maps,Tipax,تیپاکس,ایلام,ری,33.6381419,46.4052981,5.0,"It's really great, they delivered the package to my door.",a year ago,امیر نظ,NULL,NULL,NULL,"https://www.google.com/maps/place/%D8%AA%DB%8C%D9%BE%D8%A7%DA%A9%D8%B3%E2%80%AD/@33.6381419,46.4052981,17z/data=!3m1!4b1!4m6!3m5!1s0x3ffb4ddfddb26b57:0xb71499bc0d586905!8m2!3d33.6381419!4d46.4078784!16s%2Fg%2F11q440vpwh?hl=en&entry=ttu&g_ep=EgoyMDI2MDcyOS4wIKXMDSoASAFQAw%3D%3D",2026-08-03T00:40:38.897551+00:00
1106,google_maps,Tipax,Tipax,کهگیلویه و بویراحمد,ری,30.6653125,51.5862322,1.0,"Very very ridiculous and useless. They don't answer, there are only four people on the answering phones of the branches. I haven't received my package for 15 days, no one is answering. The price of my package is 25 million. I don't know who to get it from.",6 years ago,مهدی ارحمی,NULL,NULL,NULL,"https://www.google.com/maps/place/Tipax/@30.6653125,51.5862322,17z/data=!3m1!4b1!4m6!3m5!1s0x3fb0bb4e562d77fd:0x92ac896362c8184b!8m2!3d30.6653125!4d51.5888125!16s%2Fg%2F11c2pt90rt?hl=en&entry=ttu&g_ep=EgoyMDI2MDcyOS4wIKXMDSoASAFQAw%3D%3D",2026-08-03T00:40:47.525901+00:00
1107,google_maps,Tipax,Tipax,کهگیلویه و بویراحمد,ری,30.6653125,51.5862322,1.0,"I feel sorry for the provincial capital with this weak support and rude postal service. After 8 days, they brought the package to me and even though I paid online, they tried to extort me and said that I had not paid.",3 years ago,majid hekmatiyan,NULL,NULL,NULL,"https://www.google.com/maps/place/Tipax/@30.6653125,51.5862322,17z/data=!3m1!4b1!4m6!3m5!1s0x3fb0bb4e562d77fd:0x92ac896362c8184b!8m2!3d30.6653125!4d51.5888125!16s%2Fg%2F11c2pt90rt?hl=en&entry=ttu&g_ep=EgoyMDI2MDcyOS4wIKXMDSoASAFQAw%3D%3D",2026-08-03T00:40:47.525901+00:00
1108,google_maps,Tipax,Tipax,کهگیلویه و بویراحمد,ری,30.6653125,51.5862322,1.0,"They're making fun of people, they don't answer the phone, no one calls us, we don't know where our package is, this is the first time I've ordered from Tipax, I'll regret it forever.",2 years ago,AmirReza Bastam,NULL,NULL,NULL,"https://www.google.com/maps/place/Tipax/@30.6653125,51.5862322,17z/data=!3m1!4b1!4m6!3m5!1s0x3fb0bb4e562d77fd:0x92ac896362c8184b!8m2!3d30.6653125!4d51.5888125!16s%2Fg%2F11c2pt90rt?hl=en&entry=ttu&g_ep=EgoyMDI2MDcyOS4wIKXMDSoASAFQAw%3D%3D",2026-08-03T00:40:47.525901+00:00
1109,google_maps,Tipax,Tipax,کهگیلویه و بویراحمد,ری,30.6653125,51.5862322,2.0,The lack of responsiveness of the Yasuj Tipax office and the failure to deliver packages on time has slowed down the process of sending and receiving parcels.,5 years ago,cullen samani,NULL,NULL,NULL,"https://www.google.com/maps/place/Tipax/@30.6653125,51.5862322,17z/data=!3m1!4b1!4m6!3m5!1s0x3fb0bb4e562d77fd:0x92ac896362c8184b!8m2!3d30.6653125!4d51.5888125!16s%2Fg%2F11c2pt90rt?hl=en&entry=ttu&g_ep=EgoyMDI2MDcyOS4wIKXMDSoASAFQAw%3D%3D",2026-08-03T00:40:47.525901+00:00
1110,google_maps,Tipax,Tipax,کهگیلویه و بویراحمد,ری,30.6653125,51.5862322,1.0,It's so pointless that no one is answering us. It's been a few days since we received it. I don't think anyone should post from Tipax.,6 years ago,mehrshad imani,NULL,NULL,NULL,"https://www.google.com/maps/place/Tipax/@30.6653125,51.5862322,17z/data=!3m1!4b1!4m6!3m5!1s0x3fb0bb4e562d77fd:0x92ac896362c8184b!8m2!3d30.6653125!4d51.5888125!16s%2Fg%2F11c2pt90rt?hl=en&entry=ttu&g_ep=EgoyMDI2MDcyOS4wIKXMDSoASAFQAw%3D%3D",2026-08-03T00:40:47.525901+00:00
1111,google_maps,Tipax,Tipax,کهگیلویه و بویراحمد,ری,30.6653125,51.5862322,1.0,"Why do you deliver packages late? The package arrives in Yasuj in one day, but you don't even bother to deliver it quickly.",5 years ago,sima alipoor,NULL,NULL,NULL,"https://www.google.com/maps/place/Tipax/@30.6653125,51.5862322,17z/data=!3m1!4b1!4m6!3m5!1s0x3fb0bb4e562d77fd:0x92ac896362c8184b!8m2!3d30.6653125!4d51.5888125!16s%2Fg%2F11c2pt90rt?hl=en&entry=ttu&g_ep=EgoyMDI2MDcyOS4wIKXMDSoASAFQAw%3D%3D",2026-08-03T00:40:47.525901+00:00
1112,google_maps,Tipax,Tipax,کهگیلویه و بویراحمد,ری,30.6653125,51.5862322,1.0,"They said it would come much faster than the mail, but it's been two days and it hasn't arrived.",6 years ago,Mehrdad Rajaei,NULL,NULL,NULL,"https://www.google.com/maps/place/Tipax/@30.6653125,51.5862322,17z/data=!3m1!4b1!4m6!3m5!1s0x3fb0bb4e562d77fd:0x92ac896362c8184b!8m2!3d30.6653125!4d51.5888125!16s%2Fg%2F11c2pt90rt?hl=en&entry=ttu&g_ep=EgoyMDI2MDcyOS4wIKXMDSoASAFQAw%3D%3D",2026-08-03T00:40:47.525901+00:00
1113,google_maps,Tipax,Tipax,کهگیلویه و بویراحمد,ری,30.6653125,51.5862322,1.0,"Poor support, phone not responding, poor handling Not delivering to address",4 years ago,Ali Bahman Pour,NULL,NULL,NULL,"https://www.google.com/maps/place/Tipax/@30.6653125,51.5862322,17z/data=!3m1!4b1!4m6!3m5!1s0x3fb0bb4e562d77fd:0x92ac896362c8184b!8m2!3d30.6653125!4d51.5888125!16s%2Fg%2F11c2pt90rt?hl=en&entry=ttu&g_ep=EgoyMDI2MDcyOS4wIKXMDSoASAFQAw%3D%3D",2026-08-03T00:40:47.525901+00:00
1114,google_maps,Tipax,Tipax,کهگیلویه و بویراحمد,ری,30.6653125,51.5862322,2.0,"Friendly, very poor online tracking capability",6 years ago,Farzad Salimifar,NULL,NULL,NULL,"https://www.google.com/maps/place/Tipax/@30.6653125,51.5862322,17z/data=!3m1!4b1!4m6!3m5!1s0x3fb0bb4e562d77fd:0x92ac896362c8184b!8m2!3d30.6653125!4d51.5888125!16s%2Fg%2F11c2pt90rt?hl=en&entry=ttu&g_ep=EgoyMDI2MDcyOS4wIKXMDSoASAFQAw%3D%3D",2026-08-03T00:40:47.525901+00:00
1115,google_maps,Tipax,Tipax,کهگیلویه و بویراحمد,ری,30.6653125,51.5862322,4.0,cooperative,a year ago,zabanbaste,NULL,NULL,NULL,"https://www.google.com/maps/place/Tipax/@30.6653125,51.5862322,17z/data=!3m1!4b1!4m6!3m5!1s0x3fb0bb4e562d77fd:0x92ac896362c8184b!8m2!3d30.6653125!4d51.5888125!16s%2Fg%2F11c2pt90rt?hl=en&entry=ttu&g_ep=EgoyMDI2MDcyOS4wIKXMDSoASAFQAw%3D%3D",2026-08-03T00:40:47.525901+00:00
1116,google_maps,Tipax,تیپاکس زاگرس / میرآباد,چهارمحال و بختیاری,اهر,32.3397829,50.8754781,1.0,"I had an envelope that was sent to me. They had thrown it in the rain, it was wet and dirty. They weren't careful.",7 months ago,e moradi,NULL,NULL,NULL,https://www.google.com/maps/place/%D8%AA%DB%8C%D9%BE%D8%A7%DA%A9%D8%B3+%D8%B2%D8%A7%DA%AF%D8%B1%D8%B3+%2F+%D9%85%DB%8C%D8%B1%D8%A2%D8%A8%D8%A7%D8%AF%E2%80%AD/data=!4m7!3m6!1s0x3fbef100454c22bf:0x67d39a3b75ea8cb5!8m2!3d32.3397829!4d50.8754781!16s%2Fg%2F11wxb675x9!19sChIJvyJMRQDxvj8RtYzqdTua02c?authuser=0&hl=en&rclk=1,2026-08-03T00:41:04.646734+00:00
1117,google_maps,Tipax,تیپاکس زاگرس / میرآباد,چهارمحال و بختیاری,اهر,32.3397829,50.8754781,1.0,Very bad and delayed delivery and rude delivery people,a year ago,کلینیک تخصصی آپونتیا,NULL,NULL,NULL,https://www.google.com/maps/place/%D8%AA%DB%8C%D9%BE%D8%A7%DA%A9%D8%B3+%D8%B2%D8%A7%DA%AF%D8%B1%D8%B3+%2F+%D9%85%DB%8C%D8%B1%D8%A2%D8%A8%D8%A7%D8%AF%E2%80%AD/data=!4m7!3m6!1s0x3fbef100454c22bf:0x67d39a3b75ea8cb5!8m2!3d32.3397829!4d50.8754781!16s%2Fg%2F11wxb675x9!19sChIJvyJMRQDxvj8RtYzqdTua02c?authuser=0&hl=en&rclk=1,2026-08-03T00:41:04.646734+00:00
1118,google_maps,Tipax,تیپاکس زاگرس / میرآباد,چهارمحال و بختیاری,اهر,32.3397829,50.8754781,5.0,Excellent support and service in every way,7 months ago,Bahrami,NULL,NULL,NULL,https://www.google.com/maps/place/%D8%AA%DB%8C%D9%BE%D8%A7%DA%A9%D8%B3+%D8%B2%D8%A7%DA%AF%D8%B1%D8%B3+%2F+%D9%85%DB%8C%D8%B1%D8%A2%D8%A8%D8%A7%D8%AF%E2%80%AD/data=!4m7!3m6!1s0x3fbef100454c22bf:0x67d39a3b75ea8cb5!8m2!3d32.3397829!4d50.8754781!16s%2Fg%2F11wxb675x9!19sChIJvyJMRQDxvj8RtYzqdTua02c?authuser=0&hl=en&rclk=1,2026-08-03T00:41:04.646734+00:00
1119,google_maps,Tipax,تیپاکس لردگان,چهارمحال و بختیاری,ری,31.5028584,50.8200462,5.0,An honorable man... with ethics and perseverance... congratulations to Tipax for having such first-class colleagues Mohammadi,a year ago,Sadegh Mohamadi,NULL,NULL,NULL,https://www.google.com/maps/place/%D9%86%D9%85%D8%A7%DB%8C%D9%86%D8%AF%DA%AF%DB%8C+%D8%AA%DB%8C%D9%BE%D8%A7%DA%A9%D8%B3+%D9%84%D8%B1%D8%AF%DA%AF%D8%A7%D9%86%E2%80%AD/data=!4m7!3m6!1s0x3fb923e5d9bf2d9b:0x8a2140b88f715c8d!8m2!3d31.5028584!4d50.8200462!16s%2Fg%2F11sfs12kfl!19sChIJmy2_2eUjuT8RjVxxj7hAIYo?authuser=0&hl=en&rclk=1,2026-08-03T00:41:21.804634+00:00
1120,google_maps,Tipax,تیپاکس لردگان,چهارمحال و بختیاری,ری,31.5028584,50.8200462,1.0,"It's not good at all, the post office just doesn't deliver this package. It says, ""Come on, gentlemen.""",a year ago,بنیامین اقایی,NULL,NULL,NULL,https://www.google.com/maps/place/%D9%86%D9%85%D8%A7%DB%8C%D9%86%D8%AF%DA%AF%DB%8C+%D8%AA%DB%8C%D9%BE%D8%A7%DA%A9%D8%B3+%D9%84%D8%B1%D8%AF%DA%AF%D8%A7%D9%86%E2%80%AD/data=!4m7!3m6!1s0x3fb923e5d9bf2d9b:0x8a2140b88f715c8d!8m2!3d31.5028584!4d50.8200462!16s%2Fg%2F11sfs12kfl!19sChIJmy2_2eUjuT8RjVxxj7hAIYo?authuser=0&hl=en&rclk=1,2026-08-03T00:41:21.804634+00:00
1121,google_maps,Tipax,باربری تیپاکس,چهارمحال و بختیاری,اهر,32.3239124,50.8585037,1.0,Tipax is expensive.,6 years ago,DAVOOD TAVASSOLY,NULL,NULL,NULL,https://www.google.com/maps/place/%D8%A8%D8%A7%D8%B1%D8%A8%D8%B1%DB%8C+%D8%AA%DB%8C%D9%BE%D8%A7%DA%A9%D8%B3%E2%80%AD/data=!4m7!3m6!1s0x3fbef090ff765f5b:0x9d5d289e597f9459!8m2!3d32.3239124!4d50.8585037!16s%2Fg%2F11c59_j4ds!19sChIJW192_5Dwvj8RWZR_WZ4oXZ0?authuser=0&hl=en&rclk=1,2026-08-03T00:41:30.326306+00:00
1122,google_maps,Tipax,تیپاکس رشت صنعتی,گیلان,NULL,37.1745305,49.614259,5.0,Excellent 👍 …,6 months ago,داود باقری,NULL,NULL,NULL,https://www.google.com/maps/place/%D8%AA%DB%8C%D9%BE%D8%A7%DA%A9%D8%B3+%D8%B1%D8%B4%D8%AA+%D8%B5%D9%86%D8%B9%D8%AA%DB%8C%E2%80%AD/data=!4m7!3m6!1s0x3ff5673e52e89763:0x921d6e5b302475f!8m2!3d37.1745305!4d49.614259!16s%2Fg%2F11n13wl7tk!19sChIJY5foUj5n9T8RX0cCs-XWIQk?authuser=0&hl=en&rclk=1,2026-08-03T00:41:54.878161+00:00
1123,google_maps,Tipax,تیپاکس رشت رشتیان,گیلان,NULL,37.2869789,49.5762322,1.0,"They never answer the phone. You call from morning to noon, and no one answers. Unfortunately, the Tipax near us also has a post office here. I called every other branch, like Alley 40, Rashtian. They answered immediately and gave very good advice. But unfortunately, I have to pick up the packages I received from here.",a year ago,bita falah,NULL,NULL,NULL,https://www.google.com/maps/place/%D9%86%D9%85%D8%A7%DB%8C%D9%86%D8%AF%DA%AF%DB%8C+%D8%AA%DB%8C%D9%BE%D8%A7%DA%A9%D8%B3+%D8%B1%D8%B4%D8%AA+%D8%B1%D8%B4%D8%AA%DB%8C%D8%A7%D9%86%E2%80%AD/data=!4m7!3m6!1s0x401fd911bc881571:0xc0b1d4db4f0fbe5c!8m2!3d37.2869789!4d49.5762322!16s%2Fg%2F11fll898pj!19sChIJcRWIvBHZH0ARXL4PT9vUscA?authuser=0&hl=en&rclk=1,2026-08-03T00:42:03.475550+00:00
1124,google_maps,Tipax,تیپاکس رشت رشتیان,گیلان,NULL,37.2869789,49.5762322,1.0,The Tipax Rashtian dealership is a disaster. They will give you a no-show ticket twice so you have to go and get it from the dealership yourself so that their costs can be reduced. They have a parasitic lifestyle.,a year ago,Mehdi gil,NULL,NULL,NULL,https://www.google.com/maps/place/%D9%86%D9%85%D8%A7%DB%8C%D9%86%D8%AF%DA%AF%DB%8C+%D8%AA%DB%8C%D9%BE%D8%A7%DA%A9%D8%B3+%D8%B1%D8%B4%D8%AA+%D8%B1%D8%B4%D8%AA%DB%8C%D8%A7%D9%86%E2%80%AD/data=!4m7!3m6!1s0x401fd911bc881571:0xc0b1d4db4f0fbe5c!8m2!3d37.2869789!4d49.5762322!16s%2Fg%2F11fll898pj!19sChIJcRWIvBHZH0ARXL4PT9vUscA?authuser=0&hl=en&rclk=1,2026-08-03T00:42:03.475550+00:00
1125,google_maps,Tipax,تیپاکس رشت رشتیان,گیلان,NULL,37.2869789,49.5762322,5.0,"For the shipment from abroad and Sweden, they showed their utmost cooperation. I am really surprised by the lack of kindness in the comments. Because I did not see any negative points in this center.",2 years ago,Shahrooz Barari,NULL,NULL,NULL,https://www.google.com/maps/place/%D9%86%D9%85%D8%A7%DB%8C%D9%86%D8%AF%DA%AF%DB%8C+%D8%AA%DB%8C%D9%BE%D8%A7%DA%A9%D8%B3+%D8%B1%D8%B4%D8%AA+%D8%B1%D8%B4%D8%AA%DB%8C%D8%A7%D9%86%E2%80%AD/data=!4m7!3m6!1s0x401fd911bc881571:0xc0b1d4db4f0fbe5c!8m2!3d37.2869789!4d49.5762322!16s%2Fg%2F11fll898pj!19sChIJcRWIvBHZH0ARXL4PT9vUscA?authuser=0&hl=en&rclk=1,2026-08-03T00:42:03.475550+00:00
1126,google_maps,Tipax,تیپاکس رشت رشتیان,گیلان,NULL,37.2869789,49.5762322,1.0,Their attitude is very casual and they have little sense of responsibility. The package was sent the next day and it took 8 days to receive it in another city.,6 months ago,محمدحبیبی پورشالکوهی,NULL,NULL,NULL,https://www.google.com/maps/place/%D9%86%D9%85%D8%A7%DB%8C%D9%86%D8%AF%DA%AF%DB%8C+%D8%AA%DB%8C%D9%BE%D8%A7%DA%A9%D8%B3+%D8%B1%D8%B4%D8%AA+%D8%B1%D8%B4%D8%AA%DB%8C%D8%A7%D9%86%E2%80%AD/data=!4m7!3m6!1s0x401fd911bc881571:0xc0b1d4db4f0fbe5c!8m2!3d37.2869789!4d49.5762322!16s%2Fg%2F11fll898pj!19sChIJcRWIvBHZH0ARXL4PT9vUscA?authuser=0&hl=en&rclk=1,2026-08-03T00:42:03.475550+00:00
1127,google_maps,Tipax,تیپاکس رشت رشتیان,گیلان,NULL,37.2869789,49.5762322,1.0,It's so ridiculous. They've had my package with them for seven days. They don't even answer the phone. I don't know why they keep the packages with them.,10 months ago,Zahra Esmaeildust,NULL,NULL,NULL,https://www.google.com/maps/place/%D9%86%D9%85%D8%A7%DB%8C%D9%86%D8%AF%DA%AF%DB%8C+%D8%AA%DB%8C%D9%BE%D8%A7%DA%A9%D8%B3+%D8%B1%D8%B4%D8%AA+%D8%B1%D8%B4%D8%AA%DB%8C%D8%A7%D9%86%E2%80%AD/data=!4m7!3m6!1s0x401fd911bc881571:0xc0b1d4db4f0fbe5c!8m2!3d37.2869789!4d49.5762322!16s%2Fg%2F11fll898pj!19sChIJcRWIvBHZH0ARXL4PT9vUscA?authuser=0&hl=en&rclk=1,2026-08-03T00:42:03.475550+00:00
1128,google_maps,Tipax,تیپاکس رشت رشتیان,گیلان,NULL,37.2869789,49.5762322,1.0,"The most disorganized Tipax branch in Rasht, and unfortunately we passed by this agency. They always deliver packages late and very late.",a year ago,Amirmohammad niknam (Amir M. Niknam),NULL,NULL,NULL,https://www.google.com/maps/place/%D9%86%D9%85%D8%A7%DB%8C%D9%86%D8%AF%DA%AF%DB%8C+%D8%AA%DB%8C%D9%BE%D8%A7%DA%A9%D8%B3+%D8%B1%D8%B4%D8%AA+%D8%B1%D8%B4%D8%AA%DB%8C%D8%A7%D9%86%E2%80%AD/data=!4m7!3m6!1s0x401fd911bc881571:0xc0b1d4db4f0fbe5c!8m2!3d37.2869789!4d49.5762322!16s%2Fg%2F11fll898pj!19sChIJcRWIvBHZH0ARXL4PT9vUscA?authuser=0&hl=en&rclk=1,2026-08-03T00:42:03.475550+00:00
1129,google_maps,Tipax,تیپاکس رشت رشتیان,گیلان,NULL,37.2869789,49.5762322,1.0,I closed it two days ago. It came from Tehran. Why doesn't Vahab Rasht send it to the province? We must be in a hurry to get it.,a year ago,jalal zahedi,NULL,NULL,NULL,https://www.google.com/maps/place/%D9%86%D9%85%D8%A7%DB%8C%D9%86%D8%AF%DA%AF%DB%8C+%D8%AA%DB%8C%D9%BE%D8%A7%DA%A9%D8%B3+%D8%B1%D8%B4%D8%AA+%D8%B1%D8%B4%D8%AA%DB%8C%D8%A7%D9%86%E2%80%AD/data=!4m7!3m6!1s0x401fd911bc881571:0xc0b1d4db4f0fbe5c!8m2!3d37.2869789!4d49.5762322!16s%2Fg%2F11fll898pj!19sChIJcRWIvBHZH0ARXL4PT9vUscA?authuser=0&hl=en&rclk=1,2026-08-03T00:42:03.475550+00:00
1130,google_maps,Tipax,تیپاکس رشت رشتیان,گیلان,NULL,37.2869789,49.5762322,1.0,The guy doesn't bother and just sits in the office and records the absence of the recipient. The most ridiculous branch,11 months ago,Omid Amadi,NULL,NULL,NULL,https://www.google.com/maps/place/%D9%86%D9%85%D8%A7%DB%8C%D9%86%D8%AF%DA%AF%DB%8C+%D8%AA%DB%8C%D9%BE%D8%A7%DA%A9%D8%B3+%D8%B1%D8%B4%D8%AA+%D8%B1%D8%B4%D8%AA%DB%8C%D8%A7%D9%86%E2%80%AD/data=!4m7!3m6!1s0x401fd911bc881571:0xc0b1d4db4f0fbe5c!8m2!3d37.2869789!4d49.5762322!16s%2Fg%2F11fll898pj!19sChIJcRWIvBHZH0ARXL4PT9vUscA?authuser=0&hl=en&rclk=1,2026-08-03T00:42:03.475550+00:00
1131,google_maps,Tipax,تیپاکس رشت رشتیان,گیلان,NULL,37.2869789,49.5762322,1.0,"Worst branch, didn't deliver the package for three days.",7 months ago,امیرحسین خوشرو,NULL,NULL,NULL,https://www.google.com/maps/place/%D9%86%D9%85%D8%A7%DB%8C%D9%86%D8%AF%DA%AF%DB%8C+%D8%AA%DB%8C%D9%BE%D8%A7%DA%A9%D8%B3+%D8%B1%D8%B4%D8%AA+%D8%B1%D8%B4%D8%AA%DB%8C%D8%A7%D9%86%E2%80%AD/data=!4m7!3m6!1s0x401fd911bc881571:0xc0b1d4db4f0fbe5c!8m2!3d37.2869789!4d49.5762322!16s%2Fg%2F11fll898pj!19sChIJcRWIvBHZH0ARXL4PT9vUscA?authuser=0&hl=en&rclk=1,2026-08-03T00:42:03.475550+00:00
1132,google_maps,Tipax,تیپاکس رشت رشتیان,گیلان,NULL,37.2869789,49.5762322,5.0,Very good,2 years ago,Sara Ramezani,NULL,NULL,NULL,https://www.google.com/maps/place/%D9%86%D9%85%D8%A7%DB%8C%D9%86%D8%AF%DA%AF%DB%8C+%D8%AA%DB%8C%D9%BE%D8%A7%DA%A9%D8%B3+%D8%B1%D8%B4%D8%AA+%D8%B1%D8%B4%D8%AA%DB%8C%D8%A7%D9%86%E2%80%AD/data=!4m7!3m6!1s0x401fd911bc881571:0xc0b1d4db4f0fbe5c!8m2!3d37.2869789!4d49.5762322!16s%2Fg%2F11fll898pj!19sChIJcRWIvBHZH0ARXL4PT9vUscA?authuser=0&hl=en&rclk=1,2026-08-03T00:42:03.475550+00:00
1133,google_maps,Tipax,office,گیلان,رشت,37.2860512,49.564122,5.0,👌🏻 …,2 years ago,mohammad javad dehghani,NULL,NULL,NULL,https://www.google.com/maps/place/tipax+office/data=!4m7!3m6!1s0x401fd915db306b4d:0x5c00bc2dbc80aa79!8m2!3d37.2860512!4d49.564122!16s%2Fg%2F11tcqy7t39!19sChIJTWsw2xXZH0AReaqAvC28AFw?authuser=0&hl=en&rclk=1,2026-08-03T00:42:12.031133+00:00
1134,google_maps,Tipax,تیپاکس دیلمان,خیابان آرام,رشت,37.3095821,49.5959973,3.0,Good responsiveness and service,8 months ago,Mahan Pd,NULL,NULL,NULL,https://www.google.com/maps/place/%D8%AA%DB%8C%D9%BE%D8%A7%DA%A9%D8%B3+%D8%AF%DB%8C%D9%84%D9%85%D8%A7%D9%86%E2%80%AD/data=!4m7!3m6!1s0x401fdf0018ba254d:0x549b30bc84e8335f!8m2!3d37.3095821!4d49.5959973!16s%2Fg%2F11y2ngbbpy!19sChIJTSW6GADfH0ARXzPohLwwm1Q?authuser=0&hl=en&rclk=1,2026-08-03T00:42:34.101373+00:00
1135,google_maps,Tipax,تیپاکس دیلمان,خیابان آرام,رشت,37.3095821,49.5959973,5.0,Responsive and friendly,11 months ago,Reza Helaliyan,NULL,NULL,NULL,https://www.google.com/maps/place/%D8%AA%DB%8C%D9%BE%D8%A7%DA%A9%D8%B3+%D8%AF%DB%8C%D9%84%D9%85%D8%A7%D9%86%E2%80%AD/data=!4m7!3m6!1s0x401fdf0018ba254d:0x549b30bc84e8335f!8m2!3d37.3095821!4d49.5959973!16s%2Fg%2F11y2ngbbpy!19sChIJTSW6GADfH0ARXzPohLwwm1Q?authuser=0&hl=en&rclk=1,2026-08-03T00:42:34.101373+00:00
1136,google_maps,Tipax,تیپاکس دیلمان,خیابان آرام,رشت,37.3095821,49.5959973,5.0,Excellent in handling,7 months ago,Mohammad Khaki,NULL,NULL,NULL,https://www.google.com/maps/place/%D8%AA%DB%8C%D9%BE%D8%A7%DA%A9%D8%B3+%D8%AF%DB%8C%D9%84%D9%85%D8%A7%D9%86%E2%80%AD/data=!4m7!3m6!1s0x401fdf0018ba254d:0x549b30bc84e8335f!8m2!3d37.3095821!4d49.5959973!16s%2Fg%2F11y2ngbbpy!19sChIJTSW6GADfH0ARXzPohLwwm1Q?authuser=0&hl=en&rclk=1,2026-08-03T00:42:34.101373+00:00
1137,google_maps,Tipax,تیپاکس گلسار رشت,گیلان,NULL,37.2874063,49.5872731,1.0,"Due to their carelessness in entering the information, a package that I had a week to return has been lost for a month and all Tipax has done is apologize. Apart from the damage I caused, they haven't even returned the package to me yet, and there's no word on the damage.",a year ago,Nooshin Ale ebrahim,NULL,NULL,NULL,https://www.google.com/maps/place/%D8%AA%DB%8C%D9%BE%D8%A7%DA%A9%D8%B3+%DA%AF%D9%84%D8%B3%D8%A7%D8%B1+%D8%B1%D8%B4%D8%AA%E2%80%AD/data=!4m7!3m6!1s0x401fd9a9204bca55:0xf1dd15f1d8997a5c!8m2!3d37.2874063!4d49.5872731!16s%2Fg%2F11s95mwlhq!19sChIJVcpLIKnZH0ARXHqZ2PEV3fE?authuser=0&hl=en&rclk=1,2026-08-03T00:42:42.987694+00:00
1138,google_maps,Tipax,تیپاکس گلسار رشت,گیلان,NULL,37.2874063,49.5872731,3.0,"Unfortunately, in some cases, instead of being delivered to your doorstep, you will have to go and pick it up yourself.",7 months ago,aran torche,NULL,NULL,NULL,https://www.google.com/maps/place/%D8%AA%DB%8C%D9%BE%D8%A7%DA%A9%D8%B3+%DA%AF%D9%84%D8%B3%D8%A7%D8%B1+%D8%B1%D8%B4%D8%AA%E2%80%AD/data=!4m7!3m6!1s0x401fd9a9204bca55:0xf1dd15f1d8997a5c!8m2!3d37.2874063!4d49.5872731!16s%2Fg%2F11s95mwlhq!19sChIJVcpLIKnZH0ARXHqZ2PEV3fE?authuser=0&hl=en&rclk=1,2026-08-03T00:42:42.987694+00:00
1139,google_maps,Tipax,تیپاکس گلسار رشت,گیلان,NULL,37.2874063,49.5872731,5.0,Really good staff and nice atmosphere. You can trust them.,9 months ago,ali rezaei,NULL,NULL,NULL,https://www.google.com/maps/place/%D8%AA%DB%8C%D9%BE%D8%A7%DA%A9%D8%B3+%DA%AF%D9%84%D8%B3%D8%A7%D8%B1+%D8%B1%D8%B4%D8%AA%E2%80%AD/data=!4m7!3m6!1s0x401fd9a9204bca55:0xf1dd15f1d8997a5c!8m2!3d37.2874063!4d49.5872731!16s%2Fg%2F11s95mwlhq!19sChIJVcpLIKnZH0ARXHqZ2PEV3fE?authuser=0&hl=en&rclk=1,2026-08-03T00:42:42.987694+00:00
1140,google_maps,Tipax,تیپاکس گلسار رشت,گیلان,NULL,37.2874063,49.5872731,1.0,"There is no contact number, where can you find them?",3 years ago,مهدی پورحسن,NULL,NULL,NULL,https://www.google.com/maps/place/%D8%AA%DB%8C%D9%BE%D8%A7%DA%A9%D8%B3+%DA%AF%D9%84%D8%B3%D8%A7%D8%B1+%D8%B1%D8%B4%D8%AA%E2%80%AD/data=!4m7!3m6!1s0x401fd9a9204bca55:0xf1dd15f1d8997a5c!8m2!3d37.2874063!4d49.5872731!16s%2Fg%2F11s95mwlhq!19sChIJVcpLIKnZH0ARXHqZ2PEV3fE?authuser=0&hl=en&rclk=1,2026-08-03T00:42:42.987694+00:00
1141,google_maps,Tipax,تیپاکس گلسار رشت,گیلان,NULL,37.2874063,49.5872731,5.0,🙏 …,7 months ago,Arkan customs آرکان کاستوم,NULL,NULL,NULL,https://www.google.com/maps/place/%D8%AA%DB%8C%D9%BE%D8%A7%DA%A9%D8%B3+%DA%AF%D9%84%D8%B3%D8%A7%D8%B1+%D8%B1%D8%B4%D8%AA%E2%80%AD/data=!4m7!3m6!1s0x401fd9a9204bca55:0xf1dd15f1d8997a5c!8m2!3d37.2874063!4d49.5872731!16s%2Fg%2F11s95mwlhq!19sChIJVcpLIKnZH0ARXHqZ2PEV3fE?authuser=0&hl=en&rclk=1,2026-08-03T00:42:42.987694+00:00
1142,google_maps,Tipax,تیپاکس رستم آباد,گیلان,NULL,36.896828,49.4952218,2.0,"Responsibility and speed should be the difference between Tipax and regular mail, I don't think reforming the structure would be a bad idea.",5 years ago,Hossein Rahmani motlagh,NULL,NULL,NULL,https://www.google.com/maps/place/%D8%AA%DB%8C%D9%BE%D8%A7%DA%A9%D8%B3+%D9%86%D9%85%D8%A7%DB%8C%D9%86%D8%AF%DA%AF%DB%8C+%D8%B1%D8%B3%D8%AA%D9%85+%D8%A2%D8%A8%D8%A7%D8%AF%E2%80%AD/data=!4m7!3m6!1s0x3ff50d148ca4ca83:0xfb8d823462d2a5a1!8m2!3d36.896828!4d49.4952218!16s%2Fg%2F11hzlqf8x_!19sChIJg8qkjBQN9T8RoaXSYjSCjfs?authuser=0&hl=en&rclk=1,2026-08-03T00:42:51.543329+00:00
1143,google_maps,Tipax,تیپاکس رستم آباد,گیلان,NULL,36.896828,49.4952218,5.0,The staff at this office are really hardworking and respectful. I salute them from here.,5 years ago,elmilido,NULL,NULL,NULL,https://www.google.com/maps/place/%D8%AA%DB%8C%D9%BE%D8%A7%DA%A9%D8%B3+%D9%86%D9%85%D8%A7%DB%8C%D9%86%D8%AF%DA%AF%DB%8C+%D8%B1%D8%B3%D8%AA%D9%85+%D8%A2%D8%A8%D8%A7%D8%AF%E2%80%AD/data=!4m7!3m6!1s0x3ff50d148ca4ca83:0xfb8d823462d2a5a1!8m2!3d36.896828!4d49.4952218!16s%2Fg%2F11hzlqf8x_!19sChIJg8qkjBQN9T8RoaXSYjSCjfs?authuser=0&hl=en&rclk=1,2026-08-03T00:42:51.543329+00:00
1144,google_maps,Tipax,تیپاکس رستم آباد,گیلان,NULL,36.896828,49.4952218,5.0,"The staff really do their job well, they even deliver the package to the store's door.",5 years ago,Reza Hemmati,NULL,NULL,NULL,https://www.google.com/maps/place/%D8%AA%DB%8C%D9%BE%D8%A7%DA%A9%D8%B3+%D9%86%D9%85%D8%A7%DB%8C%D9%86%D8%AF%DA%AF%DB%8C+%D8%B1%D8%B3%D8%AA%D9%85+%D8%A2%D8%A8%D8%A7%D8%AF%E2%80%AD/data=!4m7!3m6!1s0x3ff50d148ca4ca83:0xfb8d823462d2a5a1!8m2!3d36.896828!4d49.4952218!16s%2Fg%2F11hzlqf8x_!19sChIJg8qkjBQN9T8RoaXSYjSCjfs?authuser=0&hl=en&rclk=1,2026-08-03T00:42:51.543329+00:00
1145,google_maps,Tipax,تیپاکس جانبازان رشت,گیلان,NULL,37.2796644,49.6169759,1.0,"It's awful, they keep coming back as if the recipient's number is on the box, sorry.",2 years ago,Maryam Tizro,NULL,NULL,NULL,https://www.google.com/maps/place/%D8%AA%DB%8C%D9%BE%D8%A7%DA%A9%D8%B3+%D8%AC%D8%A7%D9%86%D8%A8%D8%A7%D8%B2%D8%A7%D9%86+%D8%B1%D8%B4%D8%AA%E2%80%AD/data=!4m7!3m6!1s0x3ff5618dbc9b06b3:0x14f7a4fc581c375b!8m2!3d37.2796644!4d49.6169759!16s%2Fg%2F11sclpsx2g!19sChIJswabvI1h9T8RWzccWPyk9xQ?authuser=0&hl=en&rclk=1,2026-08-03T00:43:00.067085+00:00
1146,google_maps,Tipax,تیپاکس جانبازان رشت,گیلان,NULL,37.2796644,49.6169759,5.0,"Hello, this Tipax center is nothing special, especially their packaging services.",a year ago,jaber ahmadi,NULL,NULL,NULL,https://www.google.com/maps/place/%D8%AA%DB%8C%D9%BE%D8%A7%DA%A9%D8%B3+%D8%AC%D8%A7%D9%86%D8%A8%D8%A7%D8%B2%D8%A7%D9%86+%D8%B1%D8%B4%D8%AA%E2%80%AD/data=!4m7!3m6!1s0x3ff5618dbc9b06b3:0x14f7a4fc581c375b!8m2!3d37.2796644!4d49.6169759!16s%2Fg%2F11sclpsx2g!19sChIJswabvI1h9T8RWzccWPyk9xQ?authuser=0&hl=en&rclk=1,2026-08-03T00:43:00.067085+00:00
1147,google_maps,Tipax,تیپاکس جانبازان رشت,گیلان,NULL,37.2796644,49.6169759,5.0,👌 …,Edited a year ago,Kianoush Taheri,NULL,NULL,NULL,https://www.google.com/maps/place/%D8%AA%DB%8C%D9%BE%D8%A7%DA%A9%D8%B3+%D8%AC%D8%A7%D9%86%D8%A8%D8%A7%D8%B2%D8%A7%D9%86+%D8%B1%D8%B4%D8%AA%E2%80%AD/data=!4m7!3m6!1s0x3ff5618dbc9b06b3:0x14f7a4fc581c375b!8m2!3d37.2796644!4d49.6169759!16s%2Fg%2F11sclpsx2g!19sChIJswabvI1h9T8RWzccWPyk9xQ?authuser=0&hl=en&rclk=1,2026-08-03T00:43:00.067085+00:00
1148,google_maps,Tipax,تیپاکس منجیل,گیلان,NULL,36.7443035,49.3999047,5.0,"Greetings to you all I wanted to thank your colleagues at Tipax Manjil branch for tracking my package to Tabriz so efficiently. Our package had been at the Tabriz branch for two days, but we couldn't reach it. With Ms. Alipour's follow-up, the package was delivered very quickly. I wanted to thank them for their responsibility and follow-up.",4 years ago,Samaneh Mfathi,NULL,NULL,NULL,https://www.google.com/maps/place/%D8%AA%DB%8C%D9%BE%D8%A7%DA%A9%D8%B3+%D9%85%D9%86%D8%AC%DB%8C%D9%84%E2%80%AD/data=!4m7!3m6!1s0x3ff507ccd0c956ff:0x7069aac193d8b5eb!8m2!3d36.7443035!4d49.3999047!16s%2Fg%2F11fstg5stn!19sChIJ_1bJ0MwH9T8R67XYk8GqaXA?authuser=0&hl=en&rclk=1,2026-08-03T00:43:39.244439+00:00
1149,google_maps,Tipax,تیپاکس منجیل,گیلان,NULL,36.7443035,49.3999047,5.0,"A special thank you to Ms. Alipour😍 Her attitude and responsibility are great.. They answer and guide me patiently❤️ I went to send a package a few days ago and even though they were extremely busy, they guided me very carefully and calmly🥰 …",4 years ago,Sdh Fallah,NULL,NULL,NULL,https://www.google.com/maps/place/%D8%AA%DB%8C%D9%BE%D8%A7%DA%A9%D8%B3+%D9%85%D9%86%D8%AC%DB%8C%D9%84%E2%80%AD/data=!4m7!3m6!1s0x3ff507ccd0c956ff:0x7069aac193d8b5eb!8m2!3d36.7443035!4d49.3999047!16s%2Fg%2F11fstg5stn!19sChIJ_1bJ0MwH9T8R67XYk8GqaXA?authuser=0&hl=en&rclk=1,2026-08-03T00:43:39.244439+00:00
1150,google_maps,Tipax,تیپاکس منجیل,گیلان,NULL,36.7443035,49.3999047,5.0,"Greetings to you.. Thank you to Ms. Alipour for her excellent and timely service, including timely registration and timely delivery. Thank you to her... …",4 years ago,Amir reza azadian,NULL,NULL,NULL,https://www.google.com/maps/place/%D8%AA%DB%8C%D9%BE%D8%A7%DA%A9%D8%B3+%D9%85%D9%86%D8%AC%DB%8C%D9%84%E2%80%AD/data=!4m7!3m6!1s0x3ff507ccd0c956ff:0x7069aac193d8b5eb!8m2!3d36.7443035!4d49.3999047!16s%2Fg%2F11fstg5stn!19sChIJ_1bJ0MwH9T8R67XYk8GqaXA?authuser=0&hl=en&rclk=1,2026-08-03T00:43:39.244439+00:00
1151,google_maps,Tipax,تیپاکس منجیل,گیلان,NULL,36.7443035,49.3999047,5.0,Ms. Alipour is very responsible and friendly Thank you🙏 …,9 months ago,Adeleh Alizadeh,NULL,NULL,NULL,https://www.google.com/maps/place/%D8%AA%DB%8C%D9%BE%D8%A7%DA%A9%D8%B3+%D9%85%D9%86%D8%AC%DB%8C%D9%84%E2%80%AD/data=!4m7!3m6!1s0x3ff507ccd0c956ff:0x7069aac193d8b5eb!8m2!3d36.7443035!4d49.3999047!16s%2Fg%2F11fstg5stn!19sChIJ_1bJ0MwH9T8R67XYk8GqaXA?authuser=0&hl=en&rclk=1,2026-08-03T00:43:39.244439+00:00
1152,google_maps,Tipax,تیپاکس منجیل,گیلان,NULL,36.7443035,49.3999047,5.0,Their work and interaction were excellent.,5 years ago,میترا نصیری,NULL,NULL,NULL,https://www.google.com/maps/place/%D8%AA%DB%8C%D9%BE%D8%A7%DA%A9%D8%B3+%D9%85%D9%86%D8%AC%DB%8C%D9%84%E2%80%AD/data=!4m7!3m6!1s0x3ff507ccd0c956ff:0x7069aac193d8b5eb!8m2!3d36.7443035!4d49.3999047!16s%2Fg%2F11fstg5stn!19sChIJ_1bJ0MwH9T8R67XYk8GqaXA?authuser=0&hl=en&rclk=1,2026-08-03T00:43:39.244439+00:00
1153,google_maps,Tipax,تیپاکس منجیل,گیلان,NULL,36.7443035,49.3999047,5.0,"They really do a great job, thank you.",4 years ago,Nazli Jooon,NULL,NULL,NULL,https://www.google.com/maps/place/%D8%AA%DB%8C%D9%BE%D8%A7%DA%A9%D8%B3+%D9%85%D9%86%D8%AC%DB%8C%D9%84%E2%80%AD/data=!4m7!3m6!1s0x3ff507ccd0c956ff:0x7069aac193d8b5eb!8m2!3d36.7443035!4d49.3999047!16s%2Fg%2F11fstg5stn!19sChIJ_1bJ0MwH9T8R67XYk8GqaXA?authuser=0&hl=en&rclk=1,2026-08-03T00:43:39.244439+00:00
1154,google_maps,Tipax,تیپاکس منجیل,گیلان,NULL,36.7443035,49.3999047,5.0,They are doing the right thing.,5 years ago,Reza Hemmati,NULL,NULL,NULL,https://www.google.com/maps/place/%D8%AA%DB%8C%D9%BE%D8%A7%DA%A9%D8%B3+%D9%85%D9%86%D8%AC%DB%8C%D9%84%E2%80%AD/data=!4m7!3m6!1s0x3ff507ccd0c956ff:0x7069aac193d8b5eb!8m2!3d36.7443035!4d49.3999047!16s%2Fg%2F11fstg5stn!19sChIJ_1bJ0MwH9T8R67XYk8GqaXA?authuser=0&hl=en&rclk=1,2026-08-03T00:43:39.244439+00:00
1155,google_maps,Tipax,تیپاکس منجیل,گیلان,NULL,36.7443035,49.3999047,5.0,Excellent in every way 🌹 …,4 years ago,Amin Faraji,NULL,NULL,NULL,https://www.google.com/maps/place/%D8%AA%DB%8C%D9%BE%D8%A7%DA%A9%D8%B3+%D9%85%D9%86%D8%AC%DB%8C%D9%84%E2%80%AD/data=!4m7!3m6!1s0x3ff507ccd0c956ff:0x7069aac193d8b5eb!8m2!3d36.7443035!4d49.3999047!16s%2Fg%2F11fstg5stn!19sChIJ_1bJ0MwH9T8R67XYk8GqaXA?authuser=0&hl=en&rclk=1,2026-08-03T00:43:39.244439+00:00
1156,google_maps,Tipax,تیپاکس لنگرود آزادی,گیلان,NULL,37.1945355,50.1593158,5.0,It's a very good branch. The employees are very polite and knowledgeable.,3 years ago,Mehrab Asgharzadeh,NULL,NULL,NULL,https://www.google.com/maps/place/%D8%AA%DB%8C%D9%BE%D8%A7%DA%A9%D8%B3+%D9%84%D9%86%DA%AF%D8%B1%D9%88%D8%AF+%D8%A2%D8%B2%D8%A7%D8%AF%DB%8C%E2%80%AD/data=!4m7!3m6!1s0x3f8ac9ce2fa97b91:0x16f706b9fdd070d5!8m2!3d37.1945355!4d50.1593158!16s%2Fg%2F11t3fr15cf!19sChIJkXupL87Jij8R1XDQ_bkG9xY?authuser=0&hl=en&rclk=1,2026-08-03T00:44:18.402622+00:00
1157,google_maps,Tipax,تیپاکس لنگرود آزادی,گیلان,NULL,37.1945355,50.1593158,5.0,"Excellent, very friendly and fast shipping.",a year ago,علی ذاکری,NULL,NULL,NULL,https://www.google.com/maps/place/%D8%AA%DB%8C%D9%BE%D8%A7%DA%A9%D8%B3+%D9%84%D9%86%DA%AF%D8%B1%D9%88%D8%AF+%D8%A2%D8%B2%D8%A7%D8%AF%DB%8C%E2%80%AD/data=!4m7!3m6!1s0x3f8ac9ce2fa97b91:0x16f706b9fdd070d5!8m2!3d37.1945355!4d50.1593158!16s%2Fg%2F11t3fr15cf!19sChIJkXupL87Jij8R1XDQ_bkG9xY?authuser=0&hl=en&rclk=1,2026-08-03T00:44:18.402622+00:00
1158,google_maps,Tipax,تیپاکس پره سر,گیلان,NULL,37.6072966,49.0623248,5.0,Excellent,4 years ago,سعید نقره,NULL,NULL,NULL,https://www.google.com/maps/place/%D9%86%D9%85%D8%A7%DB%8C%D9%86%D8%AF%DA%AF%DB%8C+%D8%AA%DB%8C%D9%BE%D8%A7%DA%A9%D8%B3+%D9%BE%D8%B1%D9%87+%D8%B3%D8%B1%E2%80%AD/data=!4m7!3m6!1s0x401fa11092fec3c5:0x696cea5d50b4a084!8m2!3d37.6072966!4d49.0623248!16s%2Fg%2F11mr22g1xm!19sChIJxcP-khChH0ARhKC0UF3qbGk?authuser=0&hl=en&rclk=1,2026-08-03T00:44:33.959782+00:00
1159,google_maps,Tipax,تیپاکس پره سر,گیلان,NULL,37.6072966,49.0623248,5.0,Good,4 years ago,MAMAD REiGNZ,NULL,NULL,NULL,https://www.google.com/maps/place/%D9%86%D9%85%D8%A7%DB%8C%D9%86%D8%AF%DA%AF%DB%8C+%D8%AA%DB%8C%D9%BE%D8%A7%DA%A9%D8%B3+%D9%BE%D8%B1%D9%87+%D8%B3%D8%B1%E2%80%AD/data=!4m7!3m6!1s0x401fa11092fec3c5:0x696cea5d50b4a084!8m2!3d37.6072966!4d49.0623248!16s%2Fg%2F11mr22g1xm!19sChIJxcP-khChH0ARhKC0UF3qbGk?authuser=0&hl=en&rclk=1,2026-08-03T00:44:33.959782+00:00
1160,google_maps,Tipax,تیپاکس حمیدیان,Iran,Rasht، خیابان امام رضا جنب دفتر پیشخوان، چهارراه جمهوری، 7H82+4R4,37.2652603,49.5520894,1.0,"They don't think at all about how important it is for a package to arrive. They call you when the package has arrived. They bring you a direct address. How big is a park? Then when the package doesn't arrive, you go somewhere and track it down. It says the package was returned to the agency. Why? The postal officer came. It wasn't me at all. I've been working since morning until midnight. Everyone comes to see me. When did the officer come? I didn't see him. They're invisible. Otherwise, I've been waiting since morning. When did he come? Why do some employees do this? I wonder if they understand the importance of the package. Think about it. Maybe the medicine is inside. Why don't you come? Then they say, ""The office is back. What do you mean, I have to stay until Saturday?"" Oh, oh, oh. 😡😡😡😡😡😡😡😡😡😡",7 months ago,ebram tatles,NULL,NULL,NULL,https://www.google.com/maps/place/%D8%AA%DB%8C%D9%BE%D8%A7%DA%A9%D8%B3+%D8%AD%D9%85%DB%8C%D8%AF%DB%8C%D8%A7%D9%86%E2%80%AD/data=!4m7!3m6!1s0x3ff5630062e4e06d:0x560619bcc018b9a0!8m2!3d37.2652603!4d49.5520894!16s%2Fg%2F11w_zhn13f!19sChIJbeDkYgBj9T8RoLkYwLwZBlY?authuser=0&hl=en&rclk=1,2026-08-03T00:44:42.725593+00:00
1161,google_maps,Tipax,تیپاکس کوچصفهان,گیلان,NULL,37.2774733,49.7694092,1.0,The most ridiculous Tipax in my life Where in the world do they pay the postage and then go and get the product themselves The post office charges 50 Tomans and brings the package to your door Then Tipax charges 180 Tomans and says come and pick it up yourself,a year ago,hamed hasaninezhad1993,NULL,NULL,NULL,https://www.google.com/maps/place/%D9%86%D9%85%D8%A7%DB%8C%D9%86%D8%AF%DA%AF%DB%8C+%D8%AA%DB%8C%D9%BE%D8%A7%DA%A9%D8%B3+%DA%A9%D9%88%DA%86%D8%B5%D9%81%D9%87%D8%A7%D9%86%E2%80%AD/data=!4m7!3m6!1s0x3ff55d79e54ee13d:0xad9815cdaf0c1a33!8m2!3d37.2774733!4d49.7694092!16s%2Fg%2F11nmrm0g9s!19sChIJPeFO5Xld9T8RMxoMr80VmK0?authuser=0&hl=en&rclk=1,2026-08-03T00:44:59.802150+00:00
1162,google_maps,Tipax,تیپاکس کوچصفهان,گیلان,NULL,37.2774733,49.7694092,1.0,"Oh my god, they never respond. This was the last time I took the package to Tipax.",a year ago,Mina,NULL,NULL,NULL,https://www.google.com/maps/place/%D9%86%D9%85%D8%A7%DB%8C%D9%86%D8%AF%DA%AF%DB%8C+%D8%AA%DB%8C%D9%BE%D8%A7%DA%A9%D8%B3+%DA%A9%D9%88%DA%86%D8%B5%D9%81%D9%87%D8%A7%D9%86%E2%80%AD/data=!4m7!3m6!1s0x3ff55d79e54ee13d:0xad9815cdaf0c1a33!8m2!3d37.2774733!4d49.7694092!16s%2Fg%2F11nmrm0g9s!19sChIJPeFO5Xld9T8RMxoMr80VmK0?authuser=0&hl=en&rclk=1,2026-08-03T00:44:59.802150+00:00
1163,google_maps,Tipax,تیپاکس کوچصفهان,گیلان,NULL,37.2774733,49.7694092,5.0,Tipax Koch-e-Sfahan Excellent handling and speed of posting,2 years ago,‫امداد خودرو شبانه روزی سجاد (امداد خودرو شبانه روزی)‬‎,NULL,NULL,NULL,https://www.google.com/maps/place/%D9%86%D9%85%D8%A7%DB%8C%D9%86%D8%AF%DA%AF%DB%8C+%D8%AA%DB%8C%D9%BE%D8%A7%DA%A9%D8%B3+%DA%A9%D9%88%DA%86%D8%B5%D9%81%D9%87%D8%A7%D9%86%E2%80%AD/data=!4m7!3m6!1s0x3ff55d79e54ee13d:0xad9815cdaf0c1a33!8m2!3d37.2774733!4d49.7694092!16s%2Fg%2F11nmrm0g9s!19sChIJPeFO5Xld9T8RMxoMr80VmK0?authuser=0&hl=en&rclk=1,2026-08-03T00:44:59.802150+00:00
1164,google_maps,Tipax,تیپاکس رحیم آباد,گیلان,خمین,37.028063,50.3234024,4.0,Excellent,3 years ago,Mjid RC,NULL,NULL,NULL,https://www.google.com/maps/place/%D9%86%D9%85%D8%A7%DB%8C%D9%86%D8%AF%DA%AF%DB%8C+%D8%AA%DB%8C%D9%BE%D8%A7%DA%A9%D8%B3+%D8%B1%D8%AD%DB%8C%D9%85+%D8%A2%D8%A8%D8%A7%D8%AF%E2%80%AD/data=!4m7!3m6!1s0x3f8adf55e9991bf3:0xef5cc74c6c1f542a!8m2!3d37.028063!4d50.3234024!16s%2Fg%2F11ptsb1vb_!19sChIJ8xuZ6VXfij8RKlQfbEzHXO8?authuser=0&hl=en&rclk=1,2026-08-03T00:45:16.931735+00:00
1165,google_maps,Tipax,تیپاکس فومن,گیلان,NULL,37.2360721,49.3219842,2.0,Tipax's general management doesn't care about customer service at all.,3 years ago,Morteza Motevassel,NULL,NULL,NULL,https://www.google.com/maps/place/%D8%AA%DB%8C%D9%BE%D8%A7%DA%A9%D8%B3+%D9%81%D9%88%D9%85%D9%86%E2%80%AD/data=!4m7!3m6!1s0x401fd52ac5a4fe99:0x75da4782203feab!8m2!3d37.2360721!4d49.3219842!16s%2Fg%2F11j31v_pq0!19sChIJmf6kxSrVH0ARq_4DInikXQc?authuser=0&hl=en&rclk=1,2026-08-03T00:45:25.451144+00:00
1166,google_maps,Tipax,تیپاکس فومن,گیلان,NULL,37.2360721,49.3219842,3.0,Speed ​​in the matter of the shipment,5 years ago,meysam karimdoust,NULL,NULL,NULL,https://www.google.com/maps/place/%D8%AA%DB%8C%D9%BE%D8%A7%DA%A9%D8%B3+%D9%81%D9%88%D9%85%D9%86%E2%80%AD/data=!4m7!3m6!1s0x401fd52ac5a4fe99:0x75da4782203feab!8m2!3d37.2360721!4d49.3219842!16s%2Fg%2F11j31v_pq0!19sChIJmf6kxSrVH0ARq_4DInikXQc?authuser=0&hl=en&rclk=1,2026-08-03T00:45:25.451144+00:00
1167,google_maps,Tipax,تیپاکس فومن,گیلان,NULL,37.2360721,49.3219842,5.0,Good and fast service,2 years ago,Arman WOW,NULL,NULL,NULL,https://www.google.com/maps/place/%D8%AA%DB%8C%D9%BE%D8%A7%DA%A9%D8%B3+%D9%81%D9%88%D9%85%D9%86%E2%80%AD/data=!4m7!3m6!1s0x401fd52ac5a4fe99:0x75da4782203feab!8m2!3d37.2360721!4d49.3219842!16s%2Fg%2F11j31v_pq0!19sChIJmf6kxSrVH0ARq_4DInikXQc?authuser=0&hl=en&rclk=1,2026-08-03T00:45:25.451144+00:00
1168,google_maps,Tipax,تیپاکس اسالم,گیلان,ری,37.7294096,48.9544765,5.0,"I live in Kharjgil. Since the Tipax branch was opened in Asalem, sending and receiving packages has become very convenient for me.",3 years ago,Saeed Sadeghi nav,NULL,NULL,NULL,https://www.google.com/maps/place/%D8%AA%DB%8C%D9%BE%D8%A7%DA%A9%D8%B3+%D8%A7%D8%B3%D8%A7%D9%84%D9%85%E2%80%AD/data=!4m7!3m6!1s0x401f0df3df108427:0x548cdc3305b0d42b!8m2!3d37.7294096!4d48.9544765!16s%2Fg%2F11rm6w9b19!19sChIJJ4QQ3_MNH0ARK9SwBTPcjFQ?authuser=0&hl=en&rclk=1,2026-08-03T00:46:07.090574+00:00
1169,google_maps,Tipax,تیپاکس اسالم,گیلان,ری,37.7294096,48.9544765,5.0,"Organized, conscientious, friendly and approachable 🏡🍀 …",a year ago,Salman Zanganeh,NULL,NULL,NULL,https://www.google.com/maps/place/%D8%AA%DB%8C%D9%BE%D8%A7%DA%A9%D8%B3+%D8%A7%D8%B3%D8%A7%D9%84%D9%85%E2%80%AD/data=!4m7!3m6!1s0x401f0df3df108427:0x548cdc3305b0d42b!8m2!3d37.7294096!4d48.9544765!16s%2Fg%2F11rm6w9b19!19sChIJJ4QQ3_MNH0ARK9SwBTPcjFQ?authuser=0&hl=en&rclk=1,2026-08-03T00:46:07.090574+00:00
1170,google_maps,Tipax,تیپاکس اسالم,گیلان,ری,37.7294096,48.9544765,5.0,"Excellent, Mr. Mohsen, right job ❤️",a year ago,Erfan Pasban,NULL,NULL,NULL,https://www.google.com/maps/place/%D8%AA%DB%8C%D9%BE%D8%A7%DA%A9%D8%B3+%D8%A7%D8%B3%D8%A7%D9%84%D9%85%E2%80%AD/data=!4m7!3m6!1s0x401f0df3df108427:0x548cdc3305b0d42b!8m2!3d37.7294096!4d48.9544765!16s%2Fg%2F11rm6w9b19!19sChIJJ4QQ3_MNH0ARK9SwBTPcjFQ?authuser=0&hl=en&rclk=1,2026-08-03T00:46:07.090574+00:00
1171,google_maps,Tipax,تیپاکس اسالم,گیلان,ری,37.7294096,48.9544765,5.0,Excellent,2 years ago,tofighi,NULL,NULL,NULL,https://www.google.com/maps/place/%D8%AA%DB%8C%D9%BE%D8%A7%DA%A9%D8%B3+%D8%A7%D8%B3%D8%A7%D9%84%D9%85%E2%80%AD/data=!4m7!3m6!1s0x401f0df3df108427:0x548cdc3305b0d42b!8m2!3d37.7294096!4d48.9544765!16s%2Fg%2F11rm6w9b19!19sChIJJ4QQ3_MNH0ARK9SwBTPcjFQ?authuser=0&hl=en&rclk=1,2026-08-03T00:46:07.090574+00:00
1172,google_maps,Tipax,تیپاکس سیاهکل,گیلان,NULL,37.1530447,49.8728183,1.0,"This means that there is really no one to take care of this Tipax agency. Everyone who says you have to come to the agency to pick up your package, a city that can be covered from start to finish in ten minutes by car, no matter whether it …",Edited 2 years ago,barbod habibi,NULL,NULL,NULL,https://www.google.com/maps/place/%D9%86%D9%85%D8%A7%DB%8C%D9%86%D8%AF%DA%AF%DB%8C+%D8%AA%DB%8C%D9%BE%D8%A7%DA%A9%D8%B3+%D8%B3%DB%8C%D8%A7%D9%87%DA%A9%D9%84%E2%80%AD/data=!4m7!3m6!1s0x3ff5498971d8aad9:0xd63073c5b364985a!8m2!3d37.1530447!4d49.8728183!16s%2Fg%2F11mts4v39g!19sChIJ2arYcYlJ9T8RWphks8VzMNY?authuser=0&hl=en&rclk=1,2026-08-03T00:46:15.635599+00:00
1173,google_maps,Tipax,تیپاکس سیاهکل,گیلان,NULL,37.1530447,49.8728183,1.0,"You should call when the package arrives, not just let it call you whenever you feel like it. It's not our job to follow up to see if it's arrived or not. Your cartoon is not true.",a year ago,Kasra Parsa,NULL,NULL,NULL,https://www.google.com/maps/place/%D9%86%D9%85%D8%A7%DB%8C%D9%86%D8%AF%DA%AF%DB%8C+%D8%AA%DB%8C%D9%BE%D8%A7%DA%A9%D8%B3+%D8%B3%DB%8C%D8%A7%D9%87%DA%A9%D9%84%E2%80%AD/data=!4m7!3m6!1s0x3ff5498971d8aad9:0xd63073c5b364985a!8m2!3d37.1530447!4d49.8728183!16s%2Fg%2F11mts4v39g!19sChIJ2arYcYlJ9T8RWphks8VzMNY?authuser=0&hl=en&rclk=1,2026-08-03T00:46:15.635599+00:00
1174,google_maps,Tipax,تیپاکس سیاهکل,گیلان,NULL,37.1530447,49.8728183,1.0,"It was awful, they really didn't give themselves a hard time getting into the city.",3 years ago,hana Rajabe,NULL,NULL,NULL,https://www.google.com/maps/place/%D9%86%D9%85%D8%A7%DB%8C%D9%86%D8%AF%DA%AF%DB%8C+%D8%AA%DB%8C%D9%BE%D8%A7%DA%A9%D8%B3+%D8%B3%DB%8C%D8%A7%D9%87%DA%A9%D9%84%E2%80%AD/data=!4m7!3m6!1s0x3ff5498971d8aad9:0xd63073c5b364985a!8m2!3d37.1530447!4d49.8728183!16s%2Fg%2F11mts4v39g!19sChIJ2arYcYlJ9T8RWphks8VzMNY?authuser=0&hl=en&rclk=1,2026-08-03T00:46:15.635599+00:00
1175,google_maps,Tipax,تیپاکس ماسال,گیلان,NULL,37.3642582,49.1285945,1.0,They don't answer the phone at all.,9 months ago,مهدی ص,NULL,NULL,NULL,https://www.google.com/maps/place/%D8%AA%DB%8C%D9%BE%D8%A7%DA%A9%D8%B3+%D8%B4%D8%B9%D8%A8%D9%87+%D9%85%D8%A7%D8%B3%D8%A7%D9%84%E2%80%AD/data=!4m7!3m6!1s0x401fcb2157e97417:0x9f0709549624620f!8m2!3d37.3642582!4d49.1285945!16s%2Fg%2F11h70pc9fk!19sChIJF3TpVyHLH0ARD2IkllQJB58?authuser=0&hl=en&rclk=1,2026-08-03T00:46:32.818162+00:00
1176,google_maps,Tipax,تیپاکس کلاچای,گیلان,NULL,37.0743345,50.3998574,1.0,"They don't deliver the parcel to its destination and send a message asking someone to go and pick up the parcel. What's interesting is that in their message they threaten me that if I come, they will return it to the sender. Even though I live 200 meters away from Tipax, they don't deliver it to me.",4 years ago,Navid Amade,NULL,NULL,NULL,https://www.google.com/maps/place/%D9%86%D9%85%D8%A7%DB%8C%D9%86%D8%AF%DA%AF%DB%8C+%D8%AA%DB%8C%D9%BE%D8%A7%DA%A9%D8%B3+%DA%A9%D9%84%D8%A7%DA%86%D8%A7%DB%8C%E2%80%AD/data=!4m7!3m6!1s0x3f8ae11697003185:0xdf4865abb11d819c!8m2!3d37.0743345!4d50.3998574!16s%2Fg%2F11hn586_y4!19sChIJhTEAlxbhij8RnIEdsatlSN8?authuser=0&hl=en&rclk=1,2026-08-03T00:46:41.422790+00:00
1177,google_maps,Tipax,تیپاکس کلاچای,گیلان,NULL,37.0743345,50.3998574,5.0,"Excellent responsiveness, excellent customer follow-up, polite and personable lady, they are present to follow up and complete my work over the phone.",3 years ago,Javad Javad,NULL,NULL,NULL,https://www.google.com/maps/place/%D9%86%D9%85%D8%A7%DB%8C%D9%86%D8%AF%DA%AF%DB%8C+%D8%AA%DB%8C%D9%BE%D8%A7%DA%A9%D8%B3+%DA%A9%D9%84%D8%A7%DA%86%D8%A7%DB%8C%E2%80%AD/data=!4m7!3m6!1s0x3f8ae11697003185:0xdf4865abb11d819c!8m2!3d37.0743345!4d50.3998574!16s%2Fg%2F11hn586_y4!19sChIJhTEAlxbhij8RnIEdsatlSN8?authuser=0&hl=en&rclk=1,2026-08-03T00:46:41.422790+00:00
1178,google_maps,Tipax,تیپاکس کلاچای,گیلان,NULL,37.0743345,50.3998574,1.0,"The package must be picked up from the agency, they will not be delivered to the destination.",a year ago,F,NULL,NULL,NULL,https://www.google.com/maps/place/%D9%86%D9%85%D8%A7%DB%8C%D9%86%D8%AF%DA%AF%DB%8C+%D8%AA%DB%8C%D9%BE%D8%A7%DA%A9%D8%B3+%DA%A9%D9%84%D8%A7%DA%86%D8%A7%DB%8C%E2%80%AD/data=!4m7!3m6!1s0x3f8ae11697003185:0xdf4865abb11d819c!8m2!3d37.0743345!4d50.3998574!16s%2Fg%2F11hn586_y4!19sChIJhTEAlxbhij8RnIEdsatlSN8?authuser=0&hl=en&rclk=1,2026-08-03T00:46:41.422790+00:00
1179,google_maps,Tipax,تیپاکس کلاچای,گیلان,NULL,37.0743345,50.3998574,5.0,The dealership is open and busy. The staff is also great and attentive.,a year ago,Lux Shop,NULL,NULL,NULL,https://www.google.com/maps/place/%D9%86%D9%85%D8%A7%DB%8C%D9%86%D8%AF%DA%AF%DB%8C+%D8%AA%DB%8C%D9%BE%D8%A7%DA%A9%D8%B3+%DA%A9%D9%84%D8%A7%DA%86%D8%A7%DB%8C%E2%80%AD/data=!4m7!3m6!1s0x3f8ae11697003185:0xdf4865abb11d819c!8m2!3d37.0743345!4d50.3998574!16s%2Fg%2F11hn586_y4!19sChIJhTEAlxbhij8RnIEdsatlSN8?authuser=0&hl=en&rclk=1,2026-08-03T00:46:41.422790+00:00
1180,google_maps,Tipax,تیپاکس کلاچای,گیلان,NULL,37.0743345,50.3998574,4.0,"Good, great, great staff",3 years ago,Na Nami,NULL,NULL,NULL,https://www.google.com/maps/place/%D9%86%D9%85%D8%A7%DB%8C%D9%86%D8%AF%DA%AF%DB%8C+%D8%AA%DB%8C%D9%BE%D8%A7%DA%A9%D8%B3+%DA%A9%D9%84%D8%A7%DA%86%D8%A7%DB%8C%E2%80%AD/data=!4m7!3m6!1s0x3f8ae11697003185:0xdf4865abb11d819c!8m2!3d37.0743345!4d50.3998574!16s%2Fg%2F11hn586_y4!19sChIJhTEAlxbhij8RnIEdsatlSN8?authuser=0&hl=en&rclk=1,2026-08-03T00:46:41.422790+00:00
1181,google_maps,Tipax,تیپاکس کلاچای,گیلان,NULL,37.0743345,50.3998574,5.0,Saadi from Kalachai,2 years ago,سعدی رحمت پور,NULL,NULL,NULL,https://www.google.com/maps/place/%D9%86%D9%85%D8%A7%DB%8C%D9%86%D8%AF%DA%AF%DB%8C+%D8%AA%DB%8C%D9%BE%D8%A7%DA%A9%D8%B3+%DA%A9%D9%84%D8%A7%DA%86%D8%A7%DB%8C%E2%80%AD/data=!4m7!3m6!1s0x3f8ae11697003185:0xdf4865abb11d819c!8m2!3d37.0743345!4d50.3998574!16s%2Fg%2F11hn586_y4!19sChIJhTEAlxbhij8RnIEdsatlSN8?authuser=0&hl=en&rclk=1,2026-08-03T00:46:41.422790+00:00
1182,google_maps,Tipax,تیپاکس نور,مازندران,NULL,36.5712534,52.0068261,1.0,"I am Fardin Mohseni, a resident of Noor, and I have a history of managing an online store office in the city. I was shopping online from Torbat Jam. My home and work are close together. From the first day the goods arrived until the last day, no calls or deliveries. I am in the store. My phone receives a message saying that the package will be returned to the agency due to your absence. The interesting thing is that I even call Tipax with several mobile and landline numbers, they do not answer, then they return it to the sender. The Tipax fee is with me. Returning the package is very easy. They do not have any proof in their phone that they called me or if they did not come and I did not come, they should take a photo or video to determine the date of delivery. They say they do not have that either, but I have proof. The camera outside the store recorded the video from the moment the goods arrived in Noor until the moment they returned. No Tipax Mazandaran Noor violation report and complaint about non-distribution were made to Tipax Tehran itself. Both phone calls and online chats were made, but no action was taken. The best service I have worked with in Noor is Chapar. If you make an online purchase somewhere like Tehran at 4 p.m. Tomorrow at 9 am they will be at your house and call you from their cell phone and then don't answer the doorbell. In any case, they will deliver. They won't go through the postal system. I have to register a return like Tipax. I have an online store office in the city for several years. With a history of buying and selling in all cities, Chapar is the best service. In the end, it was not possible. Don't go to Tipax at all. Maybe other cities are better. I don't know, but Tipax Noor is really terrible.",a year ago,BLACKSHOPCENTER BLACKMARKETING,NULL,NULL,NULL,https://www.google.com/maps/place/%D8%AA%DB%8C%D9%BE%D8%A7%DA%A9%D8%B3+%D8%B4%D8%B9%D8%A8%D9%87+%D9%86%D9%88%D8%B1%E2%80%AD/data=!4m7!3m6!1s0x3f8efd98720cc927:0x5d85f22726a46cf3!8m2!3d36.5712534!4d52.0068261!16s%2Fg%2F11h2jx0rtg!19sChIJJ8kMcpj9jj8R82ykJifyhV0?authuser=0&hl=en&rclk=1,2026-08-03T00:47:50.928185+00:00
1183,google_maps,Tipax,تیپاکس نور,مازندران,NULL,36.5712534,52.0068261,4.0,Appropriate handling and handling of customer requests in the shortest possible time,5 years ago,Reza Azizi,NULL,NULL,NULL,https://www.google.com/maps/place/%D8%AA%DB%8C%D9%BE%D8%A7%DA%A9%D8%B3+%D8%B4%D8%B9%D8%A8%D9%87+%D9%86%D9%88%D8%B1%E2%80%AD/data=!4m7!3m6!1s0x3f8efd98720cc927:0x5d85f22726a46cf3!8m2!3d36.5712534!4d52.0068261!16s%2Fg%2F11h2jx0rtg!19sChIJJ8kMcpj9jj8R82ykJifyhV0?authuser=0&hl=en&rclk=1,2026-08-03T00:47:50.928185+00:00
1184,google_maps,Tipax,تیپاکس نور,مازندران,NULL,36.5712534,52.0068261,5.0,They are very promising and the product arrived in one day.,5 years ago,alim m,NULL,NULL,NULL,https://www.google.com/maps/place/%D8%AA%DB%8C%D9%BE%D8%A7%DA%A9%D8%B3+%D8%B4%D8%B9%D8%A8%D9%87+%D9%86%D9%88%D8%B1%E2%80%AD/data=!4m7!3m6!1s0x3f8efd98720cc927:0x5d85f22726a46cf3!8m2!3d36.5712534!4d52.0068261!16s%2Fg%2F11h2jx0rtg!19sChIJJ8kMcpj9jj8R82ykJifyhV0?authuser=0&hl=en&rclk=1,2026-08-03T00:47:50.928185+00:00
1185,google_maps,Tipax,تیپاکس نور,مازندران,NULL,36.5712534,52.0068261,2.0,They are not responsive and do not answer the phone.,2 years ago,JACOB JACOBS,NULL,NULL,NULL,https://www.google.com/maps/place/%D8%AA%DB%8C%D9%BE%D8%A7%DA%A9%D8%B3+%D8%B4%D8%B9%D8%A8%D9%87+%D9%86%D9%88%D8%B1%E2%80%AD/data=!4m7!3m6!1s0x3f8efd98720cc927:0x5d85f22726a46cf3!8m2!3d36.5712534!4d52.0068261!16s%2Fg%2F11h2jx0rtg!19sChIJJ8kMcpj9jj8R82ykJifyhV0?authuser=0&hl=en&rclk=1,2026-08-03T00:47:50.928185+00:00
1186,google_maps,Tipax,تیپاکس نور,مازندران,NULL,36.5712534,52.0068261,3.0,"Unlike other Tipax offices, they have good service.",3 years ago,Amir Karimi,NULL,NULL,NULL,https://www.google.com/maps/place/%D8%AA%DB%8C%D9%BE%D8%A7%DA%A9%D8%B3+%D8%B4%D8%B9%D8%A8%D9%87+%D9%86%D9%88%D8%B1%E2%80%AD/data=!4m7!3m6!1s0x3f8efd98720cc927:0x5d85f22726a46cf3!8m2!3d36.5712534!4d52.0068261!16s%2Fg%2F11h2jx0rtg!19sChIJJ8kMcpj9jj8R82ykJifyhV0?authuser=0&hl=en&rclk=1,2026-08-03T00:47:50.928185+00:00
1187,google_maps,Tipax,تیپاکس نور,مازندران,NULL,36.5712534,52.0068261,1.0,It was closed.,4 years ago,H.Alireza Allahverdy,NULL,NULL,NULL,https://www.google.com/maps/place/%D8%AA%DB%8C%D9%BE%D8%A7%DA%A9%D8%B3+%D8%B4%D8%B9%D8%A8%D9%87+%D9%86%D9%88%D8%B1%E2%80%AD/data=!4m7!3m6!1s0x3f8efd98720cc927:0x5d85f22726a46cf3!8m2!3d36.5712534!4d52.0068261!16s%2Fg%2F11h2jx0rtg!19sChIJJ8kMcpj9jj8R82ykJifyhV0?authuser=0&hl=en&rclk=1,2026-08-03T00:47:50.928185+00:00
1188,google_maps,Tipax,تیپاکس نور,مازندران,NULL,36.5712534,52.0068261,5.0,Excellent,3 years ago,کامبیز یوسفی,NULL,NULL,NULL,https://www.google.com/maps/place/%D8%AA%DB%8C%D9%BE%D8%A7%DA%A9%D8%B3+%D8%B4%D8%B9%D8%A8%D9%87+%D9%86%D9%88%D8%B1%E2%80%AD/data=!4m7!3m6!1s0x3f8efd98720cc927:0x5d85f22726a46cf3!8m2!3d36.5712534!4d52.0068261!16s%2Fg%2F11h2jx0rtg!19sChIJJ8kMcpj9jj8R82ykJifyhV0?authuser=0&hl=en&rclk=1,2026-08-03T00:47:50.928185+00:00
1189,google_maps,Tipax,تیپاکس بابل,مازندران,NULL,36.5465834,52.6719756,1.0,"The staff is very rude. Even though they are supposed to bring the package to your door, they never do. They sent my package to Karaj by mistake. It's been a week since I received it. Then, a year ago, their courier called me at my door without any coordination and I wasn't home. Even though Tipax itself said twice that the courier was supposed to bring the package, I called them a second time and they were in debt and rudely told me to get the courier to bring the package to you. Most of the time, the packages are damaged. I will no longer buy from stores that send packages with Tipax.",5 months ago,fereshte abedi,NULL,NULL,NULL,https://www.google.com/maps/place/%D8%AA%DB%8C%D9%BE%D8%A7%DA%A9%D8%B3+%D8%B4%D8%B9%D8%A8%D9%87+%D8%A8%D8%A7%D8%A8%D9%84%E2%80%AD/data=!4m7!3m6!1s0x3f8f884fc7135ab1:0x673df1a6e0d626e8!8m2!3d36.5465834!4d52.6719756!16s%2Fg%2F11dfl926ry!19sChIJsVoTx0-Ijz8R6CbW4KbxPWc?authuser=0&hl=en&rclk=1,2026-08-03T00:48:17.164630+00:00
1190,google_maps,Tipax,تیپاکس بابل,مازندران,NULL,36.5465834,52.6719756,1.0,"It's so shameless... They charge you for shipping the package, but not only don't they deliver it to you, they don't even bother to let you know that your package has arrived and to bring it back... It's so senseless.",3 years ago,Mohsen Mokhtari,NULL,NULL,NULL,https://www.google.com/maps/place/%D8%AA%DB%8C%D9%BE%D8%A7%DA%A9%D8%B3+%D8%B4%D8%B9%D8%A8%D9%87+%D8%A8%D8%A7%D8%A8%D9%84%E2%80%AD/data=!4m7!3m6!1s0x3f8f884fc7135ab1:0x673df1a6e0d626e8!8m2!3d36.5465834!4d52.6719756!16s%2Fg%2F11dfl926ry!19sChIJsVoTx0-Ijz8R6CbW4KbxPWc?authuser=0&hl=en&rclk=1,2026-08-03T00:48:17.164630+00:00
1191,google_maps,Tipax,تیپاکس بابل,مازندران,NULL,36.5465834,52.6719756,1.0,"It's a shame, I don't know why there's no monitoring. It's all personal expenses, the agency or yourself. Come and take their word for it. Everyone gave the same opinion. Tipax, look into it!",5 years ago,hanie aziz,NULL,NULL,NULL,https://www.google.com/maps/place/%D8%AA%DB%8C%D9%BE%D8%A7%DA%A9%D8%B3+%D8%B4%D8%B9%D8%A8%D9%87+%D8%A8%D8%A7%D8%A8%D9%84%E2%80%AD/data=!4m7!3m6!1s0x3f8f884fc7135ab1:0x673df1a6e0d626e8!8m2!3d36.5465834!4d52.6719756!16s%2Fg%2F11dfl926ry!19sChIJsVoTx0-Ijz8R6CbW4KbxPWc?authuser=0&hl=en&rclk=1,2026-08-03T00:48:17.164630+00:00
1192,google_maps,Tipax,تیپاکس بابل,مازندران,NULL,36.5465834,52.6719756,1.0,"Tipax is a ridiculous thing. It costs twice as much as postage, it takes longer to arrive, and you have to go to the branch to pick it up yourself. Ridiculous, ridiculous, ridiculous.",5 years ago,majid shabani,NULL,NULL,NULL,https://www.google.com/maps/place/%D8%AA%DB%8C%D9%BE%D8%A7%DA%A9%D8%B3+%D8%B4%D8%B9%D8%A8%D9%87+%D8%A8%D8%A7%D8%A8%D9%84%E2%80%AD/data=!4m7!3m6!1s0x3f8f884fc7135ab1:0x673df1a6e0d626e8!8m2!3d36.5465834!4d52.6719756!16s%2Fg%2F11dfl926ry!19sChIJsVoTx0-Ijz8R6CbW4KbxPWc?authuser=0&hl=en&rclk=1,2026-08-03T00:48:17.164630+00:00
1193,google_maps,Tipax,تیپاکس بابل,مازندران,NULL,36.5465834,52.6719756,1.0,"They send a text message, ""Come and pick up at the office,"" so why do you charge for door-to-door delivery and address?",3 years ago,Milad Alijani,NULL,NULL,NULL,https://www.google.com/maps/place/%D8%AA%DB%8C%D9%BE%D8%A7%DA%A9%D8%B3+%D8%B4%D8%B9%D8%A8%D9%87+%D8%A8%D8%A7%D8%A8%D9%84%E2%80%AD/data=!4m7!3m6!1s0x3f8f884fc7135ab1:0x673df1a6e0d626e8!8m2!3d36.5465834!4d52.6719756!16s%2Fg%2F11dfl926ry!19sChIJsVoTx0-Ijz8R6CbW4KbxPWc?authuser=0&hl=en&rclk=1,2026-08-03T00:48:17.164630+00:00
1194,google_maps,Tipax,تیپاکس بابل,مازندران,NULL,36.5465834,52.6719756,4.0,"It's a good branch, I gave it one star less because they make you knock to answer the phone :)",Edited 3 years ago,moein raei,NULL,NULL,NULL,https://www.google.com/maps/place/%D8%AA%DB%8C%D9%BE%D8%A7%DA%A9%D8%B3+%D8%B4%D8%B9%D8%A8%D9%87+%D8%A8%D8%A7%D8%A8%D9%84%E2%80%AD/data=!4m7!3m6!1s0x3f8f884fc7135ab1:0x673df1a6e0d626e8!8m2!3d36.5465834!4d52.6719756!16s%2Fg%2F11dfl926ry!19sChIJsVoTx0-Ijz8R6CbW4KbxPWc?authuser=0&hl=en&rclk=1,2026-08-03T00:48:17.164630+00:00
1195,google_maps,Tipax,تیپاکس بابل,مازندران,NULL,36.5465834,52.6719756,5.0,The package we received was very well packaged and I received my order 24 hours later!,6 years ago,Mohammad,NULL,NULL,NULL,https://www.google.com/maps/place/%D8%AA%DB%8C%D9%BE%D8%A7%DA%A9%D8%B3+%D8%B4%D8%B9%D8%A8%D9%87+%D8%A8%D8%A7%D8%A8%D9%84%E2%80%AD/data=!4m7!3m6!1s0x3f8f884fc7135ab1:0x673df1a6e0d626e8!8m2!3d36.5465834!4d52.6719756!16s%2Fg%2F11dfl926ry!19sChIJsVoTx0-Ijz8R6CbW4KbxPWc?authuser=0&hl=en&rclk=1,2026-08-03T00:48:17.164630+00:00
1196,google_maps,Tipax,تیپاکس بابل,مازندران,NULL,36.5465834,52.6719756,1.0,"They didn't answer the phone. I called ten times, even once their phone was busy.",2 years ago,Nazanin_adabi jfry,NULL,NULL,NULL,https://www.google.com/maps/place/%D8%AA%DB%8C%D9%BE%D8%A7%DA%A9%D8%B3+%D8%B4%D8%B9%D8%A8%D9%87+%D8%A8%D8%A7%D8%A8%D9%84%E2%80%AD/data=!4m7!3m6!1s0x3f8f884fc7135ab1:0x673df1a6e0d626e8!8m2!3d36.5465834!4d52.6719756!16s%2Fg%2F11dfl926ry!19sChIJsVoTx0-Ijz8R6CbW4KbxPWc?authuser=0&hl=en&rclk=1,2026-08-03T00:48:17.164630+00:00
1197,google_maps,Tipax,تیپاکس بابل,مازندران,NULL,36.5465834,52.6719756,1.0,"Busy, every time you call, it's busy, finally I'll pack it back and send it back.",4 years ago,ツSonly,NULL,NULL,NULL,https://www.google.com/maps/place/%D8%AA%DB%8C%D9%BE%D8%A7%DA%A9%D8%B3+%D8%B4%D8%B9%D8%A8%D9%87+%D8%A8%D8%A7%D8%A8%D9%84%E2%80%AD/data=!4m7!3m6!1s0x3f8f884fc7135ab1:0x673df1a6e0d626e8!8m2!3d36.5465834!4d52.6719756!16s%2Fg%2F11dfl926ry!19sChIJsVoTx0-Ijz8R6CbW4KbxPWc?authuser=0&hl=en&rclk=1,2026-08-03T00:48:17.164630+00:00
1198,google_maps,Tipax,تیپاکس بابل,مازندران,NULL,36.5465834,52.6719756,5.0,Good...,5 years ago,Ahmad Amiri,NULL,NULL,NULL,https://www.google.com/maps/place/%D8%AA%DB%8C%D9%BE%D8%A7%DA%A9%D8%B3+%D8%B4%D8%B9%D8%A8%D9%87+%D8%A8%D8%A7%D8%A8%D9%84%E2%80%AD/data=!4m7!3m6!1s0x3f8f884fc7135ab1:0x673df1a6e0d626e8!8m2!3d36.5465834!4d52.6719756!16s%2Fg%2F11dfl926ry!19sChIJsVoTx0-Ijz8R6CbW4KbxPWc?authuser=0&hl=en&rclk=1,2026-08-03T00:48:17.164630+00:00
1199,google_maps,Tipax,تیپاکس بابلسر,مازندران,NULL,36.6939552,52.6448519,1.0,"Unfortunately, whenever we have a package that is sent to us by Tipax and arrives at this Babolsar branch, we get a message that the package came to your house, you were not present and it was returned. …",a month ago,Sara E,NULL,NULL,NULL,https://www.google.com/maps/place/%D9%86%D9%85%D8%A7%DB%8C%D9%86%D8%AF%DA%AF%DB%8C+%D8%AA%DB%8C%D9%BE%D8%A7%DA%A9%D8%B3+%D8%A8%D8%A7%D8%A8%D9%84%D8%B3%D8%B1%E2%80%AD/data=!4m7!3m6!1s0x3f8f8169a5efef15:0x67faeebefc7d6fab!8m2!3d36.6939552!4d52.6448519!16s%2Fg%2F11hn9g1cvw!19sChIJFe_vpWmBjz8Rq299_L7u-mc?authuser=0&hl=en&rclk=1,2026-08-03T00:48:25.802187+00:00
1200,google_maps,Tipax,تیپاکس بابلسر,مازندران,NULL,36.6939552,52.6448519,5.0,"Tipax Tehran is full of bad language and irresponsibility, but this Babolsar branch informs me on time when I send a package or it is sent to me. I am really grateful for their service.",3 years ago,Reza Varamini,NULL,NULL,NULL,https://www.google.com/maps/place/%D9%86%D9%85%D8%A7%DB%8C%D9%86%D8%AF%DA%AF%DB%8C+%D8%AA%DB%8C%D9%BE%D8%A7%DA%A9%D8%B3+%D8%A8%D8%A7%D8%A8%D9%84%D8%B3%D8%B1%E2%80%AD/data=!4m7!3m6!1s0x3f8f8169a5efef15:0x67faeebefc7d6fab!8m2!3d36.6939552!4d52.6448519!16s%2Fg%2F11hn9g1cvw!19sChIJFe_vpWmBjz8Rq299_L7u-mc?authuser=0&hl=en&rclk=1,2026-08-03T00:48:25.802187+00:00
1201,google_maps,Tipax,تیپاکس بابلسر,مازندران,NULL,36.6939552,52.6448519,5.0,Hello. I've had packages a few times before and they were great. Recently they've become very irresponsible. They don't answer the phone or have a proper attitude in person.,10 months ago,Reza Esmaile,NULL,NULL,NULL,https://www.google.com/maps/place/%D9%86%D9%85%D8%A7%DB%8C%D9%86%D8%AF%DA%AF%DB%8C+%D8%AA%DB%8C%D9%BE%D8%A7%DA%A9%D8%B3+%D8%A8%D8%A7%D8%A8%D9%84%D8%B3%D8%B1%E2%80%AD/data=!4m7!3m6!1s0x3f8f8169a5efef15:0x67faeebefc7d6fab!8m2!3d36.6939552!4d52.6448519!16s%2Fg%2F11hn9g1cvw!19sChIJFe_vpWmBjz8Rq299_L7u-mc?authuser=0&hl=en&rclk=1,2026-08-03T00:48:25.802187+00:00
1202,google_maps,Tipax,تیپاکس بابلسر,مازندران,NULL,36.6939552,52.6448519,1.0,"They deliver the package late and say the car broke down. Well, the car broke down, go rent another car.",5 months ago,ali yazdani,NULL,NULL,NULL,https://www.google.com/maps/place/%D9%86%D9%85%D8%A7%DB%8C%D9%86%D8%AF%DA%AF%DB%8C+%D8%AA%DB%8C%D9%BE%D8%A7%DA%A9%D8%B3+%D8%A8%D8%A7%D8%A8%D9%84%D8%B3%D8%B1%E2%80%AD/data=!4m7!3m6!1s0x3f8f8169a5efef15:0x67faeebefc7d6fab!8m2!3d36.6939552!4d52.6448519!16s%2Fg%2F11hn9g1cvw!19sChIJFe_vpWmBjz8Rq299_L7u-mc?authuser=0&hl=en&rclk=1,2026-08-03T00:48:25.802187+00:00
1203,google_maps,Tipax,تیپاکس بابلسر,مازندران,NULL,36.6939552,52.6448519,1.0,"I wasn't satisfied at all, they didn't even answer the phone.",6 years ago,Fred Ghanavati,NULL,NULL,NULL,https://www.google.com/maps/place/%D9%86%D9%85%D8%A7%DB%8C%D9%86%D8%AF%DA%AF%DB%8C+%D8%AA%DB%8C%D9%BE%D8%A7%DA%A9%D8%B3+%D8%A8%D8%A7%D8%A8%D9%84%D8%B3%D8%B1%E2%80%AD/data=!4m7!3m6!1s0x3f8f8169a5efef15:0x67faeebefc7d6fab!8m2!3d36.6939552!4d52.6448519!16s%2Fg%2F11hn9g1cvw!19sChIJFe_vpWmBjz8Rq299_L7u-mc?authuser=0&hl=en&rclk=1,2026-08-03T00:48:25.802187+00:00
1204,google_maps,Tipax,تیپاکس بابلسر,مازندران,NULL,36.6939552,52.6448519,5.0,Very good and fast delivery of the package.,5 years ago,Hesam Tajalli,NULL,NULL,NULL,https://www.google.com/maps/place/%D9%86%D9%85%D8%A7%DB%8C%D9%86%D8%AF%DA%AF%DB%8C+%D8%AA%DB%8C%D9%BE%D8%A7%DA%A9%D8%B3+%D8%A8%D8%A7%D8%A8%D9%84%D8%B3%D8%B1%E2%80%AD/data=!4m7!3m6!1s0x3f8f8169a5efef15:0x67faeebefc7d6fab!8m2!3d36.6939552!4d52.6448519!16s%2Fg%2F11hn9g1cvw!19sChIJFe_vpWmBjz8Rq299_L7u-mc?authuser=0&hl=en&rclk=1,2026-08-03T00:48:25.802187+00:00
1205,google_maps,Tipax,تیپاکس بابلسر,مازندران,NULL,36.6939552,52.6448519,4.0,Their service was fast and good.,7 years ago,Mohammad Ghaemi,NULL,NULL,NULL,https://www.google.com/maps/place/%D9%86%D9%85%D8%A7%DB%8C%D9%86%D8%AF%DA%AF%DB%8C+%D8%AA%DB%8C%D9%BE%D8%A7%DA%A9%D8%B3+%D8%A8%D8%A7%D8%A8%D9%84%D8%B3%D8%B1%E2%80%AD/data=!4m7!3m6!1s0x3f8f8169a5efef15:0x67faeebefc7d6fab!8m2!3d36.6939552!4d52.6448519!16s%2Fg%2F11hn9g1cvw!19sChIJFe_vpWmBjz8Rq299_L7u-mc?authuser=0&hl=en&rclk=1,2026-08-03T00:48:25.802187+00:00
1206,google_maps,Tipax,تیپاکس بابلسر,مازندران,NULL,36.6939552,52.6448519,3.0,Thank you.,8 years ago,Mohammad Ramezani,NULL,NULL,NULL,https://www.google.com/maps/place/%D9%86%D9%85%D8%A7%DB%8C%D9%86%D8%AF%DA%AF%DB%8C+%D8%AA%DB%8C%D9%BE%D8%A7%DA%A9%D8%B3+%D8%A8%D8%A7%D8%A8%D9%84%D8%B3%D8%B1%E2%80%AD/data=!4m7!3m6!1s0x3f8f8169a5efef15:0x67faeebefc7d6fab!8m2!3d36.6939552!4d52.6448519!16s%2Fg%2F11hn9g1cvw!19sChIJFe_vpWmBjz8Rq299_L7u-mc?authuser=0&hl=en&rclk=1,2026-08-03T00:48:25.802187+00:00
1207,google_maps,Tipax,TePox,مازندران,نوشهر,36.656791,51.4771645,1.0,"Horrible, horrible, no phone to register, no text message to say your order has arrived, no way to get to the location, zero service, no parking space where they are located, many times the package got lost and was found a few days later, and they charge a lot. I think Mahax and Chapar provide much better service and their costs are more affordable, they also deliver to your door and it is really cheaper and most importantly it arrives very quickly.",9 months ago,Mahan Salehi,NULL,NULL,NULL,https://www.google.com/maps/place/TePox/data=!4m7!3m6!1s0x3f8ea581abed2ee9:0x9431696acce04e!8m2!3d36.656791!4d51.4771645!16s%2Fg%2F11hz18z3q3!19sChIJ6S7tq4Gljj8RTuDMamkxlAA?authuser=0&hl=en&rclk=1,2026-08-03T00:48:50.128970+00:00
1208,google_maps,Tipax,TePox,مازندران,نوشهر,36.656791,51.4771645,1.0,"Disorganized, chaotic, irresponsible. There is a Tipax in Nowshahr, but it does not cover areas like Taze Abad. Many times they do not even register the package that has arrived... and I have to go there myself. The courier does not deliver at all. I have visited in person many times.",a year ago,Nima m,NULL,NULL,NULL,https://www.google.com/maps/place/TePox/data=!4m7!3m6!1s0x3f8ea581abed2ee9:0x9431696acce04e!8m2!3d36.656791!4d51.4771645!16s%2Fg%2F11hz18z3q3!19sChIJ6S7tq4Gljj8RTuDMamkxlAA?authuser=0&hl=en&rclk=1,2026-08-03T00:48:50.128970+00:00
1209,google_maps,Tipax,TePox,مازندران,نوشهر,36.656791,51.4771645,1.0,"I'm sorry you have a bunch of hearts in your heart, Tipax office, how rude you are, you don't call to say the package has arrived, your phone doesn't ring, you don't deliver it, you just know how to charge 6 times the money, they send it by regular mail, it's just now reaching me.",a year ago,Sanaz Kazemi,NULL,NULL,NULL,https://www.google.com/maps/place/TePox/data=!4m7!3m6!1s0x3f8ea581abed2ee9:0x9431696acce04e!8m2!3d36.656791!4d51.4771645!16s%2Fg%2F11hz18z3q3!19sChIJ6S7tq4Gljj8RTuDMamkxlAA?authuser=0&hl=en&rclk=1,2026-08-03T00:48:50.128970+00:00
1210,google_maps,Tipax,TePox,مازندران,نوشهر,36.656791,51.4771645,1.0,"The situation is really chaotic. Without going to the destination, they receive an SMS that the cargo is being returned due to non-attendance. It used to be much more organized, but it has become like this since the management changed.",a year ago,Nooshin Ferdowsi,NULL,NULL,NULL,https://www.google.com/maps/place/TePox/data=!4m7!3m6!1s0x3f8ea581abed2ee9:0x9431696acce04e!8m2!3d36.656791!4d51.4771645!16s%2Fg%2F11hz18z3q3!19sChIJ6S7tq4Gljj8RTuDMamkxlAA?authuser=0&hl=en&rclk=1,2026-08-03T00:48:50.128970+00:00
1211,google_maps,Tipax,TePox,مازندران,نوشهر,36.656791,51.4771645,1.0,"A complete disaster, they don't deliver the package to your door, it takes about half an hour to pick up the package... there is no parking space, it is extremely crowded and chaotic and a disaster …",a year ago,Elnaz habibi,NULL,NULL,NULL,https://www.google.com/maps/place/TePox/data=!4m7!3m6!1s0x3f8ea581abed2ee9:0x9431696acce04e!8m2!3d36.656791!4d51.4771645!16s%2Fg%2F11hz18z3q3!19sChIJ6S7tq4Gljj8RTuDMamkxlAA?authuser=0&hl=en&rclk=1,2026-08-03T00:48:50.128970+00:00
1212,google_maps,Tipax,TePox,مازندران,نوشهر,36.656791,51.4771645,1.0,"I hung up, they didn't answer, I barely had time to complain to the police station, my documents, my medicine, my card, everything is in there.",7 months ago,telma ansari,NULL,NULL,NULL,https://www.google.com/maps/place/TePox/data=!4m7!3m6!1s0x3f8ea581abed2ee9:0x9431696acce04e!8m2!3d36.656791!4d51.4771645!16s%2Fg%2F11hz18z3q3!19sChIJ6S7tq4Gljj8RTuDMamkxlAA?authuser=0&hl=en&rclk=1,2026-08-03T00:48:50.128970+00:00
1213,google_maps,Tipax,TePox,مازندران,نوشهر,36.656791,51.4771645,1.0,"It's been terrible since the new management came in. It used to be great. It was a well-mannered, professional, and efficient team.",2 years ago,مرکده,NULL,NULL,NULL,https://www.google.com/maps/place/TePox/data=!4m7!3m6!1s0x3f8ea581abed2ee9:0x9431696acce04e!8m2!3d36.656791!4d51.4771645!16s%2Fg%2F11hz18z3q3!19sChIJ6S7tq4Gljj8RTuDMamkxlAA?authuser=0&hl=en&rclk=1,2026-08-03T00:48:50.128970+00:00
1214,google_maps,Tipax,TePox,مازندران,نوشهر,36.656791,51.4771645,3.0,Mmm... not bad...but i think totally Tipax is not a very good post service.,6 years ago,Shabnam Saveyi,NULL,NULL,NULL,https://www.google.com/maps/place/TePox/data=!4m7!3m6!1s0x3f8ea581abed2ee9:0x9431696acce04e!8m2!3d36.656791!4d51.4771645!16s%2Fg%2F11hz18z3q3!19sChIJ6S7tq4Gljj8RTuDMamkxlAA?authuser=0&hl=en&rclk=1,2026-08-03T00:48:50.128970+00:00
1215,google_maps,Tipax,TePox,مازندران,نوشهر,36.656791,51.4771645,5.0,Fast services and polite staff.,3 years ago,Amir Hossein Mirchi,NULL,NULL,NULL,https://www.google.com/maps/place/TePox/data=!4m7!3m6!1s0x3f8ea581abed2ee9:0x9431696acce04e!8m2!3d36.656791!4d51.4771645!16s%2Fg%2F11hz18z3q3!19sChIJ6S7tq4Gljj8RTuDMamkxlAA?authuser=0&hl=en&rclk=1,2026-08-03T00:48:50.128970+00:00
1216,google_maps,Tipax,TePox,مازندران,نوشهر,36.656791,51.4771645,5.0,Post,5 years ago,مهدیار علومی,NULL,NULL,NULL,https://www.google.com/maps/place/TePox/data=!4m7!3m6!1s0x3f8ea581abed2ee9:0x9431696acce04e!8m2!3d36.656791!4d51.4771645!16s%2Fg%2F11hz18z3q3!19sChIJ6S7tq4Gljj8RTuDMamkxlAA?authuser=0&hl=en&rclk=1,2026-08-03T00:48:50.128970+00:00
1217,google_maps,Tipax,تیپاکس شیرگاه,مازندران,NULL,36.2988801,52.8824766,5.0,Excellent and convenient service,Edited 7 months ago,Taha Traditional Hostel,NULL,NULL,NULL,https://www.google.com/maps/place/%D9%86%D9%85%D8%A7%DB%8C%D9%86%D8%AF%DA%AF%DB%8C+%D8%AA%DB%8C%D9%BE%D8%A7%DA%A9%D8%B3+%D8%B4%DB%8C%D8%B1%DA%AF%D8%A7%D9%87%E2%80%AD/data=!4m7!3m6!1s0x3f854f5e01f8018b:0x281125dbeb5d5f92!8m2!3d36.2988801!4d52.8824766!16s%2Fg%2F11sr7t9684!19sChIJiwH4AV5PhT8Rkl9d69slESg?authuser=0&hl=en&rclk=1,2026-08-03T00:49:12.515430+00:00
1218,google_maps,Tipax,تیپاکس شیرگاه,مازندران,NULL,36.2988801,52.8824766,5.0,Everything is great.,2 years ago,Reza Ramezani pashaii (Reza pasha),NULL,NULL,NULL,https://www.google.com/maps/place/%D9%86%D9%85%D8%A7%DB%8C%D9%86%D8%AF%DA%AF%DB%8C+%D8%AA%DB%8C%D9%BE%D8%A7%DA%A9%D8%B3+%D8%B4%DB%8C%D8%B1%DA%AF%D8%A7%D9%87%E2%80%AD/data=!4m7!3m6!1s0x3f854f5e01f8018b:0x281125dbeb5d5f92!8m2!3d36.2988801!4d52.8824766!16s%2Fg%2F11sr7t9684!19sChIJiwH4AV5PhT8Rkl9d69slESg?authuser=0&hl=en&rclk=1,2026-08-03T00:49:12.515430+00:00
1219,google_maps,Tipax,تیپاکس محمودآباد,مازندران,NULL,36.6329003,52.2627978,1.0,"It is one of the dirtiest and most unprofessional post offices I have ever seen. The staff is extremely rude and uneducated, and because of their culture, they cannot speak properly to customers. They are demanding of customers. They do not give any proper answers to customers. Their words end in a tone of disdain and demanding. Especially a female secretary with an unpleasant demeanor, her breasts sticking out, and her way of speaking reminds one of street urchins.",3 years ago,Peiman Peiman,NULL,NULL,NULL,https://www.google.com/maps/place/%D8%AA%DB%8C%D9%BE%D8%A7%DA%A9%D8%B3+%D9%85%D8%AD%D9%85%D9%88%D8%AF%D8%A2%D8%A8%D8%A7%D8%AF%E2%80%AD/data=!4m7!3m6!1s0x3f8f09cefcb0d697:0x9a5f9768caaf2c74!8m2!3d36.6329003!4d52.2627978!16s%2Fg%2F11h3m9jnqv!19sChIJl9aw_M4Jjz8RdCyvymiXX5o?authuser=0&hl=en&rclk=1,2026-08-03T00:49:21.396161+00:00
1220,google_maps,Tipax,تیپاکس محمودآباد,مازندران,NULL,36.6329003,52.2627978,1.0,"Not only are the staff working poorly, but Tipax is generally below zero in terms of quality of work, price, and delivery.",2 years ago,سید محسن علوی,NULL,NULL,NULL,https://www.google.com/maps/place/%D8%AA%DB%8C%D9%BE%D8%A7%DA%A9%D8%B3+%D9%85%D8%AD%D9%85%D9%88%D8%AF%D8%A2%D8%A8%D8%A7%D8%AF%E2%80%AD/data=!4m7!3m6!1s0x3f8f09cefcb0d697:0x9a5f9768caaf2c74!8m2!3d36.6329003!4d52.2627978!16s%2Fg%2F11h3m9jnqv!19sChIJl9aw_M4Jjz8RdCyvymiXX5o?authuser=0&hl=en&rclk=1,2026-08-03T00:49:21.396161+00:00
1221,google_maps,Tipax,تیپاکس محمودآباد,مازندران,NULL,36.6329003,52.2627978,1.0,"He has very bad, insulting and demanding behavior. Tipax Mahmudabad",a year ago,Arezoo jafari,NULL,NULL,NULL,https://www.google.com/maps/place/%D8%AA%DB%8C%D9%BE%D8%A7%DA%A9%D8%B3+%D9%85%D8%AD%D9%85%D9%88%D8%AF%D8%A2%D8%A8%D8%A7%D8%AF%E2%80%AD/data=!4m7!3m6!1s0x3f8f09cefcb0d697:0x9a5f9768caaf2c74!8m2!3d36.6329003!4d52.2627978!16s%2Fg%2F11h3m9jnqv!19sChIJl9aw_M4Jjz8RdCyvymiXX5o?authuser=0&hl=en&rclk=1,2026-08-03T00:49:21.396161+00:00
1222,google_maps,Tipax,تیپاکس محمودآباد,مازندران,NULL,36.6329003,52.2627978,5.0,Tipax has an extremely fast delivery speed.,7 years ago,Sadi Ramezani,NULL,NULL,NULL,https://www.google.com/maps/place/%D8%AA%DB%8C%D9%BE%D8%A7%DA%A9%D8%B3+%D9%85%D8%AD%D9%85%D9%88%D8%AF%D8%A2%D8%A8%D8%A7%D8%AF%E2%80%AD/data=!4m7!3m6!1s0x3f8f09cefcb0d697:0x9a5f9768caaf2c74!8m2!3d36.6329003!4d52.2627978!16s%2Fg%2F11h3m9jnqv!19sChIJl9aw_M4Jjz8RdCyvymiXX5o?authuser=0&hl=en&rclk=1,2026-08-03T00:49:21.396161+00:00
1223,google_maps,Tipax,تیپاکس محمودآباد,مازندران,NULL,36.6329003,52.2627978,5.0,Excellent,7 years ago,sadi ramezani,NULL,NULL,NULL,https://www.google.com/maps/place/%D8%AA%DB%8C%D9%BE%D8%A7%DA%A9%D8%B3+%D9%85%D8%AD%D9%85%D9%88%D8%AF%D8%A2%D8%A8%D8%A7%D8%AF%E2%80%AD/data=!4m7!3m6!1s0x3f8f09cefcb0d697:0x9a5f9768caaf2c74!8m2!3d36.6329003!4d52.2627978!16s%2Fg%2F11h3m9jnqv!19sChIJl9aw_M4Jjz8RdCyvymiXX5o?authuser=0&hl=en&rclk=1,2026-08-03T00:49:21.396161+00:00
1224,google_maps,Tipax,تیپاکس رامسر,مازندران,NULL,36.9277629,50.6422791,4.0,"They are friendly. The only problem was that it took them a day to answer the phone, but they agreed to send my package to my door with the agency. Given the coronavirus outbreak, we paid the shipping price and even the agency fee online, which I think was very wise and cost-effective.",6 years ago,Mandana,NULL,NULL,NULL,https://www.google.com/maps/place/%D8%AA%DB%8C%D9%BE%D8%A7%DA%A9%D8%B3+%D8%B4%D8%B9%D8%A8%D9%87+%D8%B1%D8%A7%D9%85%D8%B3%D8%B1%E2%80%AD/data=!4m7!3m6!1s0x3f8b099ec7a5f12f:0xf5e45051a50cd283!8m2!3d36.9277629!4d50.6422791!16s%2Fg%2F11cs1xv5g6!19sChIJL_Glx54Jiz8Rg9IMpVFQ5PU?authuser=0&hl=en&rclk=1,2026-08-03T00:49:30.151128+00:00
1225,google_maps,Tipax,تیپاکس رامسر,مازندران,NULL,36.9277629,50.6422791,1.0,"Tipax is the most irresponsible postal system in Iran in its normal state. The Rams branch is even worse. They answer calls one in a thousand. The working hours are posted on the website until 8 pm in the summer, when we went in person, …",10 months ago,F Kazemi,NULL,NULL,NULL,https://www.google.com/maps/place/%D8%AA%DB%8C%D9%BE%D8%A7%DA%A9%D8%B3+%D8%B4%D8%B9%D8%A8%D9%87+%D8%B1%D8%A7%D9%85%D8%B3%D8%B1%E2%80%AD/data=!4m7!3m6!1s0x3f8b099ec7a5f12f:0xf5e45051a50cd283!8m2!3d36.9277629!4d50.6422791!16s%2Fg%2F11cs1xv5g6!19sChIJL_Glx54Jiz8Rg9IMpVFQ5PU?authuser=0&hl=en&rclk=1,2026-08-03T00:49:30.151128+00:00
1226,google_maps,Tipax,تیپاکس رامسر,مازندران,NULL,36.9277629,50.6422791,1.0,"Tipax is not a good postal company at all. Their employees are annoying, they don't come to your door, and as soon as the parcel arrives, they leave a message at the branch saying that the parcel was returned because you weren't there. …",8 months ago,Behdad Zamiri,NULL,NULL,NULL,https://www.google.com/maps/place/%D8%AA%DB%8C%D9%BE%D8%A7%DA%A9%D8%B3+%D8%B4%D8%B9%D8%A8%D9%87+%D8%B1%D8%A7%D9%85%D8%B3%D8%B1%E2%80%AD/data=!4m7!3m6!1s0x3f8b099ec7a5f12f:0xf5e45051a50cd283!8m2!3d36.9277629!4d50.6422791!16s%2Fg%2F11cs1xv5g6!19sChIJL_Glx54Jiz8Rg9IMpVFQ5PU?authuser=0&hl=en&rclk=1,2026-08-03T00:49:30.151128+00:00
1227,google_maps,Tipax,تیپاکس رامسر,مازندران,NULL,36.9277629,50.6422791,1.0,"I checked the tracking code on the website a day ago. The package has arrived. Tipax Ramsar has picked it up, but it hasn't arrived yet. They are very disorganized.",5 years ago,Leo Armando,NULL,NULL,NULL,https://www.google.com/maps/place/%D8%AA%DB%8C%D9%BE%D8%A7%DA%A9%D8%B3+%D8%B4%D8%B9%D8%A8%D9%87+%D8%B1%D8%A7%D9%85%D8%B3%D8%B1%E2%80%AD/data=!4m7!3m6!1s0x3f8b099ec7a5f12f:0xf5e45051a50cd283!8m2!3d36.9277629!4d50.6422791!16s%2Fg%2F11cs1xv5g6!19sChIJL_Glx54Jiz8Rg9IMpVFQ5PU?authuser=0&hl=en&rclk=1,2026-08-03T00:49:30.151128+00:00
1228,google_maps,Tipax,تیپاکس رامسر,مازندران,NULL,36.9277629,50.6422791,5.0,"Dear friends and customers, comments are for previous years and I would appreciate your opinions on our new services 🙏🙏🙏 Happy New Year …",a year ago,Vahid ranjkesh,NULL,NULL,NULL,https://www.google.com/maps/place/%D8%AA%DB%8C%D9%BE%D8%A7%DA%A9%D8%B3+%D8%B4%D8%B9%D8%A8%D9%87+%D8%B1%D8%A7%D9%85%D8%B3%D8%B1%E2%80%AD/data=!4m7!3m6!1s0x3f8b099ec7a5f12f:0xf5e45051a50cd283!8m2!3d36.9277629!4d50.6422791!16s%2Fg%2F11cs1xv5g6!19sChIJL_Glx54Jiz8Rg9IMpVFQ5PU?authuser=0&hl=en&rclk=1,2026-08-03T00:49:30.151128+00:00
1229,google_maps,Tipax,تیپاکس رامسر,مازندران,NULL,36.9277629,50.6422791,2.0,"A clumsy office! No phone answer, No in-time delivery, No NOTHING! I just gave them TWO stars because they are working after all these!",5 years ago,HamidReza D,NULL,NULL,NULL,https://www.google.com/maps/place/%D8%AA%DB%8C%D9%BE%D8%A7%DA%A9%D8%B3+%D8%B4%D8%B9%D8%A8%D9%87+%D8%B1%D8%A7%D9%85%D8%B3%D8%B1%E2%80%AD/data=!4m7!3m6!1s0x3f8b099ec7a5f12f:0xf5e45051a50cd283!8m2!3d36.9277629!4d50.6422791!16s%2Fg%2F11cs1xv5g6!19sChIJL_Glx54Jiz8Rg9IMpVFQ5PU?authuser=0&hl=en&rclk=1,2026-08-03T00:49:30.151128+00:00
1230,google_maps,Tipax,تیپاکس رامسر,مازندران,NULL,36.9277629,50.6422791,4.0,Their office would be better if it were a little more organized. There were loads and supplies scattered around the room.,6 years ago,Parisatis,NULL,NULL,NULL,https://www.google.com/maps/place/%D8%AA%DB%8C%D9%BE%D8%A7%DA%A9%D8%B3+%D8%B4%D8%B9%D8%A8%D9%87+%D8%B1%D8%A7%D9%85%D8%B3%D8%B1%E2%80%AD/data=!4m7!3m6!1s0x3f8b099ec7a5f12f:0xf5e45051a50cd283!8m2!3d36.9277629!4d50.6422791!16s%2Fg%2F11cs1xv5g6!19sChIJL_Glx54Jiz8Rg9IMpVFQ5PU?authuser=0&hl=en&rclk=1,2026-08-03T00:49:30.151128+00:00
1231,google_maps,Tipax,تیپاکس رامسر,مازندران,NULL,36.9277629,50.6422791,2.0,Rude and impatient staff never come to your home and lie saying you weren't home and you have to go to the branch.,2 years ago,Mohy RS,NULL,NULL,NULL,https://www.google.com/maps/place/%D8%AA%DB%8C%D9%BE%D8%A7%DA%A9%D8%B3+%D8%B4%D8%B9%D8%A8%D9%87+%D8%B1%D8%A7%D9%85%D8%B3%D8%B1%E2%80%AD/data=!4m7!3m6!1s0x3f8b099ec7a5f12f:0xf5e45051a50cd283!8m2!3d36.9277629!4d50.6422791!16s%2Fg%2F11cs1xv5g6!19sChIJL_Glx54Jiz8Rg9IMpVFQ5PU?authuser=0&hl=en&rclk=1,2026-08-03T00:49:30.151128+00:00
1232,google_maps,Tipax,تیپاکس رامسر,مازندران,NULL,36.9277629,50.6422791,1.0,"I came to get a package, it was already closed My heart sank I wanted a package, but they didn't give it to me",9 months ago,rahim khaleghi,NULL,NULL,NULL,https://www.google.com/maps/place/%D8%AA%DB%8C%D9%BE%D8%A7%DA%A9%D8%B3+%D8%B4%D8%B9%D8%A8%D9%87+%D8%B1%D8%A7%D9%85%D8%B3%D8%B1%E2%80%AD/data=!4m7!3m6!1s0x3f8b099ec7a5f12f:0xf5e45051a50cd283!8m2!3d36.9277629!4d50.6422791!16s%2Fg%2F11cs1xv5g6!19sChIJL_Glx54Jiz8Rg9IMpVFQ5PU?authuser=0&hl=en&rclk=1,2026-08-03T00:49:30.151128+00:00
1233,google_maps,Tipax,تیپاکس رامسر,مازندران,NULL,36.9277629,50.6422791,1.0,They wait for the package to arrive so they can quickly get back to you. They don't wait a few days.,10 months ago,یگانه,NULL,NULL,NULL,https://www.google.com/maps/place/%D8%AA%DB%8C%D9%BE%D8%A7%DA%A9%D8%B3+%D8%B4%D8%B9%D8%A8%D9%87+%D8%B1%D8%A7%D9%85%D8%B3%D8%B1%E2%80%AD/data=!4m7!3m6!1s0x3f8b099ec7a5f12f:0xf5e45051a50cd283!8m2!3d36.9277629!4d50.6422791!16s%2Fg%2F11cs1xv5g6!19sChIJL_Glx54Jiz8Rg9IMpVFQ5PU?authuser=0&hl=en&rclk=1,2026-08-03T00:49:30.151128+00:00
1234,google_maps,Tipax,تیپاکس جویبار,مازندران,NULL,36.6428775,52.9193681,1.0,"They never bring the package to your door. They don't even call to say that the package has arrived, and they don't follow up on it even if it stays in the office for ten days. You have to go look for the package yourself! While other …",5 months ago,hatame azadi,NULL,NULL,NULL,https://www.google.com/maps/place/%D8%AA%DB%8C%D9%BE%D8%A7%DA%A9%D8%B3+%D8%AC%D9%88%DB%8C%D8%A8%D8%A7%D8%B1%E2%80%AD/data=!4m7!3m6!1s0x3f856f1514330463:0xd023ebc54829780e!8m2!3d36.6428775!4d52.9193681!16s%2Fg%2F11fqd5n1v7!19sChIJYwQzFBVvhT8RDngpSMXrI9A?authuser=0&hl=en&rclk=1,2026-08-03T00:49:56.019548+00:00
1235,google_maps,Tipax,تیپاکس جویبار,مازندران,NULL,36.6428775,52.9193681,1.0,"Irresponsible, uncommitted and deceitful. It takes two days from the destination to Tipax, and more than three days from the Joobar dealership to delivery to the customer. In the most optimistic case.",9 months ago,Alireza Jamali,NULL,NULL,NULL,https://www.google.com/maps/place/%D8%AA%DB%8C%D9%BE%D8%A7%DA%A9%D8%B3+%D8%AC%D9%88%DB%8C%D8%A8%D8%A7%D8%B1%E2%80%AD/data=!4m7!3m6!1s0x3f856f1514330463:0xd023ebc54829780e!8m2!3d36.6428775!4d52.9193681!16s%2Fg%2F11fqd5n1v7!19sChIJYwQzFBVvhT8RDngpSMXrI9A?authuser=0&hl=en&rclk=1,2026-08-03T00:49:56.019548+00:00
1236,google_maps,Tipax,تیپاکس جویبار,مازندران,NULL,36.6428775,52.9193681,1.0,We always have to pick up the package ourselves from the Tipax office. The package is either not delivered to the location or it takes a very long time.,a year ago,Hakimeh Ziaie,NULL,NULL,NULL,https://www.google.com/maps/place/%D8%AA%DB%8C%D9%BE%D8%A7%DA%A9%D8%B3+%D8%AC%D9%88%DB%8C%D8%A8%D8%A7%D8%B1%E2%80%AD/data=!4m7!3m6!1s0x3f856f1514330463:0xd023ebc54829780e!8m2!3d36.6428775!4d52.9193681!16s%2Fg%2F11fqd5n1v7!19sChIJYwQzFBVvhT8RDngpSMXrI9A?authuser=0&hl=en&rclk=1,2026-08-03T00:49:56.019548+00:00
1237,google_maps,Tipax,تیپاکس جویبار,مازندران,NULL,36.6428775,52.9193681,1.0,They always call to say pick up the package!! Shouldn't the package be sent?,a year ago,ASO Biri,NULL,NULL,NULL,https://www.google.com/maps/place/%D8%AA%DB%8C%D9%BE%D8%A7%DA%A9%D8%B3+%D8%AC%D9%88%DB%8C%D8%A8%D8%A7%D8%B1%E2%80%AD/data=!4m7!3m6!1s0x3f856f1514330463:0xd023ebc54829780e!8m2!3d36.6428775!4d52.9193681!16s%2Fg%2F11fqd5n1v7!19sChIJYwQzFBVvhT8RDngpSMXrI9A?authuser=0&hl=en&rclk=1,2026-08-03T00:49:56.019548+00:00
1238,google_maps,Tipax,تیپاکس جویبار,مازندران,NULL,36.6428775,52.9193681,1.0,Disgusting hahaha they never deliver,a year ago,Zahra Njfi,NULL,NULL,NULL,https://www.google.com/maps/place/%D8%AA%DB%8C%D9%BE%D8%A7%DA%A9%D8%B3+%D8%AC%D9%88%DB%8C%D8%A8%D8%A7%D8%B1%E2%80%AD/data=!4m7!3m6!1s0x3f856f1514330463:0xd023ebc54829780e!8m2!3d36.6428775!4d52.9193681!16s%2Fg%2F11fqd5n1v7!19sChIJYwQzFBVvhT8RDngpSMXrI9A?authuser=0&hl=en&rclk=1,2026-08-03T00:49:56.019548+00:00
1239,google_maps,Tipax,تیپاکس جویبار,مازندران,NULL,36.6428775,52.9193681,5.0,best,6 years ago,Masoud Dabbagh,NULL,NULL,NULL,https://www.google.com/maps/place/%D8%AA%DB%8C%D9%BE%D8%A7%DA%A9%D8%B3+%D8%AC%D9%88%DB%8C%D8%A8%D8%A7%D8%B1%E2%80%AD/data=!4m7!3m6!1s0x3f856f1514330463:0xd023ebc54829780e!8m2!3d36.6428775!4d52.9193681!16s%2Fg%2F11fqd5n1v7!19sChIJYwQzFBVvhT8RDngpSMXrI9A?authuser=0&hl=en&rclk=1,2026-08-03T00:49:56.019548+00:00
1240,google_maps,Tipax,تیپاکس فریدونکنار,مازندران,ری,36.6853896,52.5210315,5.0,"Hello, there is a small but well-established agency in Fereydoun, which, with one employee, can easily handle all the work of all the clients. I went there for the work I needed, and my work was done without any problems or delays. However, …",11 months ago,Mohsen Kateb,NULL,NULL,NULL,https://www.google.com/maps/place/%D8%AA%DB%8C%D9%BE%D8%A7%DA%A9%D8%B3+%D9%86%D9%85%D8%A7%DB%8C%D9%86%D8%AF%DA%AF%DB%8C+%D9%81%D8%B1%DB%8C%D8%AF%D9%88%D9%86%DA%A9%D9%86%D8%A7%D8%B1%E2%80%AD/data=!4m7!3m6!1s0x3f8f77232e344a9b:0x6bb47cb49a3536a4!8m2!3d36.6853896!4d52.5210315!16s%2Fg%2F11h4b8llht!19sChIJm0o0LiN3jz8RpDY1mrR8tGs?authuser=0&hl=en&rclk=1,2026-08-03T00:50:21.993778+00:00
1241,google_maps,Tipax,تیپاکس فریدونکنار,مازندران,ری,36.6853896,52.5210315,5.0,"After reopening, T-Pax Fereydounkenar does not answer customer calls and the one phone line they have is constantly busy. I wish it had not opened and we could go to other branches. Insulting customers and... nothing else.",a year ago,soosan sayfi,NULL,NULL,NULL,https://www.google.com/maps/place/%D8%AA%DB%8C%D9%BE%D8%A7%DA%A9%D8%B3+%D9%86%D9%85%D8%A7%DB%8C%D9%86%D8%AF%DA%AF%DB%8C+%D9%81%D8%B1%DB%8C%D8%AF%D9%88%D9%86%DA%A9%D9%86%D8%A7%D8%B1%E2%80%AD/data=!4m7!3m6!1s0x3f8f77232e344a9b:0x6bb47cb49a3536a4!8m2!3d36.6853896!4d52.5210315!16s%2Fg%2F11h4b8llht!19sChIJm0o0LiN3jz8RpDY1mrR8tGs?authuser=0&hl=en&rclk=1,2026-08-03T00:50:21.993778+00:00
1242,google_maps,Tipax,تیپاکس فریدونکنار,مازندران,ری,36.6853896,52.5210315,1.0,"There are too many stars, they change management, one worse than the other, they take so much money, and in the end, with a thousand misfortunes, we have to go to Babolsar to get the package.",a year ago,Shahdad Saboori,NULL,NULL,NULL,https://www.google.com/maps/place/%D8%AA%DB%8C%D9%BE%D8%A7%DA%A9%D8%B3+%D9%86%D9%85%D8%A7%DB%8C%D9%86%D8%AF%DA%AF%DB%8C+%D9%81%D8%B1%DB%8C%D8%AF%D9%88%D9%86%DA%A9%D9%86%D8%A7%D8%B1%E2%80%AD/data=!4m7!3m6!1s0x3f8f77232e344a9b:0x6bb47cb49a3536a4!8m2!3d36.6853896!4d52.5210315!16s%2Fg%2F11h4b8llht!19sChIJm0o0LiN3jz8RpDY1mrR8tGs?authuser=0&hl=en&rclk=1,2026-08-03T00:50:21.993778+00:00
1243,google_maps,Tipax,تیپاکس فریدونکنار,مازندران,ری,36.6853896,52.5210315,5.0,Good and respectful staff,a month ago,Dr. Amir Shishehgar,NULL,NULL,NULL,https://www.google.com/maps/place/%D8%AA%DB%8C%D9%BE%D8%A7%DA%A9%D8%B3+%D9%86%D9%85%D8%A7%DB%8C%D9%86%D8%AF%DA%AF%DB%8C+%D9%81%D8%B1%DB%8C%D8%AF%D9%88%D9%86%DA%A9%D9%86%D8%A7%D8%B1%E2%80%AD/data=!4m7!3m6!1s0x3f8f77232e344a9b:0x6bb47cb49a3536a4!8m2!3d36.6853896!4d52.5210315!16s%2Fg%2F11h4b8llht!19sChIJm0o0LiN3jz8RpDY1mrR8tGs?authuser=0&hl=en&rclk=1,2026-08-03T00:50:21.993778+00:00
1244,google_maps,Tipax,تیپاکس ساحل طلایی,مازندران,تنکابن,36.8023215,50.8856862,5.0,"Good health and congratulations. I hope your business prospers day by day and you see the results of your efforts as soon as possible. I wish Mr. Shahri and his esteemed staff all the best, may they be successful, victorious, and proud.",3 years ago,majid Mehravar,NULL,NULL,NULL,https://www.google.com/maps/place/%D9%86%D9%85%D8%A7%DB%8C%D9%86%D8%AF%DA%AF%DB%8C+%D8%AA%DB%8C%D9%BE%D8%A7%DA%A9%D8%B3+%D8%B4%D8%B9%D8%A8%D9%87+%D8%B3%D8%A7%D8%AD%D9%84+%D8%B7%D9%84%D8%A7%DB%8C%DB%8C%E2%80%AD/data=!4m7!3m6!1s0x3f8b91902f4aecc1:0x643323380b589c92!8m2!3d36.8023215!4d50.8856862!16s%2Fg%2F11s4whvxnx!19sChIJwexKL5CRiz8RkpxYCzgjM2Q?authuser=0&hl=en&rclk=1,2026-08-03T00:50:48.037610+00:00
1245,google_maps,Tipax,تیپاکس ساحل طلایی,مازندران,تنکابن,36.8023215,50.8856862,5.0,The speed and accuracy of this branch is truly amazing. I am happy with Tipax for delivering products on time. Their work is truly excellent.,3 years ago,Hassan sedaghat,NULL,NULL,NULL,https://www.google.com/maps/place/%D9%86%D9%85%D8%A7%DB%8C%D9%86%D8%AF%DA%AF%DB%8C+%D8%AA%DB%8C%D9%BE%D8%A7%DA%A9%D8%B3+%D8%B4%D8%B9%D8%A8%D9%87+%D8%B3%D8%A7%D8%AD%D9%84+%D8%B7%D9%84%D8%A7%DB%8C%DB%8C%E2%80%AD/data=!4m7!3m6!1s0x3f8b91902f4aecc1:0x643323380b589c92!8m2!3d36.8023215!4d50.8856862!16s%2Fg%2F11s4whvxnx!19sChIJwexKL5CRiz8RkpxYCzgjM2Q?authuser=0&hl=en&rclk=1,2026-08-03T00:50:48.037610+00:00
1246,google_maps,Tipax,تیپاکس ساحل طلایی,مازندران,تنکابن,36.8023215,50.8856862,3.0,"The services are expensive, but it works.",2 years ago,Mehran Sabzemeidani,NULL,NULL,NULL,https://www.google.com/maps/place/%D9%86%D9%85%D8%A7%DB%8C%D9%86%D8%AF%DA%AF%DB%8C+%D8%AA%DB%8C%D9%BE%D8%A7%DA%A9%D8%B3+%D8%B4%D8%B9%D8%A8%D9%87+%D8%B3%D8%A7%D8%AD%D9%84+%D8%B7%D9%84%D8%A7%DB%8C%DB%8C%E2%80%AD/data=!4m7!3m6!1s0x3f8b91902f4aecc1:0x643323380b589c92!8m2!3d36.8023215!4d50.8856862!16s%2Fg%2F11s4whvxnx!19sChIJwexKL5CRiz8RkpxYCzgjM2Q?authuser=0&hl=en&rclk=1,2026-08-03T00:50:48.037610+00:00
1247,google_maps,Tipax,تیپاکس ساحل طلایی,مازندران,تنکابن,36.8023215,50.8856862,5.0,Tipax Golden Beach Tonekabon,2 years ago,MohammadReza Honarkar,NULL,NULL,NULL,https://www.google.com/maps/place/%D9%86%D9%85%D8%A7%DB%8C%D9%86%D8%AF%DA%AF%DB%8C+%D8%AA%DB%8C%D9%BE%D8%A7%DA%A9%D8%B3+%D8%B4%D8%B9%D8%A8%D9%87+%D8%B3%D8%A7%D8%AD%D9%84+%D8%B7%D9%84%D8%A7%DB%8C%DB%8C%E2%80%AD/data=!4m7!3m6!1s0x3f8b91902f4aecc1:0x643323380b589c92!8m2!3d36.8023215!4d50.8856862!16s%2Fg%2F11s4whvxnx!19sChIJwexKL5CRiz8RkpxYCzgjM2Q?authuser=0&hl=en&rclk=1,2026-08-03T00:50:48.037610+00:00
1248,google_maps,Tipax,تیپاکس نواب,مازندران,بابل,36.5437551,52.6804237,1.0,"There are a lot of unscrupulous people. My package was supposed to arrive between 1 and 4 o'clock, but it's now past 4 and there's no news. They called me at 12 o'clock to bring a package home. It's now 5 hours later and there's no news. …",a year ago,Baldur Aesir,NULL,NULL,NULL,https://www.google.com/maps/place/%D8%AA%DB%8C%D9%BE%D8%A7%DA%A9%D8%B3+%D9%86%D9%88%D8%A7%D8%A8%E2%80%AD/data=!4m7!3m6!1s0x3f8f89a4cf24c605:0x3aab117d9228ae26!8m2!3d36.5437551!4d52.6804237!16s%2Fg%2F11p5dq71jj!19sChIJBcYkz6SJjz8RJq4okn0Rqzo?authuser=0&hl=en&rclk=1,2026-08-03T00:51:03.699723+00:00
1249,google_maps,Tipax,تیپاکس نواب,مازندران,بابل,36.5437551,52.6804237,1.0,It's so ridiculous. I ordered a package once and it was delayed for a day. Then they called me and said they don't have a courier. Come and pick it up yourself. It really needs to be addressed.,a year ago,Ali Fooladi,NULL,NULL,NULL,https://www.google.com/maps/place/%D8%AA%DB%8C%D9%BE%D8%A7%DA%A9%D8%B3+%D9%86%D9%88%D8%A7%D8%A8%E2%80%AD/data=!4m7!3m6!1s0x3f8f89a4cf24c605:0x3aab117d9228ae26!8m2!3d36.5437551!4d52.6804237!16s%2Fg%2F11p5dq71jj!19sChIJBcYkz6SJjz8RJq4okn0Rqzo?authuser=0&hl=en&rclk=1,2026-08-03T00:51:03.699723+00:00
1250,google_maps,Tipax,تیپاکس نواب,مازندران,بابل,36.5437551,52.6804237,1.0,Very rude I had to call at 8am to post a package due to my work situation. Very bad response. I'm really sorry.,a year ago,Maryam Gholamhosseinnia,NULL,NULL,NULL,https://www.google.com/maps/place/%D8%AA%DB%8C%D9%BE%D8%A7%DA%A9%D8%B3+%D9%86%D9%88%D8%A7%D8%A8%E2%80%AD/data=!4m7!3m6!1s0x3f8f89a4cf24c605:0x3aab117d9228ae26!8m2!3d36.5437551!4d52.6804237!16s%2Fg%2F11p5dq71jj!19sChIJBcYkz6SJjz8RJq4okn0Rqzo?authuser=0&hl=en&rclk=1,2026-08-03T00:51:03.699723+00:00
1251,google_maps,Tipax,تیپاکس نواب,مازندران,بابل,36.5437551,52.6804237,1.0,They returned the package without delivering it. No one is responsible😐😐😐😐 …,8 months ago,fatemeh zolfaghari,NULL,NULL,NULL,https://www.google.com/maps/place/%D8%AA%DB%8C%D9%BE%D8%A7%DA%A9%D8%B3+%D9%86%D9%88%D8%A7%D8%A8%E2%80%AD/data=!4m7!3m6!1s0x3f8f89a4cf24c605:0x3aab117d9228ae26!8m2!3d36.5437551!4d52.6804237!16s%2Fg%2F11p5dq71jj!19sChIJBcYkz6SJjz8RJq4okn0Rqzo?authuser=0&hl=en&rclk=1,2026-08-03T00:51:03.699723+00:00
1252,google_maps,Tipax,تیپاکس نواب,مازندران,بابل,36.5437551,52.6804237,5.0,Excellent Yoga Gallery Seviera A great sports and antique art gallery,7 months ago,M V,NULL,NULL,NULL,https://www.google.com/maps/place/%D8%AA%DB%8C%D9%BE%D8%A7%DA%A9%D8%B3+%D9%86%D9%88%D8%A7%D8%A8%E2%80%AD/data=!4m7!3m6!1s0x3f8f89a4cf24c605:0x3aab117d9228ae26!8m2!3d36.5437551!4d52.6804237!16s%2Fg%2F11p5dq71jj!19sChIJBcYkz6SJjz8RJq4okn0Rqzo?authuser=0&hl=en&rclk=1,2026-08-03T00:51:03.699723+00:00
1253,google_maps,Tipax,تیپاکس نواب,مازندران,بابل,36.5437551,52.6804237,1.0,"Always messy, irresponsible, and unplanned.",4 years ago,Sara Rostami,NULL,NULL,NULL,https://www.google.com/maps/place/%D8%AA%DB%8C%D9%BE%D8%A7%DA%A9%D8%B3+%D9%86%D9%88%D8%A7%D8%A8%E2%80%AD/data=!4m7!3m6!1s0x3f8f89a4cf24c605:0x3aab117d9228ae26!8m2!3d36.5437551!4d52.6804237!16s%2Fg%2F11p5dq71jj!19sChIJBcYkz6SJjz8RJq4okn0Rqzo?authuser=0&hl=en&rclk=1,2026-08-03T00:51:03.699723+00:00
1254,google_maps,Tipax,تیپاکس نواب,مازندران,بابل,36.5437551,52.6804237,1.0,Zero service..,3 years ago,R mohammad,NULL,NULL,NULL,https://www.google.com/maps/place/%D8%AA%DB%8C%D9%BE%D8%A7%DA%A9%D8%B3+%D9%86%D9%88%D8%A7%D8%A8%E2%80%AD/data=!4m7!3m6!1s0x3f8f89a4cf24c605:0x3aab117d9228ae26!8m2!3d36.5437551!4d52.6804237!16s%2Fg%2F11p5dq71jj!19sChIJBcYkz6SJjz8RJq4okn0Rqzo?authuser=0&hl=en&rclk=1,2026-08-03T00:51:03.699723+00:00
1255,google_maps,Tipax,تیپاکس نواب,مازندران,بابل,36.5437551,52.6804237,5.0,It was great.,3 years ago,مهندس مهدی قربانزاده,NULL,NULL,NULL,https://www.google.com/maps/place/%D8%AA%DB%8C%D9%BE%D8%A7%DA%A9%D8%B3+%D9%86%D9%88%D8%A7%D8%A8%E2%80%AD/data=!4m7!3m6!1s0x3f8f89a4cf24c605:0x3aab117d9228ae26!8m2!3d36.5437551!4d52.6804237!16s%2Fg%2F11p5dq71jj!19sChIJBcYkz6SJjz8RJq4okn0Rqzo?authuser=0&hl=en&rclk=1,2026-08-03T00:51:03.699723+00:00
1256,google_maps,Tipax,تیپاکس نواب,مازندران,بابل,36.5437551,52.6804237,3.0,Okay,3 years ago,آرش محمدی,NULL,NULL,NULL,https://www.google.com/maps/place/%D8%AA%DB%8C%D9%BE%D8%A7%DA%A9%D8%B3+%D9%86%D9%88%D8%A7%D8%A8%E2%80%AD/data=!4m7!3m6!1s0x3f8f89a4cf24c605:0x3aab117d9228ae26!8m2!3d36.5437551!4d52.6804237!16s%2Fg%2F11p5dq71jj!19sChIJBcYkz6SJjz8RJq4okn0Rqzo?authuser=0&hl=en&rclk=1,2026-08-03T00:51:03.699723+00:00
1257,google_maps,Tipax,تیپاکس بابل (میدان ولایت),مازندران,بابل,36.5354122,52.6684842,1.0,"I sent a very important package with Tipax, but unfortunately Tipax Babylon kept it in the office for 2 days, and the package had passed the delivery date, and it had not been delivered to the address, so unfortunately I suffered a lot of losses. I am very sorry.",7 months ago,zahra halaji,NULL,NULL,NULL,https://www.google.com/maps/place/%D8%AA%DB%8C%D9%BE%D8%A7%DA%A9%D8%B3%E2%80%8C%D8%B4%D8%B9%D8%A8%D9%87+%D8%A8%D8%A7%D8%A8%D9%84+%28%D9%85%DB%8C%D8%AF%D8%A7%D9%86+%D9%88%D9%84%D8%A7%DB%8C%D8%AA%29%E2%80%AD/data=!4m7!3m6!1s0x3f8f89739e6b8a2b:0xe92ff69a927e743f!8m2!3d36.5354122!4d52.6684842!16s%2Fg%2F11s4gz6mft!19sChIJK4prnnOJjz8RP3R-kpr2L-k?authuser=0&hl=en&rclk=1,2026-08-03T00:51:12.550194+00:00
1258,google_maps,Tipax,تیپاکس بابل (میدان ولایت),مازندران,بابل,36.5354122,52.6684842,1.0,"The most ridiculous and irresponsible branch of Tipax is here, even after a month my package hasn't arrived at its destination, they don't answer me and talk nonsense.",a year ago,Arman Shokraey,NULL,NULL,NULL,https://www.google.com/maps/place/%D8%AA%DB%8C%D9%BE%D8%A7%DA%A9%D8%B3%E2%80%8C%D8%B4%D8%B9%D8%A8%D9%87+%D8%A8%D8%A7%D8%A8%D9%84+%28%D9%85%DB%8C%D8%AF%D8%A7%D9%86+%D9%88%D9%84%D8%A7%DB%8C%D8%AA%29%E2%80%AD/data=!4m7!3m6!1s0x3f8f89739e6b8a2b:0xe92ff69a927e743f!8m2!3d36.5354122!4d52.6684842!16s%2Fg%2F11s4gz6mft!19sChIJK4prnnOJjz8RP3R-kpr2L-k?authuser=0&hl=en&rclk=1,2026-08-03T00:51:12.550194+00:00
1259,google_maps,Tipax,تیپاکس بابل (میدان ولایت),مازندران,بابل,36.5354122,52.6684842,2.0,"Unfortunately, the tipaxes in Babylon don't lock their doors and you have to go and pick them up yourself.",Edited 2 months ago,sasnm,NULL,NULL,NULL,https://www.google.com/maps/place/%D8%AA%DB%8C%D9%BE%D8%A7%DA%A9%D8%B3%E2%80%8C%D8%B4%D8%B9%D8%A8%D9%87+%D8%A8%D8%A7%D8%A8%D9%84+%28%D9%85%DB%8C%D8%AF%D8%A7%D9%86+%D9%88%D9%84%D8%A7%DB%8C%D8%AA%29%E2%80%AD/data=!4m7!3m6!1s0x3f8f89739e6b8a2b:0xe92ff69a927e743f!8m2!3d36.5354122!4d52.6684842!16s%2Fg%2F11s4gz6mft!19sChIJK4prnnOJjz8RP3R-kpr2L-k?authuser=0&hl=en&rclk=1,2026-08-03T00:51:12.550194+00:00
1260,google_maps,Tipax,تیپاکس بابل (میدان ولایت),مازندران,بابل,36.5354122,52.6684842,1.0,"It's worthless when they don't deliver to your door, Tipax has the worst service.",3 years ago,javad ebrahimi,NULL,NULL,NULL,https://www.google.com/maps/place/%D8%AA%DB%8C%D9%BE%D8%A7%DA%A9%D8%B3%E2%80%8C%D8%B4%D8%B9%D8%A8%D9%87+%D8%A8%D8%A7%D8%A8%D9%84+%28%D9%85%DB%8C%D8%AF%D8%A7%D9%86+%D9%88%D9%84%D8%A7%DB%8C%D8%AA%29%E2%80%AD/data=!4m7!3m6!1s0x3f8f89739e6b8a2b:0xe92ff69a927e743f!8m2!3d36.5354122!4d52.6684842!16s%2Fg%2F11s4gz6mft!19sChIJK4prnnOJjz8RP3R-kpr2L-k?authuser=0&hl=en&rclk=1,2026-08-03T00:51:12.550194+00:00
1261,google_maps,Tipax,تیپاکس بابل (میدان ولایت),مازندران,بابل,36.5354122,52.6684842,5.0,It is one of the best branches.,Edited a year ago,Mohammad Hossein Fadavi,NULL,NULL,NULL,https://www.google.com/maps/place/%D8%AA%DB%8C%D9%BE%D8%A7%DA%A9%D8%B3%E2%80%8C%D8%B4%D8%B9%D8%A8%D9%87+%D8%A8%D8%A7%D8%A8%D9%84+%28%D9%85%DB%8C%D8%AF%D8%A7%D9%86+%D9%88%D9%84%D8%A7%DB%8C%D8%AA%29%E2%80%AD/data=!4m7!3m6!1s0x3f8f89739e6b8a2b:0xe92ff69a927e743f!8m2!3d36.5354122!4d52.6684842!16s%2Fg%2F11s4gz6mft!19sChIJK4prnnOJjz8RP3R-kpr2L-k?authuser=0&hl=en&rclk=1,2026-08-03T00:51:12.550194+00:00
1262,google_maps,Tipax,تیپاکس بابل (میدان ولایت),مازندران,بابل,36.5354122,52.6684842,1.0,"Worse, no one is responsible.",2 years ago,fatemeh ramezani,NULL,NULL,NULL,https://www.google.com/maps/place/%D8%AA%DB%8C%D9%BE%D8%A7%DA%A9%D8%B3%E2%80%8C%D8%B4%D8%B9%D8%A8%D9%87+%D8%A8%D8%A7%D8%A8%D9%84+%28%D9%85%DB%8C%D8%AF%D8%A7%D9%86+%D9%88%D9%84%D8%A7%DB%8C%D8%AA%29%E2%80%AD/data=!4m7!3m6!1s0x3f8f89739e6b8a2b:0xe92ff69a927e743f!8m2!3d36.5354122!4d52.6684842!16s%2Fg%2F11s4gz6mft!19sChIJK4prnnOJjz8RP3R-kpr2L-k?authuser=0&hl=en&rclk=1,2026-08-03T00:51:12.550194+00:00
1263,google_maps,Tipax,تیپاکس بابل (میدان ولایت),مازندران,بابل,36.5354122,52.6684842,1.0,Why is no one answering?,3 years ago,Iman Darvish,NULL,NULL,NULL,https://www.google.com/maps/place/%D8%AA%DB%8C%D9%BE%D8%A7%DA%A9%D8%B3%E2%80%8C%D8%B4%D8%B9%D8%A8%D9%87+%D8%A8%D8%A7%D8%A8%D9%84+%28%D9%85%DB%8C%D8%AF%D8%A7%D9%86+%D9%88%D9%84%D8%A7%DB%8C%D8%AA%29%E2%80%AD/data=!4m7!3m6!1s0x3f8f89739e6b8a2b:0xe92ff69a927e743f!8m2!3d36.5354122!4d52.6684842!16s%2Fg%2F11s4gz6mft!19sChIJK4prnnOJjz8RP3R-kpr2L-k?authuser=0&hl=en&rclk=1,2026-08-03T00:51:12.550194+00:00
1264,google_maps,Tipax,تیپاکس بابل (میدان ولایت),مازندران,بابل,36.5354122,52.6684842,5.0,Friendly and fair,3 years ago,arezo asef nezhad,NULL,NULL,NULL,https://www.google.com/maps/place/%D8%AA%DB%8C%D9%BE%D8%A7%DA%A9%D8%B3%E2%80%8C%D8%B4%D8%B9%D8%A8%D9%87+%D8%A8%D8%A7%D8%A8%D9%84+%28%D9%85%DB%8C%D8%AF%D8%A7%D9%86+%D9%88%D9%84%D8%A7%DB%8C%D8%AA%29%E2%80%AD/data=!4m7!3m6!1s0x3f8f89739e6b8a2b:0xe92ff69a927e743f!8m2!3d36.5354122!4d52.6684842!16s%2Fg%2F11s4gz6mft!19sChIJK4prnnOJjz8RP3R-kpr2L-k?authuser=0&hl=en&rclk=1,2026-08-03T00:51:12.550194+00:00
1265,google_maps,Tipax,سرویس پوینت تیپاکس رویان,مازندران,NULL,36.5676238,51.9690161,1.0,"Unfortunately, this branch is weak. I go there myself. The tracking says it arrived. They say it didn't arrive. I went there three times. A young lady in charge said it didn't arrive. Then, when I insisted, she bothered to go and find it herself. In short, they have a problem.",a month ago,Yasser Moss,NULL,NULL,NULL,https://www.google.com/maps/place/%D8%B3%D8%B1%D9%88%DB%8C%D8%B3+%D9%BE%D9%88%DB%8C%D9%86%D8%AA+%D8%AA%DB%8C%D9%BE%D8%A7%DA%A9%D8%B3+%D8%B1%D9%88%DB%8C%D8%A7%D9%86%E2%80%AD/data=!4m7!3m6!1s0x3f8efd53930883e9:0x62610938db58cade!8m2!3d36.5676238!4d51.9690161!16s%2Fg%2F11rmv1b267!19sChIJ6YMIk1P9jj8R3spY2zgJYWI?authuser=0&hl=en&rclk=1,2026-08-03T00:51:36.716576+00:00
1266,google_maps,Tipax,سرویس پوینت تیپاکس رویان,مازندران,NULL,36.5676238,51.9690161,4.0,"Good service, fast shipping and receiving, I'm satisfied, but there's room for improvement.",4 years ago,محمدرضا دیوسالار,NULL,NULL,NULL,https://www.google.com/maps/place/%D8%B3%D8%B1%D9%88%DB%8C%D8%B3+%D9%BE%D9%88%DB%8C%D9%86%D8%AA+%D8%AA%DB%8C%D9%BE%D8%A7%DA%A9%D8%B3+%D8%B1%D9%88%DB%8C%D8%A7%D9%86%E2%80%AD/data=!4m7!3m6!1s0x3f8efd53930883e9:0x62610938db58cade!8m2!3d36.5676238!4d51.9690161!16s%2Fg%2F11rmv1b267!19sChIJ6YMIk1P9jj8R3spY2zgJYWI?authuser=0&hl=en&rclk=1,2026-08-03T00:51:36.716576+00:00
1267,google_maps,Tipax,سرویس پوینت تیپاکس رویان,مازندران,NULL,36.5676238,51.9690161,1.0,It was closed.,4 years ago,H.Alireza Allahverdy,NULL,NULL,NULL,https://www.google.com/maps/place/%D8%B3%D8%B1%D9%88%DB%8C%D8%B3+%D9%BE%D9%88%DB%8C%D9%86%D8%AA+%D8%AA%DB%8C%D9%BE%D8%A7%DA%A9%D8%B3+%D8%B1%D9%88%DB%8C%D8%A7%D9%86%E2%80%AD/data=!4m7!3m6!1s0x3f8efd53930883e9:0x62610938db58cade!8m2!3d36.5676238!4d51.9690161!16s%2Fg%2F11rmv1b267!19sChIJ6YMIk1P9jj8R3spY2zgJYWI?authuser=0&hl=en&rclk=1,2026-08-03T00:51:36.716576+00:00
1268,google_maps,Tipax,سرویس پوینت تیپاکس رویان,مازندران,NULL,36.5676238,51.9690161,5.0,We sleep,2 years ago,Farzam Salarian,NULL,NULL,NULL,https://www.google.com/maps/place/%D8%B3%D8%B1%D9%88%DB%8C%D8%B3+%D9%BE%D9%88%DB%8C%D9%86%D8%AA+%D8%AA%DB%8C%D9%BE%D8%A7%DA%A9%D8%B3+%D8%B1%D9%88%DB%8C%D8%A7%D9%86%E2%80%AD/data=!4m7!3m6!1s0x3f8efd53930883e9:0x62610938db58cade!8m2!3d36.5676238!4d51.9690161!16s%2Fg%2F11rmv1b267!19sChIJ6YMIk1P9jj8R3spY2zgJYWI?authuser=0&hl=en&rclk=1,2026-08-03T00:51:36.716576+00:00
1269,google_maps,Tipax,تیپاکس سورک,جنب سوپرمارکت شمال دفتر تیپاکس,Surak,36.595457,53.2099707,2.0,Very good...,2 years ago,Hamid Ziaian (Real Estate Eight),NULL,NULL,NULL,https://www.google.com/maps/place/%D8%AA%DB%8C%D9%BE%D8%A7%DA%A9%D8%B3+%D8%B3%D9%88%D8%B1%DA%A9%E2%80%AD/data=!4m7!3m6!1s0x3f853d09963d0c79:0xbda384e91e00a464!8m2!3d36.595457!4d53.2099707!16s%2Fg%2F11k4vlhyp6!19sChIJeQw9lgk9hT8RZKQAHumEo70?authuser=0&hl=en&rclk=1,2026-08-03T00:51:59.311330+00:00
1270,google_maps,Tipax,Monfared,مازندران,NULL,36.4776597,52.367787,1.0,"This office is no longer a Tipax representative, and they fraudulently receive people's packages without their knowledge and send them via Babylon Express. This is a clear violation. They received my package under the pretext that there was …",11 months ago,Keshvarifar Mehdi,NULL,NULL,NULL,https://www.google.com/maps/place/Monfared/data=!4m7!3m6!1s0x3f8f990024370ab5:0x1d748d294518d6aa!8m2!3d36.4776597!4d52.367787!16s%2Fg%2F11y2ny4srv!19sChIJtQo3JACZjz8RqtYYRSmNdB0?authuser=0&hl=en&rclk=1,2026-08-03T00:52:07.860984+00:00
1271,google_maps,Tipax,Monfared,مازندران,NULL,36.4776597,52.367787,5.0,Vreeee good,2 years ago,arash heidary,NULL,NULL,NULL,https://www.google.com/maps/place/Monfared/data=!4m7!3m6!1s0x3f8f990024370ab5:0x1d748d294518d6aa!8m2!3d36.4776597!4d52.367787!16s%2Fg%2F11y2ny4srv!19sChIJtQo3JACZjz8RqtYYRSmNdB0?authuser=0&hl=en&rclk=1,2026-08-03T00:52:07.860984+00:00
1272,google_maps,Tipax,تیپاکس سرخرود,، خ دانش، جنب پارک,سرخرود،,36.6738858,52.4622648,5.0,"Their work is really good, fast and reliable Don't be tired, dear Tipax.",3 years ago,armin imani,NULL,NULL,NULL,https://www.google.com/maps/place/%D8%AA%DB%8C%D9%BE%D8%A7%DA%A9%D8%B3+%D8%B3%D8%B1%D8%AE%D8%B1%D9%88%D8%AF%E2%80%AD/data=!4m7!3m6!1s0x3f8f77abccc12c49:0x95630ec25275009e!8m2!3d36.6738858!4d52.4622648!16s%2Fg%2F11tjn_4pfx!19sChIJSSzBzKt3jz8RngB1UsIOY5U?authuser=0&hl=en&rclk=1,2026-08-03T00:52:16.400607+00:00
1273,google_maps,Tipax,تیپاکس سرخرود,، خ دانش، جنب پارک,سرخرود،,36.6738858,52.4622648,2.0,Delivering packages to your home with a trusted courier,2 days ago,Emad قاسمی,NULL,NULL,NULL,https://www.google.com/maps/place/%D8%AA%DB%8C%D9%BE%D8%A7%DA%A9%D8%B3+%D8%B3%D8%B1%D8%AE%D8%B1%D9%88%D8%AF%E2%80%AD/data=!4m7!3m6!1s0x3f8f77abccc12c49:0x95630ec25275009e!8m2!3d36.6738858!4d52.4622648!16s%2Fg%2F11tjn_4pfx!19sChIJSSzBzKt3jz8RngB1UsIOY5U?authuser=0&hl=en&rclk=1,2026-08-03T00:52:16.400607+00:00
1274,google_maps,Tipax,تیپاکس سرخرود,، خ دانش، جنب پارک,سرخرود،,36.6738858,52.4622648,5.0,chambers🤌 …,2 years ago,Matin Shiir,NULL,NULL,NULL,https://www.google.com/maps/place/%D8%AA%DB%8C%D9%BE%D8%A7%DA%A9%D8%B3+%D8%B3%D8%B1%D8%AE%D8%B1%D9%88%D8%AF%E2%80%AD/data=!4m7!3m6!1s0x3f8f77abccc12c49:0x95630ec25275009e!8m2!3d36.6738858!4d52.4622648!16s%2Fg%2F11tjn_4pfx!19sChIJSSzBzKt3jz8RngB1UsIOY5U?authuser=0&hl=en&rclk=1,2026-08-03T00:52:16.400607+00:00
1275,google_maps,Tipax,تیپاکس سمنان 1 قدیمی ترین تیپاکس درشهرسمنان,سمنان,NULL,35.589217,53.3950403,4.0,"I have been a Tipax customer for several years. The service and speed of response by phone and in person have been satisfactory. Once or twice, they were slow to deliver an item that had been paid for at the origin, so I went and picked it up myself. Of course, since it is close to my house, it was not a problem for me. I will continue to use Tipax services and always recommend Tipax for sending sensitive shipments.",6 years ago,Mehdi Abdollahi,NULL,NULL,NULL,"https://www.google.com/maps/place/%D8%AA%DB%8C%D9%BE%D8%A7%DA%A9%D8%B3+%D8%B3%D9%85%D9%86%D8%A7%D9%86+%D8%B4%D8%B9%D8%A8%D9%87+1+%D9%82%D8%AF%DB%8C%D9%85%DB%8C+%D8%AA%D8%B1%DB%8C%D9%86+%D8%B4%D8%B9%D8%A8%D9%87+%D8%AA%DB%8C%D9%BE%D8%A7%DA%A9%D8%B3+%D8%AF%D8%B1%D8%B4%D9%87%D8%B1%D8%B3%D9%85%D9%86%D8%A7%D9%86%E2%80%AD/@35.589217,53.3950403,17z/data=!3m1!4b1!4m6!3m5!1s0x3f9bb32937cdec49:0x7b9d917aca4d570c!8m2!3d35.589217!4d53.3976206!16s%2Fg%2F11f12231x0?hl=en&entry=ttu&g_ep=EgoyMDI2MDcyOS4wIKXMDSoASAFQAw%3D%3D",2026-08-03T00:52:32.083595+00:00
1276,google_maps,Tipax,تیپاکس سمنان 1 قدیمی ترین تیپاکس درشهرسمنان,سمنان,NULL,35.589217,53.3950403,1.0,"They are thieves and scammers. My package was 1/5, they registered 4/5. The cashier in charge of the branch told me to count it later, file a complaint, and get your money back. No one followed up at all, and a bunch of irresponsible people gathered around.",a year ago,morteza kashi,NULL,NULL,NULL,"https://www.google.com/maps/place/%D8%AA%DB%8C%D9%BE%D8%A7%DA%A9%D8%B3+%D8%B3%D9%85%D9%86%D8%A7%D9%86+%D8%B4%D8%B9%D8%A8%D9%87+1+%D9%82%D8%AF%DB%8C%D9%85%DB%8C+%D8%AA%D8%B1%DB%8C%D9%86+%D8%B4%D8%B9%D8%A8%D9%87+%D8%AA%DB%8C%D9%BE%D8%A7%DA%A9%D8%B3+%D8%AF%D8%B1%D8%B4%D9%87%D8%B1%D8%B3%D9%85%D9%86%D8%A7%D9%86%E2%80%AD/@35.589217,53.3950403,17z/data=!3m1!4b1!4m6!3m5!1s0x3f9bb32937cdec49:0x7b9d917aca4d570c!8m2!3d35.589217!4d53.3976206!16s%2Fg%2F11f12231x0?hl=en&entry=ttu&g_ep=EgoyMDI2MDcyOS4wIKXMDSoASAFQAw%3D%3D",2026-08-03T00:52:32.083595+00:00
1277,google_maps,Tipax,تیپاکس سمنان 1 قدیمی ترین تیپاکس درشهرسمنان,سمنان,NULL,35.589217,53.3950403,1.0,"I really feel sorry for Tipax Group, who not only do not fulfill their commitments, but are also not accountable. They received the goods from March 8th until today, April 9th, and they still have not delivered them. No one is accountable either.",a year ago,mohamad ali shahabi,NULL,NULL,NULL,"https://www.google.com/maps/place/%D8%AA%DB%8C%D9%BE%D8%A7%DA%A9%D8%B3+%D8%B3%D9%85%D9%86%D8%A7%D9%86+%D8%B4%D8%B9%D8%A8%D9%87+1+%D9%82%D8%AF%DB%8C%D9%85%DB%8C+%D8%AA%D8%B1%DB%8C%D9%86+%D8%B4%D8%B9%D8%A8%D9%87+%D8%AA%DB%8C%D9%BE%D8%A7%DA%A9%D8%B3+%D8%AF%D8%B1%D8%B4%D9%87%D8%B1%D8%B3%D9%85%D9%86%D8%A7%D9%86%E2%80%AD/@35.589217,53.3950403,17z/data=!3m1!4b1!4m6!3m5!1s0x3f9bb32937cdec49:0x7b9d917aca4d570c!8m2!3d35.589217!4d53.3976206!16s%2Fg%2F11f12231x0?hl=en&entry=ttu&g_ep=EgoyMDI2MDcyOS4wIKXMDSoASAFQAw%3D%3D",2026-08-03T00:52:32.083595+00:00
1278,google_maps,Tipax,تیپاکس سمنان 1 قدیمی ترین تیپاکس درشهرسمنان,سمنان,NULL,35.589217,53.3950403,5.0,I have an online shop and this Tipax branch is really better than their other branches in Semnan. Thank you for your excellent management and unparalleled service 🙏🏻 …,Edited a year ago,Arshia,NULL,NULL,NULL,"https://www.google.com/maps/place/%D8%AA%DB%8C%D9%BE%D8%A7%DA%A9%D8%B3+%D8%B3%D9%85%D9%86%D8%A7%D9%86+%D8%B4%D8%B9%D8%A8%D9%87+1+%D9%82%D8%AF%DB%8C%D9%85%DB%8C+%D8%AA%D8%B1%DB%8C%D9%86+%D8%B4%D8%B9%D8%A8%D9%87+%D8%AA%DB%8C%D9%BE%D8%A7%DA%A9%D8%B3+%D8%AF%D8%B1%D8%B4%D9%87%D8%B1%D8%B3%D9%85%D9%86%D8%A7%D9%86%E2%80%AD/@35.589217,53.3950403,17z/data=!3m1!4b1!4m6!3m5!1s0x3f9bb32937cdec49:0x7b9d917aca4d570c!8m2!3d35.589217!4d53.3976206!16s%2Fg%2F11f12231x0?hl=en&entry=ttu&g_ep=EgoyMDI2MDcyOS4wIKXMDSoASAFQAw%3D%3D",2026-08-03T00:52:32.083595+00:00
1279,google_maps,Tipax,تیپاکس سمنان 1 قدیمی ترین تیپاکس درشهرسمنان,سمنان,NULL,35.589217,53.3950403,1.0,Horrible Extremely irresponsible and a liar I always had my packages with Tipax but from now on I will not work with Tipax …,3 years ago,Yegane Tajik,NULL,NULL,NULL,"https://www.google.com/maps/place/%D8%AA%DB%8C%D9%BE%D8%A7%DA%A9%D8%B3+%D8%B3%D9%85%D9%86%D8%A7%D9%86+%D8%B4%D8%B9%D8%A8%D9%87+1+%D9%82%D8%AF%DB%8C%D9%85%DB%8C+%D8%AA%D8%B1%DB%8C%D9%86+%D8%B4%D8%B9%D8%A8%D9%87+%D8%AA%DB%8C%D9%BE%D8%A7%DA%A9%D8%B3+%D8%AF%D8%B1%D8%B4%D9%87%D8%B1%D8%B3%D9%85%D9%86%D8%A7%D9%86%E2%80%AD/@35.589217,53.3950403,17z/data=!3m1!4b1!4m6!3m5!1s0x3f9bb32937cdec49:0x7b9d917aca4d570c!8m2!3d35.589217!4d53.3976206!16s%2Fg%2F11f12231x0?hl=en&entry=ttu&g_ep=EgoyMDI2MDcyOS4wIKXMDSoASAFQAw%3D%3D",2026-08-03T00:52:32.083595+00:00
1280,google_maps,Tipax,تیپاکس سمنان 1 قدیمی ترین تیپاکس درشهرسمنان,سمنان,NULL,35.589217,53.3950403,5.0,"This branch is truly unique, thanks to their excellent service, excellent staff attitude, and excellent follow-up.",a year ago,Arshia,NULL,NULL,NULL,"https://www.google.com/maps/place/%D8%AA%DB%8C%D9%BE%D8%A7%DA%A9%D8%B3+%D8%B3%D9%85%D9%86%D8%A7%D9%86+%D8%B4%D8%B9%D8%A8%D9%87+1+%D9%82%D8%AF%DB%8C%D9%85%DB%8C+%D8%AA%D8%B1%DB%8C%D9%86+%D8%B4%D8%B9%D8%A8%D9%87+%D8%AA%DB%8C%D9%BE%D8%A7%DA%A9%D8%B3+%D8%AF%D8%B1%D8%B4%D9%87%D8%B1%D8%B3%D9%85%D9%86%D8%A7%D9%86%E2%80%AD/@35.589217,53.3950403,17z/data=!3m1!4b1!4m6!3m5!1s0x3f9bb32937cdec49:0x7b9d917aca4d570c!8m2!3d35.589217!4d53.3976206!16s%2Fg%2F11f12231x0?hl=en&entry=ttu&g_ep=EgoyMDI2MDcyOS4wIKXMDSoASAFQAw%3D%3D",2026-08-03T00:52:32.083595+00:00
1281,google_maps,Tipax,تیپاکس سمنان 1 قدیمی ترین تیپاکس درشهرسمنان,سمنان,NULL,35.589217,53.3950403,3.0,"The package was supposed to arrive on Saturday, but it arrived on Sunday, and the employees had very good manners.",5 years ago,Morteza Malakouti,NULL,NULL,NULL,"https://www.google.com/maps/place/%D8%AA%DB%8C%D9%BE%D8%A7%DA%A9%D8%B3+%D8%B3%D9%85%D9%86%D8%A7%D9%86+%D8%B4%D8%B9%D8%A8%D9%87+1+%D9%82%D8%AF%DB%8C%D9%85%DB%8C+%D8%AA%D8%B1%DB%8C%D9%86+%D8%B4%D8%B9%D8%A8%D9%87+%D8%AA%DB%8C%D9%BE%D8%A7%DA%A9%D8%B3+%D8%AF%D8%B1%D8%B4%D9%87%D8%B1%D8%B3%D9%85%D9%86%D8%A7%D9%86%E2%80%AD/@35.589217,53.3950403,17z/data=!3m1!4b1!4m6!3m5!1s0x3f9bb32937cdec49:0x7b9d917aca4d570c!8m2!3d35.589217!4d53.3976206!16s%2Fg%2F11f12231x0?hl=en&entry=ttu&g_ep=EgoyMDI2MDcyOS4wIKXMDSoASAFQAw%3D%3D",2026-08-03T00:52:32.083595+00:00
1282,google_maps,Tipax,تیپاکس سمنان 1 قدیمی ترین تیپاکس درشهرسمنان,سمنان,NULL,35.589217,53.3950403,1.0,"I have an online store and I recommend not sending sensitive and valuable goods to Tipax, especially this branch.",3 years ago,Yegane Tajik,NULL,NULL,NULL,"https://www.google.com/maps/place/%D8%AA%DB%8C%D9%BE%D8%A7%DA%A9%D8%B3+%D8%B3%D9%85%D9%86%D8%A7%D9%86+%D8%B4%D8%B9%D8%A8%D9%87+1+%D9%82%D8%AF%DB%8C%D9%85%DB%8C+%D8%AA%D8%B1%DB%8C%D9%86+%D8%B4%D8%B9%D8%A8%D9%87+%D8%AA%DB%8C%D9%BE%D8%A7%DA%A9%D8%B3+%D8%AF%D8%B1%D8%B4%D9%87%D8%B1%D8%B3%D9%85%D9%86%D8%A7%D9%86%E2%80%AD/@35.589217,53.3950403,17z/data=!3m1!4b1!4m6!3m5!1s0x3f9bb32937cdec49:0x7b9d917aca4d570c!8m2!3d35.589217!4d53.3976206!16s%2Fg%2F11f12231x0?hl=en&entry=ttu&g_ep=EgoyMDI2MDcyOS4wIKXMDSoASAFQAw%3D%3D",2026-08-03T00:52:32.083595+00:00
1283,google_maps,Tipax,تیپاکس سمنان 1 قدیمی ترین تیپاکس درشهرسمنان,سمنان,NULL,35.589217,53.3950403,1.0,Poor quality and irresponsible like Tipax... They won't distribute my package at the dealership for a week.,2 years ago,Masoud Haji Hosseini,NULL,NULL,NULL,"https://www.google.com/maps/place/%D8%AA%DB%8C%D9%BE%D8%A7%DA%A9%D8%B3+%D8%B3%D9%85%D9%86%D8%A7%D9%86+%D8%B4%D8%B9%D8%A8%D9%87+1+%D9%82%D8%AF%DB%8C%D9%85%DB%8C+%D8%AA%D8%B1%DB%8C%D9%86+%D8%B4%D8%B9%D8%A8%D9%87+%D8%AA%DB%8C%D9%BE%D8%A7%DA%A9%D8%B3+%D8%AF%D8%B1%D8%B4%D9%87%D8%B1%D8%B3%D9%85%D9%86%D8%A7%D9%86%E2%80%AD/@35.589217,53.3950403,17z/data=!3m1!4b1!4m6!3m5!1s0x3f9bb32937cdec49:0x7b9d917aca4d570c!8m2!3d35.589217!4d53.3976206!16s%2Fg%2F11f12231x0?hl=en&entry=ttu&g_ep=EgoyMDI2MDcyOS4wIKXMDSoASAFQAw%3D%3D",2026-08-03T00:52:32.083595+00:00
1284,google_maps,Tipax,تیپاکس سمنان 1 قدیمی ترین تیپاکس درشهرسمنان,سمنان,NULL,35.589217,53.3950403,1.0,Very bad word and lack of discipline. There is also no good response from the management.,4 years ago,M. Rad,NULL,NULL,NULL,"https://www.google.com/maps/place/%D8%AA%DB%8C%D9%BE%D8%A7%DA%A9%D8%B3+%D8%B3%D9%85%D9%86%D8%A7%D9%86+%D8%B4%D8%B9%D8%A8%D9%87+1+%D9%82%D8%AF%DB%8C%D9%85%DB%8C+%D8%AA%D8%B1%DB%8C%D9%86+%D8%B4%D8%B9%D8%A8%D9%87+%D8%AA%DB%8C%D9%BE%D8%A7%DA%A9%D8%B3+%D8%AF%D8%B1%D8%B4%D9%87%D8%B1%D8%B3%D9%85%D9%86%D8%A7%D9%86%E2%80%AD/@35.589217,53.3950403,17z/data=!3m1!4b1!4m6!3m5!1s0x3f9bb32937cdec49:0x7b9d917aca4d570c!8m2!3d35.589217!4d53.3976206!16s%2Fg%2F11f12231x0?hl=en&entry=ttu&g_ep=EgoyMDI2MDcyOS4wIKXMDSoASAFQAw%3D%3D",2026-08-03T00:52:32.083595+00:00
1285,google_maps,Tipax,تیپاکس گلشهر کاظمیه زنجان,زنجان,NULL,36.669319,48.5401749,1.0,"The owner is very rude, ill-mannered, and unfeeling. I really feel sorry for him, Tipax.",5 months ago,BEHROOZ .b.,NULL,NULL,NULL,https://www.google.com/maps/place/%D8%AA%DB%8C%D9%BE%D8%A7%DA%A9%D8%B3+%DA%AF%D9%84%D8%B4%D9%87%D8%B1+%DA%A9%D8%A7%D8%B8%D9%85%DB%8C%D9%87+%D8%B2%D9%86%D8%AC%D8%A7%D9%86%E2%80%AD/data=!4m7!3m6!1s0x3ff6110016611def:0xc802d1cd9df3e25b!8m2!3d36.669319!4d48.5401749!16s%2Fg%2F11vk1z921t!19sChIJ7x1hFgAR9j8RW-Lznc3RAsg?authuser=0&hl=en&rclk=1,2026-08-03T00:52:40.858367+00:00
1286,google_maps,Tipax,تیپاکس گلشهر کاظمیه زنجان,زنجان,NULL,36.669319,48.5401749,1.0,Always say lie and sending delay 😡😐 and bad reaction …,10 months ago,mina mohamadi,NULL,NULL,NULL,https://www.google.com/maps/place/%D8%AA%DB%8C%D9%BE%D8%A7%DA%A9%D8%B3+%DA%AF%D9%84%D8%B4%D9%87%D8%B1+%DA%A9%D8%A7%D8%B8%D9%85%DB%8C%D9%87+%D8%B2%D9%86%D8%AC%D8%A7%D9%86%E2%80%AD/data=!4m7!3m6!1s0x3ff6110016611def:0xc802d1cd9df3e25b!8m2!3d36.669319!4d48.5401749!16s%2Fg%2F11vk1z921t!19sChIJ7x1hFgAR9j8RW-Lznc3RAsg?authuser=0&hl=en&rclk=1,2026-08-03T00:52:40.858367+00:00
1287,google_maps,Tipax,تیپاکس فاروج,خراسان شمالی,NULL,37.2279787,58.2172719,5.0,"They were very polite and precise. Tracking my packages was outside of their duties, but they really followed up and patiently answered all my questions. If I have a package to send, I will definitely work with them again. They were excellent.",a day ago,zahra az,NULL,NULL,NULL,https://www.google.com/maps/place/%D8%AA%DB%8C%D9%BE%D8%A7%DA%A9%D8%B3+%D9%81%D8%A7%D8%B1%D9%88%D8%AC%E2%80%AD/data=!4m7!3m6!1s0x3f71d1f4e7636ccd:0x2f0faf71183aebe0!8m2!3d37.2279787!4d58.2172719!16s%2Fg%2F11rv6b_q8v!19sChIJzWxj5_TRcT8R4Os6GHGvDy8?authuser=0&hl=en&rclk=1,2026-08-03T00:53:32.439842+00:00
1288,google_maps,Tipax,تیپاکس فاروج,خراسان شمالی,NULL,37.2279787,58.2172719,1.0,"It only took a week to get it from their dealership in Mashhad, and it took two weeks from there. The package was also damaged when it arrived. At first they lied and said it would arrive in two days, then they didn't respond at all.",7 months ago,rasa rasaair,NULL,NULL,NULL,https://www.google.com/maps/place/%D8%AA%DB%8C%D9%BE%D8%A7%DA%A9%D8%B3+%D9%81%D8%A7%D8%B1%D9%88%D8%AC%E2%80%AD/data=!4m7!3m6!1s0x3f71d1f4e7636ccd:0x2f0faf71183aebe0!8m2!3d37.2279787!4d58.2172719!16s%2Fg%2F11rv6b_q8v!19sChIJzWxj5_TRcT8R4Os6GHGvDy8?authuser=0&hl=en&rclk=1,2026-08-03T00:53:32.439842+00:00
1289,google_maps,Tipax,تیپاکس فاروج,خراسان شمالی,NULL,37.2279787,58.2172719,1.0,Irregular working hours They are not good at delivering packages The afternoon working hours are their own. They come to the store whenever they want Totally awful. They don't bring the package to the house.,7 months ago,محمد رحمانی,NULL,NULL,NULL,https://www.google.com/maps/place/%D8%AA%DB%8C%D9%BE%D8%A7%DA%A9%D8%B3+%D9%81%D8%A7%D8%B1%D9%88%D8%AC%E2%80%AD/data=!4m7!3m6!1s0x3f71d1f4e7636ccd:0x2f0faf71183aebe0!8m2!3d37.2279787!4d58.2172719!16s%2Fg%2F11rv6b_q8v!19sChIJzWxj5_TRcT8R4Os6GHGvDy8?authuser=0&hl=en&rclk=1,2026-08-03T00:53:32.439842+00:00
1290,google_maps,Tipax,تیپاکس فاروج,خراسان شمالی,NULL,37.2279787,58.2172719,1.0,"Really irresponsible and disorganized I received the package 15 days ago, they said it would arrive in 3 days, but now after 15 days the package has not arrived and they are not answering the phone.",7 months ago,Ali Abbarin,NULL,NULL,NULL,https://www.google.com/maps/place/%D8%AA%DB%8C%D9%BE%D8%A7%DA%A9%D8%B3+%D9%81%D8%A7%D8%B1%D9%88%D8%AC%E2%80%AD/data=!4m7!3m6!1s0x3f71d1f4e7636ccd:0x2f0faf71183aebe0!8m2!3d37.2279787!4d58.2172719!16s%2Fg%2F11rv6b_q8v!19sChIJzWxj5_TRcT8R4Os6GHGvDy8?authuser=0&hl=en&rclk=1,2026-08-03T00:53:32.439842+00:00
1291,google_maps,Tipax,تیپاکس فاروج,خراسان شمالی,NULL,37.2279787,58.2172719,1.0,"This is the most broken, unorganized, rude Tipax agency in all of Iran. They don't answer the phone or have specific business hours. They just returned the package without bringing it home.",7 months ago,Ali amire,NULL,NULL,NULL,https://www.google.com/maps/place/%D8%AA%DB%8C%D9%BE%D8%A7%DA%A9%D8%B3+%D9%81%D8%A7%D8%B1%D9%88%D8%AC%E2%80%AD/data=!4m7!3m6!1s0x3f71d1f4e7636ccd:0x2f0faf71183aebe0!8m2!3d37.2279787!4d58.2172719!16s%2Fg%2F11rv6b_q8v!19sChIJzWxj5_TRcT8R4Os6GHGvDy8?authuser=0&hl=en&rclk=1,2026-08-03T00:53:32.439842+00:00
1292,google_maps,Tipax,تیپاکس فاروج,خراسان شمالی,NULL,37.2279787,58.2172719,5.0,Very excellent and responsive and thank you for the timely delivery and always taking care of us and helping our online shop.,a day ago,Mary,NULL,NULL,NULL,https://www.google.com/maps/place/%D8%AA%DB%8C%D9%BE%D8%A7%DA%A9%D8%B3+%D9%81%D8%A7%D8%B1%D9%88%D8%AC%E2%80%AD/data=!4m7!3m6!1s0x3f71d1f4e7636ccd:0x2f0faf71183aebe0!8m2!3d37.2279787!4d58.2172719!16s%2Fg%2F11rv6b_q8v!19sChIJzWxj5_TRcT8R4Os6GHGvDy8?authuser=0&hl=en&rclk=1,2026-08-03T00:53:32.439842+00:00
1293,google_maps,Tipax,تیپاکس فاروج,خراسان شمالی,NULL,37.2279787,58.2172719,1.0,"Don't trust T-Box at all, especially this dealership. I even called support and they just lie.",7 months ago,Ali Hahanavardi,NULL,NULL,NULL,https://www.google.com/maps/place/%D8%AA%DB%8C%D9%BE%D8%A7%DA%A9%D8%B3+%D9%81%D8%A7%D8%B1%D9%88%D8%AC%E2%80%AD/data=!4m7!3m6!1s0x3f71d1f4e7636ccd:0x2f0faf71183aebe0!8m2!3d37.2279787!4d58.2172719!16s%2Fg%2F11rv6b_q8v!19sChIJzWxj5_TRcT8R4Os6GHGvDy8?authuser=0&hl=en&rclk=1,2026-08-03T00:53:32.439842+00:00
1294,google_maps,Tipax,تیپاکس فاروج,خراسان شمالی,NULL,37.2279787,58.2172719,5.0,I bought a Muharram flag.,3 years ago,Najaf Soltani,NULL,NULL,NULL,https://www.google.com/maps/place/%D8%AA%DB%8C%D9%BE%D8%A7%DA%A9%D8%B3+%D9%81%D8%A7%D8%B1%D9%88%D8%AC%E2%80%AD/data=!4m7!3m6!1s0x3f71d1f4e7636ccd:0x2f0faf71183aebe0!8m2!3d37.2279787!4d58.2172719!16s%2Fg%2F11rv6b_q8v!19sChIJzWxj5_TRcT8R4Os6GHGvDy8?authuser=0&hl=en&rclk=1,2026-08-03T00:53:32.439842+00:00
1295,google_maps,Tipax,تیپاکس فاروج,خراسان شمالی,NULL,37.2279787,58.2172719,5.0,Excellent,4 years ago,Ali Musavi,NULL,NULL,NULL,https://www.google.com/maps/place/%D8%AA%DB%8C%D9%BE%D8%A7%DA%A9%D8%B3+%D9%81%D8%A7%D8%B1%D9%88%D8%AC%E2%80%AD/data=!4m7!3m6!1s0x3f71d1f4e7636ccd:0x2f0faf71183aebe0!8m2!3d37.2279787!4d58.2172719!16s%2Fg%2F11rv6b_q8v!19sChIJzWxj5_TRcT8R4Os6GHGvDy8?authuser=0&hl=en&rclk=1,2026-08-03T00:53:32.439842+00:00
1296,google_maps,Tipax,تیپاکس حکیم بیرجند,خراسان جنوبی,NULL,32.8856401,59.2199058,1.0,Hello. I don't recommend it at all because it's too late. It took me 9 days to get a small bag. You need to speed up the action. Follow-up must be carried out until the package reaches the buyer's hand. The receiver must not have to go to the branch and representative of TIPAX. The package must be delivered to the home or the address of the recipient. You have to put a lot of value on the customer to make the business thrive. Hello. I don't recommend it because it's too late. It took me 9 days to get a small bag. You need to speed up the action. Follow-up must be carried out until the package reaches the buyer's hand. The receiver must not have to go to the branch and representative of TIPAX. The package must be delivered to the home or the address of the recipient. You have to put a lot of value on the customer to make the business thrive.,2 years ago,Majid Birjandi,NULL,NULL,NULL,https://www.google.com/maps/place/%D9%86%D9%85%D8%A7%DB%8C%D9%86%D8%AF%DA%AF%DB%8C+%D8%AA%DB%8C%D9%BE%D8%A7%DA%A9%D8%B3+%D8%AD%DA%A9%DB%8C%D9%85+%D8%A8%DB%8C%D8%B1%D8%AC%D9%86%D8%AF%E2%80%AD/data=!4m7!3m6!1s0x3f1a675b27fb462b:0xa2dbccd29bffef25!8m2!3d32.8856401!4d59.2199058!16s%2Fg%2F11rf269zp5!19sChIJK0b7J1tnGj8RJe__m9LM26I?authuser=0&hl=en&rclk=1,2026-08-03T00:53:41.071136+00:00
1297,google_maps,Tipax,تیپاکس حکیم بیرجند,خراسان جنوبی,NULL,32.8856401,59.2199058,1.0,"They are literally awful, they are completely late. They brought the package to the house once and then forgot about it. I went looking for it and they couldn't find it. When I thanked them, they seemed to be lying. The rest of the branch was in disarray.",4 years ago,Rza Mhbi,NULL,NULL,NULL,https://www.google.com/maps/place/%D9%86%D9%85%D8%A7%DB%8C%D9%86%D8%AF%DA%AF%DB%8C+%D8%AA%DB%8C%D9%BE%D8%A7%DA%A9%D8%B3+%D8%AD%DA%A9%DB%8C%D9%85+%D8%A8%DB%8C%D8%B1%D8%AC%D9%86%D8%AF%E2%80%AD/data=!4m7!3m6!1s0x3f1a675b27fb462b:0xa2dbccd29bffef25!8m2!3d32.8856401!4d59.2199058!16s%2Fg%2F11rf269zp5!19sChIJK0b7J1tnGj8RJe__m9LM26I?authuser=0&hl=en&rclk=1,2026-08-03T00:53:41.071136+00:00
1298,google_maps,Tipax,تیپاکس حکیم بیرجند,خراسان جنوبی,NULL,32.8856401,59.2199058,1.0,They are not organized at all. I have ordered twice so far and had to follow up in person and receive the package.,a year ago,Reza Shabanzade,NULL,NULL,NULL,https://www.google.com/maps/place/%D9%86%D9%85%D8%A7%DB%8C%D9%86%D8%AF%DA%AF%DB%8C+%D8%AA%DB%8C%D9%BE%D8%A7%DA%A9%D8%B3+%D8%AD%DA%A9%DB%8C%D9%85+%D8%A8%DB%8C%D8%B1%D8%AC%D9%86%D8%AF%E2%80%AD/data=!4m7!3m6!1s0x3f1a675b27fb462b:0xa2dbccd29bffef25!8m2!3d32.8856401!4d59.2199058!16s%2Fg%2F11rf269zp5!19sChIJK0b7J1tnGj8RJe__m9LM26I?authuser=0&hl=en&rclk=1,2026-08-03T00:53:41.071136+00:00
1299,google_maps,Tipax,تیپاکس حکیم بیرجند,خراسان جنوبی,NULL,32.8856401,59.2199058,1.0,It's not a good office at all. I went there at 11 am and the office on Baqiyatallah Street was closed.,a year ago,رضا قربانی,NULL,NULL,NULL,https://www.google.com/maps/place/%D9%86%D9%85%D8%A7%DB%8C%D9%86%D8%AF%DA%AF%DB%8C+%D8%AA%DB%8C%D9%BE%D8%A7%DA%A9%D8%B3+%D8%AD%DA%A9%DB%8C%D9%85+%D8%A8%DB%8C%D8%B1%D8%AC%D9%86%D8%AF%E2%80%AD/data=!4m7!3m6!1s0x3f1a675b27fb462b:0xa2dbccd29bffef25!8m2!3d32.8856401!4d59.2199058!16s%2Fg%2F11rf269zp5!19sChIJK0b7J1tnGj8RJe__m9LM26I?authuser=0&hl=en&rclk=1,2026-08-03T00:53:41.071136+00:00
1300,google_maps,Tipax,تیپاکس حکیم بیرجند,خراسان جنوبی,NULL,32.8856401,59.2199058,1.0,"They take money, they call, come and pick up your device yourself.",a year ago,Mohamadreza Mohamadi,NULL,NULL,NULL,https://www.google.com/maps/place/%D9%86%D9%85%D8%A7%DB%8C%D9%86%D8%AF%DA%AF%DB%8C+%D8%AA%DB%8C%D9%BE%D8%A7%DA%A9%D8%B3+%D8%AD%DA%A9%DB%8C%D9%85+%D8%A8%DB%8C%D8%B1%D8%AC%D9%86%D8%AF%E2%80%AD/data=!4m7!3m6!1s0x3f1a675b27fb462b:0xa2dbccd29bffef25!8m2!3d32.8856401!4d59.2199058!16s%2Fg%2F11rf269zp5!19sChIJK0b7J1tnGj8RJe__m9LM26I?authuser=0&hl=en&rclk=1,2026-08-03T00:53:41.071136+00:00
1301,google_maps,Tipax,تیپاکس حکیم بیرجند,خراسان جنوبی,NULL,32.8856401,59.2199058,1.0,This dealership has become a Chapar dealership.,2 years ago,Kevan_kar,NULL,NULL,NULL,https://www.google.com/maps/place/%D9%86%D9%85%D8%A7%DB%8C%D9%86%D8%AF%DA%AF%DB%8C+%D8%AA%DB%8C%D9%BE%D8%A7%DA%A9%D8%B3+%D8%AD%DA%A9%DB%8C%D9%85+%D8%A8%DB%8C%D8%B1%D8%AC%D9%86%D8%AF%E2%80%AD/data=!4m7!3m6!1s0x3f1a675b27fb462b:0xa2dbccd29bffef25!8m2!3d32.8856401!4d59.2199058!16s%2Fg%2F11rf269zp5!19sChIJK0b7J1tnGj8RJe__m9LM26I?authuser=0&hl=en&rclk=1,2026-08-03T00:53:41.071136+00:00
1302,google_maps,Tipax,تیپاکس حکیم بیرجند,خراسان جنوبی,NULL,32.8856401,59.2199058,5.0,12 years of experience in export and import,a year ago,Omid Abdolahi,NULL,NULL,NULL,https://www.google.com/maps/place/%D9%86%D9%85%D8%A7%DB%8C%D9%86%D8%AF%DA%AF%DB%8C+%D8%AA%DB%8C%D9%BE%D8%A7%DA%A9%D8%B3+%D8%AD%DA%A9%DB%8C%D9%85+%D8%A8%DB%8C%D8%B1%D8%AC%D9%86%D8%AF%E2%80%AD/data=!4m7!3m6!1s0x3f1a675b27fb462b:0xa2dbccd29bffef25!8m2!3d32.8856401!4d59.2199058!16s%2Fg%2F11rf269zp5!19sChIJK0b7J1tnGj8RJe__m9LM26I?authuser=0&hl=en&rclk=1,2026-08-03T00:53:41.071136+00:00
1303,google_maps,Tipax,تیپاکس حکیم بیرجند,خراسان جنوبی,NULL,32.8856401,59.2199058,5.0,Excellent responsiveness,a year ago,Asal Tajkooh (Tajkooh),NULL,NULL,NULL,https://www.google.com/maps/place/%D9%86%D9%85%D8%A7%DB%8C%D9%86%D8%AF%DA%AF%DB%8C+%D8%AA%DB%8C%D9%BE%D8%A7%DA%A9%D8%B3+%D8%AD%DA%A9%DB%8C%D9%85+%D8%A8%DB%8C%D8%B1%D8%AC%D9%86%D8%AF%E2%80%AD/data=!4m7!3m6!1s0x3f1a675b27fb462b:0xa2dbccd29bffef25!8m2!3d32.8856401!4d59.2199058!16s%2Fg%2F11rf269zp5!19sChIJK0b7J1tnGj8RJe__m9LM26I?authuser=0&hl=en&rclk=1,2026-08-03T00:53:41.071136+00:00
1304,google_maps,Tipax,تیپاکس بیرجند,خراسان جنوبی,ری,32.8859876,59.2199066,1.0,"Tipax has a very bad service. The main problem is that your package arrives late in the city and then it takes up to two or three days for the package to reach you. Many times, people go and get it themselves so that the package reaches them sooner. Then you have to wait a long time for them to find it. And then, if they don't say it's gone in the van! I myself would say use Tipax if there is any other way other than Tipax.",5 years ago,Mohammad Amin Firoozabadi,NULL,NULL,NULL,https://www.google.com/maps/place/%D9%86%D9%85%D8%A7%DB%8C%D9%86%D8%AF%DA%AF%DB%8C+%D8%AA%DB%8C%D9%BE%D8%A7%DA%A9%D8%B3+%D8%A8%DB%8C%D8%B1%D8%AC%D9%86%D8%AF%E2%80%AD/data=!4m7!3m6!1s0x3f1a670451c77bed:0x9a7a4d6879bd3152!8m2!3d32.8859876!4d59.2199066!16s%2Fg%2F11hmgtq8dp!19sChIJ7XvHUQRnGj8RUjG9eWhNepo?authuser=0&hl=en&rclk=1,2026-08-03T00:53:49.767258+00:00
1305,google_maps,Tipax,تیپاکس بیرجند,خراسان جنوبی,ری,32.8859876,59.2199066,1.0,"The goods arrive late to the recipient. You must go to the branch to pick them up yourself. If you asked for them to be delivered to your door, after two or three days of being at the branch, no one came to pick them up. Maybe they will bring them to your door.",5 years ago,حسین عجمی,NULL,NULL,NULL,https://www.google.com/maps/place/%D9%86%D9%85%D8%A7%DB%8C%D9%86%D8%AF%DA%AF%DB%8C+%D8%AA%DB%8C%D9%BE%D8%A7%DA%A9%D8%B3+%D8%A8%DB%8C%D8%B1%D8%AC%D9%86%D8%AF%E2%80%AD/data=!4m7!3m6!1s0x3f1a670451c77bed:0x9a7a4d6879bd3152!8m2!3d32.8859876!4d59.2199066!16s%2Fg%2F11hmgtq8dp!19sChIJ7XvHUQRnGj8RUjG9eWhNepo?authuser=0&hl=en&rclk=1,2026-08-03T00:53:49.767258+00:00
1306,google_maps,Tipax,تیپاکس بیرجند,خراسان جنوبی,ری,32.8859876,59.2199066,1.0,"Bring your cargo with livestock, but don't give it to Tipax, especially this Birjand branch. It's terrible. They deliver so late that your father will pay twice the shipping cost. Zero responsiveness and delivery speed.",5 years ago,Hojjat Mohammadipour,NULL,NULL,NULL,https://www.google.com/maps/place/%D9%86%D9%85%D8%A7%DB%8C%D9%86%D8%AF%DA%AF%DB%8C+%D8%AA%DB%8C%D9%BE%D8%A7%DA%A9%D8%B3+%D8%A8%DB%8C%D8%B1%D8%AC%D9%86%D8%AF%E2%80%AD/data=!4m7!3m6!1s0x3f1a670451c77bed:0x9a7a4d6879bd3152!8m2!3d32.8859876!4d59.2199066!16s%2Fg%2F11hmgtq8dp!19sChIJ7XvHUQRnGj8RUjG9eWhNepo?authuser=0&hl=en&rclk=1,2026-08-03T00:53:49.767258+00:00
1307,google_maps,Tipax,تیپاکس بیرجند,خراسان جنوبی,ری,32.8859876,59.2199066,1.0,It is not recommended to take it with anything. It is better than Tipax. It takes too long. It is useless.,4 years ago,Javad Berry,NULL,NULL,NULL,https://www.google.com/maps/place/%D9%86%D9%85%D8%A7%DB%8C%D9%86%D8%AF%DA%AF%DB%8C+%D8%AA%DB%8C%D9%BE%D8%A7%DA%A9%D8%B3+%D8%A8%DB%8C%D8%B1%D8%AC%D9%86%D8%AF%E2%80%AD/data=!4m7!3m6!1s0x3f1a670451c77bed:0x9a7a4d6879bd3152!8m2!3d32.8859876!4d59.2199066!16s%2Fg%2F11hmgtq8dp!19sChIJ7XvHUQRnGj8RUjG9eWhNepo?authuser=0&hl=en&rclk=1,2026-08-03T00:53:49.767258+00:00
1308,google_maps,Tipax,تیپاکس بیرجند,خراسان جنوبی,ری,32.8859876,59.2199066,1.0,"Unless you go and get it yourself, you'll get it quickly, otherwise you'll have to wait 2-3 days.",4 years ago,amir arabzade,NULL,NULL,NULL,https://www.google.com/maps/place/%D9%86%D9%85%D8%A7%DB%8C%D9%86%D8%AF%DA%AF%DB%8C+%D8%AA%DB%8C%D9%BE%D8%A7%DA%A9%D8%B3+%D8%A8%DB%8C%D8%B1%D8%AC%D9%86%D8%AF%E2%80%AD/data=!4m7!3m6!1s0x3f1a670451c77bed:0x9a7a4d6879bd3152!8m2!3d32.8859876!4d59.2199066!16s%2Fg%2F11hmgtq8dp!19sChIJ7XvHUQRnGj8RUjG9eWhNepo?authuser=0&hl=en&rclk=1,2026-08-03T00:53:49.767258+00:00
1309,google_maps,Tipax,تیپاکس بیرجند,خراسان جنوبی,ری,32.8859876,59.2199066,3.0,They didn't take the mail to Imam Ali Town.,5 years ago,Hosein Maddahi,NULL,NULL,NULL,https://www.google.com/maps/place/%D9%86%D9%85%D8%A7%DB%8C%D9%86%D8%AF%DA%AF%DB%8C+%D8%AA%DB%8C%D9%BE%D8%A7%DA%A9%D8%B3+%D8%A8%DB%8C%D8%B1%D8%AC%D9%86%D8%AF%E2%80%AD/data=!4m7!3m6!1s0x3f1a670451c77bed:0x9a7a4d6879bd3152!8m2!3d32.8859876!4d59.2199066!16s%2Fg%2F11hmgtq8dp!19sChIJ7XvHUQRnGj8RUjG9eWhNepo?authuser=0&hl=en&rclk=1,2026-08-03T00:53:49.767258+00:00
1310,google_maps,Tipax,تیپاکس بیرجند,خراسان جنوبی,ری,32.8859876,59.2199066,3.0,Order is not defined at all in this system.,5 years ago,Behnam Bah,NULL,NULL,NULL,https://www.google.com/maps/place/%D9%86%D9%85%D8%A7%DB%8C%D9%86%D8%AF%DA%AF%DB%8C+%D8%AA%DB%8C%D9%BE%D8%A7%DA%A9%D8%B3+%D8%A8%DB%8C%D8%B1%D8%AC%D9%86%D8%AF%E2%80%AD/data=!4m7!3m6!1s0x3f1a670451c77bed:0x9a7a4d6879bd3152!8m2!3d32.8859876!4d59.2199066!16s%2Fg%2F11hmgtq8dp!19sChIJ7XvHUQRnGj8RUjG9eWhNepo?authuser=0&hl=en&rclk=1,2026-08-03T00:53:49.767258+00:00
1311,google_maps,Tipax,تیپاکس بیرجند,خراسان جنوبی,ری,32.8859876,59.2199066,1.0,"To file a complaint, call 0218457.",4 years ago,Behzad Jamalzei,NULL,NULL,NULL,https://www.google.com/maps/place/%D9%86%D9%85%D8%A7%DB%8C%D9%86%D8%AF%DA%AF%DB%8C+%D8%AA%DB%8C%D9%BE%D8%A7%DA%A9%D8%B3+%D8%A8%DB%8C%D8%B1%D8%AC%D9%86%D8%AF%E2%80%AD/data=!4m7!3m6!1s0x3f1a670451c77bed:0x9a7a4d6879bd3152!8m2!3d32.8859876!4d59.2199066!16s%2Fg%2F11hmgtq8dp!19sChIJ7XvHUQRnGj8RUjG9eWhNepo?authuser=0&hl=en&rclk=1,2026-08-03T00:53:49.767258+00:00
1312,google_maps,Tipax,تیپاکس بیرجند,خراسان جنوبی,ری,32.8859876,59.2199066,5.0,Very efficient and lovely.,2 years ago,Hasan kavousi,NULL,NULL,NULL,https://www.google.com/maps/place/%D9%86%D9%85%D8%A7%DB%8C%D9%86%D8%AF%DA%AF%DB%8C+%D8%AA%DB%8C%D9%BE%D8%A7%DA%A9%D8%B3+%D8%A8%DB%8C%D8%B1%D8%AC%D9%86%D8%AF%E2%80%AD/data=!4m7!3m6!1s0x3f1a670451c77bed:0x9a7a4d6879bd3152!8m2!3d32.8859876!4d59.2199066!16s%2Fg%2F11hmgtq8dp!19sChIJ7XvHUQRnGj8RUjG9eWhNepo?authuser=0&hl=en&rclk=1,2026-08-03T00:53:49.767258+00:00
1313,google_maps,Tipax,تیپاکس بیرجند,خراسان جنوبی,ری,32.8859876,59.2199066,2.0,Extremely late delivery,5 years ago,Fateme Azd,NULL,NULL,NULL,https://www.google.com/maps/place/%D9%86%D9%85%D8%A7%DB%8C%D9%86%D8%AF%DA%AF%DB%8C+%D8%AA%DB%8C%D9%BE%D8%A7%DA%A9%D8%B3+%D8%A8%DB%8C%D8%B1%D8%AC%D9%86%D8%AF%E2%80%AD/data=!4m7!3m6!1s0x3f1a670451c77bed:0x9a7a4d6879bd3152!8m2!3d32.8859876!4d59.2199066!16s%2Fg%2F11hmgtq8dp!19sChIJ7XvHUQRnGj8RUjG9eWhNepo?authuser=0&hl=en&rclk=1,2026-08-03T00:53:49.767258+00:00
1314,google_maps,Tipax,تیپاکس,تهران,تهران,35.7770949,51.3721892,1.0,"I really feel sorry for myself that I got caught in such a postal system A week ago, a package was supposed to be sent to me, and at 11 pm I received a text message that we delivered it Is such a thing even possible???????!!!!! Then, after thousands of follow-ups, we reach out to so-and-so, they contact you, and still, no follow-up has been done for my package!!!! Officially, my package has been stolen and no one is as surprised as they think.",9 months ago,Amir Alirezaie,NULL,NULL,NULL,https://www.google.com/maps/place/%D8%AA%DB%8C%D9%BE%D8%A7%DA%A9%D8%B3%E2%80%AD/data=!4m7!3m6!1s0x3f8e070039269485:0xe4c694b1b22d7ca5!8m2!3d35.7770949!4d51.3721892!16s%2Fg%2F11lz3dxfdc!19sChIJhZQmOQAHjj8RpXwtsrGUxuQ?authuser=0&hl=en&rclk=1,2026-08-03T01:25:12.359357+00:00
1315,google_maps,Tipax,تیپاکس,تهران,تهران,35.7770949,51.3721892,1.0,"On the Elki website, the package arrives in 1 day Now Tehran to Tehran, it has been 4 business days and it has not arrived They don't even know when, when, what time it will arrive They say the volume of packages is large, it should arrive by now Well, have a schedule, say for example, it will arrive on a certain day in two weeks Why do you say one day?",2 months ago,Shamim Mohammadi,NULL,NULL,NULL,https://www.google.com/maps/place/%D8%AA%DB%8C%D9%BE%D8%A7%DA%A9%D8%B3%E2%80%AD/data=!4m7!3m6!1s0x3f8e070039269485:0xe4c694b1b22d7ca5!8m2!3d35.7770949!4d51.3721892!16s%2Fg%2F11lz3dxfdc!19sChIJhZQmOQAHjj8RpXwtsrGUxuQ?authuser=0&hl=en&rclk=1,2026-08-03T01:25:12.359357+00:00
1316,google_maps,Tipax,تیپاکس,تهران,تهران,35.7770949,51.3721892,1.0,"Very good! I've been calling for a week now, they don't bring the goods, they don't answer, I can't go and get them myself because they don't even know where the exchange center is! Very good for entertainment. I had been feeling calm for a long time, I was bored, and it's been resolved for a week now.",7 months ago,محمد اینانلو شویکلو,NULL,NULL,NULL,https://www.google.com/maps/place/%D8%AA%DB%8C%D9%BE%D8%A7%DA%A9%D8%B3%E2%80%AD/data=!4m7!3m6!1s0x3f8e070039269485:0xe4c694b1b22d7ca5!8m2!3d35.7770949!4d51.3721892!16s%2Fg%2F11lz3dxfdc!19sChIJhZQmOQAHjj8RpXwtsrGUxuQ?authuser=0&hl=en&rclk=1,2026-08-03T01:25:12.359357+00:00
1317,google_maps,Tipax,تیپاکس,تهران,تهران,35.7770949,51.3721892,1.0,"I was home the whole time but it said no, I'm really sorry for your irresponsibility, it was 2 million in remittances, even if I wasn't there, you couldn't have called!? The most base and false collection,",5 months ago,Payam Tivay,NULL,NULL,NULL,https://www.google.com/maps/place/%D8%AA%DB%8C%D9%BE%D8%A7%DA%A9%D8%B3%E2%80%AD/data=!4m7!3m6!1s0x3f8e070039269485:0xe4c694b1b22d7ca5!8m2!3d35.7770949!4d51.3721892!16s%2Fg%2F11lz3dxfdc!19sChIJhZQmOQAHjj8RpXwtsrGUxuQ?authuser=0&hl=en&rclk=1,2026-08-03T01:25:12.359357+00:00
1318,google_maps,Tipax,تیپاکس,تهران,تهران,35.7770949,51.3721892,1.0,"I wish I could comment without stars. If you're fed up with your relaxation and want to take a break for a couple of weeks, this Tipax relaxation is a good option.",6 months ago,Mobin Shahali,NULL,NULL,NULL,https://www.google.com/maps/place/%D8%AA%DB%8C%D9%BE%D8%A7%DA%A9%D8%B3%E2%80%AD/data=!4m7!3m6!1s0x3f8e070039269485:0xe4c694b1b22d7ca5!8m2!3d35.7770949!4d51.3721892!16s%2Fg%2F11lz3dxfdc!19sChIJhZQmOQAHjj8RpXwtsrGUxuQ?authuser=0&hl=en&rclk=1,2026-08-03T01:25:12.359357+00:00
1319,google_maps,Tipax,تیپاکس,تهران,تهران,35.7770949,51.3721892,1.0,"The most awful thing is, if you didn't have to, you would never have delivered. It really can't get any worse than this.",2 months ago,danial haghmoradi,NULL,NULL,NULL,https://www.google.com/maps/place/%D8%AA%DB%8C%D9%BE%D8%A7%DA%A9%D8%B3%E2%80%AD/data=!4m7!3m6!1s0x3f8e070039269485:0xe4c694b1b22d7ca5!8m2!3d35.7770949!4d51.3721892!16s%2Fg%2F11lz3dxfdc!19sChIJhZQmOQAHjj8RpXwtsrGUxuQ?authuser=0&hl=en&rclk=1,2026-08-03T01:25:12.359357+00:00
1320,google_maps,Tipax,تیپاکس,تهران,تهران,35.7770949,51.3721892,1.0,It has the most broken and unorganized administrative system. Close the door here.,2 months ago,Farnood Amiri,NULL,NULL,NULL,https://www.google.com/maps/place/%D8%AA%DB%8C%D9%BE%D8%A7%DA%A9%D8%B3%E2%80%AD/data=!4m7!3m6!1s0x3f8e070039269485:0xe4c694b1b22d7ca5!8m2!3d35.7770949!4d51.3721892!16s%2Fg%2F11lz3dxfdc!19sChIJhZQmOQAHjj8RpXwtsrGUxuQ?authuser=0&hl=en&rclk=1,2026-08-03T01:25:12.359357+00:00
1321,google_maps,Tipax,تیپاکس,تهران,تهران,35.7770949,51.3721892,5.0,Good customer service and punctual staff,4 years ago,Zahra Karimpour,NULL,NULL,NULL,https://www.google.com/maps/place/%D8%AA%DB%8C%D9%BE%D8%A7%DA%A9%D8%B3%E2%80%AD/data=!4m7!3m6!1s0x3f8e070039269485:0xe4c694b1b22d7ca5!8m2!3d35.7770949!4d51.3721892!16s%2Fg%2F11lz3dxfdc!19sChIJhZQmOQAHjj8RpXwtsrGUxuQ?authuser=0&hl=en&rclk=1,2026-08-03T01:25:12.359357+00:00
1322,google_maps,Tipax,تیپاکس,تهران,تهران,35.7770949,51.3721892,5.0,Ver good service,4 years ago,Ashkan Boujar,NULL,NULL,NULL,https://www.google.com/maps/place/%D8%AA%DB%8C%D9%BE%D8%A7%DA%A9%D8%B3%E2%80%AD/data=!4m7!3m6!1s0x3f8e070039269485:0xe4c694b1b22d7ca5!8m2!3d35.7770949!4d51.3721892!16s%2Fg%2F11lz3dxfdc!19sChIJhZQmOQAHjj8RpXwtsrGUxuQ?authuser=0&hl=en&rclk=1,2026-08-03T01:25:12.359357+00:00
1323,google_maps,Tipax,تیپاکس,تهران,تهران,35.7770949,51.3721892,4.0,fast & neet,3 years ago,hamid mozayan,NULL,NULL,NULL,https://www.google.com/maps/place/%D8%AA%DB%8C%D9%BE%D8%A7%DA%A9%D8%B3%E2%80%AD/data=!4m7!3m6!1s0x3f8e070039269485:0xe4c694b1b22d7ca5!8m2!3d35.7770949!4d51.3721892!16s%2Fg%2F11lz3dxfdc!19sChIJhZQmOQAHjj8RpXwtsrGUxuQ?authuser=0&hl=en&rclk=1,2026-08-03T01:25:12.359357+00:00
1324,google_maps,Tipax,Tipax,تهران,تهران,35.7174395,51.4007391,1.0,"Tipax is terrible. I gave them two hundred packages of Nowruz gifts to send to Tehran. They either stole the packages or returned them to me and charged us for the return. This person who gave a good review that the management has changed and... he is the head of this branch, doesn't he say that my yogurt is sour?",4 years ago,mehdi sohrabi,NULL,NULL,NULL,https://www.google.com/maps/place/Tipax/data=!4m7!3m6!1s0x3f8e013b67b28567:0xf3591dc54edde6e3!8m2!3d35.7174395!4d51.4007391!16s%2Fg%2F11gd1s3lrw!19sChIJZ4WyZzsBjj8R4-bdTsUdWfM?authuser=0&hl=en&rclk=1,2026-08-03T01:25:29.834107+00:00
1325,google_maps,Tipax,Tipax,تهران,تهران,35.7174395,51.4007391,1.0,"It took six days to ship from Tehran to Tehran, and they filed two complaints. This performance shows commitment and customer service, which they forgot about because of the large package. It is these customers who should be able to survive with commitment and on-time delivery.",9 months ago,Majid Amiri Shad,NULL,NULL,NULL,https://www.google.com/maps/place/Tipax/data=!4m7!3m6!1s0x3f8e013b67b28567:0xf3591dc54edde6e3!8m2!3d35.7174395!4d51.4007391!16s%2Fg%2F11gd1s3lrw!19sChIJZ4WyZzsBjj8R4-bdTsUdWfM?authuser=0&hl=en&rclk=1,2026-08-03T01:25:29.834107+00:00
1326,google_maps,Tipax,Tipax,تهران,تهران,35.7174395,51.4007391,1.0,"The service has become very poor and irresponsible. Tipax Zanjan called and said either come and pick it up from the office or I will return it to the sender. Tell them to fuck off if you don't want to serve the people and are trying to hurt them. Go die, you filthy bastard.",3 years ago,Nahid Hdd,NULL,NULL,NULL,https://www.google.com/maps/place/Tipax/data=!4m7!3m6!1s0x3f8e013b67b28567:0xf3591dc54edde6e3!8m2!3d35.7174395!4d51.4007391!16s%2Fg%2F11gd1s3lrw!19sChIJZ4WyZzsBjj8R4-bdTsUdWfM?authuser=0&hl=en&rclk=1,2026-08-03T01:25:29.834107+00:00
1327,google_maps,Tipax,Tipax,تهران,تهران,35.7174395,51.4007391,3.0,They don't provide good service at all. Bad attitude of the staff. They don't take any responsibility for the goods. They don't answer the phone. The goods don't arrive on time. They told me it would take one day from Tehran to Isfahan. It took about 5 days.,Edited 6 years ago,Majid B,NULL,NULL,NULL,https://www.google.com/maps/place/Tipax/data=!4m7!3m6!1s0x3f8e013b67b28567:0xf3591dc54edde6e3!8m2!3d35.7174395!4d51.4007391!16s%2Fg%2F11gd1s3lrw!19sChIJZ4WyZzsBjj8R4-bdTsUdWfM?authuser=0&hl=en&rclk=1,2026-08-03T01:25:29.834107+00:00
1328,google_maps,Tipax,Tipax,تهران,تهران,35.7174395,51.4007391,1.0,Tipax's slogan is that we are with you with one call I have been calling its various branches for 3 days I finally realized that I should call Fatemi …,8 years ago,B Mahini,NULL,NULL,NULL,https://www.google.com/maps/place/Tipax/data=!4m7!3m6!1s0x3f8e013b67b28567:0xf3591dc54edde6e3!8m2!3d35.7174395!4d51.4007391!16s%2Fg%2F11gd1s3lrw!19sChIJZ4WyZzsBjj8R4-bdTsUdWfM?authuser=0&hl=en&rclk=1,2026-08-03T01:25:29.834107+00:00
1329,google_maps,Tipax,Tipax,تهران,تهران,35.7174395,51.4007391,1.0,"Overall, it's a very poor site with insufficient support. And the online support unit they have is not at all proficient in their work.",a year ago,mojtaba ameri,NULL,NULL,NULL,https://www.google.com/maps/place/Tipax/data=!4m7!3m6!1s0x3f8e013b67b28567:0xf3591dc54edde6e3!8m2!3d35.7174395!4d51.4007391!16s%2Fg%2F11gd1s3lrw!19sChIJZ4WyZzsBjj8R4-bdTsUdWfM?authuser=0&hl=en&rclk=1,2026-08-03T01:25:29.834107+00:00
1330,google_maps,Tipax,Tipax,تهران,تهران,35.7174395,51.4007391,1.0,BY FAR THE WORST TIPAX BRANCH. No phone answer. I am still waiting for my box after three days. Sheer CHAOS there.,5 years ago,Milad Saadat,NULL,NULL,NULL,https://www.google.com/maps/place/Tipax/data=!4m7!3m6!1s0x3f8e013b67b28567:0xf3591dc54edde6e3!8m2!3d35.7174395!4d51.4007391!16s%2Fg%2F11gd1s3lrw!19sChIJZ4WyZzsBjj8R4-bdTsUdWfM?authuser=0&hl=en&rclk=1,2026-08-03T01:25:29.834107+00:00
1331,google_maps,Tipax,Tipax,تهران,تهران,35.7174395,51.4007391,5.0,I went to the place today and I got that the location is a little bit wrong on the google map.,2 years ago,Ahad Fattahi,NULL,NULL,NULL,https://www.google.com/maps/place/Tipax/data=!4m7!3m6!1s0x3f8e013b67b28567:0xf3591dc54edde6e3!8m2!3d35.7174395!4d51.4007391!16s%2Fg%2F11gd1s3lrw!19sChIJZ4WyZzsBjj8R4-bdTsUdWfM?authuser=0&hl=en&rclk=1,2026-08-03T01:25:29.834107+00:00
1332,google_maps,Tipax,Tipax,تهران,تهران,35.7174395,51.4007391,2.0,zero responsibility,3 years ago,Sorena Vidrana,NULL,NULL,NULL,https://www.google.com/maps/place/Tipax/data=!4m7!3m6!1s0x3f8e013b67b28567:0xf3591dc54edde6e3!8m2!3d35.7174395!4d51.4007391!16s%2Fg%2F11gd1s3lrw!19sChIJZ4WyZzsBjj8R4-bdTsUdWfM?authuser=0&hl=en&rclk=1,2026-08-03T01:25:29.834107+00:00
1333,google_maps,Tipax,Tipax,تهران,تهران,35.7174395,51.4007391,3.0,Ok,6 years ago,Sina jahan,NULL,NULL,NULL,https://www.google.com/maps/place/Tipax/data=!4m7!3m6!1s0x3f8e013b67b28567:0xf3591dc54edde6e3!8m2!3d35.7174395!4d51.4007391!16s%2Fg%2F11gd1s3lrw!19sChIJZ4WyZzsBjj8R4-bdTsUdWfM?authuser=0&hl=en&rclk=1,2026-08-03T01:25:29.834107+00:00
1334,google_maps,Tipax,HQ,تهران,تهران,NULL,NULL,1.0,Worst delivery delay and package damage. Tracking never updated. (Tehran),2026-07-23,user_Ti_1_1,NULL,NULL,NULL,NULL,2026-07-23T21:12:53.284006+00:00
1335,google_maps,Tipax,HQ,تهران,تهران,NULL,NULL,4.0,Good customer service and helpful staff behavior by Mr Karimi. (Tehran),2026-07-24,user_Ti_1_7,NULL,NULL,NULL,NULL,2026-07-24T21:12:53.293325+00:00
1336,google_maps,Tipax,HQ,تهران,تهران,NULL,NULL,5.0,Great service and fast delivery. Excellent professionalism. (Tehran),2026-07-20,user_Ti_1_2,NULL,NULL,NULL,NULL,2026-07-20T21:12:53.285334+00:00
1337,google_maps,Tipax,HQ,تهران,تهران,NULL,NULL,1.0,Expensive pricing and awful customer service in the branch. (Tehran),2026-06-07,user_Ti_1_6,NULL,NULL,NULL,NULL,2026-06-07T21:12:53.292141+00:00
1338,google_maps,Tipax,HQ,تهران,تهران,NULL,NULL,2.0,Slow delivery speed and bad professionalism from staff. (Tehran),2026-06-12,user_Ti_1_0,NULL,NULL,NULL,NULL,2026-06-12T21:12:53.280577+00:00
1339,google_maps,Tipax,HQ,تهران,تهران,NULL,NULL,2.0,Package arrived damaged and tracking quality was bad. (Tehran),2026-07-28,user_Ti_1_5,NULL,NULL,NULL,NULL,2026-07-28T21:12:53.290707+00:00
1340,google_maps,Tipax,HQ,تهران,تهران,NULL,NULL,5.0,Cheap pricing and great communication from Ms Rezaei. (Tehran),2026-07-25,user_Ti_1_12,NULL,NULL,NULL,NULL,2026-07-25T21:12:53.300128+00:00
1341,google_maps,Tipax,HQ,تهران,تهران,NULL,NULL,3.0,Neutral experience. Communication was average. (Tehran),2026-05-19,user_Ti_1_3,NULL,NULL,NULL,NULL,2026-05-19T21:12:53.287697+00:00
1342,google_maps,Tipax,Vanak,تهران,تهران,NULL,NULL,1.0,Worst delivery delay and package damage. Tracking never updated. (Tehran),2026-07-04,user_Ti_2_0,NULL,NULL,NULL,NULL,2026-07-04T21:12:53.304104+00:00
1343,google_maps,Tipax,Vanak,تهران,تهران,NULL,NULL,4.0,Good customer service and helpful staff behavior by Mr Karimi. (Tehran),2026-07-14,user_Ti_2_3,NULL,NULL,NULL,NULL,2026-07-14T21:12:53.310849+00:00
1344,google_maps,Tipax,Vanak,تهران,تهران,NULL,NULL,5.0,Great service and fast delivery. Excellent professionalism. (Tehran),2026-07-17,user_Ti_2_4,NULL,NULL,NULL,NULL,2026-07-17T21:12:53.312011+00:00
1345,google_maps,Tipax,Vanak,تهران,تهران,NULL,NULL,1.0,Expensive pricing and awful customer service in the branch. (Tehran),2026-05-23,user_Ti_2_10,NULL,NULL,NULL,NULL,2026-05-23T21:12:53.321286+00:00
1346,google_maps,Tipax,Vanak,تهران,تهران,NULL,NULL,2.0,Slow delivery speed and bad professionalism from staff. (Tehran),2026-06-25,user_Ti_2_2,NULL,NULL,NULL,NULL,2026-06-25T21:12:53.308940+00:00
1347,google_maps,Tipax,Vanak,تهران,تهران,NULL,NULL,5.0,Cheap pricing and great communication from Ms Rezaei. (Tehran),2026-06-23,user_Ti_2_5,NULL,NULL,NULL,NULL,2026-06-23T21:12:53.313144+00:00
1348,google_maps,Tipax,Vanak,تهران,تهران,NULL,NULL,2.0,Package arrived damaged and tracking quality was bad. (Tehran),2026-06-15,user_Ti_2_9,NULL,NULL,NULL,NULL,2026-06-15T21:12:53.320096+00:00
1349,google_maps,Tipax,Mashhad,خراسان رضوی,مشهد,NULL,NULL,4.0,Good customer service and helpful staff behavior by Mr Karimi. (Mashhad),2026-07-27,user_Ti_3_13,NULL,NULL,NULL,NULL,2026-07-27T21:12:53.350978+00:00
1350,google_maps,Tipax,Mashhad,خراسان رضوی,مشهد,NULL,NULL,5.0,Great service and fast delivery. Excellent professionalism. (Mashhad),2026-05-30,user_Ti_3_6,NULL,NULL,NULL,NULL,2026-05-30T21:12:53.338879+00:00
1351,google_maps,Tipax,Mashhad,خراسان رضوی,مشهد,NULL,NULL,1.0,Expensive pricing and awful customer service in the branch. (Mashhad),2026-07-17,user_Ti_3_9,NULL,NULL,NULL,NULL,2026-07-17T21:12:53.342986+00:00
1352,google_maps,Tipax,Mashhad,خراسان رضوی,مشهد,NULL,NULL,3.0,"Average service, normal delivery, fair pricing overall. (Mashhad)",2026-05-16,user_Ti_3_8,NULL,NULL,NULL,NULL,2026-05-16T21:12:53.341584+00:00
1353,google_maps,Tipax,Mashhad,خراسان رضوی,مشهد,NULL,NULL,2.0,Slow delivery speed and bad professionalism from staff. (Mashhad),2026-06-19,user_Ti_3_11,NULL,NULL,NULL,NULL,2026-06-19T21:12:53.345489+00:00
1354,google_maps,Tipax,Mashhad,خراسان رضوی,مشهد,NULL,NULL,5.0,Cheap pricing and great communication from Ms Rezaei. (Mashhad),2026-06-04,user_Ti_3_1,NULL,NULL,NULL,NULL,2026-06-04T21:12:53.331858+00:00
1355,google_maps,Tipax,Mashhad,خراسان رضوی,مشهد,NULL,NULL,2.0,Package arrived damaged and tracking quality was bad. (Mashhad),2026-07-09,user_Ti_3_3,NULL,NULL,NULL,NULL,2026-07-09T21:12:53.334648+00:00
1356,google_maps,Tipax,Mashhad,خراسان رضوی,مشهد,NULL,NULL,3.0,Neutral experience. Communication was average. (Mashhad),2026-06-03,user_Ti_3_0,NULL,NULL,NULL,NULL,2026-06-03T21:12:53.330740+00:00
1357,google_maps,Tipax,Isfahan,اصفهان,اصفهان,NULL,NULL,1.0,Worst delivery delay and package damage. Tracking never updated. (Isfahan),2026-07-05,user_Ti_4_12,NULL,NULL,NULL,NULL,2026-07-05T21:12:53.377178+00:00
1358,google_maps,Tipax,Isfahan,اصفهان,اصفهان,NULL,NULL,4.0,Good customer service and helpful staff behavior by Mr Karimi. (Isfahan),2026-05-08,user_Ti_4_7,NULL,NULL,NULL,NULL,2026-05-08T21:12:53.370564+00:00
1359,google_maps,Tipax,Isfahan,اصفهان,اصفهان,NULL,NULL,1.0,Expensive pricing and awful customer service in the branch. (Isfahan),2026-07-21,user_Ti_4_1,NULL,NULL,NULL,NULL,2026-07-21T21:12:53.361872+00:00
1360,google_maps,Tipax,Isfahan,اصفهان,اصفهان,NULL,NULL,3.0,"Average service, normal delivery, fair pricing overall. (Isfahan)",2026-06-02,user_Ti_4_2,NULL,NULL,NULL,NULL,2026-06-02T21:12:53.363410+00:00
1361,google_maps,Tipax,Isfahan,اصفهان,اصفهان,NULL,NULL,2.0,Slow delivery speed and bad professionalism from staff. (Isfahan),2026-05-15,user_Ti_4_10,NULL,NULL,NULL,NULL,2026-05-15T21:12:53.374565+00:00
1362,google_maps,Tipax,Isfahan,اصفهان,اصفهان,NULL,NULL,5.0,Cheap pricing and great communication from Ms Rezaei. (Isfahan),2026-06-04,user_Ti_4_0,NULL,NULL,NULL,NULL,2026-06-04T21:12:53.360692+00:00
1363,google_maps,Tipax,Isfahan,اصفهان,اصفهان,NULL,NULL,2.0,Package arrived damaged and tracking quality was bad. (Isfahan),2026-06-12,user_Ti_4_14,NULL,NULL,NULL,NULL,2026-06-12T21:12:53.381076+00:00
1364,google_maps,Tipax,Isfahan,اصفهان,اصفهان,NULL,NULL,4.0,Fast delivery and good tracking. Professional team. (Isfahan),2026-06-26,user_Ti_4_6,NULL,NULL,NULL,NULL,2026-06-26T21:12:53.369338+00:00
1365,google_maps,Tipax,Isfahan,اصفهان,اصفهان,NULL,NULL,3.0,Neutral experience. Communication was average. (Isfahan),2026-07-30,user_Ti_4_8,NULL,NULL,NULL,NULL,2026-07-30T21:12:53.371988+00:00
1366,google_maps,Chapar,Chaparnet,تهران,تهران,35.7077191,51.2104082,1.0,"The most irresponsible shipping company, when I ordered express shipping on Tuesday, they invoiced me for 45 kilos, and I got four million and five hundred. I went to the destination on Saturday and saw that the shipment had not arrived and no one at the head office or Mehrabad representative office would answer. Finally, they said that one of your shipments was missing, that's why we didn't send it. We attended a two hundred million exhibition, so we sent it a few days earlier so we wouldn't get stuck. If they didn't send the shipment and no one answers, they won't. The head office in Tehran has the dirtiest, most irresponsible and most arrogant staff.",7 months ago,Hamed Mohammad zadeh,NULL,NULL,NULL,https://www.google.com/maps/place/Chaparnet/data=!4m7!3m6!1s0x3f8dfaeff351e15b:0x9c76fcc8a9dbf18d!8m2!3d35.7077191!4d51.2104082!16s%2Fg%2F1q6bkc564!19sChIJW-FR8-_6jT8RjfHbqcj8dpw?authuser=0&hl=en&rclk=1,2026-08-03T14:04:58.264821+00:00
1367,google_maps,Chapar,Chaparnet,تهران,تهران,35.7077191,51.2104082,1.0,"My experience with this company was very disappointing and I will definitely not use their services again. It was the first and last time I contacted them. The support operator was not only not polite, but instead of helping, he shouted at me. The reason for my call was to solve the problem with my package, but he only shouted back and made no attempt to guide or convince me. Their job is to respond and help the customer, even if it means explaining things several times, but unfortunately that did not happen. It was very disappointing.",11 months ago,ali reza,NULL,NULL,NULL,https://www.google.com/maps/place/Chaparnet/data=!4m7!3m6!1s0x3f8dfaeff351e15b:0x9c76fcc8a9dbf18d!8m2!3d35.7077191!4d51.2104082!16s%2Fg%2F1q6bkc564!19sChIJW-FR8-_6jT8RjfHbqcj8dpw?authuser=0&hl=en&rclk=1,2026-08-03T14:04:58.264821+00:00
1368,google_maps,Chapar,Chaparnet,تهران,تهران,35.7077191,51.2104082,1.0,"It has the rudest explainers, it is unclear what filters they are working through, it has a complaints unit, it is unclear who is there to follow up. I will definitely follow up with the authorities in person. With this amount of dissatisfaction, why do people still trust working with these companies?",5 months ago,فرهاد میرحسینی,NULL,NULL,NULL,https://www.google.com/maps/place/Chaparnet/data=!4m7!3m6!1s0x3f8dfaeff351e15b:0x9c76fcc8a9dbf18d!8m2!3d35.7077191!4d51.2104082!16s%2Fg%2F1q6bkc564!19sChIJW-FR8-_6jT8RjfHbqcj8dpw?authuser=0&hl=en&rclk=1,2026-08-03T14:04:58.264821+00:00
1369,google_maps,Chapar,Chaparnet,تهران,تهران,35.7077191,51.2104082,1.0,"The most irresponsible company. It's been a week since my package arrived. Today is January 13th. It was sent on January 9th. I haven't received it yet. If it had been sent by regular mail, it would have arrived by now. What's the situation? No matter how much I try, no one answers or follows up.",7 months ago,Mina Yousefi,NULL,NULL,NULL,https://www.google.com/maps/place/Chaparnet/data=!4m7!3m6!1s0x3f8dfaeff351e15b:0x9c76fcc8a9dbf18d!8m2!3d35.7077191!4d51.2104082!16s%2Fg%2F1q6bkc564!19sChIJW-FR8-_6jT8RjfHbqcj8dpw?authuser=0&hl=en&rclk=1,2026-08-03T14:04:58.264821+00:00
1370,google_maps,Chapar,Chaparnet,تهران,تهران,35.7077191,51.2104082,2.0,I am really wondering why Chapar did not come today to deliver my stuff … I have been waiting from morning till now to send the necessary stuff to another city. If anyone does not respond why do you write that you have back assistance till the 22?,a year ago,Atefe K,NULL,NULL,NULL,https://www.google.com/maps/place/Chaparnet/data=!4m7!3m6!1s0x3f8dfaeff351e15b:0x9c76fcc8a9dbf18d!8m2!3d35.7077191!4d51.2104082!16s%2Fg%2F1q6bkc564!19sChIJW-FR8-_6jT8RjfHbqcj8dpw?authuser=0&hl=en&rclk=1,2026-08-03T14:04:58.264821+00:00
1371,google_maps,Chapar,Chaparnet,تهران,تهران,35.7077191,51.2104082,1.0,"the shittiest company to choose for your packages. if you want to have your packages late or you want to face irresponsble people and many other negative aspects, feel free to let them have your packages.",a year ago,Mohammad Hossein Alizadeh,NULL,NULL,NULL,https://www.google.com/maps/place/Chaparnet/data=!4m7!3m6!1s0x3f8dfaeff351e15b:0x9c76fcc8a9dbf18d!8m2!3d35.7077191!4d51.2104082!16s%2Fg%2F1q6bkc564!19sChIJW-FR8-_6jT8RjfHbqcj8dpw?authuser=0&hl=en&rclk=1,2026-08-03T14:04:58.264821+00:00
1372,google_maps,Chapar,Chaparnet,تهران,تهران,35.7077191,51.2104082,5.0,"So far, my experience has been positive. Their website is much better than the post office for tracking packages, and unlike the post office, their agent called on a mobile phone.",11 months ago,rastchin,NULL,NULL,NULL,https://www.google.com/maps/place/Chaparnet/data=!4m7!3m6!1s0x3f8dfaeff351e15b:0x9c76fcc8a9dbf18d!8m2!3d35.7077191!4d51.2104082!16s%2Fg%2F1q6bkc564!19sChIJW-FR8-_6jT8RjfHbqcj8dpw?authuser=0&hl=en&rclk=1,2026-08-03T14:04:58.264821+00:00
1373,google_maps,Chapar,Chaparnet,تهران,تهران,35.7077191,51.2104082,5.0,IT is Perfect....wonderfull.1grate,2 years ago,azam mirzaee,NULL,NULL,NULL,https://www.google.com/maps/place/Chaparnet/data=!4m7!3m6!1s0x3f8dfaeff351e15b:0x9c76fcc8a9dbf18d!8m2!3d35.7077191!4d51.2104082!16s%2Fg%2F1q6bkc564!19sChIJW-FR8-_6jT8RjfHbqcj8dpw?authuser=0&hl=en&rclk=1,2026-08-03T14:04:58.264821+00:00
1374,google_maps,Chapar,Chaparnet,تهران,تهران,35.7077191,51.2104082,5.0,Good man is work on it,Edited 8 years ago,reza sabounchi,NULL,NULL,NULL,https://www.google.com/maps/place/Chaparnet/data=!4m7!3m6!1s0x3f8dfaeff351e15b:0x9c76fcc8a9dbf18d!8m2!3d35.7077191!4d51.2104082!16s%2Fg%2F1q6bkc564!19sChIJW-FR8-_6jT8RjfHbqcj8dpw?authuser=0&hl=en&rclk=1,2026-08-03T14:04:58.264821+00:00
1375,google_maps,Chapar,Chaparnet,تهران,تهران,35.7077191,51.2104082,5.0,Ok,4 years ago,Behzad Partovi,NULL,NULL,NULL,https://www.google.com/maps/place/Chaparnet/data=!4m7!3m6!1s0x3f8dfaeff351e15b:0x9c76fcc8a9dbf18d!8m2!3d35.7077191!4d51.2104082!16s%2Fg%2F1q6bkc564!19sChIJW-FR8-_6jT8RjfHbqcj8dpw?authuser=0&hl=en&rclk=1,2026-08-03T14:04:58.264821+00:00
1376,google_maps,Chapar,کالا رسانان چاپار,تهران,تهران,35.8405724,50.956068,1.0,"I can easily say that this branch is the most unfriendly courier in the entire country. After four weeks of follow-up, they have neither delivered the goods nor given me a refund, so that it can be canceled and my credit will be returned so that I can make another purchase. The Automobile Company and Mohammad Shahr courier are generally on the backs of their customers and are annoying people.",a year ago,KAMRAN AHMADZADEH,NULL,NULL,NULL,https://www.google.com/maps/place/%DA%A9%D8%A7%D9%84%D8%A7+%D8%B1%D8%B3%D8%A7%D9%86%D8%A7%D9%86+%DA%86%D8%A7%D9%BE%D8%A7%D8%B1%E2%80%AD/data=!4m7!3m6!1s0x3f8dbf8e9f031597:0xcdead377e6cd61ae!8m2!3d35.8405724!4d50.956068!16s%2Fg%2F11pvzs84qq!19sChIJlxUDn46_jT8RrmHN5nfT6s0?authuser=0&hl=en&rclk=1,2026-08-03T14:06:46.577009+00:00
1377,google_maps,Chapar,کالا رسانان چاپار,تهران,تهران,35.8405724,50.956068,1.0,"The worst, most ridiculous and irresponsible postal company. Parcel from Tehran to Karaj still hasn't arrived after 10 days. Phone is not answered. Website is not responsive. I left a comment on Instagram. Why did you receive more orders and packages than you can handle? They blocked you so you can't be responsive now. I'm really sorry.",2 years ago,Azadeh Karami,NULL,NULL,NULL,https://www.google.com/maps/place/%DA%A9%D8%A7%D9%84%D8%A7+%D8%B1%D8%B3%D8%A7%D9%86%D8%A7%D9%86+%DA%86%D8%A7%D9%BE%D8%A7%D8%B1%E2%80%AD/data=!4m7!3m6!1s0x3f8dbf8e9f031597:0xcdead377e6cd61ae!8m2!3d35.8405724!4d50.956068!16s%2Fg%2F11pvzs84qq!19sChIJlxUDn46_jT8RrmHN5nfT6s0?authuser=0&hl=en&rclk=1,2026-08-03T14:06:46.577009+00:00
1378,google_maps,Chapar,کالا رسانان چاپار,تهران,تهران,35.8405724,50.956068,1.0,"Well, when you don't have supply and you don't have power, why do you run a company? You didn't answer any of the numbers, you didn't even bother to call, you didn't even bother to deliver because of the wrong address. The most famous shop in my area, my friend, didn't even bother to come. You are the most disgusting by far.",2 years ago,saghar misss,NULL,NULL,NULL,https://www.google.com/maps/place/%DA%A9%D8%A7%D9%84%D8%A7+%D8%B1%D8%B3%D8%A7%D9%86%D8%A7%D9%86+%DA%86%D8%A7%D9%BE%D8%A7%D8%B1%E2%80%AD/data=!4m7!3m6!1s0x3f8dbf8e9f031597:0xcdead377e6cd61ae!8m2!3d35.8405724!4d50.956068!16s%2Fg%2F11pvzs84qq!19sChIJlxUDn46_jT8RrmHN5nfT6s0?authuser=0&hl=en&rclk=1,2026-08-03T14:06:46.577009+00:00
1379,google_maps,Chapar,کالا رسانان چاپار,تهران,تهران,35.8405724,50.956068,1.0,"In my opinion, government mail is much better than this company. My package took four days to arrive from Tehran to Karaj. They sent it by pigeon. It had arrived by now. You can't even tell what's what from their website. Just click on ""Scan in"" and ""Scan out""!",a year ago,homai rasouli,NULL,NULL,NULL,https://www.google.com/maps/place/%DA%A9%D8%A7%D9%84%D8%A7+%D8%B1%D8%B3%D8%A7%D9%86%D8%A7%D9%86+%DA%86%D8%A7%D9%BE%D8%A7%D8%B1%E2%80%AD/data=!4m7!3m6!1s0x3f8dbf8e9f031597:0xcdead377e6cd61ae!8m2!3d35.8405724!4d50.956068!16s%2Fg%2F11pvzs84qq!19sChIJlxUDn46_jT8RrmHN5nfT6s0?authuser=0&hl=en&rclk=1,2026-08-03T14:06:46.577009+00:00
1380,google_maps,Chapar,کالا رسانان چاپار,تهران,تهران,35.8405724,50.956068,1.0,"They really act badly and don't deliver the package. You have to give them time to go and pick it up, otherwise they threaten to return it. Why is it like this in Iran? Why don't they fulfill their duties? I mean, there's no one to take care of it?????",2 years ago,bahareh aghdasi,NULL,NULL,NULL,https://www.google.com/maps/place/%DA%A9%D8%A7%D9%84%D8%A7+%D8%B1%D8%B3%D8%A7%D9%86%D8%A7%D9%86+%DA%86%D8%A7%D9%BE%D8%A7%D8%B1%E2%80%AD/data=!4m7!3m6!1s0x3f8dbf8e9f031597:0xcdead377e6cd61ae!8m2!3d35.8405724!4d50.956068!16s%2Fg%2F11pvzs84qq!19sChIJlxUDn46_jT8RrmHN5nfT6s0?authuser=0&hl=en&rclk=1,2026-08-03T14:06:46.577009+00:00
1381,google_maps,Chapar,کالا رسانان چاپار,تهران,تهران,35.8405724,50.956068,2.0,"The package was sent for nearly ten days, today I clicked on the tracking link and it was delivered safely. If I haven't received the package, no phone calls are answered from the Karaj and Baghestan Karaj representative offices, wow!",2 years ago,farzam keshvari,NULL,NULL,NULL,https://www.google.com/maps/place/%DA%A9%D8%A7%D9%84%D8%A7+%D8%B1%D8%B3%D8%A7%D9%86%D8%A7%D9%86+%DA%86%D8%A7%D9%BE%D8%A7%D8%B1%E2%80%AD/data=!4m7!3m6!1s0x3f8dbf8e9f031597:0xcdead377e6cd61ae!8m2!3d35.8405724!4d50.956068!16s%2Fg%2F11pvzs84qq!19sChIJlxUDn46_jT8RrmHN5nfT6s0?authuser=0&hl=en&rclk=1,2026-08-03T14:06:46.577009+00:00
1382,google_maps,Chapar,کالا رسانان چاپار,تهران,تهران,35.8405724,50.956068,1.0,Not recommended at all. Especially sellers should not give their goods to this company. It hurts their own business. Really poor. It took 5 full days from Jomhuri Street to Mirdamad to get my purchase.,2 years ago,Ardavan Shabani,NULL,NULL,NULL,https://www.google.com/maps/place/%DA%A9%D8%A7%D9%84%D8%A7+%D8%B1%D8%B3%D8%A7%D9%86%D8%A7%D9%86+%DA%86%D8%A7%D9%BE%D8%A7%D8%B1%E2%80%AD/data=!4m7!3m6!1s0x3f8dbf8e9f031597:0xcdead377e6cd61ae!8m2!3d35.8405724!4d50.956068!16s%2Fg%2F11pvzs84qq!19sChIJlxUDn46_jT8RrmHN5nfT6s0?authuser=0&hl=en&rclk=1,2026-08-03T14:06:46.577009+00:00
1383,google_maps,Chapar,کالا رسانان چاپار,تهران,تهران,35.8405724,50.956068,5.0,Perhaps we dare to send more than three postal packages to different parts of the country in the shortest possible time from this reputable company during the day.,4 years ago,اکادمی تخصصی بوکس استاد قنبرپور در کرج,NULL,NULL,NULL,https://www.google.com/maps/place/%DA%A9%D8%A7%D9%84%D8%A7+%D8%B1%D8%B3%D8%A7%D9%86%D8%A7%D9%86+%DA%86%D8%A7%D9%BE%D8%A7%D8%B1%E2%80%AD/data=!4m7!3m6!1s0x3f8dbf8e9f031597:0xcdead377e6cd61ae!8m2!3d35.8405724!4d50.956068!16s%2Fg%2F11pvzs84qq!19sChIJlxUDn46_jT8RrmHN5nfT6s0?authuser=0&hl=en&rclk=1,2026-08-03T14:06:46.577009+00:00
1384,google_maps,Chapar,کالا رسانان چاپار,تهران,تهران,35.8405724,50.956068,1.0,"Unfortunately, it's really awful and they don't fulfill their commitments at all. My package was supposed to arrive in 48 hours, but unfortunately it took 4 days.",3 years ago,kamyar raroli,NULL,NULL,NULL,https://www.google.com/maps/place/%DA%A9%D8%A7%D9%84%D8%A7+%D8%B1%D8%B3%D8%A7%D9%86%D8%A7%D9%86+%DA%86%D8%A7%D9%BE%D8%A7%D8%B1%E2%80%AD/data=!4m7!3m6!1s0x3f8dbf8e9f031597:0xcdead377e6cd61ae!8m2!3d35.8405724!4d50.956068!16s%2Fg%2F11pvzs84qq!19sChIJlxUDn46_jT8RrmHN5nfT6s0?authuser=0&hl=en&rclk=1,2026-08-03T14:06:46.577009+00:00
1385,google_maps,Chapar,کالا رسانان چاپار,تهران,تهران,35.8405724,50.956068,1.0,"Hello dear friends I am very dissatisfied, like the rest of the audience. They don't answer the phone. There is no indication on the website when it will …",a year ago,hamid saremi,NULL,NULL,NULL,https://www.google.com/maps/place/%DA%A9%D8%A7%D9%84%D8%A7+%D8%B1%D8%B3%D8%A7%D9%86%D8%A7%D9%86+%DA%86%D8%A7%D9%BE%D8%A7%D8%B1%E2%80%AD/data=!4m7!3m6!1s0x3f8dbf8e9f031597:0xcdead377e6cd61ae!8m2!3d35.8405724!4d50.956068!16s%2Fg%2F11pvzs84qq!19sChIJlxUDn46_jT8RrmHN5nfT6s0?authuser=0&hl=en&rclk=1,2026-08-03T14:06:46.577009+00:00
1386,google_maps,Chapar,شرکت کالا رسانان چاپار,تهران,تهران,35.6946284,51.4149964,1.0,"I had a very bad experience with Chapar courier services. My parcels were sent by this company twice and both times I faced serious problems. Even though I had announced in advance that I would not be present at the location, the parcel was sent without coordination and they did not accept any responsibility for the delivery time to the customer and coordination with the customer. On the other hand, there is no possibility of in-person delivery of the parcel at the dealerships, which causes more trouble for the customer. Also, the process of returning the goods to the sender is very long and takes about a week. Overall, my experience with Chapar services was completely poor in terms of support, coordination, and respect for the customer's time.",2 months ago,nazanin rezaee,NULL,NULL,NULL,https://www.google.com/maps/place/%D8%B4%D8%B1%DA%A9%D8%AA+%DA%A9%D8%A7%D9%84%D8%A7+%D8%B1%D8%B3%D8%A7%D9%86%D8%A7%D9%86+%DA%86%D8%A7%D9%BE%D8%A7%D8%B1%E2%80%AD/data=!4m7!3m6!1s0x3f8e019eabc5030f:0xd51e8d588ad985e5!8m2!3d35.6946284!4d51.4149964!16s%2Fg%2F11b5ytfrs8!19sChIJDwPFq54Bjj8R5YXZiliNHtU?authuser=0&hl=en&rclk=1,2026-08-03T14:05:32.104983+00:00
1387,google_maps,Chapar,شرکت کالا رسانان چاپار,تهران,تهران,35.6946284,51.4149964,1.0,There is a Chapar branch in the market on Zanburkchi Alley. It is very weak. It does not accept deliveries. It says take it to the Abbas Abad branch and deliver it. Where did the delivery come from? The staff is weak. It seems like they are working to ruin Chapar.,9 months ago,Amir Rahmati,NULL,NULL,NULL,https://www.google.com/maps/place/%D8%B4%D8%B1%DA%A9%D8%AA+%DA%A9%D8%A7%D9%84%D8%A7+%D8%B1%D8%B3%D8%A7%D9%86%D8%A7%D9%86+%DA%86%D8%A7%D9%BE%D8%A7%D8%B1%E2%80%AD/data=!4m7!3m6!1s0x3f8e019eabc5030f:0xd51e8d588ad985e5!8m2!3d35.6946284!4d51.4149964!16s%2Fg%2F11b5ytfrs8!19sChIJDwPFq54Bjj8R5YXZiliNHtU?authuser=0&hl=en&rclk=1,2026-08-03T14:05:32.104983+00:00
1388,google_maps,Chapar,شرکت کالا رسانان چاپار,تهران,تهران,35.6946284,51.4149964,1.0,"It was my worst experience… indecisive, rude and unplanned… My package was in my city for 4 days and I asked every day and they said it would arrive by night and it didn’t arrive and I was unavailable for exactly one hour, they brought it …",a year ago,Niloofar Mohseni,NULL,NULL,NULL,https://www.google.com/maps/place/%D8%B4%D8%B1%DA%A9%D8%AA+%DA%A9%D8%A7%D9%84%D8%A7+%D8%B1%D8%B3%D8%A7%D9%86%D8%A7%D9%86+%DA%86%D8%A7%D9%BE%D8%A7%D8%B1%E2%80%AD/data=!4m7!3m6!1s0x3f8e019eabc5030f:0xd51e8d588ad985e5!8m2!3d35.6946284!4d51.4149964!16s%2Fg%2F11b5ytfrs8!19sChIJDwPFq54Bjj8R5YXZiliNHtU?authuser=0&hl=en&rclk=1,2026-08-03T14:05:32.104983+00:00
1389,google_maps,Chapar,شرکت کالا رسانان چاپار,تهران,تهران,35.6946284,51.4149964,4.0,"Friends, please note that most of the dear ones who comment have had a problem that they complained about and gave negative comments. That is, someone like me who was satisfied and the package arrived in two days will not say that I was …",a year ago,Byrumi art,NULL,NULL,NULL,https://www.google.com/maps/place/%D8%B4%D8%B1%DA%A9%D8%AA+%DA%A9%D8%A7%D9%84%D8%A7+%D8%B1%D8%B3%D8%A7%D9%86%D8%A7%D9%86+%DA%86%D8%A7%D9%BE%D8%A7%D8%B1%E2%80%AD/data=!4m7!3m6!1s0x3f8e019eabc5030f:0xd51e8d588ad985e5!8m2!3d35.6946284!4d51.4149964!16s%2Fg%2F11b5ytfrs8!19sChIJDwPFq54Bjj8R5YXZiliNHtU?authuser=0&hl=en&rclk=1,2026-08-03T14:05:32.104983+00:00
1390,google_maps,Chapar,شرکت کالا رسانان چاپار,تهران,تهران,35.6946284,51.4149964,1.0,"I have never seen such poor quality and irresponsible delivery services. Today I called the head office more than fifty times to track my shipment and every fifty times they hung up on me, and the mobile phones that are available in the …",2 years ago,shekoofeh D,NULL,NULL,NULL,https://www.google.com/maps/place/%D8%B4%D8%B1%DA%A9%D8%AA+%DA%A9%D8%A7%D9%84%D8%A7+%D8%B1%D8%B3%D8%A7%D9%86%D8%A7%D9%86+%DA%86%D8%A7%D9%BE%D8%A7%D8%B1%E2%80%AD/data=!4m7!3m6!1s0x3f8e019eabc5030f:0xd51e8d588ad985e5!8m2!3d35.6946284!4d51.4149964!16s%2Fg%2F11b5ytfrs8!19sChIJDwPFq54Bjj8R5YXZiliNHtU?authuser=0&hl=en&rclk=1,2026-08-03T14:05:32.104983+00:00
1391,google_maps,Chapar,شرکت کالا رسانان چاپار,تهران,تهران,35.6946284,51.4149964,3.0,"Hello, I bought a coupon on April 6th through the Basalam website, but today, April 19th, I haven't received it. I make a lot of purchases. They deliver the best and fastest post... and I want to complain to them.",a year ago,EYELASHMINA.P.M Ghasemi,NULL,NULL,NULL,https://www.google.com/maps/place/%D8%B4%D8%B1%DA%A9%D8%AA+%DA%A9%D8%A7%D9%84%D8%A7+%D8%B1%D8%B3%D8%A7%D9%86%D8%A7%D9%86+%DA%86%D8%A7%D9%BE%D8%A7%D8%B1%E2%80%AD/data=!4m7!3m6!1s0x3f8e019eabc5030f:0xd51e8d588ad985e5!8m2!3d35.6946284!4d51.4149964!16s%2Fg%2F11b5ytfrs8!19sChIJDwPFq54Bjj8R5YXZiliNHtU?authuser=0&hl=en&rclk=1,2026-08-03T14:05:32.104983+00:00
1392,google_maps,Chapar,شرکت کالا رسانان چاپار,تهران,تهران,35.6946284,51.4149964,1.0,I really feel sorry for this company that is not responsible at all. My package arrived in Tehran on Sunday and it still hasn't been delivered to its owner. What lame excuses. …,a year ago,akram safari,NULL,NULL,NULL,https://www.google.com/maps/place/%D8%B4%D8%B1%DA%A9%D8%AA+%DA%A9%D8%A7%D9%84%D8%A7+%D8%B1%D8%B3%D8%A7%D9%86%D8%A7%D9%86+%DA%86%D8%A7%D9%BE%D8%A7%D8%B1%E2%80%AD/data=!4m7!3m6!1s0x3f8e019eabc5030f:0xd51e8d588ad985e5!8m2!3d35.6946284!4d51.4149964!16s%2Fg%2F11b5ytfrs8!19sChIJDwPFq54Bjj8R5YXZiliNHtU?authuser=0&hl=en&rclk=1,2026-08-03T14:05:32.104983+00:00
1393,google_maps,Chapar,شرکت کالا رسانان چاپار,تهران,تهران,35.6946284,51.4149964,1.0,They are extremely irresponsible and also a creditor. They were sending it on four legs and a cart. By now it had reached us. We put it in the system. It took 3 days to arrive.,2 years ago,mohammadreza deyhim,NULL,NULL,NULL,https://www.google.com/maps/place/%D8%B4%D8%B1%DA%A9%D8%AA+%DA%A9%D8%A7%D9%84%D8%A7+%D8%B1%D8%B3%D8%A7%D9%86%D8%A7%D9%86+%DA%86%D8%A7%D9%BE%D8%A7%D8%B1%E2%80%AD/data=!4m7!3m6!1s0x3f8e019eabc5030f:0xd51e8d588ad985e5!8m2!3d35.6946284!4d51.4149964!16s%2Fg%2F11b5ytfrs8!19sChIJDwPFq54Bjj8R5YXZiliNHtU?authuser=0&hl=en&rclk=1,2026-08-03T14:05:32.104983+00:00
1394,google_maps,Chapar,شرکت کالا رسانان چاپار,تهران,تهران,35.6946284,51.4149964,1.0,"The worst experience you can have with a postal company is late delivery, rude operators, and ultimately no follow-up at all.",a year ago,morvarid raminafshar,NULL,NULL,NULL,https://www.google.com/maps/place/%D8%B4%D8%B1%DA%A9%D8%AA+%DA%A9%D8%A7%D9%84%D8%A7+%D8%B1%D8%B3%D8%A7%D9%86%D8%A7%D9%86+%DA%86%D8%A7%D9%BE%D8%A7%D8%B1%E2%80%AD/data=!4m7!3m6!1s0x3f8e019eabc5030f:0xd51e8d588ad985e5!8m2!3d35.6946284!4d51.4149964!16s%2Fg%2F11b5ytfrs8!19sChIJDwPFq54Bjj8R5YXZiliNHtU?authuser=0&hl=en&rclk=1,2026-08-03T14:05:32.104983+00:00
1395,google_maps,Chapar,شرکت کالا رسانان چاپار,تهران,تهران,35.6946284,51.4149964,1.0,It was the worst experience of my life.,10 months ago,شایان رمضانی,NULL,NULL,NULL,https://www.google.com/maps/place/%D8%B4%D8%B1%DA%A9%D8%AA+%DA%A9%D8%A7%D9%84%D8%A7+%D8%B1%D8%B3%D8%A7%D9%86%D8%A7%D9%86+%DA%86%D8%A7%D9%BE%D8%A7%D8%B1%E2%80%AD/data=!4m7!3m6!1s0x3f8e019eabc5030f:0xd51e8d588ad985e5!8m2!3d35.6946284!4d51.4149964!16s%2Fg%2F11b5ytfrs8!19sChIJDwPFq54Bjj8R5YXZiliNHtU?authuser=0&hl=en&rclk=1,2026-08-03T14:05:32.104983+00:00
1396,google_maps,Chapar,چاپار مطهری (کالارسان چاپار مطهری),تهران,تهران,35.7299604,51.4267195,1.0,The worst. They are not responsive. They charge a high fee for a fast delivery but they don't send it. They don't answer me. The most irresponsible.,10 months ago,Lucky Charm,NULL,NULL,NULL,https://www.google.com/maps/place/%DA%86%D8%A7%D9%BE%D8%A7%D8%B1+%D9%85%D8%B7%D9%87%D8%B1%DB%8C+%28%DA%A9%D8%A7%D9%84%D8%A7%D8%B1%D8%B3%D8%A7%D9%86+%DA%86%D8%A7%D9%BE%D8%A7%D8%B1+%D8%B4%D8%B9%D8%A8%D9%87+%D9%85%D8%B7%D9%87%D8%B1%DB%8C%29%E2%80%AD/data=!4m7!3m6!1s0x3f8e010024dba681:0x24f4ea20a2824404!8m2!3d35.7299604!4d51.4267195!16s%2Fg%2F11ltnrtfh3!19sChIJgabbJAABjj8RBESCoiDq9CQ?authuser=0&hl=en&rclk=1,2026-08-03T14:05:56.285198+00:00
1397,google_maps,Chapar,چاپار مطهری (کالارسان چاپار مطهری),تهران,تهران,35.7299604,51.4267195,1.0,No one is responsible at all.,8 months ago,M.Sh63,NULL,NULL,NULL,https://www.google.com/maps/place/%DA%86%D8%A7%D9%BE%D8%A7%D8%B1+%D9%85%D8%B7%D9%87%D8%B1%DB%8C+%28%DA%A9%D8%A7%D9%84%D8%A7%D8%B1%D8%B3%D8%A7%D9%86+%DA%86%D8%A7%D9%BE%D8%A7%D8%B1+%D8%B4%D8%B9%D8%A8%D9%87+%D9%85%D8%B7%D9%87%D8%B1%DB%8C%29%E2%80%AD/data=!4m7!3m6!1s0x3f8e010024dba681:0x24f4ea20a2824404!8m2!3d35.7299604!4d51.4267195!16s%2Fg%2F11ltnrtfh3!19sChIJgabbJAABjj8RBESCoiDq9CQ?authuser=0&hl=en&rclk=1,2026-08-03T14:05:56.285198+00:00
1398,google_maps,Chapar,کالا رسانان چاپار ساری,مازندران,NULL,36.5689877,53.0402203,5.0,"Sir, it's been twenty minutes since I called you on my mobile phone or landline. Either you didn't answer or your line was busy.",a year ago,mehdi karimi,NULL,NULL,NULL,https://www.google.com/maps/place/%DA%A9%D8%A7%D9%84%D8%A7+%D8%B1%D8%B3%D8%A7%D9%86%D8%A7%D9%86+%DA%86%D8%A7%D9%BE%D8%A7%D8%B1+%D8%B3%D8%A7%D8%B1%DB%8C+chapar%E2%80%AD/data=!4m7!3m6!1s0x3f856bf10ff7fef5:0x3981c243bef925b0!8m2!3d36.5689877!4d53.0402203!16s%2Fg%2F11shpd9vsn!19sChIJ9f73D_FrhT8RsCX5vkPCgTk?authuser=0&hl=en&rclk=1,2026-08-03T14:06:11.868513+00:00
1399,google_maps,Chapar,کالا رسانان چاپار ساری,مازندران,NULL,36.5689877,53.0402203,5.0,Not recommended at all Because it has a bad location and is much more expensive than Tipax,2 years ago,محمد 71,NULL,NULL,NULL,https://www.google.com/maps/place/%DA%A9%D8%A7%D9%84%D8%A7+%D8%B1%D8%B3%D8%A7%D9%86%D8%A7%D9%86+%DA%86%D8%A7%D9%BE%D8%A7%D8%B1+%D8%B3%D8%A7%D8%B1%DB%8C+chapar%E2%80%AD/data=!4m7!3m6!1s0x3f856bf10ff7fef5:0x3981c243bef925b0!8m2!3d36.5689877!4d53.0402203!16s%2Fg%2F11shpd9vsn!19sChIJ9f73D_FrhT8RsCX5vkPCgTk?authuser=0&hl=en&rclk=1,2026-08-03T14:06:11.868513+00:00
1400,google_maps,Chapar,کالا رسانان چاپار ساری,مازندران,NULL,36.5689877,53.0402203,4.0,👌👍 They have a good parking space for in-person delivery of parcels! …,2 years ago,Hossein Sattari Saravi,NULL,NULL,NULL,https://www.google.com/maps/place/%DA%A9%D8%A7%D9%84%D8%A7+%D8%B1%D8%B3%D8%A7%D9%86%D8%A7%D9%86+%DA%86%D8%A7%D9%BE%D8%A7%D8%B1+%D8%B3%D8%A7%D8%B1%DB%8C+chapar%E2%80%AD/data=!4m7!3m6!1s0x3f856bf10ff7fef5:0x3981c243bef925b0!8m2!3d36.5689877!4d53.0402203!16s%2Fg%2F11shpd9vsn!19sChIJ9f73D_FrhT8RsCX5vkPCgTk?authuser=0&hl=en&rclk=1,2026-08-03T14:06:11.868513+00:00
1401,google_maps,Chapar,System,گیلان,NULL,37.2044362,50.0034249,1.0,"The Lahijan team is great, but you should criticize the Tehran office yourself to see what level they are. As long as you compliment them, everyone responds respectfully, but you can understand the true character of people when you criticize them or inform them of their shortcomings.",a year ago,SheryKhoda,NULL,NULL,NULL,https://www.google.com/maps/place/Chapar+System/data=!4m7!3m6!1s0x3f8e033685f23b37:0xef2044a96e15a7f5!8m2!3d37.2044362!4d50.0034249!16s%2Fg%2F11fgjztzpb!19sChIJNzvyhTYDjj8R9acVbqlEIO8?authuser=0&hl=en&rclk=1,2026-08-03T14:06:20.769611+00:00
1402,google_maps,Chapar,System,گیلان,NULL,37.2044362,50.0034249,5.0,Professional and responsive in the field of automation,7 years ago,ali fayeghi,NULL,NULL,NULL,https://www.google.com/maps/place/Chapar+System/data=!4m7!3m6!1s0x3f8e033685f23b37:0xef2044a96e15a7f5!8m2!3d37.2044362!4d50.0034249!16s%2Fg%2F11fgjztzpb!19sChIJNzvyhTYDjj8R9acVbqlEIO8?authuser=0&hl=en&rclk=1,2026-08-03T14:06:20.769611+00:00
1403,google_maps,Chapar,چاپار پاسداران مجیدیه هروی,تهران,تهران,35.7601424,51.4744802,3.0,"My friend's number was wrongly registered here, so I changed it. That's it😘 …",a year ago,mohammad M,NULL,NULL,NULL,https://www.google.com/maps/place/%D8%AF%D9%81%D8%AA%D8%B1+%D9%86%D9%85%D8%A7%DB%8C%D9%86%D8%AF%DA%AF%DB%8C+%DA%86%D8%A7%D9%BE%D8%A7%D8%B1+%D9%BE%D8%A7%D8%B3%D8%AF%D8%A7%D8%B1%D8%A7%D9%86+%D9%85%D8%AC%DB%8C%D8%AF%DB%8C%D9%87+%D9%87%D8%B1%D9%88%DB%8C%E2%80%AD/data=!4m7!3m6!1s0x3f8e0519ac347c9f:0x595ddb7465d0f6c6!8m2!3d35.7601424!4d51.4744802!16s%2Fg%2F11l722zfmx!19sChIJn3w0rBkFjj8RxvbQZXTbXVk?authuser=0&hl=en&rclk=1,2026-08-03T14:06:29.259106+00:00
1404,google_maps,Chapar,کالارسانان چاپار پیروزی,تهران,تهران,35.6918401,51.4779059,1.0,The busiest postal company in the country is Chapare They have no commitment at all..They are not responsible...I have been waiting for the package to arrive for 4 days now..It hasn't arrived yet..I will call them and they will transfer me to another place.,a year ago,hamid goodarzi,NULL,NULL,NULL,https://www.google.com/maps/place/%DA%A9%D8%A7%D9%84%D8%A7%D8%B1%D8%B3%D8%A7%D9%86%D8%A7%D9%86+%DA%86%D8%A7%D9%BE%D8%A7%D8%B1+%D9%86%D9%85%D8%A7%DB%8C%D9%86%D8%AF%DA%AF%DB%8C+%D9%BE%DB%8C%D8%B1%D9%88%D8%B2%DB%8C%E2%80%AD/data=!4m7!3m6!1s0x3f8e036648e0f0d1:0xb5dcc4d30bd775a7!8m2!3d35.6918401!4d51.4779059!16s%2Fg%2F11t0rzstkg!19sChIJ0fDgSGYDjj8Rp3XXC9PE3LU?authuser=0&hl=en&rclk=1,2026-08-03T14:06:37.822469+00:00
1405,google_maps,Chapar,کالارسانان چاپار پیروزی,تهران,تهران,35.6918401,51.4779059,1.0,"The worst post, you pay to have the order delivered to your door, you have to go to the warehouse to pick it up, with this crappy company, especially the Pirouzi branch.",a year ago,محبوبه کرمی,NULL,NULL,NULL,https://www.google.com/maps/place/%DA%A9%D8%A7%D9%84%D8%A7%D8%B1%D8%B3%D8%A7%D9%86%D8%A7%D9%86+%DA%86%D8%A7%D9%BE%D8%A7%D8%B1+%D9%86%D9%85%D8%A7%DB%8C%D9%86%D8%AF%DA%AF%DB%8C+%D9%BE%DB%8C%D8%B1%D9%88%D8%B2%DB%8C%E2%80%AD/data=!4m7!3m6!1s0x3f8e036648e0f0d1:0xb5dcc4d30bd775a7!8m2!3d35.6918401!4d51.4779059!16s%2Fg%2F11t0rzstkg!19sChIJ0fDgSGYDjj8Rp3XXC9PE3LU?authuser=0&hl=en&rclk=1,2026-08-03T14:06:37.822469+00:00
1406,google_maps,Chapar,کالارسانان چاپار پیروزی,تهران,تهران,35.6918401,51.4779059,1.0,Why is the customer service number disconnected? I've been waiting for the shipment for two months.,3 years ago,shakiba pk,NULL,NULL,NULL,https://www.google.com/maps/place/%DA%A9%D8%A7%D9%84%D8%A7%D8%B1%D8%B3%D8%A7%D9%86%D8%A7%D9%86+%DA%86%D8%A7%D9%BE%D8%A7%D8%B1+%D9%86%D9%85%D8%A7%DB%8C%D9%86%D8%AF%DA%AF%DB%8C+%D9%BE%DB%8C%D8%B1%D9%88%D8%B2%DB%8C%E2%80%AD/data=!4m7!3m6!1s0x3f8e036648e0f0d1:0xb5dcc4d30bd775a7!8m2!3d35.6918401!4d51.4779059!16s%2Fg%2F11t0rzstkg!19sChIJ0fDgSGYDjj8Rp3XXC9PE3LU?authuser=0&hl=en&rclk=1,2026-08-03T14:06:37.822469+00:00
1407,google_maps,Chapar,کالارسانان چاپار پیروزی,تهران,تهران,35.6918401,51.4779059,1.0,One star is too much for Chapar.,9 months ago,ثمین,NULL,NULL,NULL,https://www.google.com/maps/place/%DA%A9%D8%A7%D9%84%D8%A7%D8%B1%D8%B3%D8%A7%D9%86%D8%A7%D9%86+%DA%86%D8%A7%D9%BE%D8%A7%D8%B1+%D9%86%D9%85%D8%A7%DB%8C%D9%86%D8%AF%DA%AF%DB%8C+%D9%BE%DB%8C%D8%B1%D9%88%D8%B2%DB%8C%E2%80%AD/data=!4m7!3m6!1s0x3f8e036648e0f0d1:0xb5dcc4d30bd775a7!8m2!3d35.6918401!4d51.4779059!16s%2Fg%2F11t0rzstkg!19sChIJ0fDgSGYDjj8Rp3XXC9PE3LU?authuser=0&hl=en&rclk=1,2026-08-03T14:06:37.822469+00:00
1408,google_maps,Chapar,شرکت کالارسانان چاپار,قم,قم,34.6294497,50.8365057,1.0,"It's really a shame, they don't answer the phone, their address is correct. My goods arrived in Qom in 4 days, but they didn't answer my phone. I came to them, their address is the same.",4 years ago,amir naxari,NULL,NULL,NULL,https://www.google.com/maps/place/%D8%B4%D8%B1%DA%A9%D8%AA+%DA%A9%D8%A7%D9%84%D8%A7%D8%B1%D8%B3%D8%A7%D9%86%D8%A7%D9%86+%DA%86%D8%A7%D9%BE%D8%A7%D8%B1%E2%80%AD/data=!4m7!3m6!1s0x3f93bb4ad95d0635:0xab510b6acbc0ae5a!8m2!3d34.6294497!4d50.8365057!16s%2Fg%2F11b5yv3jjt!19sChIJNQZd2Uq7kz8RWq7Ay2oLUas?authuser=0&hl=en&rclk=1,2026-08-03T14:06:55.284351+00:00
1409,google_maps,Chapar,شرکت کالارسانان چاپار,قم,قم,34.6294497,50.8365057,1.0,"Very terrible, the force that distributes it is very rude, unresponsive, we always have problems sending packages and they do not do any follow-up. Very, very weak.",8 months ago,سعید رهنما,NULL,NULL,NULL,https://www.google.com/maps/place/%D8%B4%D8%B1%DA%A9%D8%AA+%DA%A9%D8%A7%D9%84%D8%A7%D8%B1%D8%B3%D8%A7%D9%86%D8%A7%D9%86+%DA%86%D8%A7%D9%BE%D8%A7%D8%B1%E2%80%AD/data=!4m7!3m6!1s0x3f93bb4ad95d0635:0xab510b6acbc0ae5a!8m2!3d34.6294497!4d50.8365057!16s%2Fg%2F11b5yv3jjt!19sChIJNQZd2Uq7kz8RWq7Ay2oLUas?authuser=0&hl=en&rclk=1,2026-08-03T14:06:55.284351+00:00
1410,google_maps,Chapar,شرکت کالارسانان چاپار,قم,قم,34.6294497,50.8365057,5.0,Chapar is really great. I have been getting a package from all cities for a few months now. I am very satisfied. It costs less than T-Box and arrives faster.,a year ago,افسانه پورسلطانی,NULL,NULL,NULL,https://www.google.com/maps/place/%D8%B4%D8%B1%DA%A9%D8%AA+%DA%A9%D8%A7%D9%84%D8%A7%D8%B1%D8%B3%D8%A7%D9%86%D8%A7%D9%86+%DA%86%D8%A7%D9%BE%D8%A7%D8%B1%E2%80%AD/data=!4m7!3m6!1s0x3f93bb4ad95d0635:0xab510b6acbc0ae5a!8m2!3d34.6294497!4d50.8365057!16s%2Fg%2F11b5yv3jjt!19sChIJNQZd2Uq7kz8RWq7Ay2oLUas?authuser=0&hl=en&rclk=1,2026-08-03T14:06:55.284351+00:00
1411,google_maps,Chapar,شرکت کالارسانان چاپار,قم,قم,34.6294497,50.8365057,1.0,"The delivery speed is terrible, the contact number on the site is disconnected, and the price is average to high.",3 years ago,Masoomeh Rezaei,NULL,NULL,NULL,https://www.google.com/maps/place/%D8%B4%D8%B1%DA%A9%D8%AA+%DA%A9%D8%A7%D9%84%D8%A7%D8%B1%D8%B3%D8%A7%D9%86%D8%A7%D9%86+%DA%86%D8%A7%D9%BE%D8%A7%D8%B1%E2%80%AD/data=!4m7!3m6!1s0x3f93bb4ad95d0635:0xab510b6acbc0ae5a!8m2!3d34.6294497!4d50.8365057!16s%2Fg%2F11b5yv3jjt!19sChIJNQZd2Uq7kz8RWq7Ay2oLUas?authuser=0&hl=en&rclk=1,2026-08-03T14:06:55.284351+00:00
1412,google_maps,Chapar,شرکت کالارسانان چاپار,قم,قم,34.6294497,50.8365057,1.0,Unresponsiveness and unjustified delay in delivery of goods due to insufficient manpower to deliver the goods,4 years ago,hireza Mohammadi,NULL,NULL,NULL,https://www.google.com/maps/place/%D8%B4%D8%B1%DA%A9%D8%AA+%DA%A9%D8%A7%D9%84%D8%A7%D8%B1%D8%B3%D8%A7%D9%86%D8%A7%D9%86+%DA%86%D8%A7%D9%BE%D8%A7%D8%B1%E2%80%AD/data=!4m7!3m6!1s0x3f93bb4ad95d0635:0xab510b6acbc0ae5a!8m2!3d34.6294497!4d50.8365057!16s%2Fg%2F11b5yv3jjt!19sChIJNQZd2Uq7kz8RWq7Ay2oLUas?authuser=0&hl=en&rclk=1,2026-08-03T14:06:55.284351+00:00
1413,google_maps,Chapar,شرکت کالارسانان چاپار,قم,قم,34.6294497,50.8365057,1.0,The most unmanned and stupid exercise in the country's transportation system,7 months ago,king amereh,NULL,NULL,NULL,https://www.google.com/maps/place/%D8%B4%D8%B1%DA%A9%D8%AA+%DA%A9%D8%A7%D9%84%D8%A7%D8%B1%D8%B3%D8%A7%D9%86%D8%A7%D9%86+%DA%86%D8%A7%D9%BE%D8%A7%D8%B1%E2%80%AD/data=!4m7!3m6!1s0x3f93bb4ad95d0635:0xab510b6acbc0ae5a!8m2!3d34.6294497!4d50.8365057!16s%2Fg%2F11b5yv3jjt!19sChIJNQZd2Uq7kz8RWq7Ay2oLUas?authuser=0&hl=en&rclk=1,2026-08-03T14:06:55.284351+00:00
1414,google_maps,Chapar,شرکت کالارسانان چاپار,قم,قم,34.6294497,50.8365057,1.0,Too bad because I ordered it a week ago and it still hasn't arrived.,a year ago,Nima,NULL,NULL,NULL,https://www.google.com/maps/place/%D8%B4%D8%B1%DA%A9%D8%AA+%DA%A9%D8%A7%D9%84%D8%A7%D8%B1%D8%B3%D8%A7%D9%86%D8%A7%D9%86+%DA%86%D8%A7%D9%BE%D8%A7%D8%B1%E2%80%AD/data=!4m7!3m6!1s0x3f93bb4ad95d0635:0xab510b6acbc0ae5a!8m2!3d34.6294497!4d50.8365057!16s%2Fg%2F11b5yv3jjt!19sChIJNQZd2Uq7kz8RWq7Ay2oLUas?authuser=0&hl=en&rclk=1,2026-08-03T14:06:55.284351+00:00
1415,google_maps,Chapar,شرکت کالارسانان چاپار,قم,قم,34.6294497,50.8365057,1.0,Lack of response and delay in delivery of the sent package,4 years ago,Javad Karimi,NULL,NULL,NULL,https://www.google.com/maps/place/%D8%B4%D8%B1%DA%A9%D8%AA+%DA%A9%D8%A7%D9%84%D8%A7%D8%B1%D8%B3%D8%A7%D9%86%D8%A7%D9%86+%DA%86%D8%A7%D9%BE%D8%A7%D8%B1%E2%80%AD/data=!4m7!3m6!1s0x3f93bb4ad95d0635:0xab510b6acbc0ae5a!8m2!3d34.6294497!4d50.8365057!16s%2Fg%2F11b5yv3jjt!19sChIJNQZd2Uq7kz8RWq7Ay2oLUas?authuser=0&hl=en&rclk=1,2026-08-03T14:06:55.284351+00:00
1416,google_maps,Chapar,شرکت کالارسانان چاپار,قم,قم,34.6294497,50.8365057,1.0,Late delivery High price No follow-up Really not worth it,2 years ago,فاطمه رضوی,NULL,NULL,NULL,https://www.google.com/maps/place/%D8%B4%D8%B1%DA%A9%D8%AA+%DA%A9%D8%A7%D9%84%D8%A7%D8%B1%D8%B3%D8%A7%D9%86%D8%A7%D9%86+%DA%86%D8%A7%D9%BE%D8%A7%D8%B1%E2%80%AD/data=!4m7!3m6!1s0x3f93bb4ad95d0635:0xab510b6acbc0ae5a!8m2!3d34.6294497!4d50.8365057!16s%2Fg%2F11b5yv3jjt!19sChIJNQZd2Uq7kz8RWq7Ay2oLUas?authuser=0&hl=en&rclk=1,2026-08-03T14:06:55.284351+00:00
1417,google_maps,Chapar,شرکت کالارسانان چاپار,قم,قم,34.6294497,50.8365057,4.0,not bad,9 years ago,Hosein Erfanshekouh,NULL,NULL,NULL,https://www.google.com/maps/place/%D8%B4%D8%B1%DA%A9%D8%AA+%DA%A9%D8%A7%D9%84%D8%A7%D8%B1%D8%B3%D8%A7%D9%86%D8%A7%D9%86+%DA%86%D8%A7%D9%BE%D8%A7%D8%B1%E2%80%AD/data=!4m7!3m6!1s0x3f93bb4ad95d0635:0xab510b6acbc0ae5a!8m2!3d34.6294497!4d50.8365057!16s%2Fg%2F11b5yv3jjt!19sChIJNQZd2Uq7kz8RWq7Ay2oLUas?authuser=0&hl=en&rclk=1,2026-08-03T14:06:55.284351+00:00
1418,google_maps,Chapar,موسسه توریستی چاپار,تهران,تهران,35.7106348,51.3696633,5.0,Excellent,7 years ago,Mohamad Javad,NULL,NULL,NULL,https://www.google.com/maps/place/%D9%85%D9%88%D8%B3%D8%B3%D9%87+%D8%AA%D9%88%D8%B1%DB%8C%D8%B3%D8%AA%DB%8C+%DA%86%D8%A7%D9%BE%D8%A7%D8%B1%E2%80%AD/data=!4m7!3m6!1s0x3f8e00c86e53fbcd:0x9b01663e36e9dcbd!8m2!3d35.7106348!4d51.3696633!16s%2Fg%2F11c2k6qtzx!19sChIJzftTbsgAjj8RvdzpNj5mAZs?authuser=0&hl=en&rclk=1,2026-08-03T14:07:08.731572+00:00
1419,google_maps,Chapar,چاپار کرمانشاه,کرمان,کرمان,34.3714444,47.1205504,1.0,No one works in the office just some guy with personal phone numbers in a used bike . No one answers the call and I don't know what happened to my package that was supposed to be delivered on time. It's been 2weeks . Hope this non-Human behavior be answered. But come-on it's just Package,a year ago,amir solgi,NULL,NULL,NULL,https://www.google.com/maps/place/%D8%AF%D9%81%D8%AA%D8%B1+%DA%86%D8%A7%D9%BE%D8%A7%D8%B1+%DA%A9%D8%B1%D9%85%D8%A7%D9%86%D8%B4%D8%A7%D9%87%E2%80%AD/data=!4m7!3m6!1s0x3ffaf3348a96ddff:0xab191a2a7d372473!8m2!3d34.3714444!4d47.1205504!16s%2Fg%2F11pvmctjnm!19sChIJ_92WijTz-j8RcyQ3fSoaGas?authuser=0&hl=en&rclk=1,2026-08-03T14:07:26.103018+00:00
1420,google_maps,Chapar,چاپار کرمانشاه,کرمان,کرمان,34.3714444,47.1205504,1.0,"First of all, the post office is asking for a few thousand tomans for the item sent to the customer, all costs calculated, and the full price specified. This is not legal. For example, if the total price of the entire invoice sent to the …",2 years ago,alireza ramezani,NULL,NULL,NULL,https://www.google.com/maps/place/%D8%AF%D9%81%D8%AA%D8%B1+%DA%86%D8%A7%D9%BE%D8%A7%D8%B1+%DA%A9%D8%B1%D9%85%D8%A7%D9%86%D8%B4%D8%A7%D9%87%E2%80%AD/data=!4m7!3m6!1s0x3ffaf3348a96ddff:0xab191a2a7d372473!8m2!3d34.3714444!4d47.1205504!16s%2Fg%2F11pvmctjnm!19sChIJ_92WijTz-j8RcyQ3fSoaGas?authuser=0&hl=en&rclk=1,2026-08-03T14:07:26.103018+00:00
1421,google_maps,Chapar,چاپار کرمانشاه,کرمان,کرمان,34.3714444,47.1205504,1.0,"He doesn't answer the phone, he doesn't deliver the package on time. You call for a few days and he doesn't answer. Then he says, ""If you're in a hurry, come and pick it up yourself."" Sub-zero service works for anyone you want.",2 months ago,Kia Hydaryan,NULL,NULL,NULL,https://www.google.com/maps/place/%D8%AF%D9%81%D8%AA%D8%B1+%DA%86%D8%A7%D9%BE%D8%A7%D8%B1+%DA%A9%D8%B1%D9%85%D8%A7%D9%86%D8%B4%D8%A7%D9%87%E2%80%AD/data=!4m7!3m6!1s0x3ffaf3348a96ddff:0xab191a2a7d372473!8m2!3d34.3714444!4d47.1205504!16s%2Fg%2F11pvmctjnm!19sChIJ_92WijTz-j8RcyQ3fSoaGas?authuser=0&hl=en&rclk=1,2026-08-03T14:07:26.103018+00:00
1422,google_maps,Chapar,چاپار کرمانشاه,کرمان,کرمان,34.3714444,47.1205504,1.0,"I mean, it would have been better if we had put the package in the mailbox than if we had given it to the delivery guy. Can a package be delivered to the delivery guy in two days? Are you playing or working?",2 years ago,Erfan Sariaslani,NULL,NULL,NULL,https://www.google.com/maps/place/%D8%AF%D9%81%D8%AA%D8%B1+%DA%86%D8%A7%D9%BE%D8%A7%D8%B1+%DA%A9%D8%B1%D9%85%D8%A7%D9%86%D8%B4%D8%A7%D9%87%E2%80%AD/data=!4m7!3m6!1s0x3ffaf3348a96ddff:0xab191a2a7d372473!8m2!3d34.3714444!4d47.1205504!16s%2Fg%2F11pvmctjnm!19sChIJ_92WijTz-j8RcyQ3fSoaGas?authuser=0&hl=en&rclk=1,2026-08-03T14:07:26.103018+00:00
1423,google_maps,Chapar,چاپار کرمانشاه,کرمان,کرمان,34.3714444,47.1205504,1.0,"The busiest route for sending and receiving packages is this one. A package from a destination 300 kilometers away hasn't arrived in two weeks, but it's been in my hands for three days.",2 years ago,Asadi Asadi,NULL,NULL,NULL,https://www.google.com/maps/place/%D8%AF%D9%81%D8%AA%D8%B1+%DA%86%D8%A7%D9%BE%D8%A7%D8%B1+%DA%A9%D8%B1%D9%85%D8%A7%D9%86%D8%B4%D8%A7%D9%87%E2%80%AD/data=!4m7!3m6!1s0x3ffaf3348a96ddff:0xab191a2a7d372473!8m2!3d34.3714444!4d47.1205504!16s%2Fg%2F11pvmctjnm!19sChIJ_92WijTz-j8RcyQ3fSoaGas?authuser=0&hl=en&rclk=1,2026-08-03T14:07:26.103018+00:00
1424,google_maps,Chapar,چاپار کرمانشاه,کرمان,کرمان,34.3714444,47.1205504,5.0,"Very excellent service, and the gift of time to the customer is one of the highest options at Chapare, and the attitude and public relations of Chapare's staff are well-known.",3 years ago,Maryam Azami,NULL,NULL,NULL,https://www.google.com/maps/place/%D8%AF%D9%81%D8%AA%D8%B1+%DA%86%D8%A7%D9%BE%D8%A7%D8%B1+%DA%A9%D8%B1%D9%85%D8%A7%D9%86%D8%B4%D8%A7%D9%87%E2%80%AD/data=!4m7!3m6!1s0x3ffaf3348a96ddff:0xab191a2a7d372473!8m2!3d34.3714444!4d47.1205504!16s%2Fg%2F11pvmctjnm!19sChIJ_92WijTz-j8RcyQ3fSoaGas?authuser=0&hl=en&rclk=1,2026-08-03T14:07:26.103018+00:00
1425,google_maps,Chapar,چاپار کرمانشاه,کرمان,کرمان,34.3714444,47.1205504,5.0,"Very excellent, thank you for the services of Mr. Ahmadi, who delivers the packages on time 🤩 …",2 years ago,Mina Amiri,NULL,NULL,NULL,https://www.google.com/maps/place/%D8%AF%D9%81%D8%AA%D8%B1+%DA%86%D8%A7%D9%BE%D8%A7%D8%B1+%DA%A9%D8%B1%D9%85%D8%A7%D9%86%D8%B4%D8%A7%D9%87%E2%80%AD/data=!4m7!3m6!1s0x3ffaf3348a96ddff:0xab191a2a7d372473!8m2!3d34.3714444!4d47.1205504!16s%2Fg%2F11pvmctjnm!19sChIJ_92WijTz-j8RcyQ3fSoaGas?authuser=0&hl=en&rclk=1,2026-08-03T14:07:26.103018+00:00
1426,google_maps,Chapar,چاپار کرمانشاه,کرمان,کرمان,34.3714444,47.1205504,5.0,"Thank you to Mr. Ahmadi, he is very attentive to the shipments and delivers them on time.",2 years ago,مریم امیری,NULL,NULL,NULL,https://www.google.com/maps/place/%D8%AF%D9%81%D8%AA%D8%B1+%DA%86%D8%A7%D9%BE%D8%A7%D8%B1+%DA%A9%D8%B1%D9%85%D8%A7%D9%86%D8%B4%D8%A7%D9%87%E2%80%AD/data=!4m7!3m6!1s0x3ffaf3348a96ddff:0xab191a2a7d372473!8m2!3d34.3714444!4d47.1205504!16s%2Fg%2F11pvmctjnm!19sChIJ_92WijTz-j8RcyQ3fSoaGas?authuser=0&hl=en&rclk=1,2026-08-03T14:07:26.103018+00:00
1427,google_maps,Chapar,چاپار کرمانشاه,کرمان,کرمان,34.3714444,47.1205504,5.0,"They are very concerned about delivery, so their hands don't get hurt.",a year ago,Parsa,NULL,NULL,NULL,https://www.google.com/maps/place/%D8%AF%D9%81%D8%AA%D8%B1+%DA%86%D8%A7%D9%BE%D8%A7%D8%B1+%DA%A9%D8%B1%D9%85%D8%A7%D9%86%D8%B4%D8%A7%D9%87%E2%80%AD/data=!4m7!3m6!1s0x3ffaf3348a96ddff:0xab191a2a7d372473!8m2!3d34.3714444!4d47.1205504!16s%2Fg%2F11pvmctjnm!19sChIJ_92WijTz-j8RcyQ3fSoaGas?authuser=0&hl=en&rclk=1,2026-08-03T14:07:26.103018+00:00
1428,google_maps,Chapar,چاپار کرمانشاه,کرمان,کرمان,34.3714444,47.1205504,5.0,Excellent 👏🏻 Thank you Mr. Ahmadi for your hard work. …,a year ago,Aria Karami,NULL,NULL,NULL,https://www.google.com/maps/place/%D8%AF%D9%81%D8%AA%D8%B1+%DA%86%D8%A7%D9%BE%D8%A7%D8%B1+%DA%A9%D8%B1%D9%85%D8%A7%D9%86%D8%B4%D8%A7%D9%87%E2%80%AD/data=!4m7!3m6!1s0x3ffaf3348a96ddff:0xab191a2a7d372473!8m2!3d34.3714444!4d47.1205504!16s%2Fg%2F11pvmctjnm!19sChIJ_92WijTz-j8RcyQ3fSoaGas?authuser=0&hl=en&rclk=1,2026-08-03T14:07:26.103018+00:00
1429,google_maps,Chapar,انبار چاپار,Kahrizak,F9V6+PG8,35.4942778,51.3613314,3.0,There is a small storage room behind the mattress.,5 months ago,Mohammad Hatami,NULL,NULL,NULL,https://www.google.com/maps/place/%D8%A7%D9%86%D8%A8%D8%A7%D8%B1+%DA%86%D8%A7%D9%BE%D8%A7%D8%B1%E2%80%AD/data=!4m7!3m6!1s0x3f91f90016e56d71:0xb600ea7d93cc8372!8m2!3d35.4942778!4d51.3613314!16s%2Fg%2F11yp18z37c!19sChIJcW3lFgD5kT8RcoPMk33qALY?authuser=0&hl=en&rclk=1,2026-08-03T14:07:34.582803+00:00
1430,google_maps,Chapar,Center,تهران,تهران,NULL,NULL,4.0,Good customer service and helpful staff behavior by Mr Karimi. (Tehran),2026-05-23,user_Ch_5_2,NULL,NULL,NULL,NULL,2026-05-23T21:12:53.422157+00:00
1431,google_maps,Chapar,Center,تهران,تهران,NULL,NULL,2.0,Slow delivery speed and bad professionalism from staff. (Tehran),2026-06-05,user_Ch_5_1,NULL,NULL,NULL,NULL,2026-06-05T21:12:53.420984+00:00
1432,google_maps,Chapar,Center,تهران,تهران,NULL,NULL,3.0,"Average service, normal delivery, fair pricing overall. (Tehran)",2026-07-15,user_Ch_5_3,NULL,NULL,NULL,NULL,2026-07-15T21:12:53.424027+00:00
1433,google_maps,Chapar,Center,تهران,تهران,NULL,NULL,2.0,Package arrived damaged and tracking quality was bad. (Tehran),2026-05-09,user_Ch_5_10,NULL,NULL,NULL,NULL,2026-05-09T21:12:53.433245+00:00
1434,google_maps,Chapar,Center,تهران,تهران,NULL,NULL,4.0,Fast delivery and good tracking. Professional team. (Tehran),2026-07-22,user_Ch_5_0,NULL,NULL,NULL,NULL,2026-07-22T21:12:53.418451+00:00
1435,google_maps,Chapar,Center,تهران,تهران,NULL,NULL,3.0,Neutral experience. Communication was average. (Tehran),2026-05-06,user_Ch_5_6,NULL,NULL,NULL,NULL,2026-05-06T21:12:53.427827+00:00
1436,google_maps,Chapar,Shiraz,فارس,شیراز,NULL,NULL,1.0,Worst delivery delay and package damage. Tracking never updated. (Shiraz),2026-06-04,user_Ch_6_5,NULL,NULL,NULL,NULL,2026-06-04T21:12:53.452936+00:00
1437,google_maps,Chapar,Shiraz,فارس,شیراز,NULL,NULL,4.0,Good customer service and helpful staff behavior by Mr Karimi. (Shiraz),2026-05-25,user_Ch_6_0,NULL,NULL,NULL,NULL,2026-05-25T21:12:53.444012+00:00
1438,google_maps,Chapar,Shiraz,فارس,شیراز,NULL,NULL,5.0,Great service and fast delivery. Excellent professionalism. (Shiraz),2026-05-14,user_Ch_6_4,NULL,NULL,NULL,NULL,2026-05-14T21:12:53.451750+00:00
1439,google_maps,Chapar,Shiraz,فارس,شیراز,NULL,NULL,2.0,Slow delivery speed and bad professionalism from staff. (Shiraz),2026-05-05,user_Ch_6_3,NULL,NULL,NULL,NULL,2026-05-05T21:12:53.449295+00:00
1440,google_maps,Chapar,Shiraz,فارس,شیراز,NULL,NULL,5.0,Cheap pricing and great communication from Ms Rezaei. (Shiraz),2026-06-22,user_Ch_6_2,NULL,NULL,NULL,NULL,2026-06-22T21:12:53.447303+00:00
1441,google_maps,Chapar,Shiraz,فارس,شیراز,NULL,NULL,2.0,Package arrived damaged and tracking quality was bad. (Shiraz),2026-07-24,user_Ch_6_11,NULL,NULL,NULL,NULL,2026-07-24T21:12:53.470031+00:00
1442,google_maps,Chapar,Shiraz,فارس,شیراز,NULL,NULL,4.0,Fast delivery and good tracking. Professional team. (Shiraz),2026-05-12,user_Ch_6_9,NULL,NULL,NULL,NULL,2026-05-12T21:12:53.464153+00:00
1443,google_maps,Chapar,Shiraz,فارس,شیراز,NULL,NULL,3.0,Neutral experience. Communication was average. (Shiraz),2026-05-15,user_Ch_6_1,NULL,NULL,NULL,NULL,2026-05-15T21:12:53.445242+00:00
1444,google_maps,Chapar,Tabriz,آذربایجان شرقی,تبریز,NULL,NULL,1.0,Worst delivery delay and package damage. Tracking never updated. (Tabriz),2026-07-23,user_Ch_7_6,NULL,NULL,NULL,NULL,2026-07-23T21:12:53.482887+00:00
1445,google_maps,Chapar,Tabriz,آذربایجان شرقی,تبریز,NULL,NULL,4.0,Good customer service and helpful staff behavior by Mr Karimi. (Tabriz),2026-07-13,user_Ch_7_8,NULL,NULL,NULL,NULL,2026-07-13T21:12:53.485890+00:00
1446,google_maps,Chapar,Tabriz,آذربایجان شرقی,تبریز,NULL,NULL,1.0,Expensive pricing and awful customer service in the branch. (Tabriz),2026-06-19,user_Ch_7_0,NULL,NULL,NULL,NULL,2026-06-19T21:12:53.475193+00:00
1447,google_maps,Chapar,Tabriz,آذربایجان شرقی,تبریز,NULL,NULL,5.0,Great service and fast delivery. Excellent professionalism. (Tabriz),2026-07-20,user_Ch_7_4,NULL,NULL,NULL,NULL,2026-07-20T21:12:53.480443+00:00
1448,google_maps,Chapar,Tabriz,آذربایجان شرقی,تبریز,NULL,NULL,3.0,"Average service, normal delivery, fair pricing overall. (Tabriz)",2026-06-18,user_Ch_7_9,NULL,NULL,NULL,NULL,2026-06-18T21:12:53.487396+00:00
1449,google_maps,Chapar,Tabriz,آذربایجان شرقی,تبریز,NULL,NULL,5.0,Cheap pricing and great communication from Ms Rezaei. (Tabriz),2026-07-26,user_Ch_7_1,NULL,NULL,NULL,NULL,2026-07-26T21:12:53.476611+00:00
1450,google_maps,Chapar,Tabriz,آذربایجان شرقی,تبریز,NULL,NULL,2.0,Package arrived damaged and tracking quality was bad. (Tabriz),2026-05-15,user_Ch_7_7,NULL,NULL,NULL,NULL,2026-05-15T21:12:53.484643+00:00
1451,google_maps,Chapar,Tabriz,آذربایجان شرقی,تبریز,NULL,NULL,4.0,Fast delivery and good tracking. Professional team. (Tabriz),2026-07-17,user_Ch_7_11,NULL,NULL,NULL,NULL,2026-07-17T21:12:53.490284+00:00
1452,google_maps,Chapar,Tabriz,آذربایجان شرقی,تبریز,NULL,NULL,3.0,Neutral experience. Communication was average. (Tabriz),2026-05-15,user_Ch_7_5,NULL,NULL,NULL,NULL,2026-05-15T21:12:53.481556+00:00
1453,google_maps,AloPeyk,Alopeyk,تهران,تهران,35.7313734,51.4171928,1.0,"How can support be this weak?? They follow up every four days, they give me two hundred thousand dollars in compensation, they make a plan, they make a deposit, and then they give me money whenever they want. I have never seen a company with worse money than this. You get a commission, you have to pay your ambassador's money night after night, do the ambassador's family use air or does the engine of your unfortunate ambassador run on water?",10 months ago,جواد نظرپور,NULL,NULL,NULL,"https://www.google.com/maps/place/Alopeyk/@35.7313734,51.4171928,17z/data=!3m1!4b1!4m6!3m5!1s0x3f8e06ec9501dda5:0xba1155efc8e8e6ad!8m2!3d35.7313734!4d51.4197731!16s%2Fg%2F11g684_j35?hl=en&entry=ttu&g_ep=EgoyMDI2MDcyOS4wIKXMDSoASAFQAw%3D%3D",2026-08-03T14:24:23.878909+00:00
1454,google_maps,AloPeyk,Alopeyk,تهران,تهران,35.7313734,51.4171928,1.0,"Zero support. Zero service. I received a package, waited for an hour, called support four times, each time for more than ten minutes, only to be played a song. In other words, I have been out of charge for forty minutes and no one has answered. Hello, the courier just takes his commission, he has no obligation to the courier.. Zero zero",a month ago,مهدیار صبوری,NULL,NULL,NULL,"https://www.google.com/maps/place/Alopeyk/@35.7313734,51.4171928,17z/data=!3m1!4b1!4m6!3m5!1s0x3f8e06ec9501dda5:0xba1155efc8e8e6ad!8m2!3d35.7313734!4d51.4197731!16s%2Fg%2F11g684_j35?hl=en&entry=ttu&g_ep=EgoyMDI2MDcyOS4wIKXMDSoASAFQAw%3D%3D",2026-08-03T14:24:23.878909+00:00
1455,google_maps,AloPeyk,Alopeyk,تهران,تهران,35.7313734,51.4171928,1.0,"Unfortunately, in the last few months, some of the ambassadors have not had boxes, and at the same time as delivering our product, they have been delivering several other products, which has caused severe delays in delivery, and the support is not responsive at all.",7 months ago,Atiye Haj Hasan,NULL,NULL,NULL,"https://www.google.com/maps/place/Alopeyk/@35.7313734,51.4171928,17z/data=!3m1!4b1!4m6!3m5!1s0x3f8e06ec9501dda5:0xba1155efc8e8e6ad!8m2!3d35.7313734!4d51.4197731!16s%2Fg%2F11g684_j35?hl=en&entry=ttu&g_ep=EgoyMDI2MDcyOS4wIKXMDSoASAFQAw%3D%3D",2026-08-03T14:24:23.878909+00:00
1456,google_maps,AloPeyk,Alopeyk,تهران,تهران,35.7313734,51.4171928,1.0,"HelloPeak has no credibility. Unfortunately, one of the couriers stole from me and I reported it to support many times, but support did not respond. When I called them, they said it had nothing to do with us and that you should solve it with the courier yourself.",10 months ago,Mansour Mousavi,NULL,NULL,NULL,"https://www.google.com/maps/place/Alopeyk/@35.7313734,51.4171928,17z/data=!3m1!4b1!4m6!3m5!1s0x3f8e06ec9501dda5:0xba1155efc8e8e6ad!8m2!3d35.7313734!4d51.4197731!16s%2Fg%2F11g684_j35?hl=en&entry=ttu&g_ep=EgoyMDI2MDcyOS4wIKXMDSoASAFQAw%3D%3D",2026-08-03T14:24:23.878909+00:00
1457,google_maps,AloPeyk,Alopeyk,تهران,تهران,35.7313734,51.4171928,1.0,"Before, when Alopik was not sold, it was very good, but now it is not useful at all. Last year, they deducted 300,000 thousand tomans from my account and said that there was a mistake and a lot was deposited into your account. It will be …",a year ago,armin aria,NULL,NULL,NULL,"https://www.google.com/maps/place/Alopeyk/@35.7313734,51.4171928,17z/data=!3m1!4b1!4m6!3m5!1s0x3f8e06ec9501dda5:0xba1155efc8e8e6ad!8m2!3d35.7313734!4d51.4197731!16s%2Fg%2F11g684_j35?hl=en&entry=ttu&g_ep=EgoyMDI2MDcyOS4wIKXMDSoASAFQAw%3D%3D",2026-08-03T14:24:23.878909+00:00
1458,google_maps,AloPeyk,Alopeyk,تهران,تهران,35.7313734,51.4171928,1.0,"The most stupid and incompetent I've been tracking the package for five days and they just say wait! They never received the package at all, the customer is frustrated",8 months ago,Elina Yazdani,NULL,NULL,NULL,"https://www.google.com/maps/place/Alopeyk/@35.7313734,51.4171928,17z/data=!3m1!4b1!4m6!3m5!1s0x3f8e06ec9501dda5:0xba1155efc8e8e6ad!8m2!3d35.7313734!4d51.4197731!16s%2Fg%2F11g684_j35?hl=en&entry=ttu&g_ep=EgoyMDI2MDcyOS4wIKXMDSoASAFQAw%3D%3D",2026-08-03T14:24:23.878909+00:00
1459,google_maps,AloPeyk,Alopeyk,تهران,تهران,35.7313734,51.4171928,1.0,"Poor performance, no sense of responsibility. Sellers and buyers should strongly avoid this shipping method. This system cannot be fixed.",8 months ago,Kourosh Hejazi,NULL,NULL,NULL,"https://www.google.com/maps/place/Alopeyk/@35.7313734,51.4171928,17z/data=!3m1!4b1!4m6!3m5!1s0x3f8e06ec9501dda5:0xba1155efc8e8e6ad!8m2!3d35.7313734!4d51.4197731!16s%2Fg%2F11g684_j35?hl=en&entry=ttu&g_ep=EgoyMDI2MDcyOS4wIKXMDSoASAFQAw%3D%3D",2026-08-03T14:24:23.878909+00:00
1460,google_maps,AloPeyk,Alopeyk,تهران,تهران,35.7313734,51.4171928,3.0,"Average Services and quality, could be better if they want to improve Best location and kind staff but should be train",8 years ago,M Romina,NULL,NULL,NULL,"https://www.google.com/maps/place/Alopeyk/@35.7313734,51.4171928,17z/data=!3m1!4b1!4m6!3m5!1s0x3f8e06ec9501dda5:0xba1155efc8e8e6ad!8m2!3d35.7313734!4d51.4197731!16s%2Fg%2F11g684_j35?hl=en&entry=ttu&g_ep=EgoyMDI2MDcyOS4wIKXMDSoASAFQAw%3D%3D",2026-08-03T14:24:23.878909+00:00
1461,google_maps,AloPeyk,Alopeyk,تهران,تهران,35.7313734,51.4171928,3.0,For start working wth motor,7 years ago,AmirKian farahani,NULL,NULL,NULL,"https://www.google.com/maps/place/Alopeyk/@35.7313734,51.4171928,17z/data=!3m1!4b1!4m6!3m5!1s0x3f8e06ec9501dda5:0xba1155efc8e8e6ad!8m2!3d35.7313734!4d51.4197731!16s%2Fg%2F11g684_j35?hl=en&entry=ttu&g_ep=EgoyMDI2MDcyOS4wIKXMDSoASAFQAw%3D%3D",2026-08-03T14:24:23.878909+00:00
1462,google_maps,AloPeyk,Alopeyk,تهران,تهران,35.7313734,51.4171928,2.0,Bad servise,6 years ago,Ali Avatefi,NULL,NULL,NULL,"https://www.google.com/maps/place/Alopeyk/@35.7313734,51.4171928,17z/data=!3m1!4b1!4m6!3m5!1s0x3f8e06ec9501dda5:0xba1155efc8e8e6ad!8m2!3d35.7313734!4d51.4197731!16s%2Fg%2F11g684_j35?hl=en&entry=ttu&g_ep=EgoyMDI2MDcyOS4wIKXMDSoASAFQAw%3D%3D",2026-08-03T14:24:23.878909+00:00
1463,google_maps,AloPeyk,Alopeyk,خراسان رضوی,NULL,36.3034438,59.5938871,5.0,"Very fast, polite, the ability to track the courier's location online and the exact time of receiving or sending the parcel, install the AlloPeek app and enjoy...",7 years ago,ali mazrooie,NULL,NULL,NULL,https://www.google.com/maps/place/Alopeyk/data=!4m7!3m6!1s0x3f6c8d6350de5429:0xd14124b101669bc5!8m2!3d36.3034438!4d59.5938871!16s%2Fg%2F11gfkm74hg!19sChIJKVTeUGONbD8RxZtmAbEkQdE?authuser=0&hl=en&rclk=1,2026-08-03T14:24:32.685641+00:00
1464,google_maps,AloPeyk,Alopeyk,خراسان رضوی,NULL,36.3034438,59.5938871,1.0,"Disrespectful behavior, treatment from a superior position, very poor facilities and very severe weaknesses in management and employee behavior.",6 years ago,jalal momen,NULL,NULL,NULL,https://www.google.com/maps/place/Alopeyk/data=!4m7!3m6!1s0x3f6c8d6350de5429:0xd14124b101669bc5!8m2!3d36.3034438!4d59.5938871!16s%2Fg%2F11gfkm74hg!19sChIJKVTeUGONbD8RxZtmAbEkQdE?authuser=0&hl=en&rclk=1,2026-08-03T14:24:32.685641+00:00
1465,google_maps,AloPeyk,Alopeyk,خراسان رضوی,NULL,36.3034438,59.5938871,5.0,"It's a good place to go, because you were a student and it was far away from everyone.",6 years ago,محمد حمزه زاده,NULL,NULL,NULL,https://www.google.com/maps/place/Alopeyk/data=!4m7!3m6!1s0x3f6c8d6350de5429:0xd14124b101669bc5!8m2!3d36.3034438!4d59.5938871!16s%2Fg%2F11gfkm74hg!19sChIJKVTeUGONbD8RxZtmAbEkQdE?authuser=0&hl=en&rclk=1,2026-08-03T14:24:32.685641+00:00
1466,google_maps,AloPeyk,Alopeyk,خراسان رضوی,NULL,36.3034438,59.5938871,4.0,"God willing, they will provide services to remote parts of the city as well.",Edited 7 years ago,Arman Ghiyasi,NULL,NULL,NULL,https://www.google.com/maps/place/Alopeyk/data=!4m7!3m6!1s0x3f6c8d6350de5429:0xd14124b101669bc5!8m2!3d36.3034438!4d59.5938871!16s%2Fg%2F11gfkm74hg!19sChIJKVTeUGONbD8RxZtmAbEkQdE?authuser=0&hl=en&rclk=1,2026-08-03T14:24:32.685641+00:00
1467,google_maps,AloPeyk,Alopeyk,خراسان رضوی,NULL,36.3034438,59.5938871,5.0,Can car enthusiasts also register?,8 years ago,alireza panbehkar,NULL,NULL,NULL,https://www.google.com/maps/place/Alopeyk/data=!4m7!3m6!1s0x3f6c8d6350de5429:0xd14124b101669bc5!8m2!3d36.3034438!4d59.5938871!16s%2Fg%2F11gfkm74hg!19sChIJKVTeUGONbD8RxZtmAbEkQdE?authuser=0&hl=en&rclk=1,2026-08-03T14:24:32.685641+00:00
1468,google_maps,AloPeyk,Alopeyk,خراسان رضوی,NULL,36.3034438,59.5938871,5.0,Very polite and friendly drivers.,2 years ago,mojtaba kh1990,NULL,NULL,NULL,https://www.google.com/maps/place/Alopeyk/data=!4m7!3m6!1s0x3f6c8d6350de5429:0xd14124b101669bc5!8m2!3d36.3034438!4d59.5938871!16s%2Fg%2F11gfkm74hg!19sChIJKVTeUGONbD8RxZtmAbEkQdE?authuser=0&hl=en&rclk=1,2026-08-03T14:24:32.685641+00:00
1469,google_maps,AloPeyk,Alopeyk,خراسان رضوی,NULL,36.3034438,59.5938871,5.0,Alopeyk Mashhad,8 years ago,Amir Tayefeh,NULL,NULL,NULL,https://www.google.com/maps/place/Alopeyk/data=!4m7!3m6!1s0x3f6c8d6350de5429:0xd14124b101669bc5!8m2!3d36.3034438!4d59.5938871!16s%2Fg%2F11gfkm74hg!19sChIJKVTeUGONbD8RxZtmAbEkQdE?authuser=0&hl=en&rclk=1,2026-08-03T14:24:32.685641+00:00
1470,google_maps,AloPeyk,Alopeyk,خراسان رضوی,NULL,36.3034438,59.5938871,5.0,Alopeyk👌🏾 …,8 years ago,Mojtaba Lorestani,NULL,NULL,NULL,https://www.google.com/maps/place/Alopeyk/data=!4m7!3m6!1s0x3f6c8d6350de5429:0xd14124b101669bc5!8m2!3d36.3034438!4d59.5938871!16s%2Fg%2F11gfkm74hg!19sChIJKVTeUGONbD8RxZtmAbEkQdE?authuser=0&hl=en&rclk=1,2026-08-03T14:24:32.685641+00:00
1471,google_maps,AloPeyk,Alopeyk,خراسان رضوی,NULL,36.3034438,59.5938871,1.0,nice good,Edited 8 years ago,ali robatjazi,NULL,NULL,NULL,https://www.google.com/maps/place/Alopeyk/data=!4m7!3m6!1s0x3f6c8d6350de5429:0xd14124b101669bc5!8m2!3d36.3034438!4d59.5938871!16s%2Fg%2F11gfkm74hg!19sChIJKVTeUGONbD8RxZtmAbEkQdE?authuser=0&hl=en&rclk=1,2026-08-03T14:24:32.685641+00:00
1472,google_maps,AloPeyk,Alopeyk,خراسان رضوی,NULL,36.3034438,59.5938871,5.0,good,6 years ago,Ramin Bidmeshki,NULL,NULL,NULL,https://www.google.com/maps/place/Alopeyk/data=!4m7!3m6!1s0x3f6c8d6350de5429:0xd14124b101669bc5!8m2!3d36.3034438!4d59.5938871!16s%2Fg%2F11gfkm74hg!19sChIJKVTeUGONbD8RxZtmAbEkQdE?authuser=0&hl=en&rclk=1,2026-08-03T14:24:32.685641+00:00
1473,google_maps,AloPeyk,الوپیک,تهران,تهران,35.6730244,51.4152978,2.0,"Hello, I was a member of the Aloe Pack ambassadors group 3 years ago. I came out and got my documents. Now I want to become a member again. It says the national code has been entered and has already been registered in the system. No matter …",a year ago,ali Gholipor,NULL,NULL,NULL,https://www.google.com/maps/place/%D8%A7%D9%84%D9%88%D9%BE%DB%8C%DA%A9%E2%80%AD/data=!4m7!3m6!1s0x3f8e0184df80464f:0x99edef69f37e1d4c!8m2!3d35.6730244!4d51.4152978!16s%2Fg%2F11kj7hgx04!19sChIJT0aA34QBjj8RTB1-82nv7Zk?authuser=0&hl=en&rclk=1,2026-08-03T14:24:49.682893+00:00
1474,google_maps,AloPeyk,الوپیک,تهران,تهران,35.6730244,51.4152978,1.0,This place doesn’t exist here and never has.,3 days ago,M E H T I,NULL,NULL,NULL,https://www.google.com/maps/place/%D8%A7%D9%84%D9%88%D9%BE%DB%8C%DA%A9%E2%80%AD/data=!4m7!3m6!1s0x3f8e0184df80464f:0x99edef69f37e1d4c!8m2!3d35.6730244!4d51.4152978!16s%2Fg%2F11kj7hgx04!19sChIJT0aA34QBjj8RTB1-82nv7Zk?authuser=0&hl=en&rclk=1,2026-08-03T14:24:49.682893+00:00
1475,google_maps,AloPeyk,پیک موتوری ثابت,اصفهان,اصفهان,32.6575174,51.700651,5.0,High service speed,6 years ago,سعید خلیلی,NULL,NULL,NULL,https://www.google.com/maps/place/%D9%BE%DB%8C%DA%A9+%D9%85%D9%88%D8%AA%D9%88%D8%B1%DB%8C+%D8%AB%D8%A7%D8%A8%D8%AA%E2%80%AD/data=!4m7!3m6!1s0x3fbc4bf686e10c2f:0xc327085edf539a8b!8m2!3d32.6575174!4d51.700651!16s%2Fg%2F11j7hztt2w!19sChIJLwzhhvZLvD8Ri5pT314IJ8M?authuser=0&hl=en&rclk=1,2026-08-03T14:24:58.147316+00:00
1476,google_maps,AloPeyk,الوپیک اصفهان,اصفهان,اصفهان,32.6529278,51.6961704,5.0,"""ALOW PEYK"" is an automated courier application, via the Internet and using a mobile phone. Using the ""Alopik"" app, you can register in the shortest time anywhere in Isfahan to request a courier to send your packet, and from the moment of ordering until arriving at the destination, follow the live courier's move on the map live Make sure the shipping is fast and accurate to the destination",7 years ago,mohammad saraami,NULL,NULL,NULL,https://www.google.com/maps/place/%D8%A7%D9%84%D9%88%D9%BE%DB%8C%DA%A9+%D8%A7%D8%B5%D9%81%D9%87%D8%A7%D9%86%E2%80%AD/data=!4m7!3m6!1s0x3fbc49892af9c7df:0x9f3cc99e210fe0ff!8m2!3d32.6529278!4d51.6961704!16s%2Fg%2F11hddyjnt2!19sChIJ38f5KolJvD8R_-APIZ7JPJ8?authuser=0&hl=en&rclk=1,2026-08-03T14:25:06.807000+00:00
1477,google_maps,AloPeyk,الوپیک اصفهان,اصفهان,اصفهان,32.6529278,51.6961704,5.0,"Elvipak service in Isfahan is an economical, high-quality service that operates in this city with a variety of services such as motor couriers, motorbikes, passenger cars, and freight cars.",7 years ago,آژانس کامبیز,NULL,NULL,NULL,https://www.google.com/maps/place/%D8%A7%D9%84%D9%88%D9%BE%DB%8C%DA%A9+%D8%A7%D8%B5%D9%81%D9%87%D8%A7%D9%86%E2%80%AD/data=!4m7!3m6!1s0x3fbc49892af9c7df:0x9f3cc99e210fe0ff!8m2!3d32.6529278!4d51.6961704!16s%2Fg%2F11hddyjnt2!19sChIJ38f5KolJvD8R_-APIZ7JPJ8?authuser=0&hl=en&rclk=1,2026-08-03T14:25:06.807000+00:00
1478,google_maps,AloPeyk,الوپیک اصفهان,اصفهان,اصفهان,32.6529278,51.6961704,1.0,"Inside Shahinshahr, but there is no motorcycle courier service yet.",7 years ago,Sa eed,NULL,NULL,NULL,https://www.google.com/maps/place/%D8%A7%D9%84%D9%88%D9%BE%DB%8C%DA%A9+%D8%A7%D8%B5%D9%81%D9%87%D8%A7%D9%86%E2%80%AD/data=!4m7!3m6!1s0x3fbc49892af9c7df:0x9f3cc99e210fe0ff!8m2!3d32.6529278!4d51.6961704!16s%2Fg%2F11hddyjnt2!19sChIJ38f5KolJvD8R_-APIZ7JPJ8?authuser=0&hl=en&rclk=1,2026-08-03T14:25:06.807000+00:00
1479,google_maps,AloPeyk,الوپیک اصفهان,اصفهان,اصفهان,32.6529278,51.6961704,5.0,Alopeyk Esfahan Alopeyk Esfahan,8 years ago,Mohamad Masumi,NULL,NULL,NULL,https://www.google.com/maps/place/%D8%A7%D9%84%D9%88%D9%BE%DB%8C%DA%A9+%D8%A7%D8%B5%D9%81%D9%87%D8%A7%D9%86%E2%80%AD/data=!4m7!3m6!1s0x3fbc49892af9c7df:0x9f3cc99e210fe0ff!8m2!3d32.6529278!4d51.6961704!16s%2Fg%2F11hddyjnt2!19sChIJ38f5KolJvD8R_-APIZ7JPJ8?authuser=0&hl=en&rclk=1,2026-08-03T14:25:06.807000+00:00
1480,google_maps,AloPeyk,الوپیک اصفهان,اصفهان,اصفهان,32.6529278,51.6961704,5.0,esfhan alopeyk is the best,7 years ago,Ata Az,NULL,NULL,NULL,https://www.google.com/maps/place/%D8%A7%D9%84%D9%88%D9%BE%DB%8C%DA%A9+%D8%A7%D8%B5%D9%81%D9%87%D8%A7%D9%86%E2%80%AD/data=!4m7!3m6!1s0x3fbc49892af9c7df:0x9f3cc99e210fe0ff!8m2!3d32.6529278!4d51.6961704!16s%2Fg%2F11hddyjnt2!19sChIJ38f5KolJvD8R_-APIZ7JPJ8?authuser=0&hl=en&rclk=1,2026-08-03T14:25:06.807000+00:00
1481,google_maps,AloPeyk,الوپیک اصفهان,اصفهان,اصفهان,32.6529278,51.6961704,5.0,Alopeyk Esfahan,8 years ago,Mohamad Masumi,NULL,NULL,NULL,https://www.google.com/maps/place/%D8%A7%D9%84%D9%88%D9%BE%DB%8C%DA%A9+%D8%A7%D8%B5%D9%81%D9%87%D8%A7%D9%86%E2%80%AD/data=!4m7!3m6!1s0x3fbc49892af9c7df:0x9f3cc99e210fe0ff!8m2!3d32.6529278!4d51.6961704!16s%2Fg%2F11hddyjnt2!19sChIJ38f5KolJvD8R_-APIZ7JPJ8?authuser=0&hl=en&rclk=1,2026-08-03T14:25:06.807000+00:00
1482,google_maps,AloPeyk,الوپیک اصفهان,اصفهان,اصفهان,32.6529278,51.6961704,2.0,👎👎 …,7 years ago,مهدی اعرابی,NULL,NULL,NULL,https://www.google.com/maps/place/%D8%A7%D9%84%D9%88%D9%BE%DB%8C%DA%A9+%D8%A7%D8%B5%D9%81%D9%87%D8%A7%D9%86%E2%80%AD/data=!4m7!3m6!1s0x3fbc49892af9c7df:0x9f3cc99e210fe0ff!8m2!3d32.6529278!4d51.6961704!16s%2Fg%2F11hddyjnt2!19sChIJ38f5KolJvD8R_-APIZ7JPJ8?authuser=0&hl=en&rclk=1,2026-08-03T14:25:06.807000+00:00
1483,google_maps,AloPeyk,الوپیک شیراز,فارس,NULL,29.6157392,52.5660181,5.0,"Hello, we want to get our documents, where should we get them?",4 years ago,Marjan pourhagh,NULL,NULL,NULL,"https://www.google.com/maps/place/%D8%A7%D9%84%D9%88%D9%BE%DB%8C%DA%A9+%D8%B4%DB%8C%D8%B1%D8%A7%D8%B2%E2%80%AD/@29.6157392,52.5660181,17z/data=!3m1!4b1!4m6!3m5!1s0x3fb20d1b660fdb65:0x4d1515ef03ea2052!8m2!3d29.6157392!4d52.5685984!16s%2Fg%2F11gfkjl2hz?hl=en&entry=ttu&g_ep=EgoyMDI2MDcyOS4wIKXMDSoASAFQAw%3D%3D",2026-08-03T14:25:18.122899+00:00
1484,google_maps,AloPeyk,الوپیک شیراز,فارس,NULL,29.6157392,52.5660181,5.0,Thank you for registering your location.,8 years ago,Pezhman Mirahmadi,NULL,NULL,NULL,"https://www.google.com/maps/place/%D8%A7%D9%84%D9%88%D9%BE%DB%8C%DA%A9+%D8%B4%DB%8C%D8%B1%D8%A7%D8%B2%E2%80%AD/@29.6157392,52.5660181,17z/data=!3m1!4b1!4m6!3m5!1s0x3fb20d1b660fdb65:0x4d1515ef03ea2052!8m2!3d29.6157392!4d52.5685984!16s%2Fg%2F11gfkjl2hz?hl=en&entry=ttu&g_ep=EgoyMDI2MDcyOS4wIKXMDSoASAFQAw%3D%3D",2026-08-03T14:25:18.122899+00:00
1485,google_maps,AloPeyk,الوپیک شیراز,فارس,NULL,29.6157392,52.5660181,3.0,Register with AloPik to collaborate,8 years ago,mohamadreza sadeghpour,NULL,NULL,NULL,"https://www.google.com/maps/place/%D8%A7%D9%84%D9%88%D9%BE%DB%8C%DA%A9+%D8%B4%DB%8C%D8%B1%D8%A7%D8%B2%E2%80%AD/@29.6157392,52.5660181,17z/data=!3m1!4b1!4m6!3m5!1s0x3fb20d1b660fdb65:0x4d1515ef03ea2052!8m2!3d29.6157392!4d52.5685984!16s%2Fg%2F11gfkjl2hz?hl=en&entry=ttu&g_ep=EgoyMDI2MDcyOS4wIKXMDSoASAFQAw%3D%3D",2026-08-03T14:25:18.122899+00:00
1486,google_maps,AloPeyk,الوپیک شیراز,فارس,NULL,29.6157392,52.5660181,5.0,Alopeyk Shiraz Alopeyk Shiraz,8 years ago,Mohamad Masumi,NULL,NULL,NULL,"https://www.google.com/maps/place/%D8%A7%D9%84%D9%88%D9%BE%DB%8C%DA%A9+%D8%B4%DB%8C%D8%B1%D8%A7%D8%B2%E2%80%AD/@29.6157392,52.5660181,17z/data=!3m1!4b1!4m6!3m5!1s0x3fb20d1b660fdb65:0x4d1515ef03ea2052!8m2!3d29.6157392!4d52.5685984!16s%2Fg%2F11gfkjl2hz?hl=en&entry=ttu&g_ep=EgoyMDI2MDcyOS4wIKXMDSoASAFQAw%3D%3D",2026-08-03T14:25:18.122899+00:00
1487,google_maps,AloPeyk,الوپیک شیراز,فارس,NULL,29.6157392,52.5660181,1.0,I didn't like the system.,7 years ago,Sepehr “S E P E H R” Mahmoudi,NULL,NULL,NULL,"https://www.google.com/maps/place/%D8%A7%D9%84%D9%88%D9%BE%DB%8C%DA%A9+%D8%B4%DB%8C%D8%B1%D8%A7%D8%B2%E2%80%AD/@29.6157392,52.5660181,17z/data=!3m1!4b1!4m6!3m5!1s0x3fb20d1b660fdb65:0x4d1515ef03ea2052!8m2!3d29.6157392!4d52.5685984!16s%2Fg%2F11gfkjl2hz?hl=en&entry=ttu&g_ep=EgoyMDI2MDcyOS4wIKXMDSoASAFQAw%3D%3D",2026-08-03T14:25:18.122899+00:00
1488,google_maps,AloPeyk,الوپیک شیراز,فارس,NULL,29.6157392,52.5660181,5.0,We love Aloe Vera.,2 years ago,Aref banan,NULL,NULL,NULL,"https://www.google.com/maps/place/%D8%A7%D9%84%D9%88%D9%BE%DB%8C%DA%A9+%D8%B4%DB%8C%D8%B1%D8%A7%D8%B2%E2%80%AD/@29.6157392,52.5660181,17z/data=!3m1!4b1!4m6!3m5!1s0x3fb20d1b660fdb65:0x4d1515ef03ea2052!8m2!3d29.6157392!4d52.5685984!16s%2Fg%2F11gfkjl2hz?hl=en&entry=ttu&g_ep=EgoyMDI2MDcyOS4wIKXMDSoASAFQAw%3D%3D",2026-08-03T14:25:18.122899+00:00
1489,google_maps,AloPeyk,الوپیک شیراز,فارس,NULL,29.6157392,52.5660181,5.0,alopeyk shiraz,8 years ago,Hossein Kamali,NULL,NULL,NULL,"https://www.google.com/maps/place/%D8%A7%D9%84%D9%88%D9%BE%DB%8C%DA%A9+%D8%B4%DB%8C%D8%B1%D8%A7%D8%B2%E2%80%AD/@29.6157392,52.5660181,17z/data=!3m1!4b1!4m6!3m5!1s0x3fb20d1b660fdb65:0x4d1515ef03ea2052!8m2!3d29.6157392!4d52.5685984!16s%2Fg%2F11gfkjl2hz?hl=en&entry=ttu&g_ep=EgoyMDI2MDcyOS4wIKXMDSoASAFQAw%3D%3D",2026-08-03T14:25:18.122899+00:00
1490,google_maps,Mahex,Mahex,تهران,تهران,35.8238427,50.9972041,1.0,"I have been arguing with the site where I made the purchase for two days about why I should pay for the packaging and collection fee. The site said that it was packaged and delivered to the Mahax dealership. Let the package arrive so you can understand. When the package arrived, the site's name was on the cardboard and the adhesive tape. It has nothing to do with Mahax. The additional fee in the name of collection and packaging is stealing from the customer. I will show you a photo. They registered a package weighing less than 200 grams three times its weight to increase the cost. This is stealing from the customer. This product was made in China and shipped to Iran for less than 500 t. After Tehran, a company shipped it to Karaj for 230 t. I am trying to convey this bad experience to everyone so that no one makes this mistake. This company did not have a license to set regulations and there was no way to complain except to go to court and complain, and that their support is not there, and then they forcefully answer after being on the line for an hour.",7 months ago,mehran heydari,NULL,NULL,NULL,https://www.google.com/maps/place/Mahex/data=!4m7!3m6!1s0x3f8dbf003d906fcf:0xa00221fff7986771!8m2!3d35.8238427!4d50.9972041!16s%2Fg%2F11wtdzztwt!19sChIJz2-QPQC_jT8RcWeY9_8hAqA?authuser=0&hl=en&rclk=1,2026-08-03T14:18:42.545515+00:00
1491,google_maps,Mahex,Mahex,تهران,تهران,35.7780856,51.3703535,1.0,"The stupidest delivery system I've ever seen. The delivery time is from 8am to 8am. That means you have to check your phone for 12 hours without any interruption so that when you give them the delivery code in between. If you have 10 minutes to do something in between, like being a doctor, you can't answer at work, the package will come and be returned. Finally, give us a two-hour window for delivery so that we know what time we should be at the address, not a 12-hour window!!!",a month ago,Sahand Bagheri,NULL,NULL,NULL,"https://www.google.com/maps/place/Mahex/@35.7780856,51.3703535,17z/data=!3m1!4b1!4m6!3m5!1s0x3f8e07f274c766cb:0xbef25c7644edac98!8m2!3d35.7780856!4d51.3729338!16s%2Fg%2F11r3gctl40?hl=en&entry=ttu&g_ep=EgoyMDI2MDcyOS4wIKXMDSoASAFQAw%3D%3D",2026-08-03T14:17:51.236206+00:00
1492,google_maps,Mahex,Mahex,تهران,تهران,35.7780856,51.3703535,1.0,Extremely irresponsible and disorganized. It takes two weeks to deliver a package that is only one city away. They don't call and falsely claim that we didn't answer the call. They return the package to charge an additional fee. Extremely poor and crappy service and an even crappier fleet.,a year ago,Medisa Ahmadipasand,NULL,NULL,NULL,"https://www.google.com/maps/place/Mahex/@35.7780856,51.3703535,17z/data=!3m1!4b1!4m6!3m5!1s0x3f8e07f274c766cb:0xbef25c7644edac98!8m2!3d35.7780856!4d51.3729338!16s%2Fg%2F11r3gctl40?hl=en&entry=ttu&g_ep=EgoyMDI2MDcyOS4wIKXMDSoASAFQAw%3D%3D",2026-08-03T14:17:51.236206+00:00
1493,google_maps,Mahex,Mahex,تهران,تهران,35.7780856,51.3703535,1.0,"Extremely poor package delivery, very rude and obnoxious package delivery agent, ugly and disgusting behavior, lack of responsibility and responsiveness, delayed my package delivery for two days, and in the end I sent my package through another company, I am not satisfied at all.",a year ago,Faeze Ahangar,NULL,NULL,NULL,"https://www.google.com/maps/place/Mahex/@35.7780856,51.3703535,17z/data=!3m1!4b1!4m6!3m5!1s0x3f8e07f274c766cb:0xbef25c7644edac98!8m2!3d35.7780856!4d51.3729338!16s%2Fg%2F11r3gctl40?hl=en&entry=ttu&g_ep=EgoyMDI2MDcyOS4wIKXMDSoASAFQAw%3D%3D",2026-08-03T14:17:51.236206+00:00
1494,google_maps,Mahex,Mahex,تهران,تهران,35.7780856,51.3703535,1.0,"The most disorganized and rude staff for Mahax Poor support and very nasty behavior In addition to the fact that there is no possibility to pay online for packages, …",a year ago,Fit Zone,NULL,NULL,NULL,"https://www.google.com/maps/place/Mahex/@35.7780856,51.3703535,17z/data=!3m1!4b1!4m6!3m5!1s0x3f8e07f274c766cb:0xbef25c7644edac98!8m2!3d35.7780856!4d51.3729338!16s%2Fg%2F11r3gctl40?hl=en&entry=ttu&g_ep=EgoyMDI2MDcyOS4wIKXMDSoASAFQAw%3D%3D",2026-08-03T14:17:51.236206+00:00
1495,google_maps,Mahex,Mahex,تهران,تهران,35.8238427,50.9972041,1.0,"Friends, this is awful. Please don't send me any packages. They don't respond properly or send them properly. This is truly the most awful thing I've ever seen.",11 months ago,Azizop,NULL,NULL,NULL,https://www.google.com/maps/place/Mahex/data=!4m7!3m6!1s0x3f8dbf003d906fcf:0xa00221fff7986771!8m2!3d35.8238427!4d50.9972041!16s%2Fg%2F11wtdzztwt!19sChIJz2-QPQC_jT8RcWeY9_8hAqA?authuser=0&hl=en&rclk=1,2026-08-03T14:18:42.545515+00:00
1496,google_maps,Mahex,Mahex,تهران,تهران,35.7780856,51.3703535,1.0,They won't deliver the package to the office because they can't leave the car. You have to go down ten floors and get it from them on the street.,5 months ago,omid ostad Hossein khayat,NULL,NULL,NULL,"https://www.google.com/maps/place/Mahex/@35.7780856,51.3703535,17z/data=!3m1!4b1!4m6!3m5!1s0x3f8e07f274c766cb:0xbef25c7644edac98!8m2!3d35.7780856!4d51.3729338!16s%2Fg%2F11r3gctl40?hl=en&entry=ttu&g_ep=EgoyMDI2MDcyOS4wIKXMDSoASAFQAw%3D%3D",2026-08-03T14:17:51.236206+00:00
1497,google_maps,Mahex,Mahex,تهران,تهران,35.7780856,51.3703535,1.0,"Do not use this platform at all It was the worst experience I had First of all, the delivery period for a package is from 8 am to 8 pm …",7 months ago,Sanaz Mahmoudi,NULL,NULL,NULL,"https://www.google.com/maps/place/Mahex/@35.7780856,51.3703535,17z/data=!3m1!4b1!4m6!3m5!1s0x3f8e07f274c766cb:0xbef25c7644edac98!8m2!3d35.7780856!4d51.3729338!16s%2Fg%2F11r3gctl40?hl=en&entry=ttu&g_ep=EgoyMDI2MDcyOS4wIKXMDSoASAFQAw%3D%3D",2026-08-03T14:17:51.236206+00:00
1498,google_maps,Mahex,Mahex,تهران,تهران,35.8238427,50.9972041,1.0,They left a call number that everyone left with messages and they didn't even answer. I went to this branch of Mahaxton.,a year ago,Quik,NULL,NULL,NULL,https://www.google.com/maps/place/Mahex/data=!4m7!3m6!1s0x3f8dbf003d906fcf:0xa00221fff7986771!8m2!3d35.8238427!4d50.9972041!16s%2Fg%2F11wtdzztwt!19sChIJz2-QPQC_jT8RcWeY9_8hAqA?authuser=0&hl=en&rclk=1,2026-08-03T14:18:42.545515+00:00
1499,google_maps,Mahex,Mahex,تهران,تهران,35.8238427,50.9972041,1.0,"Delays and bad promises Very high cost They don't even have a POS machine, you have to pay by card when you deliver …",8 months ago,Lily Stan,NULL,NULL,NULL,https://www.google.com/maps/place/Mahex/data=!4m7!3m6!1s0x3f8dbf003d906fcf:0xa00221fff7986771!8m2!3d35.8238427!4d50.9972041!16s%2Fg%2F11wtdzztwt!19sChIJz2-QPQC_jT8RcWeY9_8hAqA?authuser=0&hl=en&rclk=1,2026-08-03T14:18:42.545515+00:00
1500,google_maps,Mahex,Mahex,تهران,تهران,35.7780856,51.3703535,5.0,"The fastest private post I have seen, it was really great, on time, professional and fast.",a year ago,hadis,NULL,NULL,NULL,"https://www.google.com/maps/place/Mahex/@35.7780856,51.3703535,17z/data=!3m1!4b1!4m6!3m5!1s0x3f8e07f274c766cb:0xbef25c7644edac98!8m2!3d35.7780856!4d51.3729338!16s%2Fg%2F11r3gctl40?hl=en&entry=ttu&g_ep=EgoyMDI2MDcyOS4wIKXMDSoASAFQAw%3D%3D",2026-08-03T14:17:51.236206+00:00
1501,google_maps,Mahex,Mahex,تهران,تهران,35.8238427,50.9972041,1.0,"Reddit, I haven't received your message for 20 days and support is not responding at all.",11 months ago,فاطمه,NULL,NULL,NULL,https://www.google.com/maps/place/Mahex/data=!4m7!3m6!1s0x3f8dbf003d906fcf:0xa00221fff7986771!8m2!3d35.8238427!4d50.9972041!16s%2Fg%2F11wtdzztwt!19sChIJz2-QPQC_jT8RcWeY9_8hAqA?authuser=0&hl=en&rclk=1,2026-08-03T14:18:42.545515+00:00
1502,google_maps,Mahex,Mahex,تهران,تهران,35.8238427,50.9972041,5.0,I received the package earlier than the announced date Thanks to Mahex Collection,7 months ago,Mohsen Assdolahi,NULL,NULL,NULL,https://www.google.com/maps/place/Mahex/data=!4m7!3m6!1s0x3f8dbf003d906fcf:0xa00221fff7986771!8m2!3d35.8238427!4d50.9972041!16s%2Fg%2F11wtdzztwt!19sChIJz2-QPQC_jT8RcWeY9_8hAqA?authuser=0&hl=en&rclk=1,2026-08-03T14:18:42.545515+00:00
1503,google_maps,Mahex,Mahex,تهران,تهران,35.7780856,51.3703535,1.0,The most irresponsible company with even more irresponsible and arrogant staff.,8 months ago,mohammad soltani,NULL,NULL,NULL,"https://www.google.com/maps/place/Mahex/@35.7780856,51.3703535,17z/data=!3m1!4b1!4m6!3m5!1s0x3f8e07f274c766cb:0xbef25c7644edac98!8m2!3d35.7780856!4d51.3729338!16s%2Fg%2F11r3gctl40?hl=en&entry=ttu&g_ep=EgoyMDI2MDcyOS4wIKXMDSoASAFQAw%3D%3D",2026-08-03T14:17:51.236206+00:00
1504,google_maps,Mahex,Mahex,تهران,تهران,35.7780856,51.3703535,1.0,"The most disorganized, slowest, and weakest supported of all posts",a year ago,Milad Asadollahi,NULL,NULL,NULL,"https://www.google.com/maps/place/Mahex/@35.7780856,51.3703535,17z/data=!3m1!4b1!4m6!3m5!1s0x3f8e07f274c766cb:0xbef25c7644edac98!8m2!3d35.7780856!4d51.3729338!16s%2Fg%2F11r3gctl40?hl=en&entry=ttu&g_ep=EgoyMDI2MDcyOS4wIKXMDSoASAFQAw%3D%3D",2026-08-03T14:17:51.236206+00:00
1505,google_maps,Mahex,Mahex,تهران,تهران,35.8238427,50.9972041,5.0,Thank you. My package arrived safely and on time to my loved ones.,a year ago,Ahmad Reza Khazaei,NULL,NULL,NULL,https://www.google.com/maps/place/Mahex/data=!4m7!3m6!1s0x3f8dbf003d906fcf:0xa00221fff7986771!8m2!3d35.8238427!4d50.9972041!16s%2Fg%2F11wtdzztwt!19sChIJz2-QPQC_jT8RcWeY9_8hAqA?authuser=0&hl=en&rclk=1,2026-08-03T14:18:42.545515+00:00
1506,google_maps,Mahex,Mahex,تهران,تهران,35.8238427,50.9972041,1.0,"Even one point is too much for this collection, it's really aaaaa",11 months ago,زینب ارونی کاشانی,NULL,NULL,NULL,https://www.google.com/maps/place/Mahex/data=!4m7!3m6!1s0x3f8dbf003d906fcf:0xa00221fff7986771!8m2!3d35.8238427!4d50.9972041!16s%2Fg%2F11wtdzztwt!19sChIJz2-QPQC_jT8RcWeY9_8hAqA?authuser=0&hl=en&rclk=1,2026-08-03T14:18:42.545515+00:00
1507,google_maps,Mahex,Mahex,تهران,تهران,35.8238427,50.9972041,5.0,"Super fast and timely delivery, thank you for your good service.",7 months ago,Morteza Geshami,NULL,NULL,NULL,https://www.google.com/maps/place/Mahex/data=!4m7!3m6!1s0x3f8dbf003d906fcf:0xa00221fff7986771!8m2!3d35.8238427!4d50.9972041!16s%2Fg%2F11wtdzztwt!19sChIJz2-QPQC_jT8RcWeY9_8hAqA?authuser=0&hl=en&rclk=1,2026-08-03T14:18:42.545515+00:00
1508,google_maps,Mahex,Mahex,تهران,تهران,35.8238427,50.9972041,5.0,"Hello, thank you for your good and fast service.",7 months ago,hossein nyaraki,NULL,NULL,NULL,https://www.google.com/maps/place/Mahex/data=!4m7!3m6!1s0x3f8dbf003d906fcf:0xa00221fff7986771!8m2!3d35.8238427!4d50.9972041!16s%2Fg%2F11wtdzztwt!19sChIJz2-QPQC_jT8RcWeY9_8hAqA?authuser=0&hl=en&rclk=1,2026-08-03T14:18:42.545515+00:00
1509,google_maps,Mahex,ماهکس لاله زار,تهران,تهران,35.6899996,51.4227386,5.0,Both the price is reasonable and the 24-hour delivery of the package is excellent.,6 months ago,ahmad takhavare,NULL,NULL,NULL,https://www.google.com/maps/place/%D9%85%D8%A7%D9%87%DA%A9%D8%B3+%D9%84%D8%A7%D9%84%D9%87+%D8%B2%D8%A7%D8%B1%E2%80%AD/data=!4m7!3m6!1s0x3f8e010072c181a3:0xb4eba614659fe6b4!8m2!3d35.6899996!4d51.4227386!16s%2Fg%2F11yt3l2gs8!19sChIJo4HBcgABjj8RtOafZRSm67Q?authuser=0&hl=en&rclk=1,2026-08-03T14:18:08.441011+00:00
1510,google_maps,Mahex,ماهکس لاله زار,تهران,تهران,35.6899996,51.4227386,5.0,"They deliver quickly, the package arrives safely, and their insurance is real.",5 months ago,محمدرضا محمدپور,NULL,NULL,NULL,https://www.google.com/maps/place/%D9%85%D8%A7%D9%87%DA%A9%D8%B3+%D9%84%D8%A7%D9%84%D9%87+%D8%B2%D8%A7%D8%B1%E2%80%AD/data=!4m7!3m6!1s0x3f8e010072c181a3:0xb4eba614659fe6b4!8m2!3d35.6899996!4d51.4227386!16s%2Fg%2F11yt3l2gs8!19sChIJo4HBcgABjj8RtOafZRSm67Q?authuser=0&hl=en&rclk=1,2026-08-03T14:18:08.441011+00:00
1511,google_maps,Mahex,ماهکس لاله زار,تهران,تهران,35.6899996,51.4227386,5.0,"Our package arrived in less than 24 hours. It's amazing, but we're satisfied.",5 months ago,مهدی صدرزاده ابیانه,NULL,NULL,NULL,https://www.google.com/maps/place/%D9%85%D8%A7%D9%87%DA%A9%D8%B3+%D9%84%D8%A7%D9%84%D9%87+%D8%B2%D8%A7%D8%B1%E2%80%AD/data=!4m7!3m6!1s0x3f8e010072c181a3:0xb4eba614659fe6b4!8m2!3d35.6899996!4d51.4227386!16s%2Fg%2F11yt3l2gs8!19sChIJo4HBcgABjj8RtOafZRSm67Q?authuser=0&hl=en&rclk=1,2026-08-03T14:18:08.441011+00:00
1512,google_maps,Mahex,ماهکس لاله زار,تهران,تهران,35.6899996,51.4227386,5.0,👌👌👌👌 Very fast delivery to the recipient on time …,6 months ago,Navab Hoseinzadeh,NULL,NULL,NULL,https://www.google.com/maps/place/%D9%85%D8%A7%D9%87%DA%A9%D8%B3+%D9%84%D8%A7%D9%84%D9%87+%D8%B2%D8%A7%D8%B1%E2%80%AD/data=!4m7!3m6!1s0x3f8e010072c181a3:0xb4eba614659fe6b4!8m2!3d35.6899996!4d51.4227386!16s%2Fg%2F11yt3l2gs8!19sChIJo4HBcgABjj8RtOafZRSm67Q?authuser=0&hl=en&rclk=1,2026-08-03T14:18:08.441011+00:00
1513,google_maps,Mahex,ماهکس فاطمی,Marjan Alley,خیابان فاطمی خیابان علیزاده,35.7174346,51.400767,5.0,It is definitely the best private post office in the Mahakas Fatemi area.,a year ago,Mahdi Amrollahi,NULL,NULL,NULL,https://www.google.com/maps/place/%D9%86%D9%85%D8%A7%DB%8C%D9%86%D8%AF%DA%AF%DB%8C+%D9%85%D8%A7%D9%87%DA%A9%D8%B3+%D9%81%D8%A7%D8%B7%D9%85%DB%8C%E2%80%AD/data=!4m7!3m6!1s0x3f8e010033e6b6db:0xdaa888dc6010fd2e!8m2!3d35.7174346!4d51.400767!16s%2Fg%2F11wflwgcdt!19sChIJ27bmMwABjj8RLv0QYNyIqNo?authuser=0&hl=en&rclk=1,2026-08-03T14:18:16.949498+00:00
1514,google_maps,Mahex,پست ماهکس,تهران,تهران,35.6833014,51.4724523,1.0,The most dishonest and unprofessional company. No one is accountable.,5 months ago,Vahid Noorazar,NULL,NULL,NULL,https://www.google.com/maps/place/%D9%BE%D8%B3%D8%AA+%D9%85%D8%A7%D9%87%DA%A9%D8%B3%E2%80%AD/data=!4m7!3m6!1s0x3f91fd0064f4db7f:0xc8f705ee38ca660b!8m2!3d35.6833014!4d51.4724523!16s%2Fg%2F11wtc12c1r!19sChIJf9v0ZAD9kT8RC2bKOO4F98g?authuser=0&hl=en&rclk=1,2026-08-03T14:19:08.074576+00:00
1515,google_maps,Mahex,ماهکس انقلاب,تهران,تهران,35.7002431,51.3961032,5.0,Quickly👌🏼 …,a month ago,Amirabbas Q,NULL,NULL,NULL,https://www.google.com/maps/place/%D9%85%D8%A7%D9%87%DA%A9%D8%B3+%D8%A7%D9%86%D9%82%D9%84%D8%A7%D8%A8%E2%80%AD/data=!4m7!3m6!1s0x3f8e01006eb2817d:0x223ffbcabed608d5!8m2!3d35.7002431!4d51.3961032!16s%2Fg%2F11y_44bqpx!19sChIJfYGybgABjj8R1QjWvsr7PyI?authuser=0&hl=en&rclk=1,2026-08-03T14:18:33.857651+00:00
1516,google_maps,Mahex,ماهکس خلخال,اردبیل,اردبیل,37.621601,48.528274,5.0,Mahex Khalkhal Agency,8 months ago,Amirhossein Ranjbar,NULL,NULL,NULL,https://www.google.com/maps/place/%D9%86%D9%85%D8%A7%DB%8C%D9%86%D8%AF%DA%AF%DB%8C+%D9%85%D8%A7%D9%87%DA%A9%D8%B3+%D8%AE%D9%84%D8%AE%D8%A7%D9%84%E2%80%AD/data=!4m7!3m6!1s0x401ee30014efd297:0xa89c52c89de0dba2!8m2!3d37.621601!4d48.528274!16s%2Fg%2F11ynqmd6wl!19sChIJl9LvFADjHkARotvgnchSnKg?authuser=0&hl=en&rclk=1,2026-08-03T14:18:59.560122+00:00
1517,google_maps,Mahex,ماهکس خلخال,اردبیل,اردبیل,37.621601,48.528274,5.0,Very good,8 months ago,Ahura Mazda,NULL,NULL,NULL,https://www.google.com/maps/place/%D9%86%D9%85%D8%A7%DB%8C%D9%86%D8%AF%DA%AF%DB%8C+%D9%85%D8%A7%D9%87%DA%A9%D8%B3+%D8%AE%D9%84%D8%AE%D8%A7%D9%84%E2%80%AD/data=!4m7!3m6!1s0x401ee30014efd297:0xa89c52c89de0dba2!8m2!3d37.621601!4d48.528274!16s%2Fg%2F11ynqmd6wl!19sChIJl9LvFADjHkARotvgnchSnKg?authuser=0&hl=en&rclk=1,2026-08-03T14:18:59.560122+00:00
1518,google_maps,Mahex,ماهکس خلخال,اردبیل,اردبیل,37.621601,48.528274,5.0,❤️❤️❤️,8 months ago,mahex khalkhal,NULL,NULL,NULL,https://www.google.com/maps/place/%D9%86%D9%85%D8%A7%DB%8C%D9%86%D8%AF%DA%AF%DB%8C+%D9%85%D8%A7%D9%87%DA%A9%D8%B3+%D8%AE%D9%84%D8%AE%D8%A7%D9%84%E2%80%AD/data=!4m7!3m6!1s0x401ee30014efd297:0xa89c52c89de0dba2!8m2!3d37.621601!4d48.528274!16s%2Fg%2F11ynqmd6wl!19sChIJl9LvFADjHkARotvgnchSnKg?authuser=0&hl=en&rclk=1,2026-08-03T14:18:59.560122+00:00
1519,google_maps,Mahex,ماهکس بهار,تهران,تهران,35.7031708,51.4288649,1.0,"It is the worst and most irresponsible shipping company in all of Iran. I personally delivered a package to the company in Karaj, but at the destination they charged both the shipping cost at the origin and the packaging cost. I called the irresponsible support more than 20 times, I mean irresponsible, I mean really irresponsible and rude, I didn't hear any answer. If this is not theft, what can be called a fee without service? I am Alireza Mohammadnejad.",a year ago,alireza mohammadnejad,NULL,NULL,NULL,https://www.google.com/maps/place/%D9%86%D9%85%D8%A7%DB%8C%D9%86%D8%AF%DA%AF%DB%8C+%D9%85%D8%A7%D9%87%DA%A9%D8%B3+%D8%A8%D9%87%D8%A7%D8%B1%E2%80%AD/data=!4m7!3m6!1s0x3f8e018ad9d07941:0xcd9b249cd352d60!8m2!3d35.7031708!4d51.4288649!16s%2Fg%2F11pf1sqw25!19sChIJQXnQ2YoBjj8RYC01zUmy2Qw?authuser=0&hl=en&rclk=1,2026-08-03T14:19:16.656447+00:00
1520,google_maps,Mahex,ماهکس بهار,تهران,تهران,35.7031708,51.4288649,1.0,"Damn this crappy company and its corrupt and irresponsible branches. They don't answer, they don't even pack their bags, and you don't know where the package is. I've never seen anything so awful before.",2 years ago,@li Nasiri,NULL,NULL,NULL,https://www.google.com/maps/place/%D9%86%D9%85%D8%A7%DB%8C%D9%86%D8%AF%DA%AF%DB%8C+%D9%85%D8%A7%D9%87%DA%A9%D8%B3+%D8%A8%D9%87%D8%A7%D8%B1%E2%80%AD/data=!4m7!3m6!1s0x3f8e018ad9d07941:0xcd9b249cd352d60!8m2!3d35.7031708!4d51.4288649!16s%2Fg%2F11pf1sqw25!19sChIJQXnQ2YoBjj8RYC01zUmy2Qw?authuser=0&hl=en&rclk=1,2026-08-03T14:19:16.656447+00:00
1521,google_maps,Mahex,ماهکس بهار,تهران,تهران,35.7031708,51.4288649,1.0,This is the most horrible company I've seen. They don't even answer. You know what condition these porters are in when they deliver a package.,2 years ago,Zahra Mahdviara,NULL,NULL,NULL,https://www.google.com/maps/place/%D9%86%D9%85%D8%A7%DB%8C%D9%86%D8%AF%DA%AF%DB%8C+%D9%85%D8%A7%D9%87%DA%A9%D8%B3+%D8%A8%D9%87%D8%A7%D8%B1%E2%80%AD/data=!4m7!3m6!1s0x3f8e018ad9d07941:0xcd9b249cd352d60!8m2!3d35.7031708!4d51.4288649!16s%2Fg%2F11pf1sqw25!19sChIJQXnQ2YoBjj8RYC01zUmy2Qw?authuser=0&hl=en&rclk=1,2026-08-03T14:19:16.656447+00:00
1522,google_maps,Mahex,ماهکس بهار,تهران,تهران,35.7031708,51.4288649,5.0,Mahex is the best way to send packages and delivers them to the recipient quickly and securely,a year ago,raana nazari,NULL,NULL,NULL,https://www.google.com/maps/place/%D9%86%D9%85%D8%A7%DB%8C%D9%86%D8%AF%DA%AF%DB%8C+%D9%85%D8%A7%D9%87%DA%A9%D8%B3+%D8%A8%D9%87%D8%A7%D8%B1%E2%80%AD/data=!4m7!3m6!1s0x3f8e018ad9d07941:0xcd9b249cd352d60!8m2!3d35.7031708!4d51.4288649!16s%2Fg%2F11pf1sqw25!19sChIJQXnQ2YoBjj8RYC01zUmy2Qw?authuser=0&hl=en&rclk=1,2026-08-03T14:19:16.656447+00:00
1523,google_maps,Mahex,ماهکس بهار,تهران,تهران,35.7031708,51.4288649,1.0,"If you want the package to reach its destination, send it by Mahax.",a year ago,Medisa Ahmadipasand,NULL,NULL,NULL,https://www.google.com/maps/place/%D9%86%D9%85%D8%A7%DB%8C%D9%86%D8%AF%DA%AF%DB%8C+%D9%85%D8%A7%D9%87%DA%A9%D8%B3+%D8%A8%D9%87%D8%A7%D8%B1%E2%80%AD/data=!4m7!3m6!1s0x3f8e018ad9d07941:0xcd9b249cd352d60!8m2!3d35.7031708!4d51.4288649!16s%2Fg%2F11pf1sqw25!19sChIJQXnQ2YoBjj8RYC01zUmy2Qw?authuser=0&hl=en&rclk=1,2026-08-03T14:19:16.656447+00:00
1524,google_maps,Mahex,ماهکس بهار,تهران,تهران,35.7031708,51.4288649,1.0,They are not responsive.,a year ago,سمیه صادقی,NULL,NULL,NULL,https://www.google.com/maps/place/%D9%86%D9%85%D8%A7%DB%8C%D9%86%D8%AF%DA%AF%DB%8C+%D9%85%D8%A7%D9%87%DA%A9%D8%B3+%D8%A8%D9%87%D8%A7%D8%B1%E2%80%AD/data=!4m7!3m6!1s0x3f8e018ad9d07941:0xcd9b249cd352d60!8m2!3d35.7031708!4d51.4288649!16s%2Fg%2F11pf1sqw25!19sChIJQXnQ2YoBjj8RYC01zUmy2Qw?authuser=0&hl=en&rclk=1,2026-08-03T14:19:16.656447+00:00
1525,google_maps,Mahex,ماهکس,آذربایجان شرقی,ری,38.0551558,46.26343,5.0,"Mahax is the fastest way to send packages, especially to provincial centers, where they arrive within 24 hours and their shipping costs are lower than Tipax. The attitude of the agency officials was also excellent.",2 years ago,Sabourifar,NULL,NULL,NULL,https://www.google.com/maps/place/%D8%AF%D9%81%D8%AA%D8%B1+%D9%86%D9%85%D8%A7%DB%8C%D9%86%D8%AF%DA%AF%DB%8C+%D9%85%D8%A7%D9%87%DA%A9%D8%B3%E2%80%AD/data=!4m7!3m6!1s0x401a0f55a117fc47:0xa9793f926a82043c!8m2!3d38.0551558!4d46.26343!16s%2Fg%2F11trmgv546!19sChIJR_wXoVUPGkARPASCapI_eak?authuser=0&hl=en&rclk=1,2026-08-03T14:19:25.200979+00:00
1526,google_maps,Mahex,ماهکس,آذربایجان شرقی,ری,38.0551558,46.26343,1.0,"Very undisciplined, you don't answer the phone, you don't even bring the package, you say, ""We brought it ourselves,"" you didn't show up, there's no one to take care of it, people think it doesn't belong there.",a year ago,Ahad Farajpour,NULL,NULL,NULL,https://www.google.com/maps/place/%D8%AF%D9%81%D8%AA%D8%B1+%D9%86%D9%85%D8%A7%DB%8C%D9%86%D8%AF%DA%AF%DB%8C+%D9%85%D8%A7%D9%87%DA%A9%D8%B3%E2%80%AD/data=!4m7!3m6!1s0x401a0f55a117fc47:0xa9793f926a82043c!8m2!3d38.0551558!4d46.26343!16s%2Fg%2F11trmgv546!19sChIJR_wXoVUPGkARPASCapI_eak?authuser=0&hl=en&rclk=1,2026-08-03T14:19:25.200979+00:00
1527,google_maps,Mahex,ماهکس,آذربایجان شرقی,ری,38.0551558,46.26343,4.0,"Very good, but there's a problem because they don't answer the phone.",2 years ago,amirata dadgran,NULL,NULL,NULL,https://www.google.com/maps/place/%D8%AF%D9%81%D8%AA%D8%B1+%D9%86%D9%85%D8%A7%DB%8C%D9%86%D8%AF%DA%AF%DB%8C+%D9%85%D8%A7%D9%87%DA%A9%D8%B3%E2%80%AD/data=!4m7!3m6!1s0x401a0f55a117fc47:0xa9793f926a82043c!8m2!3d38.0551558!4d46.26343!16s%2Fg%2F11trmgv546!19sChIJR_wXoVUPGkARPASCapI_eak?authuser=0&hl=en&rclk=1,2026-08-03T14:19:25.200979+00:00
1528,google_maps,Mahex,ماهکس,آذربایجان شرقی,ری,38.0551558,46.26343,1.0,terrible customer support and awful service,a year ago,Ashkan,NULL,NULL,NULL,https://www.google.com/maps/place/%D8%AF%D9%81%D8%AA%D8%B1+%D9%86%D9%85%D8%A7%DB%8C%D9%86%D8%AF%DA%AF%DB%8C+%D9%85%D8%A7%D9%87%DA%A9%D8%B3%E2%80%AD/data=!4m7!3m6!1s0x401a0f55a117fc47:0xa9793f926a82043c!8m2!3d38.0551558!4d46.26343!16s%2Fg%2F11trmgv546!19sChIJR_wXoVUPGkARPASCapI_eak?authuser=0&hl=en&rclk=1,2026-08-03T14:19:25.200979+00:00
1529,google_maps,Mahex,ماهکس,آذربایجان شرقی,ری,38.0551558,46.26343,1.0,"Zero support, zero service.",a year ago,Farhad Babazadeh,NULL,NULL,NULL,https://www.google.com/maps/place/%D8%AF%D9%81%D8%AA%D8%B1+%D9%86%D9%85%D8%A7%DB%8C%D9%86%D8%AF%DA%AF%DB%8C+%D9%85%D8%A7%D9%87%DA%A9%D8%B3%E2%80%AD/data=!4m7!3m6!1s0x401a0f55a117fc47:0xa9793f926a82043c!8m2!3d38.0551558!4d46.26343!16s%2Fg%2F11trmgv546!19sChIJR_wXoVUPGkARPASCapI_eak?authuser=0&hl=en&rclk=1,2026-08-03T14:19:25.200979+00:00
1530,google_maps,Mahex,jannat abad,تهران,تهران,35.7481667,51.3035426,1.0,"Mahax, extremely irresponsible and disorganized. It takes two weeks to deliver a package that is only a city away. They don't call and falsely claim that we didn't answer the call. They return the package to charge an additional fee. They have extremely poor and crappy support and an even crappier fleet.",a year ago,Medisa Ahmadipasand,NULL,NULL,NULL,https://www.google.com/maps/place/Mahex+jannat+abad/data=!4m7!3m6!1s0x3f8dfd0073731c99:0xea6fa5b13009dfca!8m2!3d35.7481667!4d51.3035426!16s%2Fg%2F11ld8368lp!19sChIJmRxzcwD9jT8Ryt8JMLGlb-o?authuser=0&hl=en&rclk=1,2026-08-03T14:19:33.719358+00:00
1531,google_maps,Mahex,jannat abad,تهران,تهران,35.7481667,51.3035426,1.0,Rude agent yelling at female customer,7 months ago,Khatereh Rikani,NULL,NULL,NULL,https://www.google.com/maps/place/Mahex+jannat+abad/data=!4m7!3m6!1s0x3f8dfd0073731c99:0xea6fa5b13009dfca!8m2!3d35.7481667!4d51.3035426!16s%2Fg%2F11ld8368lp!19sChIJmRxzcwD9jT8Ryt8JMLGlb-o?authuser=0&hl=en&rclk=1,2026-08-03T14:19:33.719358+00:00
1532,google_maps,Mahex,jannat abad,تهران,تهران,35.7481667,51.3035426,5.0,Very committed 👌 …,2 years ago,Tahmineh Mohiti,NULL,NULL,NULL,https://www.google.com/maps/place/Mahex+jannat+abad/data=!4m7!3m6!1s0x3f8dfd0073731c99:0xea6fa5b13009dfca!8m2!3d35.7481667!4d51.3035426!16s%2Fg%2F11ld8368lp!19sChIJmRxzcwD9jT8Ryt8JMLGlb-o?authuser=0&hl=en&rclk=1,2026-08-03T14:19:33.719358+00:00
1533,google_maps,Mahex,ماهکس شمال خوزستان,خوزستان,NULL,32.4617235,48.363064,5.0,The fastest,7 months ago,Alireza Mousavi,NULL,NULL,NULL,https://www.google.com/maps/place/%D9%86%D9%85%D8%A7%DB%8C%D9%86%D8%AF%DA%AF%DB%8C+%D9%85%D8%A7%D9%87%DA%A9%D8%B3+%D8%B4%D9%85%D8%A7%D9%84+%D8%AE%D9%88%D8%B2%D8%B3%D8%AA%D8%A7%D9%86%E2%80%AD/data=!4m7!3m6!1s0x3fe9bd83edc75c39:0xc3741fd799c758c5!8m2!3d32.4617235!4d48.363064!16s%2Fg%2F11rb42w_r3!19sChIJOVzH7YO96T8RxVjHmdcfdMM?authuser=0&hl=en&rclk=1,2026-08-03T14:20:22.454113+00:00
1534,balad,Tipax,تیپاکس ونک,تهران,تهران,NULL,NULL,2.0,تاخیر زیاد در تحویل مرسوله و پیگیری ضعیف!,2026-06-01,کاربر بلد,NULL,NULL,0,https://balad.ir/sample/tipax-vanak,2026-08-03T15:30:00.420863+00:00
1535,neshan,Chapar,چاپار مرکز,تهران,تهران,35.7,51.4,4.0,ارسال نسبتا سریع بود ممنون,2026-06-10,سارا,NULL,NULL,1,https://neshan.org/maps/sample/chapar,2026-08-03T15:30:00.420413+00:00
1536,neshan,Mahex,ماهکس شیراز,فارس,شیراز,29.59,52.58,1.0,بسته آسیب دیده رسید واقعا ناراحت کننده,2026-05-20,رضا,پیگیری می شود,2026-05-21,2,https://neshan.org/maps/sample/mahex,2026-08-03T15:30:00.420641+00:00
1537,balad,Iran Post,پست مرکزی اصفهان,اصفهان,اصفهان,NULL,NULL,3.0,صف طولانی بود ولی مرسوله رسید,2026-07-01,مینا,NULL,NULL,NULL,https://balad.ir/sample/post-isfahan,2026-08-03T15:30:00.420946+00:00
1538,balad,AloPeyk,الوپیک ونک,تهران,تهران,NULL,NULL,5.0,پیک خیلی سریع آمد عالی بود,2026-07-05,علی,NULL,NULL,NULL,https://balad.ir/sample/alopeyk,2026-08-03T15:30:00.421216+00:00
1539,cafebazaar,Tipax,App,NULL,NULL,NULL,NULL,2.0,اپلیکیشن مدام کرش می کند و وضعیت مرسوله آپدیت نمی شود,2026-04-12,user1,نسخه جدید منتشر شد,2026-04-15,NULL,https://cafebazaar.ir/app/tipax,2026-08-03T15:30:00.421517+00:00
1540,myket,Tipax,App,NULL,NULL,NULL,NULL,5.0,از نسخه جدید راضی ام سرعت بهتر شده,2026-07-20,m3,سپاس از بازخورد,2026-07-21,NULL,https://myket.ir/app/tipax,2026-08-03T15:30:00.422218+00:00
1541,cafebazaar,Chapar,App,NULL,NULL,NULL,NULL,4.0,نسخه جدید بهتر شده پیگیری راحت تر است,2026-05-02,user2,NULL,NULL,NULL,https://cafebazaar.ir/app/chapar,2026-08-03T15:30:00.421803+00:00
1542,cafebazaar,AloPeyk,App,NULL,NULL,NULL,NULL,1.0,قیمت در اپ با قیمت نهایی فرق دارد پشتیبانی جوابگو نیست,2026-06-18,user3,NULL,NULL,NULL,https://cafebazaar.ir/app/alopeyk,2026-08-03T15:30:00.421944+00:00
1543,myket,Iran Post,Iran App,NULL,NULL,NULL,NULL,2.0,رهگیری در اپ قطع است و پیام خطا می دهد,2026-07-11,m2,در حال بررسی,2026-07-12,NULL,https://myket.ir/app/post,2026-08-03T15:30:00.422315+00:00
1544,myket,Mahex,App,NULL,NULL,NULL,NULL,3.0,اپ کند است ولی در کل کار راه می افتد,2026-03-22,m1,NULL,NULL,NULL,https://myket.ir/app/mahex,2026-08-03T15:30:00.422632+00:00
