age_category__is_missing,age_category__reliability,age_category__sample_n,age_category__value,assigned_weight__is_missing,assigned_weight__reliability,assigned_weight__sample_n,assigned_weight__value,avg_finish_at_track__is_missing,avg_finish_at_track__reliability,avg_finish_at_track__sample_n,avg_finish_at_track__value,avg_finish_last3__is_missing,avg_finish_last3__reliability,avg_finish_last3__sample_n,avg_finish_last3__value,avg_finish_last5__is_missing,avg_finish_last5__reliability,avg_finish_last5__sample_n,avg_finish_last5__value,avg_finish_same_class__is_missing,avg_finish_same_class__reliability,avg_finish_same_class__sample_n,avg_finish_same_class__value,avg_finish_same_distance__is_missing,avg_finish_same_distance__reliability,avg_finish_same_distance__sample_n,avg_finish_same_distance__value,breed__is_missing,breed__reliability,breed__sample_n,breed__value,breed_starts__is_missing,breed_starts__reliability,breed_starts__sample_n,breed_starts__value,breed_top3_rate__is_missing,breed_top3_rate__raw_rate,breed_top3_rate__reliability,breed_top3_rate__sample_n,breed_top3_rate__smoothed_rate,breed_top3_rate__value,breed_win_rate__is_missing,breed_win_rate__raw_rate,breed_win_rate__reliability,breed_win_rate__sample_n,breed_win_rate__smoothed_rate,breed_win_rate__value,career_avg_finish__is_missing,career_avg_finish__reliability,career_avg_finish__sample_n,career_avg_finish__value,career_best_finish__is_missing,career_best_finish__reliability,career_best_finish__sample_n,career_best_finish__value,career_median_finish__is_missing,career_median_finish__reliability,career_median_finish__sample_n,career_median_finish__value,career_places_before_race__is_missing,career_places_before_race__reliability,career_places_before_race__sample_n,career_places_before_race__value,career_starts_before_race__is_missing,career_starts_before_race__reliability,career_starts_before_race__sample_n,career_starts_before_race__value,career_top3_rate__is_missing,career_top3_rate__raw_rate,career_top3_rate__reliability,career_top3_rate__sample_n,career_top3_rate__smoothed_rate,career_top3_rate__value,career_win_rate__is_missing,career_win_rate__raw_rate,career_win_rate__reliability,career_win_rate__sample_n,career_win_rate__smoothed_rate,career_win_rate__value,career_wins_before_race__is_missing,career_wins_before_race__reliability,career_wins_before_race__sample_n,career_wins_before_race__value,class_sample_n__is_missing,class_sample_n__reliability,class_sample_n__sample_n,class_sample_n__value,class_top3_rate__is_missing,class_top3_rate__raw_rate,class_top3_rate__reliability,class_top3_rate__sample_n,class_top3_rate__smoothed_rate,class_top3_rate__value,class_win_rate__is_missing,class_win_rate__raw_rate,class_win_rate__reliability,class_win_rate__sample_n,class_win_rate__smoothed_rate,class_win_rate__value,days_since_last_race__is_missing,days_since_last_race__reliability,days_since_last_race__sample_n,days_since_last_race__value,distance_difference_from_target__is_missing,distance_difference_from_target__reliability,distance_difference_from_target__sample_n,distance_difference_from_target__value,distance_sample_n__is_missing,distance_sample_n__reliability,distance_sample_n__sample_n,distance_sample_n__value,field_size__is_missing,field_size__reliability,field_size__sample_n,field_size__value,flag__birth_year_confidence,flag__class_quality,flag__distance_quality,flag__identity_confidence,flag__owner_identity_quality,flag__result_quality,flag__trainer_identity_quality,flag__unresolved_identity,form_trend__is_missing,form_trend__reliability,form_trend__sample_n,form_trend__value,horse_id,last_finish__is_missing,last_finish__reliability,last_finish__sample_n,last_finish__value,owner_starts_prior__is_missing,owner_starts_prior__reliability,owner_starts_prior__sample_n,owner_starts_prior__value,owner_top3_rate_prior__is_missing,owner_top3_rate_prior__raw_rate,owner_top3_rate_prior__reliability,owner_top3_rate_prior__sample_n,owner_top3_rate_prior__smoothed_rate,owner_top3_rate_prior__value,owner_win_rate_prior__is_missing,owner_win_rate_prior__raw_rate,owner_win_rate_prior__reliability,owner_win_rate_prior__sample_n,owner_win_rate_prior__smoothed_rate,owner_win_rate_prior__value,race_breed__is_missing,race_breed__reliability,race_breed__sample_n,race_breed__value,race_class__is_missing,race_class__reliability,race_class__sample_n,race_class__value,race_date,race_distance__is_missing,race_distance__reliability,race_distance__sample_n,race_distance__value,race_id,race_track__is_missing,race_track__reliability,race_track__sample_n,race_track__value,recent_form_n__is_missing,recent_form_n__reliability,recent_form_n__sample_n,recent_form_n__value,result_id,split,starts_at_track__is_missing,starts_at_track__reliability,starts_at_track__sample_n,starts_at_track__value,starts_same_class__is_missing,starts_same_class__reliability,starts_same_class__sample_n,starts_same_class__value,starts_same_distance__is_missing,starts_same_distance__reliability,starts_same_distance__sample_n,starts_same_distance__value,target__target_finish,target__target_top3,target__target_win,top3_at_track__is_missing,top3_at_track__reliability,top3_at_track__sample_n,top3_at_track__value,top3_rate_last5__is_missing,top3_rate_last5__raw_rate,top3_rate_last5__reliability,top3_rate_last5__sample_n,top3_rate_last5__smoothed_rate,top3_rate_last5__value,top3_rate_same_distance__is_missing,top3_rate_same_distance__raw_rate,top3_rate_same_distance__reliability,top3_rate_same_distance__sample_n,top3_rate_same_distance__smoothed_rate,top3_rate_same_distance__value,top3_same_class__is_missing,top3_same_class__reliability,top3_same_class__sample_n,top3_same_class__value,top3_same_distance__is_missing,top3_same_distance__reliability,top3_same_distance__sample_n,top3_same_distance__value,track_sample_n__is_missing,track_sample_n__reliability,track_sample_n__sample_n,track_sample_n__value,track_top3_rate__is_missing,track_top3_rate__raw_rate,track_top3_rate__reliability,track_top3_rate__sample_n,track_top3_rate__smoothed_rate,track_top3_rate__value,track_win_rate__is_missing,track_win_rate__raw_rate,track_win_rate__reliability,track_win_rate__sample_n,track_win_rate__smoothed_rate,track_win_rate__value,trainer_recent_form__is_missing,trainer_recent_form__reliability,trainer_recent_form__sample_n,trainer_recent_form__value,trainer_sample_n__is_missing,trainer_sample_n__reliability,trainer_sample_n__sample_n,trainer_sample_n__value,trainer_starts_prior__is_missing,trainer_starts_prior__reliability,trainer_starts_prior__sample_n,trainer_starts_prior__value,trainer_top3_rate_prior__is_missing,trainer_top3_rate_prior__raw_rate,trainer_top3_rate_prior__reliability,trainer_top3_rate_prior__sample_n,trainer_top3_rate_prior__smoothed_rate,trainer_top3_rate_prior__value,trainer_win_rate_prior__is_missing,trainer_win_rate_prior__raw_rate,trainer_win_rate_prior__reliability,trainer_win_rate_prior__sample_n,trainer_win_rate_prior__smoothed_rate,trainer_win_rate_prior__value,trainer_wins_prior__is_missing,trainer_wins_prior__reliability,trainer_wins_prior__sample_n,trainer_wins_prior__value,warehouse_horse_id,win_rate_last5__is_missing,win_rate_last5__raw_rate,win_rate_last5__reliability,win_rate_last5__sample_n,win_rate_last5__smoothed_rate,win_rate_last5__value,win_rate_same_distance__is_missing,win_rate_same_distance__raw_rate,win_rate_same_distance__reliability,win_rate_same_distance__sample_n,win_rate_same_distance__smoothed_rate,win_rate_same_distance__value,wins_at_track__is_missing,wins_at_track__reliability,wins_at_track__sample_n,wins_at_track__value,wins_same_class__is_missing,wins_same_class__reliability,wins_same_class__sample_n,wins_same_class__value,wins_same_distance__is_missing,wins_same_distance__reliability,wins_same_distance__sample_n,wins_same_distance__value
True,LOW,0,,True,LOW,0,,True,LOW,0,,True,LOW,0,,True,LOW,0,,True,LOW,0,,True,LOW,0,,False,,,تروبرد,False,LOW,0,0,True,,LOW,0,,,True,,LOW,0,,,True,LOW,0,,True,LOW,0,,True,LOW,0,,False,LOW,0,0,False,LOW,0,0,True,,LOW,0,,,True,,LOW,0,,,False,LOW,0,0,True,LOW,0,,True,,LOW,0,,,True,,LOW,0,,,True,LOW,0,,True,LOW,0,,False,LOW,0,0,False,,,16,MEDIUM,MISSING_STRUCTURED,OK,HIGH,OK,INVALID_FINISH,OK,False,True,LOW,0,,3446,True,LOW,0,,False,LOW,0,0,True,,LOW,0,,,True,,LOW,0,,,False,,,تروبرد,True,LOW,0,,1994-05-20,False,,,1000,636,False,,,بندرترکمن,False,LOW,0,0,218903,TRAIN,False,LOW,0,0,True,LOW,0,,False,LOW,0,0,,,,False,LOW,0,0,True,,LOW,0,,,True,,LOW,0,,,True,LOW,0,,False,LOW,0,0,False,LOW,0,0,True,,LOW,0,,,True,,LOW,0,,,True,LOW,0,,False,LOW,0,0,False,LOW,0,0,True,,LOW,0,,,True,,LOW,0,,,False,LOW,0,0,3451,True,,LOW,0,,,True,,LOW,0,,,False,LOW,0,0,True,LOW,0,,False,LOW,0,0
True,LOW,0,,True,LOW,0,,True,LOW,0,,True,LOW,0,,True,LOW,0,,True,LOW,0,,True,LOW,0,,False,,,تروبرد,False,LOW,0,0,True,,LOW,0,,,True,,LOW,0,,,True,LOW,0,,True,LOW,0,,True,LOW,0,,False,LOW,0,0,False,LOW,0,0,True,,LOW,0,,,True,,LOW,0,,,False,LOW,0,0,True,LOW,0,,True,,LOW,0,,,True,,LOW,0,,,True,LOW,0,,True,LOW,0,,False,LOW,0,0,False,,,16,MEDIUM,MISSING_STRUCTURED,OK,HIGH,OK,INVALID_FINISH,OK,False,True,LOW,0,,3447,True,LOW,0,,False,LOW,0,0,True,,LOW,0,,,True,,LOW,0,,,False,,,تروبرد,True,LOW,0,,1994-05-20,False,,,1000,636,False,,,بندرترکمن,False,LOW,0,0,218904,TRAIN,False,LOW,0,0,True,LOW,0,,False,LOW,0,0,,,,False,LOW,0,0,True,,LOW,0,,,True,,LOW,0,,,True,LOW,0,,False,LOW,0,0,False,LOW,0,0,True,,LOW,0,,,True,,LOW,0,,,True,LOW,0,,False,LOW,0,0,False,LOW,0,0,True,,LOW,0,,,True,,LOW,0,,,False,LOW,0,0,3452,True,,LOW,0,,,True,,LOW,0,,,False,LOW,0,0,True,LOW,0,,False,LOW,0,0
True,LOW,0,,True,LOW,0,,True,LOW,0,,True,LOW,0,,True,LOW,0,,True,LOW,0,,True,LOW,0,,False,,,تروبرد,False,LOW,0,0,True,,LOW,0,,,True,,LOW,0,,,True,LOW,0,,True,LOW,0,,True,LOW,0,,False,LOW,0,0,False,LOW,0,0,True,,LOW,0,,,True,,LOW,0,,,False,LOW,0,0,True,LOW,0,,True,,LOW,0,,,True,,LOW,0,,,True,LOW,0,,True,LOW,0,,False,LOW,0,0,False,,,16,MEDIUM,MISSING_STRUCTURED,OK,HIGH,OK,INVALID_FINISH,OK,False,True,LOW,0,,3448,True,LOW,0,,False,LOW,0,0,True,,LOW,0,,,True,,LOW,0,,,False,,,تروبرد,True,LOW,0,,1994-05-20,False,,,1000,636,False,,,بندرترکمن,False,LOW,0,0,218905,TRAIN,False,LOW,0,0,True,LOW,0,,False,LOW,0,0,,,,False,LOW,0,0,True,,LOW,0,,,True,,LOW,0,,,True,LOW,0,,False,LOW,0,0,False,LOW,0,0,True,,LOW,0,,,True,,LOW,0,,,True,LOW,0,,False,LOW,0,0,False,LOW,0,0,True,,LOW,0,,,True,,LOW,0,,,False,LOW,0,0,3453,True,,LOW,0,,,True,,LOW,0,,,False,LOW,0,0,True,LOW,0,,False,LOW,0,0
True,LOW,0,,True,LOW,0,,True,LOW,0,,True,LOW,0,,True,LOW,0,,True,LOW,0,,True,LOW,0,,False,,,تروبرد,False,LOW,0,0,True,,LOW,0,,,True,,LOW,0,,,True,LOW,0,,True,LOW,0,,True,LOW,0,,False,LOW,0,0,False,LOW,0,0,True,,LOW,0,,,True,,LOW,0,,,False,LOW,0,0,True,LOW,0,,True,,LOW,0,,,True,,LOW,0,,,True,LOW,0,,True,LOW,0,,False,LOW,0,0,False,,,16,MEDIUM,MISSING_STRUCTURED,OK,HIGH,OK,OK,MISSING,False,True,LOW,0,,3449,True,LOW,0,,False,LOW,0,0,True,,LOW,0,,,True,,LOW,0,,,False,,,تروبرد,True,LOW,0,,1994-05-20,False,,,1000,636,False,,,بندرترکمن,False,LOW,0,0,218906,TRAIN,False,LOW,0,0,True,LOW,0,,False,LOW,0,0,1,1,1,False,LOW,0,0,True,,LOW,0,,,True,,LOW,0,,,True,LOW,0,,False,LOW,0,0,False,LOW,0,0,True,,LOW,0,,,True,,LOW,0,,,True,LOW,0,,True,LOW,0,,True,LOW,0,,True,,LOW,0,,,True,,LOW,0,,,True,LOW,0,,3454,True,,LOW,0,,,True,,LOW,0,,,False,LOW,0,0,True,LOW,0,,False,LOW,0,0
True,LOW,0,,True,LOW,0,,True,LOW,0,,True,LOW,0,,True,LOW,0,,True,LOW,0,,True,LOW,0,,False,,,تروبرد,False,LOW,0,0,True,,LOW,0,,,True,,LOW,0,,,True,LOW,0,,True,LOW,0,,True,LOW,0,,False,LOW,0,0,False,LOW,0,0,True,,LOW,0,,,True,,LOW,0,,,False,LOW,0,0,True,LOW,0,,True,,LOW,0,,,True,,LOW,0,,,True,LOW,0,,True,LOW,0,,False,LOW,0,0,False,,,16,MEDIUM,MISSING_STRUCTURED,OK,HIGH,OK,OK,OK,False,True,LOW,0,,3450,True,LOW,0,,False,LOW,0,0,True,,LOW,0,,,True,,LOW,0,,,False,,,تروبرد,True,LOW,0,,1994-05-20,False,,,1000,636,False,,,بندرترکمن,False,LOW,0,0,218907,TRAIN,False,LOW,0,0,True,LOW,0,,False,LOW,0,0,2,1,0,False,LOW,0,0,True,,LOW,0,,,True,,LOW,0,,,True,LOW,0,,False,LOW,0,0,False,LOW,0,0,True,,LOW,0,,,True,,LOW,0,,,True,LOW,0,,False,LOW,0,0,False,LOW,0,0,True,,LOW,0,,,True,,LOW,0,,,False,LOW,0,0,3455,True,,LOW,0,,,True,,LOW,0,,,False,LOW,0,0,True,LOW,0,,False,LOW,0,0
True,LOW,0,,True,LOW,0,,True,LOW,0,,True,LOW,0,,True,LOW,0,,True,LOW,0,,True,LOW,0,,False,,,تروبرد,False,LOW,0,0,True,,LOW,0,,,True,,LOW,0,,,True,LOW,0,,True,LOW,0,,True,LOW,0,,False,LOW,0,0,False,LOW,0,0,True,,LOW,0,,,True,,LOW,0,,,False,LOW,0,0,True,LOW,0,,True,,LOW,0,,,True,,LOW,0,,,True,LOW,0,,True,LOW,0,,False,LOW,0,0,False,,,16,MEDIUM,MISSING_STRUCTURED,OK,HIGH,OK,INVALID_FINISH,OK,False,True,LOW,0,,3451,True,LOW,0,,False,LOW,0,0,True,,LOW,0,,,True,,LOW,0,,,False,,,تروبرد,True,LOW,0,,1994-05-20,False,,,1000,636,False,,,بندرترکمن,False,LOW,0,0,218908,TRAIN,False,LOW,0,0,True,LOW,0,,False,LOW,0,0,,,,False,LOW,0,0,True,,LOW,0,,,True,,LOW,0,,,True,LOW,0,,False,LOW,0,0,False,LOW,0,0,True,,LOW,0,,,True,,LOW,0,,,True,LOW,0,,False,LOW,1,1,False,LOW,1,1,False,0.0,LOW,1,0.32510312393263446,0.32510312393263446,False,0.0,LOW,1,0.10847718136675337,0.10847718136675337,False,LOW,1,0,3456,True,,LOW,0,,,True,,LOW,0,,,False,LOW,0,0,True,LOW,0,,False,LOW,0,0
True,LOW,0,,True,LOW,0,,True,LOW,0,,True,LOW,0,,True,LOW,0,,True,LOW,0,,True,LOW,0,,False,,,تروبرد,False,LOW,0,0,True,,LOW,0,,,True,,LOW,0,,,True,LOW,0,,True,LOW,0,,True,LOW,0,,False,LOW,0,0,False,LOW,0,0,True,,LOW,0,,,True,,LOW,0,,,False,LOW,0,0,True,LOW,0,,True,,LOW,0,,,True,,LOW,0,,,True,LOW,0,,True,LOW,0,,False,LOW,0,0,False,,,16,MEDIUM,MISSING_STRUCTURED,OK,HIGH,OK,OK,OK,False,True,LOW,0,,3452,True,LOW,0,,False,LOW,0,0,True,,LOW,0,,,True,,LOW,0,,,False,,,تروبرد,True,LOW,0,,1994-05-20,False,,,1000,636,False,,,بندرترکمن,False,LOW,0,0,218909,TRAIN,False,LOW,0,0,True,LOW,0,,False,LOW,0,0,4,0,0,False,LOW,0,0,True,,LOW,0,,,True,,LOW,0,,,True,LOW,0,,False,LOW,0,0,False,LOW,0,0,True,,LOW,0,,,True,,LOW,0,,,True,LOW,0,,False,LOW,0,0,False,LOW,0,0,True,,LOW,0,,,True,,LOW,0,,,False,LOW,0,0,3457,True,,LOW,0,,,True,,LOW,0,,,False,LOW,0,0,True,LOW,0,,False,LOW,0,0
True,LOW,0,,True,LOW,0,,True,LOW,0,,True,LOW,0,,True,LOW,0,,True,LOW,0,,True,LOW,0,,False,,,تروبرد,False,LOW,0,0,True,,LOW,0,,,True,,LOW,0,,,True,LOW,0,,True,LOW,0,,True,LOW,0,,False,LOW,0,0,False,LOW,0,0,True,,LOW,0,,,True,,LOW,0,,,False,LOW,0,0,True,LOW,0,,True,,LOW,0,,,True,,LOW,0,,,True,LOW,0,,True,LOW,0,,False,LOW,0,0,False,,,16,MEDIUM,MISSING_STRUCTURED,OK,HIGH,OK,INVALID_FINISH,OK,False,True,LOW,0,,3453,True,LOW,0,,False,LOW,0,0,True,,LOW,0,,,True,,LOW,0,,,False,,,تروبرد,True,LOW,0,,1994-05-20,False,,,1000,636,False,,,بندرترکمن,False,LOW,0,0,218910,TRAIN,False,LOW,0,0,True,LOW,0,,False,LOW,0,0,,,,False,LOW,0,0,True,,LOW,0,,,True,,LOW,0,,,True,LOW,0,,False,LOW,0,0,False,LOW,0,0,True,,LOW,0,,,True,,LOW,0,,,True,LOW,0,,False,LOW,0,0,False,LOW,0,0,True,,LOW,0,,,True,,LOW,0,,,False,LOW,0,0,3458,True,,LOW,0,,,True,,LOW,0,,,False,LOW,0,0,True,LOW,0,,False,LOW,0,0
True,LOW,0,,True,LOW,0,,True,LOW,0,,True,LOW,0,,True,LOW,0,,True,LOW,0,,True,LOW,0,,False,,,تروبرد,False,LOW,0,0,True,,LOW,0,,,True,,LOW,0,,,True,LOW,0,,True,LOW,0,,True,LOW,0,,False,LOW,0,0,False,LOW,0,0,True,,LOW,0,,,True,,LOW,0,,,False,LOW,0,0,True,LOW,0,,True,,LOW,0,,,True,,LOW,0,,,True,LOW,0,,True,LOW,0,,False,LOW,0,0,False,,,16,MEDIUM,MISSING_STRUCTURED,OK,HIGH,OK,INVALID_FINISH,OK,False,True,LOW,0,,3454,True,LOW,0,,False,LOW,0,0,True,,LOW,0,,,True,,LOW,0,,,False,,,تروبرد,True,LOW,0,,1994-05-20,False,,,1000,636,False,,,بندرترکمن,False,LOW,0,0,218911,TRAIN,False,LOW,0,0,True,LOW,0,,False,LOW,0,0,,,,False,LOW,0,0,True,,LOW,0,,,True,,LOW,0,,,True,LOW,0,,False,LOW,0,0,False,LOW,0,0,True,,LOW,0,,,True,,LOW,0,,,True,LOW,0,,False,LOW,0,0,False,LOW,0,0,True,,LOW,0,,,True,,LOW,0,,,False,LOW,0,0,3459,True,,LOW,0,,,True,,LOW,0,,,False,LOW,0,0,True,LOW,0,,False,LOW,0,0
True,LOW,0,,True,LOW,0,,True,LOW,0,,True,LOW,0,,True,LOW,0,,True,LOW,0,,True,LOW,0,,False,,,تروبرد,False,LOW,0,0,True,,LOW,0,,,True,,LOW,0,,,True,LOW,0,,True,LOW,0,,True,LOW,0,,False,LOW,0,0,False,LOW,0,0,True,,LOW,0,,,True,,LOW,0,,,False,LOW,0,0,True,LOW,0,,True,,LOW,0,,,True,,LOW,0,,,True,LOW,0,,True,LOW,0,,False,LOW,0,0,False,,,16,MEDIUM,MISSING_STRUCTURED,OK,HIGH,OK,INVALID_FINISH,OK,False,True,LOW,0,,3455,True,LOW,0,,False,LOW,0,0,True,,LOW,0,,,True,,LOW,0,,,False,,,تروبرد,True,LOW,0,,1994-05-20,False,,,1000,636,False,,,بندرترکمن,False,LOW,0,0,218912,TRAIN,False,LOW,0,0,True,LOW,0,,False,LOW,0,0,,,,False,LOW,0,0,True,,LOW,0,,,True,,LOW,0,,,True,LOW,0,,False,LOW,0,0,False,LOW,0,0,True,,LOW,0,,,True,,LOW,0,,,True,LOW,0,,False,LOW,0,0,False,LOW,0,0,True,,LOW,0,,,True,,LOW,0,,,False,LOW,0,0,3460,True,,LOW,0,,,True,,LOW,0,,,False,LOW,0,0,True,LOW,0,,False,LOW,0,0
True,LOW,0,,True,LOW,0,,True,LOW,0,,True,LOW,0,,True,LOW,0,,True,LOW,0,,True,LOW,0,,False,,,تروبرد,False,LOW,0,0,True,,LOW,0,,,True,,LOW,0,,,True,LOW,0,,True,LOW,0,,True,LOW,0,,False,LOW,0,0,False,LOW,0,0,True,,LOW,0,,,True,,LOW,0,,,False,LOW,0,0,True,LOW,0,,True,,LOW,0,,,True,,LOW,0,,,True,LOW,0,,True,LOW,0,,False,LOW,0,0,False,,,16,MEDIUM,MISSING_STRUCTURED,OK,HIGH,OK,INVALID_FINISH,OK,False,True,LOW,0,,3456,True,LOW,0,,False,LOW,0,0,True,,LOW,0,,,True,,LOW,0,,,False,,,تروبرد,True,LOW,0,,1994-05-20,False,,,1000,636,False,,,بندرترکمن,False,LOW,0,0,218913,TRAIN,False,LOW,0,0,True,LOW,0,,False,LOW,0,0,,,,False,LOW,0,0,True,,LOW,0,,,True,,LOW,0,,,True,LOW,0,,False,LOW,0,0,False,LOW,0,0,True,,LOW,0,,,True,,LOW,0,,,True,LOW,0,,False,LOW,0,0,False,LOW,0,0,True,,LOW,0,,,True,,LOW,0,,,False,LOW,0,0,3461,True,,LOW,0,,,True,,LOW,0,,,False,LOW,0,0,True,LOW,0,,False,LOW,0,0
True,LOW,0,,True,LOW,0,,True,LOW,0,,True,LOW,0,,True,LOW,0,,True,LOW,0,,True,LOW,0,,False,,,تروبرد,False,LOW,0,0,True,,LOW,0,,,True,,LOW,0,,,True,LOW,0,,True,LOW,0,,True,LOW,0,,False,LOW,0,0,False,LOW,0,0,True,,LOW,0,,,True,,LOW,0,,,False,LOW,0,0,True,LOW,0,,True,,LOW,0,,,True,,LOW,0,,,True,LOW,0,,True,LOW,0,,False,LOW,0,0,False,,,16,MEDIUM,MISSING_STRUCTURED,OK,HIGH,OK,OK,OK,False,True,LOW,0,,3457,True,LOW,0,,False,LOW,0,0,True,,LOW,0,,,True,,LOW,0,,,False,,,تروبرد,True,LOW,0,,1994-05-20,False,,,1000,636,False,,,بندرترکمن,False,LOW,0,0,218914,TRAIN,False,LOW,0,0,True,LOW,0,,False,LOW,0,0,3,1,0,False,LOW,0,0,True,,LOW,0,,,True,,LOW,0,,,True,LOW,0,,False,LOW,0,0,False,LOW,0,0,True,,LOW,0,,,True,,LOW,0,,,True,LOW,0,,False,LOW,0,0,False,LOW,0,0,True,,LOW,0,,,True,,LOW,0,,,False,LOW,0,0,3462,True,,LOW,0,,,True,,LOW,0,,,False,LOW,0,0,True,LOW,0,,False,LOW,0,0
True,LOW,0,,True,LOW,0,,True,LOW,0,,True,LOW,0,,True,LOW,0,,True,LOW,0,,True,LOW,0,,False,,,تروبرد,False,LOW,0,0,True,,LOW,0,,,True,,LOW,0,,,True,LOW,0,,True,LOW,0,,True,LOW,0,,False,LOW,0,0,False,LOW,0,0,True,,LOW,0,,,True,,LOW,0,,,False,LOW,0,0,True,LOW,0,,True,,LOW,0,,,True,,LOW,0,,,True,LOW,0,,True,LOW,0,,False,LOW,0,0,False,,,16,MEDIUM,MISSING_STRUCTURED,OK,HIGH,OK,MISSING_FINISH,OK,False,True,LOW,0,,3458,True,LOW,0,,False,LOW,0,0,True,,LOW,0,,,True,,LOW,0,,,False,,,تروبرد,True,LOW,0,,1994-05-20,False,,,1000,636,False,,,بندرترکمن,False,LOW,0,0,218915,TRAIN,False,LOW,0,0,True,LOW,0,,False,LOW,0,0,,,,False,LOW,0,0,True,,LOW,0,,,True,,LOW,0,,,True,LOW,0,,False,LOW,0,0,False,LOW,0,0,True,,LOW,0,,,True,,LOW,0,,,True,LOW,0,,False,LOW,0,0,False,LOW,0,0,True,,LOW,0,,,True,,LOW,0,,,False,LOW,0,0,3463,True,,LOW,0,,,True,,LOW,0,,,False,LOW,0,0,True,LOW,0,,False,LOW,0,0
True,LOW,0,,True,LOW,0,,True,LOW,0,,True,LOW,0,,True,LOW,0,,True,LOW,0,,True,LOW,0,,False,,,تروبرد,False,LOW,0,0,True,,LOW,0,,,True,,LOW,0,,,True,LOW,0,,True,LOW,0,,True,LOW,0,,False,LOW,0,0,False,LOW,0,0,True,,LOW,0,,,True,,LOW,0,,,False,LOW,0,0,True,LOW,0,,True,,LOW,0,,,True,,LOW,0,,,True,LOW,0,,True,LOW,0,,False,LOW,0,0,False,,,16,MEDIUM,MISSING_STRUCTURED,OK,HIGH,OK,INVALID_FINISH,OK,False,True,LOW,0,,3459,True,LOW,0,,False,LOW,0,0,True,,LOW,0,,,True,,LOW,0,,,False,,,تروبرد,True,LOW,0,,1994-05-20,False,,,1000,636,False,,,بندرترکمن,False,LOW,0,0,218916,TRAIN,False,LOW,0,0,True,LOW,0,,False,LOW,0,0,,,,False,LOW,0,0,True,,LOW,0,,,True,,LOW,0,,,True,LOW,0,,False,LOW,0,0,False,LOW,0,0,True,,LOW,0,,,True,,LOW,0,,,True,LOW,0,,False,LOW,0,0,False,LOW,0,0,True,,LOW,0,,,True,,LOW,0,,,False,LOW,0,0,3464,True,,LOW,0,,,True,,LOW,0,,,False,LOW,0,0,True,LOW,0,,False,LOW,0,0
True,LOW,0,,True,LOW,0,,True,LOW,0,,True,LOW,0,,True,LOW,0,,True,LOW,0,,True,LOW,0,,False,,,تروبرد,False,LOW,0,0,True,,LOW,0,,,True,,LOW,0,,,True,LOW,0,,True,LOW,0,,True,LOW,0,,False,LOW,0,0,False,LOW,0,0,True,,LOW,0,,,True,,LOW,0,,,False,LOW,0,0,True,LOW,0,,True,,LOW,0,,,True,,LOW,0,,,True,LOW,0,,True,LOW,0,,False,LOW,0,0,False,,,16,MEDIUM,MISSING_STRUCTURED,OK,HIGH,OK,INVALID_FINISH,OK,False,True,LOW,0,,3460,True,LOW,0,,False,LOW,0,0,True,,LOW,0,,,True,,LOW,0,,,False,,,تروبرد,True,LOW,0,,1994-05-20,False,,,1000,636,False,,,بندرترکمن,False,LOW,0,0,218917,TRAIN,False,LOW,0,0,True,LOW,0,,False,LOW,0,0,,,,False,LOW,0,0,True,,LOW,0,,,True,,LOW,0,,,True,LOW,0,,False,LOW,0,0,False,LOW,0,0,True,,LOW,0,,,True,,LOW,0,,,True,LOW,0,,False,LOW,0,0,False,LOW,0,0,True,,LOW,0,,,True,,LOW,0,,,False,LOW,0,0,3465,True,,LOW,0,,,True,,LOW,0,,,False,LOW,0,0,True,LOW,0,,False,LOW,0,0
True,LOW,0,,True,LOW,0,,True,LOW,0,,True,LOW,0,,True,LOW,0,,True,LOW,0,,True,LOW,0,,False,,,تروبرد,False,LOW,0,0,True,,LOW,0,,,True,,LOW,0,,,True,LOW,0,,True,LOW,0,,True,LOW,0,,False,LOW,0,0,False,LOW,0,0,True,,LOW,0,,,True,,LOW,0,,,False,LOW,0,0,True,LOW,0,,True,,LOW,0,,,True,,LOW,0,,,True,LOW,0,,True,LOW,0,,False,LOW,0,0,False,,,16,MEDIUM,MISSING_STRUCTURED,OK,HIGH,OK,INVALID_FINISH,OK,False,True,LOW,0,,3461,True,LOW,0,,False,LOW,0,0,True,,LOW,0,,,True,,LOW,0,,,False,,,تروبرد,True,LOW,0,,1994-05-20,False,,,1000,636,False,,,بندرترکمن,False,LOW,0,0,218918,TRAIN,False,LOW,0,0,True,LOW,0,,False,LOW,0,0,,,,False,LOW,0,0,True,,LOW,0,,,True,,LOW,0,,,True,LOW,0,,False,LOW,0,0,False,LOW,0,0,True,,LOW,0,,,True,,LOW,0,,,True,LOW,0,,False,LOW,0,0,False,LOW,0,0,True,,LOW,0,,,True,,LOW,0,,,False,LOW,0,0,3466,True,,LOW,0,,,True,,LOW,0,,,False,LOW,0,0,True,LOW,0,,False,LOW,0,0
True,LOW,0,,True,LOW,0,,True,LOW,0,,True,LOW,0,,True,LOW,0,,True,LOW,0,,True,LOW,0,,False,,,تروبرد,False,LOW,0,0,True,,LOW,0,,,True,,LOW,0,,,True,LOW,0,,True,LOW,0,,True,LOW,0,,False,LOW,0,0,False,LOW,0,0,True,,LOW,0,,,True,,LOW,0,,,False,LOW,0,0,True,LOW,0,,True,,LOW,0,,,True,,LOW,0,,,True,LOW,0,,True,LOW,0,,False,LOW,0,0,False,,,13,MEDIUM,MISSING_STRUCTURED,OK,HIGH,OK,OK,OK,False,True,LOW,0,,3462,True,LOW,0,,False,LOW,0,0,True,,LOW,0,,,True,,LOW,0,,,False,,,تروبرد,True,LOW,0,,1994-05-20,False,,,1500,637,False,,,بندرترکمن,False,LOW,0,0,218919,TRAIN,False,LOW,0,0,True,LOW,0,,False,LOW,0,0,1,1,1,False,LOW,0,0,True,,LOW,0,,,True,,LOW,0,,,True,LOW,0,,False,LOW,0,0,False,LOW,0,0,True,,LOW,0,,,True,,LOW,0,,,True,LOW,0,,False,LOW,0,0,False,LOW,0,0,True,,LOW,0,,,True,,LOW,0,,,False,LOW,0,0,3467,True,,LOW,0,,,True,,LOW,0,,,False,LOW,0,0,True,LOW,0,,False,LOW,0,0
True,LOW,0,,True,LOW,0,,True,LOW,0,,True,LOW,0,,True,LOW,0,,True,LOW,0,,True,LOW,0,,False,,,تروبرد,False,LOW,0,0,True,,LOW,0,,,True,,LOW,0,,,True,LOW,0,,True,LOW,0,,True,LOW,0,,False,LOW,0,0,False,LOW,0,0,True,,LOW,0,,,True,,LOW,0,,,False,LOW,0,0,True,LOW,0,,True,,LOW,0,,,True,,LOW,0,,,True,LOW,0,,True,LOW,0,,False,LOW,0,0,False,,,13,MEDIUM,MISSING_STRUCTURED,OK,HIGH,OK,INVALID_FINISH,OK,False,True,LOW,0,,3463,True,LOW,0,,False,LOW,0,0,True,,LOW,0,,,True,,LOW,0,,,False,,,تروبرد,True,LOW,0,,1994-05-20,False,,,1500,637,False,,,بندرترکمن,False,LOW,0,0,218920,TRAIN,False,LOW,0,0,True,LOW,0,,False,LOW,0,0,,,,False,LOW,0,0,True,,LOW,0,,,True,,LOW,0,,,True,LOW,0,,False,LOW,0,0,False,LOW,0,0,True,,LOW,0,,,True,,LOW,0,,,True,LOW,0,,False,LOW,1,1,False,LOW,1,1,False,0.0,LOW,1,0.32510312393263446,0.32510312393263446,False,0.0,LOW,1,0.10847718136675337,0.10847718136675337,False,LOW,1,0,3468,True,,LOW,0,,,True,,LOW,0,,,False,LOW,0,0,True,LOW,0,,False,LOW,0,0
True,LOW,0,,True,LOW,0,,True,LOW,0,,True,LOW,0,,True,LOW,0,,True,LOW,0,,True,LOW,0,,False,,,تروبرد,False,LOW,0,0,True,,LOW,0,,,True,,LOW,0,,,True,LOW,0,,True,LOW,0,,True,LOW,0,,False,LOW,0,0,False,LOW,0,0,True,,LOW,0,,,True,,LOW,0,,,False,LOW,0,0,True,LOW,0,,True,,LOW,0,,,True,,LOW,0,,,True,LOW,0,,True,LOW,0,,False,LOW,0,0,False,,,13,MEDIUM,MISSING_STRUCTURED,OK,HIGH,OK,INVALID_FINISH,OK,False,True,LOW,0,,3464,True,LOW,0,,False,LOW,0,0,True,,LOW,0,,,True,,LOW,0,,,False,,,تروبرد,True,LOW,0,,1994-05-20,False,,,1500,637,False,,,بندرترکمن,False,LOW,0,0,218921,TRAIN,False,LOW,0,0,True,LOW,0,,False,LOW,0,0,,,,False,LOW,0,0,True,,LOW,0,,,True,,LOW,0,,,True,LOW,0,,False,LOW,0,0,False,LOW,0,0,True,,LOW,0,,,True,,LOW,0,,,True,LOW,0,,False,LOW,0,0,False,LOW,0,0,True,,LOW,0,,,True,,LOW,0,,,False,LOW,0,0,3469,True,,LOW,0,,,True,,LOW,0,,,False,LOW,0,0,True,LOW,0,,False,LOW,0,0
True,LOW,0,,True,LOW,0,,True,LOW,0,,True,LOW,0,,True,LOW,0,,True,LOW,0,,True,LOW,0,,False,,,تروبرد,False,LOW,0,0,True,,LOW,0,,,True,,LOW,0,,,True,LOW,0,,True,LOW,0,,True,LOW,0,,False,LOW,0,0,False,LOW,0,0,True,,LOW,0,,,True,,LOW,0,,,False,LOW,0,0,True,LOW,0,,True,,LOW,0,,,True,,LOW,0,,,True,LOW,0,,True,LOW,0,,False,LOW,0,0,False,,,13,MEDIUM,MISSING_STRUCTURED,OK,HIGH,OK,MISSING_FINISH,OK,False,True,LOW,0,,3465,True,LOW,0,,False,LOW,0,0,True,,LOW,0,,,True,,LOW,0,,,False,,,تروبرد,True,LOW,0,,1994-05-20,False,,,1500,637,False,,,بندرترکمن,False,LOW,0,0,218922,TRAIN,False,LOW,0,0,True,LOW,0,,False,LOW,0,0,,,,False,LOW,0,0,True,,LOW,0,,,True,,LOW,0,,,True,LOW,0,,False,LOW,0,0,False,LOW,0,0,True,,LOW,0,,,True,,LOW,0,,,True,LOW,0,,False,LOW,0,0,False,LOW,0,0,True,,LOW,0,,,True,,LOW,0,,,False,LOW,0,0,3470,True,,LOW,0,,,True,,LOW,0,,,False,LOW,0,0,True,LOW,0,,False,LOW,0,0
True,LOW,0,,True,LOW,0,,True,LOW,0,,True,LOW,0,,True,LOW,0,,True,LOW,0,,True,LOW,0,,False,,,تروبرد,False,LOW,0,0,True,,LOW,0,,,True,,LOW,0,,,True,LOW,0,,True,LOW,0,,True,LOW,0,,False,LOW,0,0,False,LOW,0,0,True,,LOW,0,,,True,,LOW,0,,,False,LOW,0,0,True,LOW,0,,True,,LOW,0,,,True,,LOW,0,,,True,LOW,0,,True,LOW,0,,False,LOW,0,0,False,,,13,MEDIUM,MISSING_STRUCTURED,OK,HIGH,OK,INVALID_FINISH,OK,False,True,LOW,0,,3466,True,LOW,0,,False,LOW,0,0,True,,LOW,0,,,True,,LOW,0,,,False,,,تروبرد,True,LOW,0,,1994-05-20,False,,,1500,637,False,,,بندرترکمن,False,LOW,0,0,218923,TRAIN,False,LOW,0,0,True,LOW,0,,False,LOW,0,0,,,,False,LOW,0,0,True,,LOW,0,,,True,,LOW,0,,,True,LOW,0,,False,LOW,0,0,False,LOW,0,0,True,,LOW,0,,,True,,LOW,0,,,True,LOW,0,,False,LOW,1,1,False,LOW,1,1,False,0.0,LOW,1,0.32510312393263446,0.32510312393263446,False,0.0,LOW,1,0.10847718136675337,0.10847718136675337,False,LOW,1,0,3471,True,,LOW,0,,,True,,LOW,0,,,False,LOW,0,0,True,LOW,0,,False,LOW,0,0
True,LOW,0,,True,LOW,0,,True,LOW,0,,True,LOW,0,,True,LOW,0,,True,LOW,0,,True,LOW,0,,False,,,تروبرد,False,LOW,0,0,True,,LOW,0,,,True,,LOW,0,,,True,LOW,0,,True,LOW,0,,True,LOW,0,,False,LOW,0,0,False,LOW,0,0,True,,LOW,0,,,True,,LOW,0,,,False,LOW,0,0,True,LOW,0,,True,,LOW,0,,,True,,LOW,0,,,True,LOW,0,,True,LOW,0,,False,LOW,0,0,False,,,13,MEDIUM,MISSING_STRUCTURED,OK,HIGH,OK,INVALID_FINISH,OK,False,True,LOW,0,,3467,True,LOW,0,,False,LOW,0,0,True,,LOW,0,,,True,,LOW,0,,,False,,,تروبرد,True,LOW,0,,1994-05-20,False,,,1500,637,False,,,بندرترکمن,False,LOW,0,0,218924,TRAIN,False,LOW,0,0,True,LOW,0,,False,LOW,0,0,,,,False,LOW,0,0,True,,LOW,0,,,True,,LOW,0,,,True,LOW,0,,False,LOW,0,0,False,LOW,0,0,True,,LOW,0,,,True,,LOW,0,,,True,LOW,0,,False,LOW,2,2,False,LOW,2,2,False,0.0,LOW,2,0.27865982051368665,0.27865982051368665,False,0.0,LOW,2,0.09298044117150288,0.09298044117150288,False,LOW,2,0,3472,True,,LOW,0,,,True,,LOW,0,,,False,LOW,0,0,True,LOW,0,,False,LOW,0,0
True,LOW,0,,True,LOW,0,,True,LOW,0,,True,LOW,0,,True,LOW,0,,True,LOW,0,,True,LOW,0,,False,,,تروبرد,False,LOW,0,0,True,,LOW,0,,,True,,LOW,0,,,True,LOW,0,,True,LOW,0,,True,LOW,0,,False,LOW,0,0,False,LOW,0,0,True,,LOW,0,,,True,,LOW,0,,,False,LOW,0,0,True,LOW,0,,True,,LOW,0,,,True,,LOW,0,,,True,LOW,0,,True,LOW,0,,False,LOW,0,0,False,,,13,MEDIUM,MISSING_STRUCTURED,OK,HIGH,OK,INVALID_FINISH,OK,False,True,LOW,0,,3468,True,LOW,0,,False,LOW,0,0,True,,LOW,0,,,True,,LOW,0,,,False,,,تروبرد,True,LOW,0,,1994-05-20,False,,,1500,637,False,,,بندرترکمن,False,LOW,0,0,218925,TRAIN,False,LOW,0,0,True,LOW,0,,False,LOW,0,0,,,,False,LOW,0,0,True,,LOW,0,,,True,,LOW,0,,,True,LOW,0,,False,LOW,0,0,False,LOW,0,0,True,,LOW,0,,,True,,LOW,0,,,True,LOW,0,,False,LOW,0,0,False,LOW,0,0,True,,LOW,0,,,True,,LOW,0,,,False,LOW,0,0,3473,True,,LOW,0,,,True,,LOW,0,,,False,LOW,0,0,True,LOW,0,,False,LOW,0,0
True,LOW,0,,True,LOW,0,,True,LOW,0,,True,LOW,0,,True,LOW,0,,True,LOW,0,,True,LOW,0,,False,,,تروبرد,False,LOW,0,0,True,,LOW,0,,,True,,LOW,0,,,True,LOW,0,,True,LOW,0,,True,LOW,0,,False,LOW,0,0,False,LOW,0,0,True,,LOW,0,,,True,,LOW,0,,,False,LOW,0,0,True,LOW,0,,True,,LOW,0,,,True,,LOW,0,,,True,LOW,0,,True,LOW,0,,False,LOW,0,0,False,,,13,MEDIUM,MISSING_STRUCTURED,OK,HIGH,OK,OK,OK,False,True,LOW,0,,3469,True,LOW,0,,False,LOW,0,0,True,,LOW,0,,,True,,LOW,0,,,False,,,تروبرد,True,LOW,0,,1994-05-20,False,,,1500,637,False,,,بندرترکمن,False,LOW,0,0,218926,TRAIN,False,LOW,0,0,True,LOW,0,,False,LOW,0,0,3,1,0,False,LOW,0,0,True,,LOW,0,,,True,,LOW,0,,,True,LOW,0,,False,LOW,0,0,False,LOW,0,0,True,,LOW,0,,,True,,LOW,0,,,True,LOW,0,,False,LOW,1,1,False,LOW,1,1,False,0.0,LOW,1,0.32510312393263446,0.32510312393263446,False,0.0,LOW,1,0.10847718136675337,0.10847718136675337,False,LOW,1,0,3474,True,,LOW,0,,,True,,LOW,0,,,False,LOW,0,0,True,LOW,0,,False,LOW,0,0
True,LOW,0,,True,LOW,0,,True,LOW,0,,True,LOW,0,,True,LOW,0,,True,LOW,0,,True,LOW,0,,False,,,تروبرد,False,LOW,0,0,True,,LOW,0,,,True,,LOW,0,,,True,LOW,0,,True,LOW,0,,True,LOW,0,,False,LOW,0,0,False,LOW,0,0,True,,LOW,0,,,True,,LOW,0,,,False,LOW,0,0,True,LOW,0,,True,,LOW,0,,,True,,LOW,0,,,True,LOW,0,,True,LOW,0,,False,LOW,0,0,False,,,13,MEDIUM,MISSING_STRUCTURED,OK,HIGH,OK,OK,OK,False,True,LOW,0,,3470,True,LOW,0,,False,LOW,0,0,True,,LOW,0,,,True,,LOW,0,,,False,,,تروبرد,True,LOW,0,,1994-05-20,False,,,1500,637,False,,,بندرترکمن,False,LOW,0,0,218927,TRAIN,False,LOW,0,0,True,LOW,0,,False,LOW,0,0,4,0,0,False,LOW,0,0,True,,LOW,0,,,True,,LOW,0,,,True,LOW,0,,False,LOW,0,0,False,LOW,0,0,True,,LOW,0,,,True,,LOW,0,,,True,LOW,0,,False,LOW,2,2,False,LOW,2,2,False,0.0,LOW,2,0.27865982051368665,0.27865982051368665,False,0.0,LOW,2,0.09298044117150288,0.09298044117150288,False,LOW,2,0,3475,True,,LOW,0,,,True,,LOW,0,,,False,LOW,0,0,True,LOW,0,,False,LOW,0,0
True,LOW,0,,True,LOW,0,,True,LOW,0,,True,LOW,0,,True,LOW,0,,True,LOW,0,,True,LOW,0,,False,,,تروبرد,False,LOW,0,0,True,,LOW,0,,,True,,LOW,0,,,True,LOW,0,,True,LOW,0,,True,LOW,0,,False,LOW,0,0,False,LOW,0,0,True,,LOW,0,,,True,,LOW,0,,,False,LOW,0,0,True,LOW,0,,True,,LOW,0,,,True,,LOW,0,,,True,LOW,0,,True,LOW,0,,False,LOW,0,0,False,,,13,MEDIUM,MISSING_STRUCTURED,OK,HIGH,OK,INVALID_FINISH,OK,False,True,LOW,0,,3471,True,LOW,0,,False,LOW,0,0,True,,LOW,0,,,True,,LOW,0,,,False,,,تروبرد,True,LOW,0,,1994-05-20,False,,,1500,637,False,,,بندرترکمن,False,LOW,0,0,218928,TRAIN,False,LOW,0,0,True,LOW,0,,False,LOW,0,0,,,,False,LOW,0,0,True,,LOW,0,,,True,,LOW,0,,,True,LOW,0,,False,LOW,0,0,False,LOW,0,0,True,,LOW,0,,,True,,LOW,0,,,True,LOW,0,,False,LOW,0,0,False,LOW,0,0,True,,LOW,0,,,True,,LOW,0,,,False,LOW,0,0,3476,True,,LOW,0,,,True,,LOW,0,,,False,LOW,0,0,True,LOW,0,,False,LOW,0,0
True,LOW,0,,True,LOW,0,,True,LOW,0,,True,LOW,0,,True,LOW,0,,True,LOW,0,,True,LOW,0,,False,,,تروبرد,False,LOW,0,0,True,,LOW,0,,,True,,LOW,0,,,True,LOW,0,,True,LOW,0,,True,LOW,0,,False,LOW,0,0,False,LOW,0,0,True,,LOW,0,,,True,,LOW,0,,,False,LOW,0,0,True,LOW,0,,True,,LOW,0,,,True,,LOW,0,,,True,LOW,0,,True,LOW,0,,False,LOW,0,0,False,,,13,MEDIUM,MISSING_STRUCTURED,OK,HIGH,OK,OK,OK,False,True,LOW,0,,3472,True,LOW,0,,False,LOW,0,0,True,,LOW,0,,,True,,LOW,0,,,False,,,تروبرد,True,LOW,0,,1994-05-20,False,,,1500,637,False,,,بندرترکمن,False,LOW,0,0,218929,TRAIN,False,LOW,0,0,True,LOW,0,,False,LOW,0,0,2,1,0,False,LOW,0,0,True,,LOW,0,,,True,,LOW,0,,,True,LOW,0,,False,LOW,0,0,False,LOW,0,0,True,,LOW,0,,,True,,LOW,0,,,True,LOW,0,,False,LOW,0,0,False,LOW,0,0,True,,LOW,0,,,True,,LOW,0,,,False,LOW,0,0,3477,True,,LOW,0,,,True,,LOW,0,,,False,LOW,0,0,True,LOW,0,,False,LOW,0,0
True,LOW,0,,True,LOW,0,,True,LOW,0,,True,LOW,0,,True,LOW,0,,True,LOW,0,,True,LOW,0,,False,,,تروبرد,False,LOW,0,0,True,,LOW,0,,,True,,LOW,0,,,True,LOW,0,,True,LOW,0,,True,LOW,0,,False,LOW,0,0,False,LOW,0,0,True,,LOW,0,,,True,,LOW,0,,,False,LOW,0,0,True,LOW,0,,True,,LOW,0,,,True,,LOW,0,,,True,LOW,0,,True,LOW,0,,False,LOW,0,0,False,,,13,MEDIUM,MISSING_STRUCTURED,OK,HIGH,OK,INVALID_FINISH,MISSING,False,True,LOW,0,,3473,True,LOW,0,,False,LOW,0,0,True,,LOW,0,,,True,,LOW,0,,,False,,,تروبرد,True,LOW,0,,1994-05-20,False,,,1500,637,False,,,بندرترکمن,False,LOW,0,0,218930,TRAIN,False,LOW,0,0,True,LOW,0,,False,LOW,0,0,,,,False,LOW,0,0,True,,LOW,0,,,True,,LOW,0,,,True,LOW,0,,False,LOW,0,0,False,LOW,0,0,True,,LOW,0,,,True,,LOW,0,,,True,LOW,0,,True,LOW,0,,True,LOW,0,,True,,LOW,0,,,True,,LOW,0,,,True,LOW,0,,3478,True,,LOW,0,,,True,,LOW,0,,,False,LOW,0,0,True,LOW,0,,False,LOW,0,0
True,LOW,0,,True,LOW,0,,True,LOW,0,,True,LOW,0,,True,LOW,0,,True,LOW,0,,True,LOW,0,,False,,,تروبرد,False,LOW,0,0,True,,LOW,0,,,True,,LOW,0,,,True,LOW,0,,True,LOW,0,,True,LOW,0,,False,LOW,0,0,False,LOW,0,0,True,,LOW,0,,,True,,LOW,0,,,False,LOW,0,0,True,LOW,0,,True,,LOW,0,,,True,,LOW,0,,,True,LOW,0,,True,LOW,0,,False,LOW,0,0,False,,,13,MEDIUM,MISSING_STRUCTURED,OK,HIGH,OK,MISSING_FINISH,OK,False,True,LOW,0,,3487,True,LOW,0,,False,LOW,0,0,True,,LOW,0,,,True,,LOW,0,,,False,,,تروبرد,True,LOW,0,,1994-05-20,False,,,1500,637,False,,,بندرترکمن,False,LOW,0,0,218931,TRAIN,False,LOW,0,0,True,LOW,0,,False,LOW,0,0,,,,False,LOW,0,0,True,,LOW,0,,,True,,LOW,0,,,True,LOW,0,,False,LOW,0,0,False,LOW,0,0,True,,LOW,0,,,True,,LOW,0,,,True,LOW,0,,False,LOW,0,0,False,LOW,0,0,True,,LOW,0,,,True,,LOW,0,,,False,LOW,0,0,3492,True,,LOW,0,,,True,,LOW,0,,,False,LOW,0,0,True,LOW,0,,False,LOW,0,0
True,LOW,0,,True,LOW,0,,True,LOW,0,,True,LOW,0,,True,LOW,0,,True,LOW,0,,True,LOW,0,,False,,,تروبرد,False,LOW,0,0,True,,LOW,0,,,True,,LOW,0,,,True,LOW,0,,True,LOW,0,,True,LOW,0,,False,LOW,0,0,False,LOW,0,0,True,,LOW,0,,,True,,LOW,0,,,False,LOW,0,0,True,LOW,0,,True,,LOW,0,,,True,,LOW,0,,,True,LOW,0,,True,LOW,0,,False,LOW,0,0,False,,,14,MEDIUM,MISSING_STRUCTURED,OK,HIGH,OK,OK,OK,False,True,LOW,0,,3474,True,LOW,0,,False,LOW,0,0,True,,LOW,0,,,True,,LOW,0,,,False,,,تروبرد,True,LOW,0,,1994-05-20,False,,,1500,638,False,,,بندرترکمن,False,LOW,0,0,218932,TRAIN,False,LOW,0,0,True,LOW,0,,False,LOW,0,0,1,1,1,False,LOW,0,0,True,,LOW,0,,,True,,LOW,0,,,True,LOW,0,,False,LOW,0,0,False,LOW,0,0,True,,LOW,0,,,True,,LOW,0,,,False,LOW,1,4.0,False,MEDIUM-LOW,3,3,False,MEDIUM-LOW,3,3,False,0.0,MEDIUM-LOW,3,0.24382734294947583,0.24382734294947583,False,0.0,MEDIUM-LOW,3,0.08135788602506502,0.08135788602506502,False,MEDIUM-LOW,3,0,3479,True,,LOW,0,,,True,,LOW,0,,,False,LOW,0,0,True,LOW,0,,False,LOW,0,0
True,LOW,0,,True,LOW,0,,True,LOW,0,,True,LOW,0,,True,LOW,0,,True,LOW,0,,True,LOW,0,,False,,,تروبرد,False,LOW,0,0,True,,LOW,0,,,True,,LOW,0,,,True,LOW,0,,True,LOW,0,,True,LOW,0,,False,LOW,0,0,False,LOW,0,0,True,,LOW,0,,,True,,LOW,0,,,False,LOW,0,0,True,LOW,0,,True,,LOW,0,,,True,,LOW,0,,,True,LOW,0,,True,LOW,0,,False,LOW,0,0,False,,,14,MEDIUM,MISSING_STRUCTURED,OK,HIGH,OK,INVALID_FINISH,OK,False,True,LOW,0,,3475,True,LOW,0,,False,LOW,0,0,True,,LOW,0,,,True,,LOW,0,,,False,,,تروبرد,True,LOW,0,,1994-05-20,False,,,1500,638,False,,,بندرترکمن,False,LOW,0,0,218933,TRAIN,False,LOW,0,0,True,LOW,0,,False,LOW,0,0,,,,False,LOW,0,0,True,,LOW,0,,,True,,LOW,0,,,True,LOW,0,,False,LOW,0,0,False,LOW,0,0,True,,LOW,0,,,True,,LOW,0,,,True,LOW,0,,False,LOW,0,0,False,LOW,0,0,True,,LOW,0,,,True,,LOW,0,,,False,LOW,0,0,3480,True,,LOW,0,,,True,,LOW,0,,,False,LOW,0,0,True,LOW,0,,False,LOW,0,0
True,LOW,0,,True,LOW,0,,True,LOW,0,,True,LOW,0,,True,LOW,0,,True,LOW,0,,True,LOW,0,,False,,,تروبرد,False,LOW,0,0,True,,LOW,0,,,True,,LOW,0,,,True,LOW,0,,True,LOW,0,,True,LOW,0,,False,LOW,0,0,False,LOW,0,0,True,,LOW,0,,,True,,LOW,0,,,False,LOW,0,0,True,LOW,0,,True,,LOW,0,,,True,,LOW,0,,,True,LOW,0,,True,LOW,0,,False,LOW,0,0,False,,,14,MEDIUM,MISSING_STRUCTURED,OK,HIGH,OK,INVALID_FINISH,OK,False,True,LOW,0,,3476,True,LOW,0,,False,LOW,0,0,True,,LOW,0,,,True,,LOW,0,,,False,,,تروبرد,True,LOW,0,,1994-05-20,False,,,1500,638,False,,,بندرترکمن,False,LOW,0,0,218934,TRAIN,False,LOW,0,0,True,LOW,0,,False,LOW,0,0,,,,False,LOW,0,0,True,,LOW,0,,,True,,LOW,0,,,True,LOW,0,,False,LOW,0,0,False,LOW,0,0,True,,LOW,0,,,True,,LOW,0,,,True,LOW,0,,False,LOW,1,1,False,LOW,1,1,False,0.0,LOW,1,0.32510312393263446,0.32510312393263446,False,0.0,LOW,1,0.10847718136675337,0.10847718136675337,False,LOW,1,0,3481,True,,LOW,0,,,True,,LOW,0,,,False,LOW,0,0,True,LOW,0,,False,LOW,0,0
True,LOW,0,,True,LOW,0,,True,LOW,0,,True,LOW,0,,True,LOW,0,,True,LOW,0,,True,LOW,0,,False,,,تروبرد,False,LOW,0,0,True,,LOW,0,,,True,,LOW,0,,,True,LOW,0,,True,LOW,0,,True,LOW,0,,False,LOW,0,0,False,LOW,0,0,True,,LOW,0,,,True,,LOW,0,,,False,LOW,0,0,True,LOW,0,,True,,LOW,0,,,True,,LOW,0,,,True,LOW,0,,True,LOW,0,,False,LOW,0,0,False,,,14,MEDIUM,MISSING_STRUCTURED,OK,HIGH,OK,MISSING_FINISH,OK,False,True,LOW,0,,3477,True,LOW,0,,False,LOW,1,1,True,,LOW,1,,,True,,LOW,1,,,False,,,تروبرد,True,LOW,0,,1994-05-20,False,,,1500,638,False,,,بندرترکمن,False,LOW,0,0,218935,TRAIN,False,LOW,0,0,True,LOW,0,,False,LOW,0,0,,,,False,LOW,0,0,True,,LOW,0,,,True,,LOW,0,,,True,LOW,0,,False,LOW,0,0,False,LOW,0,0,True,,LOW,0,,,True,,LOW,0,,,True,LOW,0,,False,LOW,2,2,False,LOW,2,2,False,0.0,LOW,2,0.27865982051368665,0.27865982051368665,False,0.0,LOW,2,0.09298044117150288,0.09298044117150288,False,LOW,2,0,3482,True,,LOW,0,,,True,,LOW,0,,,False,LOW,0,0,True,LOW,0,,False,LOW,0,0
True,LOW,0,,True,LOW,0,,True,LOW,0,,True,LOW,0,,True,LOW,0,,True,LOW,0,,True,LOW,0,,False,,,تروبرد,False,LOW,0,0,True,,LOW,0,,,True,,LOW,0,,,True,LOW,0,,True,LOW,0,,True,LOW,0,,False,LOW,0,0,False,LOW,0,0,True,,LOW,0,,,True,,LOW,0,,,False,LOW,0,0,True,LOW,0,,True,,LOW,0,,,True,,LOW,0,,,True,LOW,0,,True,LOW,0,,False,LOW,0,0,False,,,14,MEDIUM,MISSING_STRUCTURED,OK,HIGH,OK,INVALID_FINISH,OK,False,True,LOW,0,,3478,True,LOW,0,,False,LOW,0,0,True,,LOW,0,,,True,,LOW,0,,,False,,,تروبرد,True,LOW,0,,1994-05-20,False,,,1500,638,False,,,بندرترکمن,False,LOW,0,0,218936,TRAIN,False,LOW,0,0,True,LOW,0,,False,LOW,0,0,,,,False,LOW,0,0,True,,LOW,0,,,True,,LOW,0,,,True,LOW,0,,False,LOW,0,0,False,LOW,0,0,True,,LOW,0,,,True,,LOW,0,,,True,LOW,0,,False,LOW,1,1,False,LOW,1,1,False,0.0,LOW,1,0.32510312393263446,0.32510312393263446,False,0.0,LOW,1,0.10847718136675337,0.10847718136675337,False,LOW,1,0,3483,True,,LOW,0,,,True,,LOW,0,,,False,LOW,0,0,True,LOW,0,,False,LOW,0,0
True,LOW,0,,True,LOW,0,,True,LOW,0,,True,LOW,0,,True,LOW,0,,True,LOW,0,,True,LOW,0,,False,,,تروبرد,False,LOW,0,0,True,,LOW,0,,,True,,LOW,0,,,True,LOW,0,,True,LOW,0,,True,LOW,0,,False,LOW,0,0,False,LOW,0,0,True,,LOW,0,,,True,,LOW,0,,,False,LOW,0,0,True,LOW,0,,True,,LOW,0,,,True,,LOW,0,,,True,LOW,0,,True,LOW,0,,False,LOW,0,0,False,,,14,MEDIUM,MISSING_STRUCTURED,OK,HIGH,OK,INVALID_FINISH,OK,False,True,LOW,0,,3479,True,LOW,0,,False,LOW,0,0,True,,LOW,0,,,True,,LOW,0,,,False,,,تروبرد,True,LOW,0,,1994-05-20,False,,,1500,638,False,,,بندرترکمن,False,LOW,0,0,218937,TRAIN,False,LOW,0,0,True,LOW,0,,False,LOW,0,0,,,,False,LOW,0,0,True,,LOW,0,,,True,,LOW,0,,,True,LOW,0,,False,LOW,0,0,False,LOW,0,0,True,,LOW,0,,,True,,LOW,0,,,False,LOW,1,1.0,False,LOW,1,1,False,LOW,1,1,False,1.0,LOW,1,0.4917697905993011,0.4917697905993011,False,1.0,LOW,1,0.27514384803342,0.27514384803342,False,LOW,1,1,3484,True,,LOW,0,,,True,,LOW,0,,,False,LOW,0,0,True,LOW,0,,False,LOW,0,0
True,LOW,0,,True,LOW,0,,True,LOW,0,,True,LOW,0,,True,LOW,0,,True,LOW,0,,True,LOW,0,,False,,,تروبرد,False,LOW,0,0,True,,LOW,0,,,True,,LOW,0,,,True,LOW,0,,True,LOW,0,,True,LOW,0,,False,LOW,0,0,False,LOW,0,0,True,,LOW,0,,,True,,LOW,0,,,False,LOW,0,0,True,LOW,0,,True,,LOW,0,,,True,,LOW,0,,,True,LOW,0,,True,LOW,0,,False,LOW,0,0,False,,,14,MEDIUM,MISSING_STRUCTURED,OK,HIGH,OK,OK,OK,False,True,LOW,0,,3480,True,LOW,0,,False,LOW,0,0,True,,LOW,0,,,True,,LOW,0,,,False,,,تروبرد,True,LOW,0,,1994-05-20,False,,,1500,638,False,,,بندرترکمن,False,LOW,0,0,218938,TRAIN,False,LOW,0,0,True,LOW,0,,False,LOW,0,0,2,1,0,False,LOW,0,0,True,,LOW,0,,,True,,LOW,0,,,True,LOW,0,,False,LOW,0,0,False,LOW,0,0,True,,LOW,0,,,True,,LOW,0,,,True,LOW,0,,False,LOW,0,0,False,LOW,0,0,True,,LOW,0,,,True,,LOW,0,,,False,LOW,0,0,3485,True,,LOW,0,,,True,,LOW,0,,,False,LOW,0,0,True,LOW,0,,False,LOW,0,0
True,LOW,0,,True,LOW,0,,True,LOW,0,,True,LOW,0,,True,LOW,0,,True,LOW,0,,True,LOW,0,,False,,,تروبرد,False,LOW,0,0,True,,LOW,0,,,True,,LOW,0,,,True,LOW,0,,True,LOW,0,,True,LOW,0,,False,LOW,0,0,False,LOW,0,0,True,,LOW,0,,,True,,LOW,0,,,False,LOW,0,0,True,LOW,0,,True,,LOW,0,,,True,,LOW,0,,,True,LOW,0,,True,LOW,0,,False,LOW,0,0,False,,,14,MEDIUM,MISSING_STRUCTURED,OK,HIGH,OK,OK,OK,False,True,LOW,0,,3481,True,LOW,0,,False,LOW,0,0,True,,LOW,0,,,True,,LOW,0,,,False,,,تروبرد,True,LOW,0,,1994-05-20,False,,,1500,638,False,,,بندرترکمن,False,LOW,0,0,218939,TRAIN,False,LOW,0,0,True,LOW,0,,False,LOW,0,0,4,0,0,False,LOW,0,0,True,,LOW,0,,,True,,LOW,0,,,True,LOW,0,,False,LOW,0,0,False,LOW,0,0,True,,LOW,0,,,True,,LOW,0,,,True,LOW,0,,False,LOW,0,0,False,LOW,0,0,True,,LOW,0,,,True,,LOW,0,,,False,LOW,0,0,3486,True,,LOW,0,,,True,,LOW,0,,,False,LOW,0,0,True,LOW,0,,False,LOW,0,0
True,LOW,0,,True,LOW,0,,True,LOW,0,,True,LOW,0,,True,LOW,0,,True,LOW,0,,True,LOW,0,,False,,,تروبرد,False,LOW,0,0,True,,LOW,0,,,True,,LOW,0,,,True,LOW,0,,True,LOW,0,,True,LOW,0,,False,LOW,0,0,False,LOW,0,0,True,,LOW,0,,,True,,LOW,0,,,False,LOW,0,0,True,LOW,0,,True,,LOW,0,,,True,,LOW,0,,,True,LOW,0,,True,LOW,0,,False,LOW,0,0,False,,,14,MEDIUM,MISSING_STRUCTURED,OK,HIGH,OK,INVALID_FINISH,OK,False,True,LOW,0,,3482,True,LOW,0,,False,LOW,0,0,True,,LOW,0,,,True,,LOW,0,,,False,,,تروبرد,True,LOW,0,,1994-05-20,False,,,1500,638,False,,,بندرترکمن,False,LOW,0,0,218940,TRAIN,False,LOW,0,0,True,LOW,0,,False,LOW,0,0,,,,False,LOW,0,0,True,,LOW,0,,,True,,LOW,0,,,True,LOW,0,,False,LOW,0,0,False,LOW,0,0,True,,LOW,0,,,True,,LOW,0,,,True,LOW,0,,False,LOW,0,0,False,LOW,0,0,True,,LOW,0,,,True,,LOW,0,,,False,LOW,0,0,3487,True,,LOW,0,,,True,,LOW,0,,,False,LOW,0,0,True,LOW,0,,False,LOW,0,0
True,LOW,0,,True,LOW,0,,True,LOW,0,,True,LOW,0,,True,LOW,0,,True,LOW,0,,True,LOW,0,,False,,,تروبرد,False,LOW,0,0,True,,LOW,0,,,True,,LOW,0,,,True,LOW,0,,True,LOW,0,,True,LOW,0,,False,LOW,0,0,False,LOW,0,0,True,,LOW,0,,,True,,LOW,0,,,False,LOW,0,0,True,LOW,0,,True,,LOW,0,,,True,,LOW,0,,,True,LOW,0,,True,LOW,0,,False,LOW,0,0,False,,,14,MEDIUM,MISSING_STRUCTURED,OK,HIGH,OK,INVALID_FINISH,OK,False,True,LOW,0,,3483,True,LOW,0,,False,LOW,0,0,True,,LOW,0,,,True,,LOW,0,,,False,,,تروبرد,True,LOW,0,,1994-05-20,False,,,1500,638,False,,,بندرترکمن,False,LOW,0,0,218941,TRAIN,False,LOW,0,0,True,LOW,0,,False,LOW,0,0,,,,False,LOW,0,0,True,,LOW,0,,,True,,LOW,0,,,True,LOW,0,,False,LOW,0,0,False,LOW,0,0,True,,LOW,0,,,True,,LOW,0,,,True,LOW,0,,False,LOW,1,1,False,LOW,1,1,False,0.0,LOW,1,0.32510312393263446,0.32510312393263446,False,0.0,LOW,1,0.10847718136675337,0.10847718136675337,False,LOW,1,0,3488,True,,LOW,0,,,True,,LOW,0,,,False,LOW,0,0,True,LOW,0,,False,LOW,0,0
True,LOW,0,,True,LOW,0,,True,LOW,0,,True,LOW,0,,True,LOW,0,,True,LOW,0,,True,LOW,0,,False,,,تروبرد,False,LOW,0,0,True,,LOW,0,,,True,,LOW,0,,,True,LOW,0,,True,LOW,0,,True,LOW,0,,False,LOW,0,0,False,LOW,0,0,True,,LOW,0,,,True,,LOW,0,,,False,LOW,0,0,True,LOW,0,,True,,LOW,0,,,True,,LOW,0,,,True,LOW,0,,True,LOW,0,,False,LOW,0,0,False,,,14,MEDIUM,MISSING_STRUCTURED,OK,HIGH,OK,INVALID_FINISH,OK,False,True,LOW,0,,3484,True,LOW,0,,False,LOW,0,0,True,,LOW,0,,,True,,LOW,0,,,False,,,تروبرد,True,LOW,0,,1994-05-20,False,,,1500,638,False,,,بندرترکمن,False,LOW,0,0,218942,TRAIN,False,LOW,0,0,True,LOW,0,,False,LOW,0,0,,,,False,LOW,0,0,True,,LOW,0,,,True,,LOW,0,,,True,LOW,0,,False,LOW,0,0,False,LOW,0,0,True,,LOW,0,,,True,,LOW,0,,,True,LOW,0,,False,LOW,1,1,False,LOW,1,1,False,0.0,LOW,1,0.32510312393263446,0.32510312393263446,False,0.0,LOW,1,0.10847718136675337,0.10847718136675337,False,LOW,1,0,3489,True,,LOW,0,,,True,,LOW,0,,,False,LOW,0,0,True,LOW,0,,False,LOW,0,0
True,LOW,0,,True,LOW,0,,True,LOW,0,,True,LOW,0,,True,LOW,0,,True,LOW,0,,True,LOW,0,,False,,,تروبرد,False,LOW,0,0,True,,LOW,0,,,True,,LOW,0,,,True,LOW,0,,True,LOW,0,,True,LOW,0,,False,LOW,0,0,False,LOW,0,0,True,,LOW,0,,,True,,LOW,0,,,False,LOW,0,0,True,LOW,0,,True,,LOW,0,,,True,,LOW,0,,,True,LOW,0,,True,LOW,0,,False,LOW,0,0,False,,,14,MEDIUM,MISSING_STRUCTURED,OK,HIGH,OK,OK,OK,False,True,LOW,0,,3485,True,LOW,0,,False,LOW,0,0,True,,LOW,0,,,True,,LOW,0,,,False,,,تروبرد,True,LOW,0,,1994-05-20,False,,,1500,638,False,,,بندرترکمن,False,LOW,0,0,218943,TRAIN,False,LOW,0,0,True,LOW,0,,False,LOW,0,0,3,1,0,False,LOW,0,0,True,,LOW,0,,,True,,LOW,0,,,True,LOW,0,,False,LOW,0,0,False,LOW,0,0,True,,LOW,0,,,True,,LOW,0,,,True,LOW,0,,False,LOW,1,1,False,LOW,1,1,False,0.0,LOW,1,0.32510312393263446,0.32510312393263446,False,0.0,LOW,1,0.10847718136675337,0.10847718136675337,False,LOW,1,0,3490,True,,LOW,0,,,True,,LOW,0,,,False,LOW,0,0,True,LOW,0,,False,LOW,0,0
True,LOW,0,,True,LOW,0,,True,LOW,0,,True,LOW,0,,True,LOW,0,,True,LOW,0,,True,LOW,0,,False,,,تروبرد,False,LOW,0,0,True,,LOW,0,,,True,,LOW,0,,,True,LOW,0,,True,LOW,0,,True,LOW,0,,False,LOW,0,0,False,LOW,0,0,True,,LOW,0,,,True,,LOW,0,,,False,LOW,0,0,True,LOW,0,,True,,LOW,0,,,True,,LOW,0,,,True,LOW,0,,True,LOW,0,,False,LOW,0,0,False,,,14,MEDIUM,MISSING_STRUCTURED,OK,HIGH,OK,INVALID_FINISH,OK,False,True,LOW,0,,3486,True,LOW,0,,False,LOW,0,0,True,,LOW,0,,,True,,LOW,0,,,False,,,تروبرد,True,LOW,0,,1994-05-20,False,,,1500,638,False,,,بندرترکمن,False,LOW,0,0,218944,TRAIN,False,LOW,0,0,True,LOW,0,,False,LOW,0,0,,,,False,LOW,0,0,True,,LOW,0,,,True,,LOW,0,,,True,LOW,0,,False,LOW,0,0,False,LOW,0,0,True,,LOW,0,,,True,,LOW,0,,,False,LOW,1,2.0,False,LOW,1,1,False,LOW,1,1,False,1.0,LOW,1,0.4917697905993011,0.4917697905993011,False,0.0,LOW,1,0.10847718136675337,0.10847718136675337,False,LOW,1,0,3491,True,,LOW,0,,,True,,LOW,0,,,False,LOW,0,0,True,LOW,0,,False,LOW,0,0
True,LOW,0,,True,LOW,0,,True,LOW,0,,True,LOW,0,,True,LOW,0,,True,LOW,0,,True,LOW,0,,False,,,تروبرد,False,LOW,1,1,False,0.0,LOW,1,0.32510312393263446,0.32510312393263446,False,0.0,LOW,1,0.10847718136675337,0.10847718136675337,True,LOW,0,,True,LOW,0,,True,LOW,0,,False,LOW,1,0,False,LOW,1,1,False,0.0,LOW,1,0.32510312393263446,0.32510312393263446,False,0.0,LOW,1,0.10847718136675337,0.10847718136675337,False,LOW,1,0,True,LOW,0,,True,,LOW,0,,,True,,LOW,0,,,False,LOW,1,0,False,LOW,1,0.0,False,LOW,1,1,False,,,14,MEDIUM,MISSING_STRUCTURED,OK,HIGH,OK,INVALID_FINISH,OK,False,True,LOW,0,,3487,True,LOW,0,,False,LOW,1,1,True,,LOW,1,,,True,,LOW,1,,,False,,,تروبرد,True,LOW,0,,1994-05-20,False,,,1500,638,False,,,بندرترکمن,False,LOW,1,1,218945,TRAIN,False,LOW,1,1,True,LOW,0,,False,LOW,1,1,,,,False,LOW,1,0,True,,LOW,0,,,False,0.0,LOW,1,0.32510312393263446,0.32510312393263446,True,LOW,0,,False,LOW,1,0,False,LOW,1,1,False,0.0,LOW,1,0.32510312393263446,0.32510312393263446,False,0.0,LOW,1,0.10847718136675337,0.10847718136675337,True,LOW,0,,False,LOW,1,1,False,LOW,1,1,False,0.0,LOW,1,0.32510312393263446,0.32510312393263446,False,0.0,LOW,1,0.10847718136675337,0.10847718136675337,False,LOW,1,0,3492,True,,LOW,0,,,False,0.0,LOW,1,0.10847718136675337,0.10847718136675337,False,LOW,1,0,True,LOW,0,,False,LOW,1,0
True,LOW,0,,True,LOW,0,,True,LOW,0,,True,LOW,0,,True,LOW,0,,True,LOW,0,,True,LOW,0,,False,,,تروبرد,False,LOW,0,0,True,,LOW,0,,,True,,LOW,0,,,True,LOW,0,,True,LOW,0,,True,LOW,0,,False,LOW,0,0,False,LOW,0,0,True,,LOW,0,,,True,,LOW,0,,,False,LOW,0,0,True,LOW,0,,True,,LOW,0,,,True,,LOW,0,,,True,LOW,0,,True,LOW,0,,False,LOW,0,0,False,,,16,MEDIUM,MISSING_STRUCTURED,OK,HIGH,OK,INVALID_FINISH,OK,False,True,LOW,0,,3488,True,LOW,0,,False,LOW,0,0,True,,LOW,0,,,True,,LOW,0,,,False,,,تروبرد,True,LOW,0,,1994-05-20,False,,,1500,639,False,,,بندرترکمن,False,LOW,0,0,218946,TRAIN,False,LOW,0,0,True,LOW,0,,False,LOW,0,0,,,,False,LOW,0,0,True,,LOW,0,,,True,,LOW,0,,,True,LOW,0,,False,LOW,0,0,False,LOW,0,0,True,,LOW,0,,,True,,LOW,0,,,True,LOW,0,,False,MEDIUM-LOW,3,3,False,MEDIUM-LOW,3,3,False,0.0,MEDIUM-LOW,3,0.24382734294947583,0.24382734294947583,False,0.0,MEDIUM-LOW,3,0.08135788602506502,0.08135788602506502,False,MEDIUM-LOW,3,0,3493,True,,LOW,0,,,True,,LOW,0,,,False,LOW,0,0,True,LOW,0,,False,LOW,0,0
True,LOW,0,,True,LOW,0,,True,LOW,0,,True,LOW,0,,True,LOW,0,,True,LOW,0,,True,LOW,0,,False,,,تروبرد,False,LOW,0,0,True,,LOW,0,,,True,,LOW,0,,,True,LOW,0,,True,LOW,0,,True,LOW,0,,False,LOW,0,0,False,LOW,0,0,True,,LOW,0,,,True,,LOW,0,,,False,LOW,0,0,True,LOW,0,,True,,LOW,0,,,True,,LOW,0,,,True,LOW,0,,True,LOW,0,,False,LOW,0,0,False,,,16,MEDIUM,MISSING_STRUCTURED,OK,HIGH,OK,INVALID_FINISH,OK,False,True,LOW,0,,3489,True,LOW,0,,False,LOW,0,0,True,,LOW,0,,,True,,LOW,0,,,False,,,تروبرد,True,LOW,0,,1994-05-20,False,,,1500,639,False,,,بندرترکمن,False,LOW,0,0,218947,TRAIN,False,LOW,0,0,True,LOW,0,,False,LOW,0,0,,,,False,LOW,0,0,True,,LOW,0,,,True,,LOW,0,,,True,LOW,0,,False,LOW,0,0,False,LOW,0,0,True,,LOW,0,,,True,,LOW,0,,,True,LOW,0,,False,LOW,1,1,False,LOW,1,1,False,0.0,LOW,1,0.32510312393263446,0.32510312393263446,False,0.0,LOW,1,0.10847718136675337,0.10847718136675337,False,LOW,1,0,3494,True,,LOW,0,,,True,,LOW,0,,,False,LOW,0,0,True,LOW,0,,False,LOW,0,0
True,LOW,0,,True,LOW,0,,True,LOW,0,,True,LOW,0,,True,LOW,0,,True,LOW,0,,True,LOW,0,,False,,,تروبرد,False,LOW,0,0,True,,LOW,0,,,True,,LOW,0,,,True,LOW,0,,True,LOW,0,,True,LOW,0,,False,LOW,0,0,False,LOW,0,0,True,,LOW,0,,,True,,LOW,0,,,False,LOW,0,0,True,LOW,0,,True,,LOW,0,,,True,,LOW,0,,,True,LOW,0,,True,LOW,0,,False,LOW,0,0,False,,,16,MEDIUM,MISSING_STRUCTURED,OK,HIGH,OK,INVALID_FINISH,OK,False,True,LOW,0,,3490,True,LOW,0,,False,LOW,0,0,True,,LOW,0,,,True,,LOW,0,,,False,,,تروبرد,True,LOW,0,,1994-05-20,False,,,1500,639,False,,,بندرترکمن,False,LOW,0,0,218948,TRAIN,False,LOW,0,0,True,LOW,0,,False,LOW,0,0,,,,False,LOW,0,0,True,,LOW,0,,,True,,LOW,0,,,True,LOW,0,,False,LOW,0,0,False,LOW,0,0,True,,LOW,0,,,True,,LOW,0,,,False,LOW,2,2.5,False,MEDIUM-LOW,4,4,False,MEDIUM-LOW,4,4,False,0.25,MEDIUM-LOW,4,0.32784652706620077,0.32784652706620077,False,0.25,MEDIUM-LOW,4,0.18342923202228,0.18342923202228,False,MEDIUM-LOW,4,1,3495,True,,LOW,0,,,True,,LOW,0,,,False,LOW,0,0,True,LOW,0,,False,LOW,0,0
True,LOW,0,,True,LOW,0,,True,LOW,0,,True,LOW,0,,True,LOW,0,,True,LOW,0,,True,LOW,0,,False,,,تروبرد,False,LOW,0,0,True,,LOW,0,,,True,,LOW,0,,,True,LOW,0,,True,LOW,0,,True,LOW,0,,False,LOW,0,0,False,LOW,0,0,True,,LOW,0,,,True,,LOW,0,,,False,LOW,0,0,True,LOW,0,,True,,LOW,0,,,True,,LOW,0,,,True,LOW,0,,True,LOW,0,,False,LOW,0,0,False,,,16,MEDIUM,MISSING_STRUCTURED,OK,HIGH,OK,OK,OK,False,True,LOW,0,,3491,True,LOW,0,,False,LOW,0,0,True,,LOW,0,,,True,,LOW,0,,,False,,,تروبرد,True,LOW,0,,1994-05-20,False,,,1500,639,False,,,بندرترکمن,False,LOW,0,0,218949,TRAIN,False,LOW,0,0,True,LOW,0,,False,LOW,0,0,5,0,0,False,LOW,0,0,True,,LOW,0,,,True,,LOW,0,,,True,LOW,0,,False,LOW,0,0,False,LOW,0,0,True,,LOW,0,,,True,,LOW,0,,,False,LOW,1,4.0,False,LOW,1,1,False,LOW,1,1,False,0.0,LOW,1,0.32510312393263446,0.32510312393263446,False,0.0,LOW,1,0.10847718136675337,0.10847718136675337,False,LOW,1,0,3496,True,,LOW,0,,,True,,LOW,0,,,False,LOW,0,0,True,LOW,0,,False,LOW,0,0
True,LOW,0,,True,LOW,0,,True,LOW,0,,True,LOW,0,,True,LOW,0,,True,LOW,0,,True,LOW,0,,False,,,تروبرد,False,LOW,0,0,True,,LOW,0,,,True,,LOW,0,,,True,LOW,0,,True,LOW,0,,True,LOW,0,,False,LOW,0,0,False,LOW,0,0,True,,LOW,0,,,True,,LOW,0,,,False,LOW,0,0,True,LOW,0,,True,,LOW,0,,,True,,LOW,0,,,True,LOW,0,,True,LOW,0,,False,LOW,0,0,False,,,16,MEDIUM,MISSING_STRUCTURED,OK,HIGH,OK,INVALID_FINISH,OK,False,True,LOW,0,,3492,True,LOW,0,,False,LOW,0,0,True,,LOW,0,,,True,,LOW,0,,,False,,,تروبرد,True,LOW,0,,1994-05-20,False,,,1500,639,False,,,بندرترکمن,False,LOW,0,0,218950,TRAIN,False,LOW,0,0,True,LOW,0,,False,LOW,0,0,,,,False,LOW,0,0,True,,LOW,0,,,True,,LOW,0,,,True,LOW,0,,False,LOW,0,0,False,LOW,0,0,True,,LOW,0,,,True,,LOW,0,,,True,LOW,0,,False,LOW,1,1,False,LOW,1,1,False,0.0,LOW,1,0.32510312393263446,0.32510312393263446,False,0.0,LOW,1,0.10847718136675337,0.10847718136675337,False,LOW,1,0,3497,True,,LOW,0,,,True,,LOW,0,,,False,LOW,0,0,True,LOW,0,,False,LOW,0,0
True,LOW,0,,True,LOW,0,,True,LOW,0,,True,LOW,0,,True,LOW,0,,True,LOW,0,,True,LOW,0,,False,,,تروبرد,False,LOW,0,0,True,,LOW,0,,,True,,LOW,0,,,True,LOW,0,,True,LOW,0,,True,LOW,0,,False,LOW,0,0,False,LOW,0,0,True,,LOW,0,,,True,,LOW,0,,,False,LOW,0,0,True,LOW,0,,True,,LOW,0,,,True,,LOW,0,,,True,LOW,0,,True,LOW,0,,False,LOW,0,0,False,,,16,MEDIUM,MISSING_STRUCTURED,OK,HIGH,OK,OK,OK,False,True,LOW,0,,3493,True,LOW,0,,False,LOW,0,0,True,,LOW,0,,,True,,LOW,0,,,False,,,تروبرد,True,LOW,0,,1994-05-20,False,,,1500,639,False,,,بندرترکمن,False,LOW,0,0,218951,TRAIN,False,LOW,0,0,True,LOW,0,,False,LOW,0,0,3,1,0,False,LOW,0,0,True,,LOW,0,,,True,,LOW,0,,,True,LOW,0,,False,LOW,0,0,False,LOW,0,0,True,,LOW,0,,,True,,LOW,0,,,True,LOW,0,,False,LOW,2,2,False,LOW,2,2,False,0.0,LOW,2,0.27865982051368665,0.27865982051368665,False,0.0,LOW,2,0.09298044117150288,0.09298044117150288,False,LOW,2,0,3498,True,,LOW,0,,,True,,LOW,0,,,False,LOW,0,0,True,LOW,0,,False,LOW,0,0
True,LOW,0,,True,LOW,0,,True,LOW,0,,True,LOW,0,,True,LOW,0,,True,LOW,0,,True,LOW,0,,False,,,تروبرد,False,LOW,0,0,True,,LOW,0,,,True,,LOW,0,,,True,LOW,0,,True,LOW,0,,True,LOW,0,,False,LOW,0,0,False,LOW,0,0,True,,LOW,0,,,True,,LOW,0,,,False,LOW,0,0,True,LOW,0,,True,,LOW,0,,,True,,LOW,0,,,True,LOW,0,,True,LOW,0,,False,LOW,0,0,False,,,16,MEDIUM,MISSING_STRUCTURED,OK,HIGH,OK,INVALID_FINISH,OK,False,True,LOW,0,,3494,True,LOW,0,,False,LOW,0,0,True,,LOW,0,,,True,,LOW,0,,,False,,,تروبرد,True,LOW,0,,1994-05-20,False,,,1500,639,False,,,بندرترکمن,False,LOW,0,0,218952,TRAIN,False,LOW,0,0,True,LOW,0,,False,LOW,0,0,,,,False,LOW,0,0,True,,LOW,0,,,True,,LOW,0,,,True,LOW,0,,False,LOW,0,0,False,LOW,0,0,True,,LOW,0,,,True,,LOW,0,,,True,LOW,0,,False,LOW,0,0,False,LOW,0,0,True,,LOW,0,,,True,,LOW,0,,,False,LOW,0,0,3499,True,,LOW,0,,,True,,LOW,0,,,False,LOW,0,0,True,LOW,0,,False,LOW,0,0
True,LOW,0,,True,LOW,0,,True,LOW,0,,True,LOW,0,,True,LOW,0,,True,LOW,0,,True,LOW,0,,False,,,تروبرد,False,LOW,0,0,True,,LOW,0,,,True,,LOW,0,,,True,LOW,0,,True,LOW,0,,True,LOW,0,,False,LOW,0,0,False,LOW,0,0,True,,LOW,0,,,True,,LOW,0,,,False,LOW,0,0,True,LOW,0,,True,,LOW,0,,,True,,LOW,0,,,True,LOW,0,,True,LOW,0,,False,LOW,0,0,False,,,16,MEDIUM,MISSING_STRUCTURED,OK,HIGH,OK,INVALID_FINISH,OK,False,True,LOW,0,,3495,True,LOW,0,,False,LOW,0,0,True,,LOW,0,,,True,,LOW,0,,,False,,,تروبرد,True,LOW,0,,1994-05-20,False,,,1500,639,False,,,بندرترکمن,False,LOW,0,0,218953,TRAIN,False,LOW,0,0,True,LOW,0,,False,LOW,0,0,,,,False,LOW,0,0,True,,LOW,0,,,True,,LOW,0,,,True,LOW,0,,False,LOW,0,0,False,LOW,0,0,True,,LOW,0,,,True,,LOW,0,,,True,LOW,0,,False,LOW,1,1,False,LOW,1,1,False,0.0,LOW,1,0.32510312393263446,0.32510312393263446,False,0.0,LOW,1,0.10847718136675337,0.10847718136675337,False,LOW,1,0,3500,True,,LOW,0,,,True,,LOW,0,,,False,LOW,0,0,True,LOW,0,,False,LOW,0,0
True,LOW,0,,True,LOW,0,,True,LOW,0,,True,LOW,0,,True,LOW,0,,True,LOW,0,,True,LOW,0,,False,,,تروبرد,False,LOW,0,0,True,,LOW,0,,,True,,LOW,0,,,True,LOW,0,,True,LOW,0,,True,LOW,0,,False,LOW,0,0,False,LOW,0,0,True,,LOW,0,,,True,,LOW,0,,,False,LOW,0,0,True,LOW,0,,True,,LOW,0,,,True,,LOW,0,,,True,LOW,0,,True,LOW,0,,False,LOW,0,0,False,,,16,MEDIUM,MISSING_STRUCTURED,OK,HIGH,OK,OK,MISSING,False,True,LOW,0,,3496,True,LOW,0,,False,LOW,0,0,True,,LOW,0,,,True,,LOW,0,,,False,,,تروبرد,True,LOW,0,,1994-05-20,False,,,1500,639,False,,,بندرترکمن,False,LOW,0,0,218954,TRAIN,False,LOW,0,0,True,LOW,0,,False,LOW,0,0,1,1,1,False,LOW,0,0,True,,LOW,0,,,True,,LOW,0,,,True,LOW,0,,False,LOW,0,0,False,LOW,0,0,True,,LOW,0,,,True,,LOW,0,,,True,LOW,0,,True,LOW,0,,True,LOW,0,,True,,LOW,0,,,True,,LOW,0,,,True,LOW,0,,3501,True,,LOW,0,,,True,,LOW,0,,,False,LOW,0,0,True,LOW,0,,False,LOW,0,0
True,LOW,0,,True,LOW,0,,True,LOW,0,,True,LOW,0,,True,LOW,0,,True,LOW,0,,True,LOW,0,,False,,,تروبرد,False,LOW,0,0,True,,LOW,0,,,True,,LOW,0,,,True,LOW,0,,True,LOW,0,,True,LOW,0,,False,LOW,0,0,False,LOW,0,0,True,,LOW,0,,,True,,LOW,0,,,False,LOW,0,0,True,LOW,0,,True,,LOW,0,,,True,,LOW,0,,,True,LOW,0,,True,LOW,0,,False,LOW,0,0,False,,,16,MEDIUM,MISSING_STRUCTURED,OK,HIGH,OK,INVALID_FINISH,OK,False,True,LOW,0,,3497,True,LOW,0,,False,LOW,0,0,True,,LOW,0,,,True,,LOW,0,,,False,,,تروبرد,True,LOW,0,,1994-05-20,False,,,1500,639,False,,,بندرترکمن,False,LOW,0,0,218955,TRAIN,False,LOW,0,0,True,LOW,0,,False,LOW,0,0,,,,False,LOW,0,0,True,,LOW,0,,,True,,LOW,0,,,True,LOW,0,,False,LOW,0,0,False,LOW,0,0,True,,LOW,0,,,True,,LOW,0,,,True,LOW,0,,False,MEDIUM-LOW,4,4,False,MEDIUM-LOW,4,4,False,0.0,MEDIUM-LOW,4,0.21673541595508963,0.21673541595508963,False,0.0,MEDIUM-LOW,4,0.0723181209111689,0.0723181209111689,False,MEDIUM-LOW,4,0,3502,True,,LOW,0,,,True,,LOW,0,,,False,LOW,0,0,True,LOW,0,,False,LOW,0,0
True,LOW,0,,True,LOW,0,,True,LOW,0,,True,LOW,0,,True,LOW,0,,True,LOW,0,,True,LOW,0,,False,,,تروبرد,False,LOW,0,0,True,,LOW,0,,,True,,LOW,0,,,True,LOW,0,,True,LOW,0,,True,LOW,0,,False,LOW,0,0,False,LOW,0,0,True,,LOW,0,,,True,,LOW,0,,,False,LOW,0,0,True,LOW,0,,True,,LOW,0,,,True,,LOW,0,,,True,LOW,0,,True,LOW,0,,False,LOW,0,0,False,,,16,MEDIUM,MISSING_STRUCTURED,OK,HIGH,OK,INVALID_FINISH,OK,False,True,LOW,0,,3498,True,LOW,0,,False,LOW,0,0,True,,LOW,0,,,True,,LOW,0,,,False,,,تروبرد,True,LOW,0,,1994-05-20,False,,,1500,639,False,,,بندرترکمن,False,LOW,0,0,218956,TRAIN,False,LOW,0,0,True,LOW,0,,False,LOW,0,0,,,,False,LOW,0,0,True,,LOW,0,,,True,,LOW,0,,,True,LOW,0,,False,LOW,0,0,False,LOW,0,0,True,,LOW,0,,,True,,LOW,0,,,False,LOW,1,2.0,False,LOW,1,1,False,LOW,1,1,False,1.0,LOW,1,0.4917697905993011,0.4917697905993011,False,0.0,LOW,1,0.10847718136675337,0.10847718136675337,False,LOW,1,0,3503,True,,LOW,0,,,True,,LOW,0,,,False,LOW,0,0,True,LOW,0,,False,LOW,0,0
True,LOW,0,,True,LOW,0,,True,LOW,0,,True,LOW,0,,True,LOW,0,,True,LOW,0,,True,LOW,0,,False,,,تروبرد,False,LOW,0,0,True,,LOW,0,,,True,,LOW,0,,,True,LOW,0,,True,LOW,0,,True,LOW,0,,False,LOW,0,0,False,LOW,0,0,True,,LOW,0,,,True,,LOW,0,,,False,LOW,0,0,True,LOW,0,,True,,LOW,0,,,True,,LOW,0,,,True,LOW,0,,True,LOW,0,,False,LOW,0,0,False,,,16,MEDIUM,MISSING_STRUCTURED,OK,HIGH,OK,OK,OK,False,True,LOW,0,,3499,True,LOW,0,,False,LOW,0,0,True,,LOW,0,,,True,,LOW,0,,,False,,,تروبرد,True,LOW,0,,1994-05-20,False,,,1500,639,False,,,بندرترکمن,False,LOW,0,0,218957,TRAIN,False,LOW,0,0,True,LOW,0,,False,LOW,0,0,2,1,0,False,LOW,0,0,True,,LOW,0,,,True,,LOW,0,,,True,LOW,0,,False,LOW,0,0,False,LOW,0,0,True,,LOW,0,,,True,,LOW,0,,,True,LOW,0,,False,LOW,2,2,False,LOW,2,2,False,0.0,LOW,2,0.27865982051368665,0.27865982051368665,False,0.0,LOW,2,0.09298044117150288,0.09298044117150288,False,LOW,2,0,3504,True,,LOW,0,,,True,,LOW,0,,,False,LOW,0,0,True,LOW,0,,False,LOW,0,0
True,LOW,0,,True,LOW,0,,True,LOW,0,,True,LOW,0,,True,LOW,0,,True,LOW,0,,True,LOW,0,,False,,,تروبرد,False,LOW,0,0,True,,LOW,0,,,True,,LOW,0,,,True,LOW,0,,True,LOW,0,,True,LOW,0,,False,LOW,0,0,False,LOW,0,0,True,,LOW,0,,,True,,LOW,0,,,False,LOW,0,0,True,LOW,0,,True,,LOW,0,,,True,,LOW,0,,,True,LOW,0,,True,LOW,0,,False,LOW,0,0,False,,,16,MEDIUM,MISSING_STRUCTURED,OK,HIGH,OK,INVALID_FINISH,OK,False,True,LOW,0,,3500,True,LOW,0,,False,LOW,0,0,True,,LOW,0,,,True,,LOW,0,,,False,,,تروبرد,True,LOW,0,,1994-05-20,False,,,1500,639,False,,,بندرترکمن,False,LOW,0,0,218958,TRAIN,False,LOW,0,0,True,LOW,0,,False,LOW,0,0,,,,False,LOW,0,0,True,,LOW,0,,,True,,LOW,0,,,True,LOW,0,,False,LOW,0,0,False,LOW,0,0,True,,LOW,0,,,True,,LOW,0,,,True,LOW,0,,False,LOW,1,1,False,LOW,1,1,False,0.0,LOW,1,0.32510312393263446,0.32510312393263446,False,0.0,LOW,1,0.10847718136675337,0.10847718136675337,False,LOW,1,0,3505,True,,LOW,0,,,True,,LOW,0,,,False,LOW,0,0,True,LOW,0,,False,LOW,0,0
True,LOW,0,,True,LOW,0,,True,LOW,0,,True,LOW,0,,True,LOW,0,,True,LOW,0,,True,LOW,0,,False,,,تروبرد,False,LOW,0,0,True,,LOW,0,,,True,,LOW,0,,,True,LOW,0,,True,LOW,0,,True,LOW,0,,False,LOW,0,0,False,LOW,0,0,True,,LOW,0,,,True,,LOW,0,,,False,LOW,0,0,True,LOW,0,,True,,LOW,0,,,True,,LOW,0,,,True,LOW,0,,True,LOW,0,,False,LOW,0,0,False,,,16,MEDIUM,MISSING_STRUCTURED,OK,HIGH,OK,INVALID_FINISH,OK,False,True,LOW,0,,3501,True,LOW,0,,False,LOW,0,0,True,,LOW,0,,,True,,LOW,0,,,False,,,تروبرد,True,LOW,0,,1994-05-20,False,,,1500,639,False,,,بندرترکمن,False,LOW,0,0,218959,TRAIN,False,LOW,0,0,True,LOW,0,,False,LOW,0,0,,,,False,LOW,0,0,True,,LOW,0,,,True,,LOW,0,,,True,LOW,0,,False,LOW,0,0,False,LOW,0,0,True,,LOW,0,,,True,,LOW,0,,,False,LOW,2,2.5,False,MEDIUM,5,5,False,MEDIUM,5,5,False,0.2,MEDIUM,5,0.29506187435958064,0.29506187435958064,False,0.2,MEDIUM,5,0.165086308820052,0.165086308820052,False,MEDIUM,5,1,3506,True,,LOW,0,,,True,,LOW,0,,,False,LOW,0,0,True,LOW,0,,False,LOW,0,0
True,LOW,0,,True,LOW,0,,True,LOW,0,,True,LOW,0,,True,LOW,0,,True,LOW,0,,True,LOW,0,,False,,,تروبرد,False,LOW,0,0,True,,LOW,0,,,True,,LOW,0,,,True,LOW,0,,True,LOW,0,,True,LOW,0,,False,LOW,0,0,False,LOW,0,0,True,,LOW,0,,,True,,LOW,0,,,False,LOW,0,0,True,LOW,0,,True,,LOW,0,,,True,,LOW,0,,,True,LOW,0,,True,LOW,0,,False,LOW,0,0,False,,,16,MEDIUM,MISSING_STRUCTURED,OK,HIGH,OK,INVALID_FINISH,OK,False,True,LOW,0,,3502,True,LOW,0,,False,LOW,0,0,True,,LOW,0,,,True,,LOW,0,,,False,,,تروبرد,True,LOW,0,,1994-05-20,False,,,1500,639,False,,,بندرترکمن,False,LOW,0,0,218960,TRAIN,False,LOW,0,0,True,LOW,0,,False,LOW,0,0,,,,False,LOW,0,0,True,,LOW,0,,,True,,LOW,0,,,True,LOW,0,,False,LOW,0,0,False,LOW,0,0,True,,LOW,0,,,True,,LOW,0,,,True,LOW,0,,False,LOW,2,2,False,LOW,2,2,False,0.0,LOW,2,0.27865982051368665,0.27865982051368665,False,0.0,LOW,2,0.09298044117150288,0.09298044117150288,False,LOW,2,0,3507,True,,LOW,0,,,True,,LOW,0,,,False,LOW,0,0,True,LOW,0,,False,LOW,0,0
True,LOW,0,,True,LOW,0,,True,LOW,0,,True,LOW,0,,True,LOW,0,,True,LOW,0,,True,LOW,0,,False,,,تروبرد,False,LOW,0,0,True,,LOW,0,,,True,,LOW,0,,,True,LOW,0,,True,LOW,0,,True,LOW,0,,False,LOW,0,0,False,LOW,0,0,True,,LOW,0,,,True,,LOW,0,,,False,LOW,0,0,True,LOW,0,,True,,LOW,0,,,True,,LOW,0,,,True,LOW,0,,True,LOW,0,,False,LOW,0,0,False,,,16,MEDIUM,MISSING_STRUCTURED,OK,HIGH,OK,OK,OK,False,True,LOW,0,,3503,True,LOW,0,,False,LOW,0,0,True,,LOW,0,,,True,,LOW,0,,,False,,,تروبرد,True,LOW,0,,1994-05-20,False,,,1500,639,False,,,بندرترکمن,False,LOW,0,0,218961,TRAIN,False,LOW,0,0,True,LOW,0,,False,LOW,0,0,4,0,0,False,LOW,0,0,True,,LOW,0,,,True,,LOW,0,,,True,LOW,0,,False,LOW,0,0,False,LOW,0,0,True,,LOW,0,,,True,,LOW,0,,,False,LOW,1,4.0,False,LOW,1,1,False,LOW,1,1,False,0.0,LOW,1,0.32510312393263446,0.32510312393263446,False,0.0,LOW,1,0.10847718136675337,0.10847718136675337,False,LOW,1,0,3508,True,,LOW,0,,,True,,LOW,0,,,False,LOW,0,0,True,LOW,0,,False,LOW,0,0
True,LOW,0,,False,,,50.0,True,LOW,0,,True,LOW,0,,True,LOW,0,,True,LOW,0,,True,LOW,0,,False,,,تروبرد,False,LOW,0,0,True,,LOW,0,,,True,,LOW,0,,,True,LOW,0,,True,LOW,0,,True,LOW,0,,False,LOW,0,0,False,LOW,0,0,True,,LOW,0,,,True,,LOW,0,,,False,LOW,0,0,True,LOW,0,,True,,LOW,0,,,True,,LOW,0,,,True,LOW,0,,True,LOW,0,,False,LOW,0,0,False,,,9,MEDIUM,MISSING_STRUCTURED,OK,HIGH,OK,INVALID_FINISH,OK,False,True,LOW,0,,3504,True,LOW,0,,False,LOW,0,0,True,,LOW,0,,,True,,LOW,0,,,False,,,تروبرد,True,LOW,0,,1994-05-20,False,,,1600,640,False,,,بندرترکمن,False,LOW,0,0,218962,TRAIN,False,LOW,0,0,True,LOW,0,,False,LOW,0,0,,,,False,LOW,0,0,True,,LOW,0,,,True,,LOW,0,,,True,LOW,0,,False,LOW,0,0,False,LOW,0,0,True,,LOW,0,,,True,,LOW,0,,,True,LOW,0,,False,LOW,2,2,False,LOW,2,2,False,0.0,LOW,2,0.27865982051368665,0.27865982051368665,False,0.0,LOW,2,0.09298044117150288,0.09298044117150288,False,LOW,2,0,3509,True,,LOW,0,,,True,,LOW,0,,,False,LOW,0,0,True,LOW,0,,False,LOW,0,0
True,LOW,0,,False,,,51.0,True,LOW,0,,True,LOW,0,,True,LOW,0,,True,LOW,0,,True,LOW,0,,False,,,تروبرد,False,LOW,0,0,True,,LOW,0,,,True,,LOW,0,,,True,LOW,0,,True,LOW,0,,True,LOW,0,,False,LOW,0,0,False,LOW,0,0,True,,LOW,0,,,True,,LOW,0,,,False,LOW,0,0,True,LOW,0,,True,,LOW,0,,,True,,LOW,0,,,True,LOW,0,,True,LOW,0,,False,LOW,0,0,False,,,9,MEDIUM,MISSING_STRUCTURED,OK,HIGH,OK,OK,OK,False,True,LOW,0,,3505,True,LOW,0,,False,LOW,1,1,True,,LOW,1,,,True,,LOW,1,,,False,,,تروبرد,True,LOW,0,,1994-05-20,False,,,1600,640,False,,,بندرترکمن,False,LOW,0,0,218963,TRAIN,False,LOW,0,0,True,LOW,0,,False,LOW,0,0,1,1,1,False,LOW,0,0,True,,LOW,0,,,True,,LOW,0,,,True,LOW,0,,False,LOW,0,0,False,LOW,0,0,True,,LOW,0,,,True,,LOW,0,,,False,LOW,1,2.0,False,MEDIUM-LOW,3,3,False,MEDIUM-LOW,3,3,False,0.3333333333333333,MEDIUM-LOW,3,0.36882734294947583,0.36882734294947583,False,0.0,MEDIUM-LOW,3,0.08135788602506502,0.08135788602506502,False,MEDIUM-LOW,3,0,3510,True,,LOW,0,,,True,,LOW,0,,,False,LOW,0,0,True,LOW,0,,False,LOW,0,0
True,LOW,0,,False,,,50.0,True,LOW,0,,True,LOW,0,,True,LOW,0,,True,LOW,0,,True,LOW,0,,False,,,تروبرد,False,LOW,0,0,True,,LOW,0,,,True,,LOW,0,,,True,LOW,0,,True,LOW,0,,True,LOW,0,,False,LOW,0,0,False,LOW,0,0,True,,LOW,0,,,True,,LOW,0,,,False,LOW,0,0,True,LOW,0,,True,,LOW,0,,,True,,LOW,0,,,True,LOW,0,,True,LOW,0,,False,LOW,0,0,False,,,9,MEDIUM,MISSING_STRUCTURED,OK,HIGH,OK,OK,MISSING,False,True,LOW,0,,3506,True,LOW,0,,False,LOW,0,0,True,,LOW,0,,,True,,LOW,0,,,False,,,تروبرد,True,LOW,0,,1994-05-20,False,,,1600,640,False,,,بندرترکمن,False,LOW,0,0,218964,TRAIN,False,LOW,0,0,True,LOW,0,,False,LOW,0,0,2,1,0,False,LOW,0,0,True,,LOW,0,,,True,,LOW,0,,,True,LOW,0,,False,LOW,0,0,False,LOW,0,0,True,,LOW,0,,,True,,LOW,0,,,True,LOW,0,,True,LOW,0,,True,LOW,0,,True,,LOW,0,,,True,,LOW,0,,,True,LOW,0,,3511,True,,LOW,0,,,True,,LOW,0,,,False,LOW,0,0,True,LOW,0,,False,LOW,0,0
True,LOW,0,,False,,,50.0,True,LOW,0,,True,LOW,0,,True,LOW,0,,True,LOW,0,,True,LOW,0,,False,,,تروبرد,False,LOW,0,0,True,,LOW,0,,,True,,LOW,0,,,True,LOW,0,,True,LOW,0,,True,LOW,0,,False,LOW,0,0,False,LOW,0,0,True,,LOW,0,,,True,,LOW,0,,,False,LOW,0,0,True,LOW,0,,True,,LOW,0,,,True,,LOW,0,,,True,LOW,0,,True,LOW,0,,False,LOW,0,0,False,,,9,LOW,MISSING_STRUCTURED,OK,HIGH,OK,OK,OK,False,True,LOW,0,,3507,True,LOW,0,,False,LOW,0,0,True,,LOW,0,,,True,,LOW,0,,,False,,,تروبرد,True,LOW,0,,1994-05-20,False,,,1600,640,False,,,بندرترکمن,False,LOW,0,0,218965,TRAIN,False,LOW,0,0,True,LOW,0,,False,LOW,0,0,3,1,0,False,LOW,0,0,True,,LOW,0,,,True,,LOW,0,,,True,LOW,0,,False,LOW,0,0,False,LOW,0,0,True,,LOW,0,,,True,,LOW,0,,,True,LOW,0,,False,LOW,1,1,False,LOW,1,1,False,0.0,LOW,1,0.32510312393263446,0.32510312393263446,False,0.0,LOW,1,0.10847718136675337,0.10847718136675337,False,LOW,1,0,3512,True,,LOW,0,,,True,,LOW,0,,,False,LOW,0,0,True,LOW,0,,False,LOW,0,0
True,LOW,0,,False,,,52.5,True,LOW,0,,True,LOW,0,,True,LOW,0,,True,LOW,0,,True,LOW,0,,False,,,تروبرد,False,LOW,0,0,True,,LOW,0,,,True,,LOW,0,,,True,LOW,0,,True,LOW,0,,True,LOW,0,,False,LOW,0,0,False,LOW,0,0,True,,LOW,0,,,True,,LOW,0,,,False,LOW,0,0,True,LOW,0,,True,,LOW,0,,,True,,LOW,0,,,True,LOW,0,,True,LOW,0,,False,LOW,0,0,False,,,9,LOW,MISSING_STRUCTURED,OK,HIGH,OK,MISSING_FINISH,OK,False,True,LOW,0,,3508,True,LOW,0,,False,LOW,0,0,True,,LOW,0,,,True,,LOW,0,,,False,,,تروبرد,True,LOW,0,,1994-05-20,False,,,1600,640,False,,,بندرترکمن,False,LOW,0,0,218966,TRAIN,False,LOW,0,0,True,LOW,0,,False,LOW,0,0,,,,False,LOW,0,0,True,,LOW,0,,,True,,LOW,0,,,True,LOW,0,,False,LOW,0,0,False,LOW,0,0,True,,LOW,0,,,True,,LOW,0,,,False,LOW,2,2.5,False,MEDIUM,6,6,False,MEDIUM,6,6,False,0.16666666666666666,MEDIUM,6,0.26823806759961877,0.26823806759961877,False,0.16666666666666666,MEDIUM,6,0.15007846256368365,0.15007846256368365,False,MEDIUM,6,1,3513,True,,LOW,0,,,True,,LOW,0,,,False,LOW,0,0,True,LOW,0,,False,LOW,0,0
True,LOW,0,,False,,,49.0,True,LOW,0,,True,LOW,0,,True,LOW,0,,True,LOW,0,,True,LOW,0,,False,,,تروبرد,False,LOW,0,0,True,,LOW,0,,,True,,LOW,0,,,True,LOW,0,,True,LOW,0,,True,LOW,0,,False,LOW,0,0,False,LOW,0,0,True,,LOW,0,,,True,,LOW,0,,,False,LOW,0,0,True,LOW,0,,True,,LOW,0,,,True,,LOW,0,,,True,LOW,0,,True,LOW,0,,False,LOW,0,0,False,,,9,MEDIUM,MISSING_STRUCTURED,OK,HIGH,OK,INVALID_FINISH,MISSING,False,True,LOW,0,,3509,True,LOW,0,,False,LOW,0,0,True,,LOW,0,,,True,,LOW,0,,,False,,,تروبرد,True,LOW,0,,1994-05-20,False,,,1600,640,False,,,بندرترکمن,False,LOW,0,0,218967,TRAIN,False,LOW,0,0,True,LOW,0,,False,LOW,0,0,,,,False,LOW,0,0,True,,LOW,0,,,True,,LOW,0,,,True,LOW,0,,False,LOW,0,0,False,LOW,0,0,True,,LOW,0,,,True,,LOW,0,,,True,LOW,0,,True,LOW,0,,True,LOW,0,,True,,LOW,0,,,True,,LOW,0,,,True,LOW,0,,3514,True,,LOW,0,,,True,,LOW,0,,,False,LOW,0,0,True,LOW,0,,False,LOW,0,0
True,LOW,0,,False,,,50.0,True,LOW,0,,True,LOW,0,,True,LOW,0,,True,LOW,0,,True,LOW,0,,False,,,تروبرد,False,LOW,0,0,True,,LOW,0,,,True,,LOW,0,,,True,LOW,0,,True,LOW,0,,True,LOW,0,,False,LOW,0,0,False,LOW,0,0,True,,LOW,0,,,True,,LOW,0,,,False,LOW,0,0,True,LOW,0,,True,,LOW,0,,,True,,LOW,0,,,True,LOW,0,,True,LOW,0,,False,LOW,0,0,False,,,9,LOW,MISSING_STRUCTURED,OK,HIGH,OK,INVALID_FINISH,OK,False,True,LOW,0,,3510,True,LOW,0,,False,LOW,1,1,True,,LOW,1,,,True,,LOW,1,,,False,,,تروبرد,True,LOW,0,,1994-05-20,False,,,1600,640,False,,,بندرترکمن,False,LOW,0,0,218968,TRAIN,False,LOW,0,0,True,LOW,0,,False,LOW,0,0,,,,False,LOW,0,0,True,,LOW,0,,,True,,LOW,0,,,True,LOW,0,,False,LOW,0,0,False,LOW,0,0,True,,LOW,0,,,True,,LOW,0,,,True,LOW,0,,False,MEDIUM,5,5,False,MEDIUM,5,5,False,0.0,MEDIUM,5,0.19506187435958067,0.19506187435958067,False,0.0,MEDIUM,5,0.06508630882005202,0.06508630882005202,False,MEDIUM,5,0,3515,True,,LOW,0,,,True,,LOW,0,,,False,LOW,0,0,True,LOW,0,,False,LOW,0,0
True,LOW,0,,False,,,50.0,True,LOW,0,,True,LOW,0,,True,LOW,0,,True,LOW,0,,True,LOW,0,,False,,,تروبرد,False,LOW,0,0,True,,LOW,0,,,True,,LOW,0,,,True,LOW,0,,True,LOW,0,,True,LOW,0,,False,LOW,0,0,False,LOW,0,0,True,,LOW,0,,,True,,LOW,0,,,False,LOW,0,0,True,LOW,0,,True,,LOW,0,,,True,,LOW,0,,,True,LOW,0,,True,LOW,0,,False,LOW,0,0,False,,,9,MEDIUM,MISSING_STRUCTURED,OK,HIGH,OK,INVALID_FINISH,OK,False,True,LOW,0,,3511,True,LOW,0,,False,LOW,0,0,True,,LOW,0,,,True,,LOW,0,,,False,,,تروبرد,True,LOW,0,,1994-05-20,False,,,1600,640,False,,,بندرترکمن,False,LOW,0,0,218969,TRAIN,False,LOW,0,0,True,LOW,0,,False,LOW,0,0,,,,False,LOW,0,0,True,,LOW,0,,,True,,LOW,0,,,True,LOW,0,,False,LOW,0,0,False,LOW,0,0,True,,LOW,0,,,True,,LOW,0,,,True,LOW,0,,False,LOW,2,2,False,LOW,2,2,False,0.0,LOW,2,0.27865982051368665,0.27865982051368665,False,0.0,LOW,2,0.09298044117150288,0.09298044117150288,False,LOW,2,0,3516,True,,LOW,0,,,True,,LOW,0,,,False,LOW,0,0,True,LOW,0,,False,LOW,0,0
True,LOW,0,,False,,,52.0,True,LOW,0,,True,LOW,0,,True,LOW,0,,True,LOW,0,,True,LOW,0,,False,,,تروبرد,False,LOW,0,0,True,,LOW,0,,,True,,LOW,0,,,True,LOW,0,,True,LOW,0,,True,LOW,0,,False,LOW,0,0,False,LOW,0,0,True,,LOW,0,,,True,,LOW,0,,,False,LOW,0,0,True,LOW,0,,True,,LOW,0,,,True,,LOW,0,,,True,LOW,0,,True,LOW,0,,False,LOW,0,0,False,,,9,MEDIUM,MISSING_STRUCTURED,OK,HIGH,OK,OK,MISSING,False,True,LOW,0,,3512,True,LOW,0,,False,LOW,0,0,True,,LOW,0,,,True,,LOW,0,,,False,,,تروبرد,True,LOW,0,,1994-05-20,False,,,1600,640,False,,,بندرترکمن,False,LOW,0,0,218970,TRAIN,False,LOW,0,0,True,LOW,0,,False,LOW,0,0,4,0,0,False,LOW,0,0,True,,LOW,0,,,True,,LOW,0,,,True,LOW,0,,False,LOW,0,0,False,LOW,0,0,True,,LOW,0,,,True,,LOW,0,,,True,LOW,0,,True,LOW,0,,True,LOW,0,,True,,LOW,0,,,True,,LOW,0,,,True,LOW,0,,3517,True,,LOW,0,,,True,,LOW,0,,,False,LOW,0,0,True,LOW,0,,False,LOW,0,0
True,LOW,0,,False,,,49.0,True,LOW,0,,True,LOW,0,,True,LOW,0,,True,LOW,0,,True,LOW,0,,False,,,تروبرد,False,LOW,0,0,True,,LOW,0,,,True,,LOW,0,,,True,LOW,0,,True,LOW,0,,True,LOW,0,,False,LOW,0,0,False,LOW,0,0,True,,LOW,0,,,True,,LOW,0,,,False,LOW,0,0,True,LOW,0,,True,,LOW,0,,,True,,LOW,0,,,True,LOW,0,,True,LOW,0,,False,LOW,0,0,False,,,7,MEDIUM,MISSING_STRUCTURED,OK,HIGH,OK,OK,OK,False,True,LOW,0,,3513,True,LOW,0,,False,LOW,0,0,True,,LOW,0,,,True,,LOW,0,,,False,,,تروبرد,True,LOW,0,,1994-05-20,False,,,1600,641,False,,,بندرترکمن,False,LOW,0,0,218971,TRAIN,False,LOW,0,0,True,LOW,0,,False,LOW,0,0,2,1,0,False,LOW,0,0,True,,LOW,0,,,True,,LOW,0,,,True,LOW,0,,False,LOW,0,0,False,LOW,0,0,True,,LOW,0,,,True,,LOW,0,,,True,LOW,0,,False,LOW,1,1,False,LOW,1,1,False,0.0,LOW,1,0.32510312393263446,0.32510312393263446,False,0.0,LOW,1,0.10847718136675337,0.10847718136675337,False,LOW,1,0,3518,True,,LOW,0,,,True,,LOW,0,,,False,LOW,0,0,True,LOW,0,,False,LOW,0,0
True,LOW,0,,False,,,48.0,True,LOW,0,,True,LOW,0,,True,LOW,0,,True,LOW,0,,True,LOW,0,,False,,,تروبرد,False,LOW,0,0,True,,LOW,0,,,True,,LOW,0,,,True,LOW,0,,True,LOW,0,,True,LOW,0,,False,LOW,0,0,False,LOW,0,0,True,,LOW,0,,,True,,LOW,0,,,False,LOW,0,0,True,LOW,0,,True,,LOW,0,,,True,,LOW,0,,,True,LOW,0,,True,LOW,0,,False,LOW,0,0,False,,,7,MEDIUM,MISSING_STRUCTURED,OK,HIGH,OK,INVALID_FINISH,MISSING,False,True,LOW,0,,3514,True,LOW,0,,False,LOW,0,0,True,,LOW,0,,,True,,LOW,0,,,False,,,تروبرد,True,LOW,0,,1994-05-20,False,,,1600,641,False,,,بندرترکمن,False,LOW,0,0,218972,TRAIN,False,LOW,0,0,True,LOW,0,,False,LOW,0,0,,,,False,LOW,0,0,True,,LOW,0,,,True,,LOW,0,,,True,LOW,0,,False,LOW,0,0,False,LOW,0,0,True,,LOW,0,,,True,,LOW,0,,,True,LOW,0,,True,LOW,0,,True,LOW,0,,True,,LOW,0,,,True,,LOW,0,,,True,LOW,0,,3519,True,,LOW,0,,,True,,LOW,0,,,False,LOW,0,0,True,LOW,0,,False,LOW,0,0
True,LOW,0,,False,,,50.0,True,LOW,0,,True,LOW,0,,True,LOW,0,,True,LOW,0,,True,LOW,0,,False,,,تروبرد,False,LOW,0,0,True,,LOW,0,,,True,,LOW,0,,,True,LOW,0,,True,LOW,0,,True,LOW,0,,False,LOW,0,0,False,LOW,0,0,True,,LOW,0,,,True,,LOW,0,,,False,LOW,0,0,True,LOW,0,,True,,LOW,0,,,True,,LOW,0,,,True,LOW,0,,True,LOW,0,,False,LOW,0,0,False,,,7,MEDIUM,MISSING_STRUCTURED,OK,HIGH,OK,INVALID_FINISH,OK,False,True,LOW,0,,3515,True,LOW,0,,False,LOW,0,0,True,,LOW,0,,,True,,LOW,0,,,False,,,تروبرد,True,LOW,0,,1994-05-20,False,,,1600,641,False,,,بندرترکمن,False,LOW,0,0,218973,TRAIN,False,LOW,0,0,True,LOW,0,,False,LOW,0,0,,,,False,LOW,0,0,True,,LOW,0,,,True,,LOW,0,,,True,LOW,0,,False,LOW,0,0,False,LOW,0,0,True,,LOW,0,,,True,,LOW,0,,,True,LOW,0,,False,MEDIUM,6,6,False,MEDIUM,6,6,False,0.0,MEDIUM,6,0.17732897669052788,0.17732897669052788,False,0.0,MEDIUM,6,0.059169371654592746,0.059169371654592746,False,MEDIUM,6,0,3520,True,,LOW,0,,,True,,LOW,0,,,False,LOW,0,0,True,LOW,0,,False,LOW,0,0
True,LOW,0,,False,,,50.0,True,LOW,0,,True,LOW,0,,True,LOW,0,,True,LOW,0,,True,LOW,0,,False,,,تروبرد,False,LOW,0,0,True,,LOW,0,,,True,,LOW,0,,,True,LOW,0,,True,LOW,0,,True,LOW,0,,False,LOW,0,0,False,LOW,0,0,True,,LOW,0,,,True,,LOW,0,,,False,LOW,0,0,True,LOW,0,,True,,LOW,0,,,True,,LOW,0,,,True,LOW,0,,True,LOW,0,,False,LOW,0,0,False,,,7,MEDIUM,MISSING_STRUCTURED,OK,HIGH,OK,OK,MISSING,False,True,LOW,0,,3516,True,LOW,0,,False,LOW,0,0,True,,LOW,0,,,True,,LOW,0,,,False,,,تروبرد,True,LOW,0,,1994-05-20,False,,,1600,641,False,,,بندرترکمن,False,LOW,0,0,218974,TRAIN,False,LOW,0,0,True,LOW,0,,False,LOW,0,0,4,0,0,False,LOW,0,0,True,,LOW,0,,,True,,LOW,0,,,True,LOW,0,,False,LOW,0,0,False,LOW,0,0,True,,LOW,0,,,True,,LOW,0,,,True,LOW,0,,True,LOW,0,,True,LOW,0,,True,,LOW,0,,,True,,LOW,0,,,True,LOW,0,,3521,True,,LOW,0,,,True,,LOW,0,,,False,LOW,0,0,True,LOW,0,,False,LOW,0,0
True,LOW,0,,False,,,52.0,True,LOW,0,,True,LOW,0,,True,LOW,0,,True,LOW,0,,True,LOW,0,,False,,,تروبرد,False,LOW,0,0,True,,LOW,0,,,True,,LOW,0,,,True,LOW,0,,True,LOW,0,,True,LOW,0,,False,LOW,0,0,False,LOW,0,0,True,,LOW,0,,,True,,LOW,0,,,False,LOW,0,0,True,LOW,0,,True,,LOW,0,,,True,,LOW,0,,,True,LOW,0,,True,LOW,0,,False,LOW,0,0,False,,,7,MEDIUM,MISSING_STRUCTURED,OK,HIGH,OK,OK,OK,False,True,LOW,0,,3517,True,LOW,0,,False,LOW,0,0,True,,LOW,0,,,True,,LOW,0,,,False,,,تروبرد,True,LOW,0,,1994-05-20,False,,,1600,641,False,,,بندرترکمن,False,LOW,0,0,218975,TRAIN,False,LOW,0,0,True,LOW,0,,False,LOW,0,0,3,1,0,False,LOW,0,0,True,,LOW,0,,,True,,LOW,0,,,True,LOW,0,,False,LOW,0,0,False,LOW,0,0,True,,LOW,0,,,True,,LOW,0,,,True,LOW,0,,False,LOW,2,2,False,LOW,2,2,False,0.0,LOW,2,0.27865982051368665,0.27865982051368665,False,0.0,LOW,2,0.09298044117150288,0.09298044117150288,False,LOW,2,0,3522,True,,LOW,0,,,True,,LOW,0,,,False,LOW,0,0,True,LOW,0,,False,LOW,0,0
True,LOW,0,,False,,,52.0,True,LOW,0,,True,LOW,0,,True,LOW,0,,True,LOW,0,,True,LOW,0,,False,,,تروبرد,False,LOW,0,0,True,,LOW,0,,,True,,LOW,0,,,True,LOW,0,,True,LOW,0,,True,LOW,0,,False,LOW,0,0,False,LOW,0,0,True,,LOW,0,,,True,,LOW,0,,,False,LOW,0,0,True,LOW,0,,True,,LOW,0,,,True,,LOW,0,,,True,LOW,0,,True,LOW,0,,False,LOW,0,0,False,,,7,MEDIUM,MISSING_STRUCTURED,OK,HIGH,OK,OK,OK,False,True,LOW,0,,3518,True,LOW,0,,False,LOW,0,0,True,,LOW,0,,,True,,LOW,0,,,False,,,تروبرد,True,LOW,0,,1994-05-20,False,,,1600,641,False,,,بندرترکمن,False,LOW,0,0,218976,TRAIN,False,LOW,0,0,True,LOW,0,,False,LOW,0,0,1,1,1,False,LOW,0,0,True,,LOW,0,,,True,,LOW,0,,,True,LOW,0,,False,LOW,0,0,False,LOW,0,0,True,,LOW,0,,,True,,LOW,0,,,False,LOW,1,3.0,False,LOW,2,2,False,LOW,2,2,False,0.5,LOW,2,0.4215169633708295,0.4215169633708295,False,0.0,LOW,2,0.09298044117150288,0.09298044117150288,False,LOW,2,0,3523,True,,LOW,0,,,True,,LOW,0,,,False,LOW,0,0,True,LOW,0,,False,LOW,0,0
True,LOW,0,,False,,,52.0,True,LOW,0,,True,LOW,0,,True,LOW,0,,True,LOW,0,,True,LOW,0,,False,,,تروبرد,False,LOW,0,0,True,,LOW,0,,,True,,LOW,0,,,True,LOW,0,,True,LOW,0,,True,LOW,0,,False,LOW,0,0,False,LOW,0,0,True,,LOW,0,,,True,,LOW,0,,,False,LOW,0,0,True,LOW,0,,True,,LOW,0,,,True,,LOW,0,,,True,LOW,0,,True,LOW,0,,False,LOW,0,0,False,,,7,MEDIUM,MISSING_STRUCTURED,OK,HIGH,OK,INVALID_FINISH,OK,False,True,LOW,0,,3519,True,LOW,0,,False,LOW,0,0,True,,LOW,0,,,True,,LOW,0,,,False,,,تروبرد,True,LOW,0,,1994-05-20,False,,,1600,641,False,,,بندرترکمن,False,LOW,0,0,218977,TRAIN,False,LOW,0,0,True,LOW,0,,False,LOW,0,0,,,,False,LOW,0,0,True,,LOW,0,,,True,,LOW,0,,,True,LOW,0,,False,LOW,0,0,False,LOW,0,0,True,,LOW,0,,,True,,LOW,0,,,True,LOW,0,,False,LOW,0,0,False,LOW,0,0,True,,LOW,0,,,True,,LOW,0,,,False,LOW,0,0,3524,True,,LOW,0,,,True,,LOW,0,,,False,LOW,0,0,True,LOW,0,,False,LOW,0,0
True,LOW,0,,True,LOW,0,,True,LOW,0,,True,LOW,0,,True,LOW,0,,True,LOW,0,,True,LOW,0,,False,,,تروبرد,False,LOW,0,0,True,,LOW,0,,,True,,LOW,0,,,True,LOW,0,,True,LOW,0,,True,LOW,0,,False,LOW,0,0,False,LOW,0,0,True,,LOW,0,,,True,,LOW,0,,,False,LOW,0,0,True,LOW,0,,True,,LOW,0,,,True,,LOW,0,,,True,LOW,0,,True,LOW,0,,False,LOW,0,0,False,,,16,MEDIUM,MISSING_STRUCTURED,OK,HIGH,OK,INVALID_FINISH,OK,False,True,LOW,0,,9402,True,LOW,0,,False,LOW,0,0,True,,LOW,0,,,True,,LOW,0,,,False,,,تروبرد,True,LOW,0,,1995-03-31,False,,,1000,3391,False,,,گنبدکاووس,False,LOW,0,0,245747,TRAIN,False,LOW,0,0,True,LOW,0,,False,LOW,0,0,,,,False,LOW,0,0,True,,LOW,0,,,True,,LOW,0,,,True,LOW,0,,False,LOW,0,0,False,LOW,0,0,True,,LOW,0,,,True,,LOW,0,,,False,LOW,2,2.5,False,MEDIUM,7,7,False,MEDIUM,7,7,False,0.14285714285714285,MEDIUM,7,0.24588489529965055,0.24588489529965055,False,0.14285714285714285,MEDIUM,7,0.13757192401671,0.13757192401671,False,MEDIUM,7,1,9416,True,,LOW,0,,,True,,LOW,0,,,False,LOW,0,0,True,LOW,0,,False,LOW,0,0
True,LOW,0,,True,LOW,0,,True,LOW,0,,True,LOW,0,,True,LOW,0,,True,LOW,0,,True,LOW,0,,False,,,تروبرد,False,LOW,0,0,True,,LOW,0,,,True,,LOW,0,,,True,LOW,0,,True,LOW,0,,True,LOW,0,,False,LOW,0,0,False,LOW,0,0,True,,LOW,0,,,True,,LOW,0,,,False,LOW,0,0,True,LOW,0,,True,,LOW,0,,,True,,LOW,0,,,True,LOW,0,,True,LOW,0,,False,LOW,0,0,False,,,16,MEDIUM,MISSING_STRUCTURED,OK,HIGH,OK,OK,OK,False,True,LOW,0,,9403,True,LOW,0,,False,LOW,0,0,True,,LOW,0,,,True,,LOW,0,,,False,,,تروبرد,True,LOW,0,,1995-03-31,False,,,1000,3391,False,,,گنبدکاووس,False,LOW,0,0,245748,TRAIN,False,LOW,0,0,True,LOW,0,,False,LOW,0,0,8,0,0,False,LOW,0,0,True,,LOW,0,,,True,,LOW,0,,,True,LOW,0,,False,LOW,0,0,False,LOW,0,0,True,,LOW,0,,,True,,LOW,0,,,False,LOW,1,1.0,False,MEDIUM,8,8,False,MEDIUM,8,8,False,0.125,MEDIUM,8,0.22697067258429282,0.22697067258429282,False,0.125,MEDIUM,8,0.12698946832311694,0.12698946832311694,False,MEDIUM,8,1,9417,True,,LOW,0,,,True,,LOW,0,,,False,LOW,0,0,True,LOW,0,,False,LOW,0,0
True,LOW,0,,True,LOW,0,,True,LOW,0,,True,LOW,0,,True,LOW,0,,True,LOW,0,,True,LOW,0,,False,,,تروبرد,False,LOW,0,0,True,,LOW,0,,,True,,LOW,0,,,True,LOW,0,,True,LOW,0,,True,LOW,0,,False,LOW,0,0,False,LOW,0,0,True,,LOW,0,,,True,,LOW,0,,,False,LOW,0,0,True,LOW,0,,True,,LOW,0,,,True,,LOW,0,,,True,LOW,0,,True,LOW,0,,False,LOW,0,0,False,,,16,MEDIUM,MISSING_STRUCTURED,OK,HIGH,OK,OK,OK,False,True,LOW,0,,3243,True,LOW,0,,False,LOW,0,0,True,,LOW,0,,,True,,LOW,0,,,False,,,تروبرد,True,LOW,0,,1995-03-31,False,,,1000,3391,False,,,گنبدکاووس,False,LOW,0,0,245749,TRAIN,False,LOW,0,0,True,LOW,0,,False,LOW,0,0,4,0,0,False,LOW,0,0,True,,LOW,0,,,True,,LOW,0,,,True,LOW,0,,False,LOW,0,0,False,LOW,0,0,True,,LOW,0,,,True,,LOW,0,,,True,LOW,0,,False,LOW,0,0,False,LOW,0,0,True,,LOW,0,,,True,,LOW,0,,,False,LOW,0,0,3248,True,,LOW,0,,,True,,LOW,0,,,False,LOW,0,0,True,LOW,0,,False,LOW,0,0
True,LOW,0,,True,LOW,0,,True,LOW,0,,True,LOW,0,,True,LOW,0,,True,LOW,0,,True,LOW,0,,False,,,تروبرد,False,LOW,0,0,True,,LOW,0,,,True,,LOW,0,,,True,LOW,0,,True,LOW,0,,True,LOW,0,,False,LOW,0,0,False,LOW,0,0,True,,LOW,0,,,True,,LOW,0,,,False,LOW,0,0,True,LOW,0,,True,,LOW,0,,,True,,LOW,0,,,True,LOW,0,,True,LOW,0,,False,LOW,0,0,False,,,16,MEDIUM,MISSING_STRUCTURED,OK,HIGH,OK,OK,OK,False,True,LOW,0,,3362,True,LOW,0,,False,LOW,0,0,True,,LOW,0,,,True,,LOW,0,,,False,,,تروبرد,True,LOW,0,,1995-03-31,False,,,1000,3391,False,,,گنبدکاووس,False,LOW,0,0,245750,TRAIN,False,LOW,0,0,True,LOW,0,,False,LOW,0,0,1,1,1,False,LOW,0,0,True,,LOW,0,,,True,,LOW,0,,,True,LOW,0,,False,LOW,0,0,False,LOW,0,0,True,,LOW,0,,,True,,LOW,0,,,True,LOW,0,,False,LOW,0,0,False,LOW,0,0,True,,LOW,0,,,True,,LOW,0,,,False,LOW,0,0,3367,True,,LOW,0,,,True,,LOW,0,,,False,LOW,0,0,True,LOW,0,,False,LOW,0,0
True,LOW,0,,True,LOW,0,,True,LOW,0,,True,LOW,0,,True,LOW,0,,True,LOW,0,,True,LOW,0,,False,,,تروبرد,False,LOW,0,0,True,,LOW,0,,,True,,LOW,0,,,True,LOW,0,,True,LOW,0,,True,LOW,0,,False,LOW,0,0,False,LOW,0,0,True,,LOW,0,,,True,,LOW,0,,,False,LOW,0,0,True,LOW,0,,True,,LOW,0,,,True,,LOW,0,,,True,LOW,0,,True,LOW,0,,False,LOW,0,0,False,,,16,MEDIUM,MISSING_STRUCTURED,OK,HIGH,OK,INVALID_FINISH,OK,False,True,LOW,0,,3359,True,LOW,0,,False,LOW,0,0,True,,LOW,0,,,True,,LOW,0,,,False,,,تروبرد,True,LOW,0,,1995-03-31,False,,,1000,3391,False,,,گنبدکاووس,False,LOW,0,0,245751,TRAIN,False,LOW,0,0,True,LOW,0,,False,LOW,0,0,,,,False,LOW,0,0,True,,LOW,0,,,True,,LOW,0,,,True,LOW,0,,False,LOW,0,0,False,LOW,0,0,True,,LOW,0,,,True,,LOW,0,,,True,LOW,0,,False,MEDIUM-LOW,3,3,False,MEDIUM-LOW,3,3,False,0.0,MEDIUM-LOW,3,0.24382734294947583,0.24382734294947583,False,0.0,MEDIUM-LOW,3,0.08135788602506502,0.08135788602506502,False,MEDIUM-LOW,3,0,3364,True,,LOW,0,,,True,,LOW,0,,,False,LOW,0,0,True,LOW,0,,False,LOW,0,0
True,LOW,0,,True,LOW,0,,True,LOW,0,,True,LOW,0,,True,LOW,0,,True,LOW,0,,True,LOW,0,,False,,,تروبرد,False,LOW,0,0,True,,LOW,0,,,True,,LOW,0,,,True,LOW,0,,True,LOW,0,,True,LOW,0,,False,LOW,0,0,False,LOW,0,0,True,,LOW,0,,,True,,LOW,0,,,False,LOW,0,0,True,LOW,0,,True,,LOW,0,,,True,,LOW,0,,,True,LOW,0,,True,LOW,0,,False,LOW,0,0,False,,,16,MEDIUM,MISSING_STRUCTURED,OK,HIGH,OK,OK,OK,False,True,LOW,0,,3343,True,LOW,0,,False,LOW,0,0,True,,LOW,0,,,True,,LOW,0,,,False,,,تروبرد,True,LOW,0,,1995-03-31,False,,,1000,3391,False,,,گنبدکاووس,False,LOW,0,0,245752,TRAIN,False,LOW,0,0,True,LOW,0,,False,LOW,0,0,7,0,0,False,LOW,0,0,True,,LOW,0,,,True,,LOW,0,,,True,LOW,0,,False,LOW,0,0,False,LOW,0,0,True,,LOW,0,,,True,,LOW,0,,,True,LOW,0,,False,MEDIUM,7,7,False,MEDIUM,7,7,False,0.0,MEDIUM,7,0.16255156196631723,0.16255156196631723,False,0.0,MEDIUM,7,0.054238590683376685,0.054238590683376685,False,MEDIUM,7,0,3348,True,,LOW,0,,,True,,LOW,0,,,False,LOW,0,0,True,LOW,0,,False,LOW,0,0
True,LOW,0,,True,LOW,0,,True,LOW,0,,True,LOW,0,,True,LOW,0,,True,LOW,0,,True,LOW,0,,False,,,تروبرد,False,LOW,0,0,True,,LOW,0,,,True,,LOW,0,,,True,LOW,0,,True,LOW,0,,True,LOW,0,,False,LOW,0,0,False,LOW,0,0,True,,LOW,0,,,True,,LOW,0,,,False,LOW,0,0,True,LOW,0,,True,,LOW,0,,,True,,LOW,0,,,True,LOW,0,,True,LOW,0,,False,LOW,0,0,False,,,16,MEDIUM,MISSING_STRUCTURED,OK,HIGH,OK,INVALID_FINISH,OK,False,True,LOW,0,,3238,True,LOW,0,,False,LOW,0,0,True,,LOW,0,,,True,,LOW,0,,,False,,,تروبرد,True,LOW,0,,1995-03-31,False,,,1000,3391,False,,,گنبدکاووس,False,LOW,0,0,245753,TRAIN,False,LOW,0,0,True,LOW,0,,False,LOW,0,0,,,,False,LOW,0,0,True,,LOW,0,,,True,,LOW,0,,,True,LOW,0,,False,LOW,0,0,False,LOW,0,0,True,,LOW,0,,,True,,LOW,0,,,False,LOW,1,3.0,False,LOW,2,2,False,LOW,2,2,False,0.5,LOW,2,0.4215169633708295,0.4215169633708295,False,0.0,LOW,2,0.09298044117150288,0.09298044117150288,False,LOW,2,0,3243,True,,LOW,0,,,True,,LOW,0,,,False,LOW,0,0,True,LOW,0,,False,LOW,0,0
True,LOW,0,,True,LOW,0,,True,LOW,0,,True,LOW,0,,True,LOW,0,,True,LOW,0,,True,LOW,0,,False,,,تروبرد,False,LOW,0,0,True,,LOW,0,,,True,,LOW,0,,,True,LOW,0,,True,LOW,0,,True,LOW,0,,False,LOW,0,0,False,LOW,0,0,True,,LOW,0,,,True,,LOW,0,,,False,LOW,0,0,True,LOW,0,,True,,LOW,0,,,True,,LOW,0,,,True,LOW,0,,True,LOW,0,,False,LOW,0,0,False,,,16,MEDIUM,MISSING_STRUCTURED,OK,HIGH,OK,INVALID_FINISH,OK,False,True,LOW,0,,9404,True,LOW,0,,False,LOW,0,0,True,,LOW,0,,,True,,LOW,0,,,False,,,تروبرد,True,LOW,0,,1995-03-31,False,,,1000,3391,False,,,گنبدکاووس,False,LOW,0,0,245754,TRAIN,False,LOW,0,0,True,LOW,0,,False,LOW,0,0,,,,False,LOW,0,0,True,,LOW,0,,,True,,LOW,0,,,True,LOW,0,,False,LOW,0,0,False,LOW,0,0,True,,LOW,0,,,True,,LOW,0,,,True,LOW,0,,False,LOW,0,0,False,LOW,0,0,True,,LOW,0,,,True,,LOW,0,,,False,LOW,0,0,9418,True,,LOW,0,,,True,,LOW,0,,,False,LOW,0,0,True,LOW,0,,False,LOW,0,0
True,LOW,0,,True,LOW,0,,True,LOW,0,,True,LOW,0,,True,LOW,0,,True,LOW,0,,True,LOW,0,,False,,,تروبرد,False,LOW,0,0,True,,LOW,0,,,True,,LOW,0,,,True,LOW,0,,True,LOW,0,,True,LOW,0,,False,LOW,0,0,False,LOW,0,0,True,,LOW,0,,,True,,LOW,0,,,False,LOW,0,0,True,LOW,0,,True,,LOW,0,,,True,,LOW,0,,,True,LOW,0,,True,LOW,0,,False,LOW,0,0,False,,,16,MEDIUM,MISSING_STRUCTURED,OK,HIGH,OK,OK,OK,False,True,LOW,0,,3239,True,LOW,0,,False,LOW,0,0,True,,LOW,0,,,True,,LOW,0,,,False,,,تروبرد,True,LOW,0,,1995-03-31,False,,,1000,3391,False,,,گنبدکاووس,False,LOW,0,0,245755,TRAIN,False,LOW,0,0,True,LOW,0,,False,LOW,0,0,6,0,0,False,LOW,0,0,True,,LOW,0,,,True,,LOW,0,,,True,LOW,0,,False,LOW,0,0,False,LOW,0,0,True,,LOW,0,,,True,,LOW,0,,,True,LOW,0,,False,LOW,0,0,False,LOW,0,0,True,,LOW,0,,,True,,LOW,0,,,False,LOW,0,0,3244,True,,LOW,0,,,True,,LOW,0,,,False,LOW,0,0,True,LOW,0,,False,LOW,0,0
True,LOW,0,,True,LOW,0,,True,LOW,0,,True,LOW,0,,True,LOW,0,,True,LOW,0,,True,LOW,0,,False,,,تروبرد,False,LOW,0,0,True,,LOW,0,,,True,,LOW,0,,,True,LOW,0,,True,LOW,0,,True,LOW,0,,False,LOW,0,0,False,LOW,0,0,True,,LOW,0,,,True,,LOW,0,,,False,LOW,0,0,True,LOW,0,,True,,LOW,0,,,True,,LOW,0,,,True,LOW,0,,True,LOW,0,,False,LOW,0,0,False,,,16,MEDIUM,MISSING_STRUCTURED,OK,HIGH,OK,INVALID_FINISH,MISSING,False,True,LOW,0,,9405,True,LOW,0,,False,LOW,0,0,True,,LOW,0,,,True,,LOW,0,,,False,,,تروبرد,True,LOW,0,,1995-03-31,False,,,1000,3391,False,,,گنبدکاووس,False,LOW,0,0,245756,TRAIN,False,LOW,0,0,True,LOW,0,,False,LOW,0,0,,,,False,LOW,0,0,True,,LOW,0,,,True,,LOW,0,,,True,LOW,0,,False,LOW,0,0,False,LOW,0,0,True,,LOW,0,,,True,,LOW,0,,,True,LOW,0,,True,LOW,0,,True,LOW,0,,True,,LOW,0,,,True,,LOW,0,,,True,LOW,0,,9419,True,,LOW,0,,,True,,LOW,0,,,False,LOW,0,0,True,LOW,0,,False,LOW,0,0
True,LOW,0,,True,LOW,0,,True,LOW,0,,True,LOW,0,,True,LOW,0,,True,LOW,0,,True,LOW,0,,False,,,تروبرد,False,LOW,0,0,True,,LOW,0,,,True,,LOW,0,,,True,LOW,0,,True,LOW,0,,True,LOW,0,,False,LOW,0,0,False,LOW,0,0,True,,LOW,0,,,True,,LOW,0,,,False,LOW,0,0,True,LOW,0,,True,,LOW,0,,,True,,LOW,0,,,True,LOW,0,,True,LOW,0,,False,LOW,0,0,False,,,16,MEDIUM,MISSING_STRUCTURED,OK,HIGH,OK,INVALID_FINISH,OK,False,True,LOW,0,,9406,True,LOW,0,,False,LOW,0,0,True,,LOW,0,,,True,,LOW,0,,,False,,,تروبرد,True,LOW,0,,1995-03-31,False,,,1000,3391,False,,,گنبدکاووس,False,LOW,0,0,245757,TRAIN,False,LOW,0,0,True,LOW,0,,False,LOW,0,0,,,,False,LOW,0,0,True,,LOW,0,,,True,,LOW,0,,,True,LOW,0,,False,LOW,0,0,False,LOW,0,0,True,,LOW,0,,,True,,LOW,0,,,False,LOW,1,3.0,False,MEDIUM-LOW,3,3,False,MEDIUM-LOW,3,3,False,0.3333333333333333,MEDIUM-LOW,3,0.36882734294947583,0.36882734294947583,False,0.0,MEDIUM-LOW,3,0.08135788602506502,0.08135788602506502,False,MEDIUM-LOW,3,0,9420,True,,LOW,0,,,True,,LOW,0,,,False,LOW,0,0,True,LOW,0,,False,LOW,0,0
True,LOW,0,,True,LOW,0,,True,LOW,0,,True,LOW,0,,True,LOW,0,,True,LOW,0,,True,LOW,0,,False,,,تروبرد,False,LOW,0,0,True,,LOW,0,,,True,,LOW,0,,,True,LOW,0,,True,LOW,0,,True,LOW,0,,False,LOW,0,0,False,LOW,0,0,True,,LOW,0,,,True,,LOW,0,,,False,LOW,0,0,True,LOW,0,,True,,LOW,0,,,True,,LOW,0,,,True,LOW,0,,True,LOW,0,,False,LOW,0,0,False,,,16,MEDIUM,MISSING_STRUCTURED,OK,HIGH,OK,OK,OK,False,True,LOW,0,,9407,True,LOW,0,,False,LOW,0,0,True,,LOW,0,,,True,,LOW,0,,,False,,,تروبرد,True,LOW,0,,1995-03-31,False,,,1000,3391,False,,,گنبدکاووس,False,LOW,0,0,245758,TRAIN,False,LOW,0,0,True,LOW,0,,False,LOW,0,0,5,0,0,False,LOW,0,0,True,,LOW,0,,,True,,LOW,0,,,True,LOW,0,,False,LOW,0,0,False,LOW,0,0,True,,LOW,0,,,True,,LOW,0,,,False,LOW,1,3.0,False,LOW,1,1,False,LOW,1,1,False,1.0,LOW,1,0.4917697905993011,0.4917697905993011,False,0.0,LOW,1,0.10847718136675337,0.10847718136675337,False,LOW,1,0,9421,True,,LOW,0,,,True,,LOW,0,,,False,LOW,0,0,True,LOW,0,,False,LOW,0,0
True,LOW,0,,True,LOW,0,,True,LOW,0,,True,LOW,0,,True,LOW,0,,True,LOW,0,,True,LOW,0,,False,,,تروبرد,False,LOW,0,0,True,,LOW,0,,,True,,LOW,0,,,True,LOW,0,,True,LOW,0,,True,LOW,0,,False,LOW,0,0,False,LOW,0,0,True,,LOW,0,,,True,,LOW,0,,,False,LOW,0,0,True,LOW,0,,True,,LOW,0,,,True,,LOW,0,,,True,LOW,0,,True,LOW,0,,False,LOW,0,0,False,,,16,MEDIUM,MISSING_STRUCTURED,OK,HIGH,OK,INVALID_FINISH,OK,False,True,LOW,0,,3328,True,LOW,0,,False,LOW,0,0,True,,LOW,0,,,True,,LOW,0,,,False,,,تروبرد,True,LOW,0,,1995-03-31,False,,,1000,3391,False,,,گنبدکاووس,False,LOW,0,0,245759,TRAIN,False,LOW,0,0,True,LOW,0,,False,LOW,0,0,,,,False,LOW,0,0,True,,LOW,0,,,True,,LOW,0,,,True,LOW,0,,False,LOW,0,0,False,LOW,0,0,True,,LOW,0,,,True,,LOW,0,,,True,LOW,0,,False,LOW,0,0,False,LOW,0,0,True,,LOW,0,,,True,,LOW,0,,,False,LOW,0,0,3333,True,,LOW,0,,,True,,LOW,0,,,False,LOW,0,0,True,LOW,0,,False,LOW,0,0
True,LOW,0,,True,LOW,0,,True,LOW,0,,True,LOW,0,,True,LOW,0,,True,LOW,0,,True,LOW,0,,False,,,تروبرد,False,LOW,0,0,True,,LOW,0,,,True,,LOW,0,,,True,LOW,0,,True,LOW,0,,True,LOW,0,,False,LOW,0,0,False,LOW,0,0,True,,LOW,0,,,True,,LOW,0,,,False,LOW,0,0,True,LOW,0,,True,,LOW,0,,,True,,LOW,0,,,True,LOW,0,,True,LOW,0,,False,LOW,0,0,False,,,16,MEDIUM,MISSING_STRUCTURED,OK,HIGH,OK,INVALID_FINISH,OK,False,True,LOW,0,,3236,True,LOW,0,,False,LOW,0,0,True,,LOW,0,,,True,,LOW,0,,,False,,,تروبرد,True,LOW,0,,1995-03-31,False,,,1000,3391,False,,,گنبدکاووس,False,LOW,0,0,245760,TRAIN,False,LOW,0,0,True,LOW,0,,False,LOW,0,0,,,,False,LOW,0,0,True,,LOW,0,,,True,,LOW,0,,,True,LOW,0,,False,LOW,0,0,False,LOW,0,0,True,,LOW,0,,,True,,LOW,0,,,True,LOW,0,,False,LOW,0,0,False,LOW,0,0,True,,LOW,0,,,True,,LOW,0,,,False,LOW,0,0,3241,True,,LOW,0,,,True,,LOW,0,,,False,LOW,0,0,True,LOW,0,,False,LOW,0,0
True,LOW,0,,True,LOW,0,,True,LOW,0,,True,LOW,0,,True,LOW,0,,True,LOW,0,,True,LOW,0,,False,,,تروبرد,False,LOW,0,0,True,,LOW,0,,,True,,LOW,0,,,True,LOW,0,,True,LOW,0,,True,LOW,0,,False,LOW,0,0,False,LOW,0,0,True,,LOW,0,,,True,,LOW,0,,,False,LOW,0,0,True,LOW,0,,True,,LOW,0,,,True,,LOW,0,,,True,LOW,0,,True,LOW,0,,False,LOW,0,0,False,,,16,MEDIUM,MISSING_STRUCTURED,OK,HIGH,OK,OK,MISSING,False,True,LOW,0,,3244,True,LOW,0,,False,LOW,0,0,True,,LOW,0,,,True,,LOW,0,,,False,,,تروبرد,True,LOW,0,,1995-03-31,False,,,1000,3391,False,,,گنبدکاووس,False,LOW,0,0,245761,TRAIN,False,LOW,0,0,True,LOW,0,,False,LOW,0,0,2,1,0,False,LOW,0,0,True,,LOW,0,,,True,,LOW,0,,,True,LOW,0,,False,LOW,0,0,False,LOW,0,0,True,,LOW,0,,,True,,LOW,0,,,True,LOW,0,,True,LOW,0,,True,LOW,0,,True,,LOW,0,,,True,,LOW,0,,,True,LOW,0,,3249,True,,LOW,0,,,True,,LOW,0,,,False,LOW,0,0,True,LOW,0,,False,LOW,0,0
True,LOW,0,,True,LOW,0,,True,LOW,0,,True,LOW,0,,True,LOW,0,,True,LOW,0,,True,LOW,0,,False,,,تروبرد,False,LOW,0,0,True,,LOW,0,,,True,,LOW,0,,,True,LOW,0,,True,LOW,0,,True,LOW,0,,False,LOW,0,0,False,LOW,0,0,True,,LOW,0,,,True,,LOW,0,,,False,LOW,0,0,True,LOW,0,,True,,LOW,0,,,True,,LOW,0,,,True,LOW,0,,True,LOW,0,,False,LOW,0,0,False,,,16,MEDIUM,MISSING_STRUCTURED,OK,HIGH,OK,OK,MISSING,False,True,LOW,0,,3241,True,LOW,0,,False,LOW,0,0,True,,LOW,0,,,True,,LOW,0,,,False,,,تروبرد,True,LOW,0,,1995-03-31,False,,,1000,3391,False,,,گنبدکاووس,False,LOW,0,0,245762,TRAIN,False,LOW,0,0,True,LOW,0,,False,LOW,0,0,3,1,0,False,LOW,0,0,True,,LOW,0,,,True,,LOW,0,,,True,LOW,0,,False,LOW,0,0,False,LOW,0,0,True,,LOW,0,,,True,,LOW,0,,,True,LOW,0,,True,LOW,0,,True,LOW,0,,True,,LOW,0,,,True,,LOW,0,,,True,LOW,0,,3246,True,,LOW,0,,,True,,LOW,0,,,False,LOW,0,0,True,LOW,0,,False,LOW,0,0
True,LOW,0,,True,LOW,0,,True,LOW,0,,True,LOW,0,,True,LOW,0,,True,LOW,0,,True,LOW,0,,False,,,تروبرد,False,LOW,0,0,True,,LOW,0,,,True,,LOW,0,,,True,LOW,0,,True,LOW,0,,True,LOW,0,,False,LOW,0,0,False,LOW,0,0,True,,LOW,0,,,True,,LOW,0,,,False,LOW,0,0,True,LOW,0,,True,,LOW,0,,,True,,LOW,0,,,True,LOW,0,,True,LOW,0,,False,LOW,0,0,False,,,16,MEDIUM,MISSING_STRUCTURED,OK,HIGH,OK,OK,OK,False,True,LOW,0,,9408,True,LOW,0,,False,LOW,0,0,True,,LOW,0,,,True,,LOW,0,,,False,,,تروبرد,True,LOW,0,,1995-04-14,False,,,1500,3392,False,,,گنبدکاووس,False,LOW,0,0,245763,TRAIN,False,LOW,0,0,True,LOW,0,,False,LOW,0,0,10,0,0,False,LOW,0,0,True,,LOW,0,,,True,,LOW,0,,,True,LOW,0,,False,LOW,0,0,False,LOW,0,0,True,,LOW,0,,,True,,LOW,0,,,True,LOW,0,,False,LOW,2,2,False,LOW,2,2,False,0.0,LOW,2,0.27865982051368665,0.27865982051368665,False,0.0,LOW,2,0.09298044117150288,0.09298044117150288,False,LOW,2,0,9422,True,,LOW,0,,,True,,LOW,0,,,False,LOW,0,0,True,LOW,0,,False,LOW,0,0
True,LOW,0,,True,LOW,0,,True,LOW,0,,True,LOW,0,,True,LOW,0,,True,LOW,0,,True,LOW,0,,False,,,تروبرد,False,LOW,0,0,True,,LOW,0,,,True,,LOW,0,,,True,LOW,0,,True,LOW,0,,True,LOW,0,,False,LOW,0,0,False,LOW,0,0,True,,LOW,0,,,True,,LOW,0,,,False,LOW,0,0,True,LOW,0,,True,,LOW,0,,,True,,LOW,0,,,True,LOW,0,,True,LOW,0,,False,LOW,0,0,False,,,16,MEDIUM,MISSING_STRUCTURED,OK,HIGH,OK,OK,OK,False,True,LOW,0,,3329,True,LOW,0,,False,LOW,0,0,True,,LOW,0,,,True,,LOW,0,,,False,,,تروبرد,True,LOW,0,,1995-04-14,False,,,1500,3392,False,,,گنبدکاووس,False,LOW,0,0,245764,TRAIN,False,LOW,0,0,True,LOW,0,,False,LOW,0,0,4,0,0,False,LOW,0,0,True,,LOW,0,,,True,,LOW,0,,,True,LOW,0,,False,LOW,0,0,False,LOW,0,0,True,,LOW,0,,,True,,LOW,0,,,True,LOW,0,,False,MEDIUM-LOW,4,4,False,MEDIUM-LOW,4,4,False,0.0,MEDIUM-LOW,4,0.21673541595508963,0.21673541595508963,False,0.0,MEDIUM-LOW,4,0.0723181209111689,0.0723181209111689,False,MEDIUM-LOW,4,0,3334,True,,LOW,0,,,True,,LOW,0,,,False,LOW,0,0,True,LOW,0,,False,LOW,0,0
True,LOW,0,,True,LOW,0,,True,LOW,0,,True,LOW,0,,True,LOW,0,,True,LOW,0,,True,LOW,0,,False,,,تروبرد,False,LOW,0,0,True,,LOW,0,,,True,,LOW,0,,,True,LOW,0,,True,LOW,0,,True,LOW,0,,False,LOW,0,0,False,LOW,0,0,True,,LOW,0,,,True,,LOW,0,,,False,LOW,0,0,True,LOW,0,,True,,LOW,0,,,True,,LOW,0,,,True,LOW,0,,True,LOW,0,,False,LOW,0,0,False,,,16,MEDIUM,MISSING_STRUCTURED,OK,HIGH,OK,INVALID_FINISH,OK,False,True,LOW,0,,9409,True,LOW,0,,False,LOW,0,0,True,,LOW,0,,,True,,LOW,0,,,False,,,تروبرد,True,LOW,0,,1995-04-14,False,,,1500,3392,False,,,گنبدکاووس,False,LOW,0,0,245765,TRAIN,False,LOW,0,0,True,LOW,0,,False,LOW,0,0,,,,False,LOW,0,0,True,,LOW,0,,,True,,LOW,0,,,True,LOW,0,,False,LOW,0,0,False,LOW,0,0,True,,LOW,0,,,True,,LOW,0,,,True,LOW,0,,False,LOW,1,1,False,LOW,1,1,False,0.0,LOW,1,0.32510312393263446,0.32510312393263446,False,0.0,LOW,1,0.10847718136675337,0.10847718136675337,False,LOW,1,0,9423,True,,LOW,0,,,True,,LOW,0,,,False,LOW,0,0,True,LOW,0,,False,LOW,0,0
True,LOW,0,,True,LOW,0,,True,LOW,0,,True,LOW,0,,True,LOW,0,,True,LOW,0,,True,LOW,0,,False,,,تروبرد,False,LOW,0,0,True,,LOW,0,,,True,,LOW,0,,,True,LOW,0,,True,LOW,0,,True,LOW,0,,False,LOW,0,0,False,LOW,0,0,True,,LOW,0,,,True,,LOW,0,,,False,LOW,0,0,True,LOW,0,,True,,LOW,0,,,True,,LOW,0,,,True,LOW,0,,True,LOW,0,,False,LOW,0,0,False,,,16,MEDIUM,MISSING_STRUCTURED,OK,HIGH,OK,INVALID_FINISH,OK,False,True,LOW,0,,9410,True,LOW,0,,False,LOW,0,0,True,,LOW,0,,,True,,LOW,0,,,False,,,تروبرد,True,LOW,0,,1995-04-14,False,,,1500,3392,False,,,گنبدکاووس,False,LOW,0,0,245766,TRAIN,False,LOW,0,0,True,LOW,0,,False,LOW,0,0,,,,False,LOW,0,0,True,,LOW,0,,,True,,LOW,0,,,True,LOW,0,,False,LOW,0,0,False,LOW,0,0,True,,LOW,0,,,True,,LOW,0,,,False,LOW,1,1.0,False,LOW,1,1,False,LOW,1,1,False,1.0,LOW,1,0.4917697905993011,0.4917697905993011,False,1.0,LOW,1,0.27514384803342,0.27514384803342,False,LOW,1,1,9424,True,,LOW,0,,,True,,LOW,0,,,False,LOW,0,0,True,LOW,0,,False,LOW,0,0
True,LOW,0,,True,LOW,0,,True,LOW,0,,True,LOW,0,,True,LOW,0,,True,LOW,0,,True,LOW,0,,False,,,تروبرد,False,LOW,0,0,True,,LOW,0,,,True,,LOW,0,,,True,LOW,0,,True,LOW,0,,True,LOW,0,,False,LOW,0,0,False,LOW,0,0,True,,LOW,0,,,True,,LOW,0,,,False,LOW,0,0,True,LOW,0,,True,,LOW,0,,,True,,LOW,0,,,True,LOW,0,,True,LOW,0,,False,LOW,0,0,False,,,16,MEDIUM,MISSING_STRUCTURED,OK,HIGH,OK,INVALID_FINISH,MISSING,False,True,LOW,0,,9411,True,LOW,0,,False,LOW,0,0,True,,LOW,0,,,True,,LOW,0,,,False,,,تروبرد,True,LOW,0,,1995-04-14,False,,,1500,3392,False,,,گنبدکاووس,False,LOW,0,0,245767,TRAIN,False,LOW,0,0,True,LOW,0,,False,LOW,0,0,,,,False,LOW,0,0,True,,LOW,0,,,True,,LOW,0,,,True,LOW,0,,False,LOW,0,0,False,LOW,0,0,True,,LOW,0,,,True,,LOW,0,,,True,LOW,0,,True,LOW,0,,True,LOW,0,,True,,LOW,0,,,True,,LOW,0,,,True,LOW,0,,9425,True,,LOW,0,,,True,,LOW,0,,,False,LOW,0,0,True,LOW,0,,False,LOW,0,0
True,LOW,0,,True,LOW,0,,True,LOW,0,,True,LOW,0,,True,LOW,0,,True,LOW,0,,True,LOW,0,,False,,,تروبرد,False,LOW,0,0,True,,LOW,0,,,True,,LOW,0,,,True,LOW,0,,True,LOW,0,,True,LOW,0,,False,LOW,0,0,False,LOW,0,0,True,,LOW,0,,,True,,LOW,0,,,False,LOW,0,0,True,LOW,0,,True,,LOW,0,,,True,,LOW,0,,,True,LOW,0,,True,LOW,0,,False,LOW,0,0,False,,,16,MEDIUM,MISSING_STRUCTURED,OK,HIGH,OK,OK,OK,False,True,LOW,0,,3353,True,LOW,0,,False,LOW,0,0,True,,LOW,0,,,True,,LOW,0,,,False,,,تروبرد,True,LOW,0,,1995-04-14,False,,,1500,3392,False,,,گنبدکاووس,False,LOW,0,0,245768,TRAIN,False,LOW,0,0,True,LOW,0,,False,LOW,0,0,1,1,1,False,LOW,0,0,True,,LOW,0,,,True,,LOW,0,,,True,LOW,0,,False,LOW,0,0,False,LOW,0,0,True,,LOW,0,,,True,,LOW,0,,,True,LOW,0,,False,LOW,0,0,False,LOW,0,0,True,,LOW,0,,,True,,LOW,0,,,False,LOW,0,0,3358,True,,LOW,0,,,True,,LOW,0,,,False,LOW,0,0,True,LOW,0,,False,LOW,0,0
True,LOW,0,,True,LOW,0,,True,LOW,0,,True,LOW,0,,True,LOW,0,,True,LOW,0,,True,LOW,0,,False,,,تروبرد,False,LOW,0,0,True,,LOW,0,,,True,,LOW,0,,,True,LOW,0,,True,LOW,0,,True,LOW,0,,False,LOW,0,0,False,LOW,0,0,True,,LOW,0,,,True,,LOW,0,,,False,LOW,0,0,True,LOW,0,,True,,LOW,0,,,True,,LOW,0,,,True,LOW,0,,True,LOW,0,,False,LOW,0,0,False,,,16,MEDIUM,MISSING_STRUCTURED,OK,HIGH,OK,OK,MISSING,False,True,LOW,0,,9412,True,LOW,0,,False,LOW,0,0,True,,LOW,0,,,True,,LOW,0,,,False,,,تروبرد,True,LOW,0,,1995-04-14,False,,,1500,3392,False,,,گنبدکاووس,False,LOW,0,0,245769,TRAIN,False,LOW,0,0,True,LOW,0,,False,LOW,0,0,9,0,0,False,LOW,0,0,True,,LOW,0,,,True,,LOW,0,,,True,LOW,0,,False,LOW,0,0,False,LOW,0,0,True,,LOW,0,,,True,,LOW,0,,,True,LOW,0,,True,LOW,0,,True,LOW,0,,True,,LOW,0,,,True,,LOW,0,,,True,LOW,0,,9426,True,,LOW,0,,,True,,LOW,0,,,False,LOW,0,0,True,LOW,0,,False,LOW,0,0
True,LOW,0,,True,LOW,0,,True,LOW,0,,True,LOW,0,,True,LOW,0,,True,LOW,0,,True,LOW,0,,False,,,تروبرد,False,LOW,0,0,True,,LOW,0,,,True,,LOW,0,,,True,LOW,0,,True,LOW,0,,True,LOW,0,,False,LOW,0,0,False,LOW,0,0,True,,LOW,0,,,True,,LOW,0,,,False,LOW,0,0,True,LOW,0,,True,,LOW,0,,,True,,LOW,0,,,True,LOW,0,,True,LOW,0,,False,LOW,0,0,False,,,16,MEDIUM,MISSING_STRUCTURED,OK,HIGH,OK,OK,OK,False,True,LOW,0,,3158,True,LOW,0,,False,LOW,0,0,True,,LOW,0,,,True,,LOW,0,,,False,,,تروبرد,True,LOW,0,,1995-04-14,False,,,1500,3392,False,,,گنبدکاووس,False,LOW,0,0,245770,TRAIN,False,LOW,0,0,True,LOW,0,,False,LOW,0,0,5,0,0,False,LOW,0,0,True,,LOW,0,,,True,,LOW,0,,,True,LOW,0,,False,LOW,0,0,False,LOW,0,0,True,,LOW,0,,,True,,LOW,0,,,False,LOW,2,2.0,False,MEDIUM-LOW,3,3,False,MEDIUM-LOW,3,3,False,0.6666666666666666,MEDIUM-LOW,3,0.49382734294947583,0.49382734294947583,False,0.3333333333333333,MEDIUM-LOW,3,0.20635788602506502,0.20635788602506502,False,MEDIUM-LOW,3,1,3163,True,,LOW,0,,,True,,LOW,0,,,False,LOW,0,0,True,LOW,0,,False,LOW,0,0
True,LOW,0,,True,LOW,0,,False,LOW,1,3.0,False,LOW,1,3.0,False,LOW,1,3.0,True,LOW,0,,True,LOW,0,,False,,,تروبرد,False,LOW,1,1,False,1.0,LOW,1,0.4917697905993011,0.4917697905993011,False,0.0,LOW,1,0.10847718136675337,0.10847718136675337,False,LOW,1,3.0,False,LOW,1,3,False,LOW,1,3.0,False,LOW,1,1,False,LOW,1,1,False,1.0,LOW,1,0.4917697905993011,0.4917697905993011,False,0.0,LOW,1,0.10847718136675337,0.10847718136675337,False,LOW,1,0,True,LOW,0,,True,,LOW,0,,,True,,LOW,0,,,False,LOW,1,14,False,LOW,1,500.0,False,LOW,0,0,False,,,16,MEDIUM,MISSING_STRUCTURED,OK,HIGH,OK,OK,MISSING,False,True,LOW,0,,3241,False,LOW,1,3,False,LOW,0,0,True,,LOW,0,,,True,,LOW,0,,,False,,,تروبرد,True,LOW,0,,1995-04-14,False,,,1500,3392,False,,,گنبدکاووس,False,LOW,1,1,245771,TRAIN,False,LOW,1,1,True,LOW,0,,False,LOW,0,0,3,1,0,False,LOW,1,1,False,1.0,LOW,1,0.4917697905993011,0.4917697905993011,True,,LOW,0,,,True,LOW,0,,False,LOW,0,0,False,LOW,1,1,False,1.0,LOW,1,0.4917697905993011,0.4917697905993011,False,0.0,LOW,1,0.10847718136675337,0.10847718136675337,True,LOW,0,,True,LOW,0,,True,LOW,0,,True,,LOW,0,,,True,,LOW,0,,,True,LOW,0,,3246,False,0.0,LOW,1,0.10847718136675337,0.10847718136675337,True,,LOW,0,,,False,LOW,1,0,True,LOW,0,,False,LOW,0,0
True,LOW,0,,True,LOW,0,,True,LOW,0,,True,LOW,0,,True,LOW,0,,True,LOW,0,,True,LOW,0,,False,,,تروبرد,False,LOW,0,0,True,,LOW,0,,,True,,LOW,0,,,True,LOW,0,,True,LOW,0,,True,LOW,0,,False,LOW,0,0,False,LOW,0,0,True,,LOW,0,,,True,,LOW,0,,,False,LOW,0,0,True,LOW,0,,True,,LOW,0,,,True,,LOW,0,,,True,LOW,0,,True,LOW,0,,False,LOW,0,0,False,,,16,MEDIUM,MISSING_STRUCTURED,OK,HIGH,OK,INVALID_FINISH,OK,False,True,LOW,0,,3320,True,LOW,0,,False,LOW,0,0,True,,LOW,0,,,True,,LOW,0,,,False,,,تروبرد,True,LOW,0,,1995-04-14,False,,,1500,3392,False,,,گنبدکاووس,False,LOW,0,0,245772,TRAIN,False,LOW,0,0,True,LOW,0,,False,LOW,0,0,,,,False,LOW,0,0,True,,LOW,0,,,True,,LOW,0,,,True,LOW,0,,False,LOW,0,0,False,LOW,0,0,True,,LOW,0,,,True,,LOW,0,,,False,LOW,1,3.0,False,MEDIUM-LOW,3,3,False,MEDIUM-LOW,3,3,False,0.3333333333333333,MEDIUM-LOW,3,0.36882734294947583,0.36882734294947583,False,0.0,MEDIUM-LOW,3,0.08135788602506502,0.08135788602506502,False,MEDIUM-LOW,3,0,3325,True,,LOW,0,,,True,,LOW,0,,,False,LOW,0,0,True,LOW,0,,False,LOW,0,0
True,LOW,0,,True,LOW,0,,True,LOW,0,,True,LOW,0,,True,LOW,0,,True,LOW,0,,True,LOW,0,,False,,,تروبرد,False,LOW,0,0,True,,LOW,0,,,True,,LOW,0,,,True,LOW,0,,True,LOW,0,,True,LOW,0,,False,LOW,0,0,False,LOW,0,0,True,,LOW,0,,,True,,LOW,0,,,False,LOW,0,0,True,LOW,0,,True,,LOW,0,,,True,,LOW,0,,,True,LOW,0,,True,LOW,0,,False,LOW,0,0,False,,,16,MEDIUM,MISSING_STRUCTURED,OK,HIGH,OK,OK,OK,False,True,LOW,0,,3317,True,LOW,0,,False,LOW,0,0,True,,LOW,0,,,True,,LOW,0,,,False,,,تروبرد,True,LOW,0,,1995-04-14,False,,,1500,3392,False,,,گنبدکاووس,False,LOW,0,0,245773,TRAIN,False,LOW,0,0,True,LOW,0,,False,LOW,0,0,7,0,0,False,LOW,0,0,True,,LOW,0,,,True,,LOW,0,,,True,LOW,0,,False,LOW,0,0,False,LOW,0,0,True,,LOW,0,,,True,,LOW,0,,,False,LOW,1,2.0,False,LOW,2,2,False,LOW,2,2,False,0.5,LOW,2,0.4215169633708295,0.4215169633708295,False,0.0,LOW,2,0.09298044117150288,0.09298044117150288,False,LOW,2,0,3322,True,,LOW,0,,,True,,LOW,0,,,False,LOW,0,0,True,LOW,0,,False,LOW,0,0
True,LOW,0,,True,LOW,0,,True,LOW,0,,True,LOW,0,,True,LOW,0,,True,LOW,0,,True,LOW,0,,False,,,تروبرد,False,LOW,0,0,True,,LOW,0,,,True,,LOW,0,,,True,LOW,0,,True,LOW,0,,True,LOW,0,,False,LOW,0,0,False,LOW,0,0,True,,LOW,0,,,True,,LOW,0,,,False,LOW,0,0,True,LOW,0,,True,,LOW,0,,,True,,LOW,0,,,True,LOW,0,,True,LOW,0,,False,LOW,0,0,False,,,16,MEDIUM,MISSING_STRUCTURED,OK,HIGH,OK,INVALID_FINISH,OK,False,True,LOW,0,,9413,True,LOW,0,,False,LOW,0,0,True,,LOW,0,,,True,,LOW,0,,,False,,,تروبرد,True,LOW,0,,1995-04-14,False,,,1500,3392,False,,,گنبدکاووس,False,LOW,0,0,245774,TRAIN,False,LOW,0,0,True,LOW,0,,False,LOW,0,0,,,,False,LOW,0,0,True,,LOW,0,,,True,,LOW,0,,,True,LOW,0,,False,LOW,0,0,False,LOW,0,0,True,,LOW,0,,,True,,LOW,0,,,True,LOW,0,,False,LOW,1,1,False,LOW,1,1,False,0.0,LOW,1,0.32510312393263446,0.32510312393263446,False,0.0,LOW,1,0.10847718136675337,0.10847718136675337,False,LOW,1,0,9427,True,,LOW,0,,,True,,LOW,0,,,False,LOW,0,0,True,LOW,0,,False,LOW,0,0
True,LOW,0,,True,LOW,0,,True,LOW,0,,True,LOW,0,,True,LOW,0,,True,LOW,0,,True,LOW,0,,False,,,تروبرد,False,LOW,0,0,True,,LOW,0,,,True,,LOW,0,,,True,LOW,0,,True,LOW,0,,True,LOW,0,,False,LOW,0,0,False,LOW,0,0,True,,LOW,0,,,True,,LOW,0,,,False,LOW,0,0,True,LOW,0,,True,,LOW,0,,,True,,LOW,0,,,True,LOW,0,,True,LOW,0,,False,LOW,0,0,False,,,16,MEDIUM,MISSING_STRUCTURED,OK,HIGH,OK,INVALID_FINISH,OK,False,True,LOW,0,,3232,True,LOW,0,,False,LOW,0,0,True,,LOW,0,,,True,,LOW,0,,,False,,,تروبرد,True,LOW,0,,1995-04-14,False,,,1500,3392,False,,,گنبدکاووس,False,LOW,0,0,245775,TRAIN,False,LOW,0,0,True,LOW,0,,False,LOW,0,0,,,,False,LOW,0,0,True,,LOW,0,,,True,,LOW,0,,,True,LOW,0,,False,LOW,0,0,False,LOW,0,0,True,,LOW,0,,,True,,LOW,0,,,False,LOW,1,4.0,False,LOW,1,1,False,LOW,1,1,False,0.0,LOW,1,0.32510312393263446,0.32510312393263446,False,0.0,LOW,1,0.10847718136675337,0.10847718136675337,False,LOW,1,0,3237,True,,LOW,0,,,True,,LOW,0,,,False,LOW,0,0,True,LOW,0,,False,LOW,0,0
True,LOW,0,,True,LOW,0,,True,LOW,0,,True,LOW,0,,True,LOW,0,,True,LOW,0,,True,LOW,0,,False,,,تروبرد,False,LOW,0,0,True,,LOW,0,,,True,,LOW,0,,,True,LOW,0,,True,LOW,0,,True,LOW,0,,False,LOW,0,0,False,LOW,0,0,True,,LOW,0,,,True,,LOW,0,,,False,LOW,0,0,True,LOW,0,,True,,LOW,0,,,True,,LOW,0,,,True,LOW,0,,True,LOW,0,,False,LOW,0,0,False,,,16,MEDIUM,MISSING_STRUCTURED,OK,HIGH,OK,OK,OK,False,True,LOW,0,,3324,True,LOW,0,,False,LOW,0,0,True,,LOW,0,,,True,,LOW,0,,,False,,,تروبرد,True,LOW,0,,1995-04-14,False,,,1500,3392,False,,,گنبدکاووس,False,LOW,0,0,245776,TRAIN,False,LOW,0,0,True,LOW,0,,False,LOW,0,0,6,0,0,False,LOW,0,0,True,,LOW,0,,,True,,LOW,0,,,True,LOW,0,,False,LOW,0,0,False,LOW,0,0,True,,LOW,0,,,True,,LOW,0,,,True,LOW,0,,False,LOW,0,0,False,LOW,0,0,True,,LOW,0,,,True,,LOW,0,,,False,LOW,0,0,3329,True,,LOW,0,,,True,,LOW,0,,,False,LOW,0,0,True,LOW,0,,False,LOW,0,0
True,LOW,0,,True,LOW,0,,True,LOW,0,,True,LOW,0,,True,LOW,0,,True,LOW,0,,True,LOW,0,,False,,,تروبرد,False,LOW,0,0,True,,LOW,0,,,True,,LOW,0,,,True,LOW,0,,True,LOW,0,,True,LOW,0,,False,LOW,0,0,False,LOW,0,0,True,,LOW,0,,,True,,LOW,0,,,False,LOW,0,0,True,LOW,0,,True,,LOW,0,,,True,,LOW,0,,,True,LOW,0,,True,LOW,0,,False,LOW,0,0,False,,,16,MEDIUM,MISSING_STRUCTURED,OK,HIGH,OK,OK,OK,False,True,LOW,0,,3351,True,LOW,0,,False,LOW,0,0,True,,LOW,0,,,True,,LOW,0,,,False,,,تروبرد,True,LOW,0,,1995-04-14,False,,,1500,3392,False,,,گنبدکاووس,False,LOW,0,0,245777,TRAIN,False,LOW,0,0,True,LOW,0,,False,LOW,0,0,2,1,0,False,LOW,0,0,True,,LOW,0,,,True,,LOW,0,,,True,LOW,0,,False,LOW,0,0,False,LOW,0,0,True,,LOW,0,,,True,,LOW,0,,,False,LOW,1,10.0,False,MEDIUM-LOW,3,3,False,MEDIUM-LOW,3,3,False,0.0,MEDIUM-LOW,3,0.24382734294947583,0.24382734294947583,False,0.0,MEDIUM-LOW,3,0.08135788602506502,0.08135788602506502,False,MEDIUM-LOW,3,0,3356,True,,LOW,0,,,True,,LOW,0,,,False,LOW,0,0,True,LOW,0,,False,LOW,0,0
True,LOW,0,,True,LOW,0,,True,LOW,0,,True,LOW,0,,True,LOW,0,,True,LOW,0,,True,LOW,0,,False,,,تروبرد,False,LOW,0,0,True,,LOW,0,,,True,,LOW,0,,,True,LOW,0,,True,LOW,0,,True,LOW,0,,False,LOW,0,0,False,LOW,0,0,True,,LOW,0,,,True,,LOW,0,,,False,LOW,0,0,True,LOW,0,,True,,LOW,0,,,True,,LOW,0,,,True,LOW,0,,True,LOW,0,,False,LOW,0,0,False,,,16,MEDIUM,MISSING_STRUCTURED,OK,HIGH,OK,OK,OK,False,True,LOW,0,,3337,True,LOW,0,,False,LOW,0,0,True,,LOW,0,,,True,,LOW,0,,,False,,,تروبرد,True,LOW,0,,1995-04-14,False,,,1500,3392,False,,,گنبدکاووس,False,LOW,0,0,245778,TRAIN,False,LOW,0,0,True,LOW,0,,False,LOW,0,0,8,0,0,False,LOW,0,0,True,,LOW,0,,,True,,LOW,0,,,True,LOW,0,,False,LOW,0,0,False,LOW,0,0,True,,LOW,0,,,True,,LOW,0,,,False,LOW,2,6.0,False,MEDIUM-LOW,4,4,False,MEDIUM-LOW,4,4,False,0.25,MEDIUM-LOW,4,0.32784652706620077,0.32784652706620077,False,0.0,MEDIUM-LOW,4,0.0723181209111689,0.0723181209111689,False,MEDIUM-LOW,4,0,3342,True,,LOW,0,,,True,,LOW,0,,,False,LOW,0,0,True,LOW,0,,False,LOW,0,0
True,LOW,0,,True,LOW,0,,True,LOW,0,,False,LOW,1,4.0,False,LOW,1,4.0,True,LOW,0,,False,LOW,1,4.0,False,,,تروبرد,False,LOW,1,1,False,0.0,LOW,1,0.32510312393263446,0.32510312393263446,False,0.0,LOW,1,0.10847718136675337,0.10847718136675337,False,LOW,1,4.0,False,LOW,1,4,False,LOW,1,4.0,False,LOW,1,0,False,LOW,1,1,False,0.0,LOW,1,0.32510312393263446,0.32510312393263446,False,0.0,LOW,1,0.10847718136675337,0.10847718136675337,False,LOW,1,0,True,LOW,0,,True,,LOW,0,,,True,,LOW,0,,,False,LOW,1,329,False,LOW,1,0.0,False,LOW,1,1,False,,,11,MEDIUM,MISSING_STRUCTURED,OK,HIGH,OK,OK,OK,False,True,LOW,0,,3470,False,LOW,1,4,False,LOW,0,0,True,,LOW,0,,,True,,LOW,0,,,False,,,تروبرد,True,LOW,0,,1995-04-14,False,,,1500,3393,False,,,گنبدکاووس,False,LOW,1,1,245779,TRAIN,False,LOW,0,0,True,LOW,0,,False,LOW,1,1,8,0,0,False,LOW,0,0,False,0.0,LOW,1,0.32510312393263446,0.32510312393263446,False,0.0,LOW,1,0.32510312393263446,0.32510312393263446,True,LOW,0,,False,LOW,1,0,False,LOW,0,0,True,,LOW,0,,,True,,LOW,0,,,False,LOW,1,3.0,False,MEDIUM-LOW,4,4,False,MEDIUM-LOW,4,4,False,0.25,MEDIUM-LOW,4,0.32784652706620077,0.32784652706620077,False,0.0,MEDIUM-LOW,4,0.0723181209111689,0.0723181209111689,False,MEDIUM-LOW,4,0,3475,False,0.0,LOW,1,0.10847718136675337,0.10847718136675337,False,0.0,LOW,1,0.10847718136675337,0.10847718136675337,False,LOW,0,0,True,LOW,0,,False,LOW,1,0
True,LOW,0,,True,LOW,0,,True,LOW,0,,True,LOW,0,,True,LOW,0,,True,LOW,0,,True,LOW,0,,False,,,تروبرد,False,LOW,0,0,True,,LOW,0,,,True,,LOW,0,,,True,LOW,0,,True,LOW,0,,True,LOW,0,,False,LOW,0,0,False,LOW,0,0,True,,LOW,0,,,True,,LOW,0,,,False,LOW,0,0,True,LOW,0,,True,,LOW,0,,,True,,LOW,0,,,True,LOW,0,,True,LOW,0,,False,LOW,0,0,False,,,11,LOW,MISSING_STRUCTURED,OK,HIGH,OK,OK,OK,False,True,LOW,0,,3257,True,LOW,0,,False,LOW,0,0,True,,LOW,0,,,True,,LOW,0,,,False,,,تروبرد,True,LOW,0,,1995-04-14,False,,,1500,3393,False,,,گنبدکاووس,False,LOW,0,0,245780,TRAIN,False,LOW,0,0,True,LOW,0,,False,LOW,0,0,2,1,0,False,LOW,0,0,True,,LOW,0,,,True,,LOW,0,,,True,LOW,0,,False,LOW,0,0,False,LOW,0,0,True,,LOW,0,,,True,,LOW,0,,,False,LOW,1,6.0,False,LOW,1,1,False,LOW,1,1,False,0.0,LOW,1,0.32510312393263446,0.32510312393263446,False,0.0,LOW,1,0.10847718136675337,0.10847718136675337,False,LOW,1,0,3262,True,,LOW,0,,,True,,LOW,0,,,False,LOW,0,0,True,LOW,0,,False,LOW,0,0
True,LOW,0,,True,LOW,0,,True,LOW,0,,True,LOW,0,,True,LOW,0,,True,LOW,0,,True,LOW,0,,False,,,تروبرد,False,LOW,0,0,True,,LOW,0,,,True,,LOW,0,,,True,LOW,0,,True,LOW,0,,True,LOW,0,,False,LOW,0,0,False,LOW,0,0,True,,LOW,0,,,True,,LOW,0,,,False,LOW,0,0,True,LOW,0,,True,,LOW,0,,,True,,LOW,0,,,True,LOW,0,,True,LOW,0,,False,LOW,0,0,False,,,11,MEDIUM,MISSING_STRUCTURED,OK,HIGH,OK,OK,OK,False,True,LOW,0,,3370,True,LOW,0,,False,LOW,0,0,True,,LOW,0,,,True,,LOW,0,,,False,,,تروبرد,True,LOW,0,,1995-04-14,False,,,1500,3393,False,,,گنبدکاووس,False,LOW,0,0,245781,TRAIN,False,LOW,0,0,True,LOW,0,,False,LOW,0,0,5,0,0,False,LOW,0,0,True,,LOW,0,,,True,,LOW,0,,,True,LOW,0,,False,LOW,0,0,False,LOW,0,0,True,,LOW,0,,,True,,LOW,0,,,False,MEDIUM-LOW,3,6.666666666666667,False,MEDIUM,5,5,False,MEDIUM,5,5,False,0.2,MEDIUM,5,0.29506187435958064,0.29506187435958064,False,0.0,MEDIUM,5,0.06508630882005202,0.06508630882005202,False,MEDIUM,5,0,3375,True,,LOW,0,,,True,,LOW,0,,,False,LOW,0,0,True,LOW,0,,False,LOW,0,0
True,LOW,0,,True,LOW,0,,True,LOW,0,,True,LOW,0,,True,LOW,0,,True,LOW,0,,True,LOW,0,,False,,,تروبرد,False,LOW,1,1,False,0.0,LOW,1,0.32510312393263446,0.32510312393263446,False,0.0,LOW,1,0.10847718136675337,0.10847718136675337,True,LOW,0,,True,LOW,0,,True,LOW,0,,False,LOW,1,0,False,LOW,1,1,False,0.0,LOW,1,0.32510312393263446,0.32510312393263446,False,0.0,LOW,1,0.10847718136675337,0.10847718136675337,False,LOW,1,0,True,LOW,0,,True,,LOW,0,,,True,,LOW,0,,,False,LOW,1,329,False,LOW,1,0.0,False,LOW,1,1,False,,,11,MEDIUM,MISSING_STRUCTURED,OK,HIGH,OK,OK,OK,False,True,LOW,0,,3463,True,LOW,0,,False,LOW,0,0,True,,LOW,0,,,True,,LOW,0,,,False,,,تروبرد,True,LOW,0,,1995-04-14,False,,,1500,3393,False,,,گنبدکاووس,False,LOW,1,1,245782,TRAIN,False,LOW,0,0,True,LOW,0,,False,LOW,1,1,7,0,0,False,LOW,0,0,True,,LOW,0,,,False,0.0,LOW,1,0.32510312393263446,0.32510312393263446,True,LOW,0,,False,LOW,1,0,False,LOW,0,0,True,,LOW,0,,,True,,LOW,0,,,True,LOW,0,,False,LOW,0,0,False,LOW,0,0,True,,LOW,0,,,True,,LOW,0,,,False,LOW,0,0,3468,True,,LOW,0,,,False,0.0,LOW,1,0.10847718136675337,0.10847718136675337,False,LOW,0,0,True,LOW,0,,False,LOW,1,0
True,LOW,0,,True,LOW,0,,True,LOW,0,,True,LOW,0,,True,LOW,0,,True,LOW,0,,True,LOW,0,,False,,,تروبرد,False,LOW,0,0,True,,LOW,0,,,True,,LOW,0,,,True,LOW,0,,True,LOW,0,,True,LOW,0,,False,LOW,0,0,False,LOW,0,0,True,,LOW,0,,,True,,LOW,0,,,False,LOW,0,0,True,LOW,0,,True,,LOW,0,,,True,,LOW,0,,,True,LOW,0,,True,LOW,0,,False,LOW,0,0,False,,,11,MEDIUM,MISSING_STRUCTURED,OK,HIGH,OK,OK,OK,False,True,LOW,0,,9243,True,LOW,0,,False,LOW,0,0,True,,LOW,0,,,True,,LOW,0,,,False,,,تروبرد,True,LOW,0,,1995-04-14,False,,,1500,3393,False,,,گنبدکاووس,False,LOW,0,0,245783,TRAIN,False,LOW,0,0,True,LOW,0,,False,LOW,0,0,1,1,1,False,LOW,0,0,True,,LOW,0,,,True,,LOW,0,,,True,LOW,0,,False,LOW,0,0,False,LOW,0,0,True,,LOW,0,,,True,,LOW,0,,,False,LOW,2,4.0,False,LOW,2,2,False,LOW,2,2,False,0.5,LOW,2,0.4215169633708295,0.4215169633708295,False,0.0,LOW,2,0.09298044117150288,0.09298044117150288,False,LOW,2,0,9257,True,,LOW,0,,,True,,LOW,0,,,False,LOW,0,0,True,LOW,0,,False,LOW,0,0
True,LOW,0,,True,LOW,0,,True,LOW,0,,True,LOW,0,,True,LOW,0,,True,LOW,0,,True,LOW,0,,False,,,تروبرد,False,LOW,1,1,False,0.0,LOW,1,0.32510312393263446,0.32510312393263446,False,0.0,LOW,1,0.10847718136675337,0.10847718136675337,True,LOW,0,,True,LOW,0,,True,LOW,0,,False,LOW,1,0,False,LOW,1,1,False,0.0,LOW,1,0.32510312393263446,0.32510312393263446,False,0.0,LOW,1,0.10847718136675337,0.10847718136675337,False,LOW,1,0,True,LOW,0,,True,,LOW,0,,,True,,LOW,0,,,False,LOW,1,329,False,LOW,1,0.0,False,LOW,1,1,False,,,11,MEDIUM,MISSING_STRUCTURED,OK,HIGH,OK,OK,OK,False,True,LOW,0,,3495,True,LOW,0,,False,LOW,1,1,True,,LOW,1,,,True,,LOW,1,,,False,,,تروبرد,True,LOW,0,,1995-04-14,False,,,1500,3393,False,,,گنبدکاووس,False,LOW,1,1,245784,TRAIN,False,LOW,0,0,True,LOW,0,,False,LOW,1,1,4,0,0,False,LOW,0,0,True,,LOW,0,,,False,0.0,LOW,1,0.32510312393263446,0.32510312393263446,True,LOW,0,,False,LOW,1,0,False,LOW,0,0,True,,LOW,0,,,True,,LOW,0,,,True,LOW,0,,False,LOW,0,0,False,LOW,0,0,True,,LOW,0,,,True,,LOW,0,,,False,LOW,0,0,3500,True,,LOW,0,,,False,0.0,LOW,1,0.10847718136675337,0.10847718136675337,False,LOW,0,0,True,LOW,0,,False,LOW,1,0
True,LOW,0,,True,LOW,0,,True,LOW,0,,False,LOW,1,2.0,False,LOW,1,2.0,True,LOW,0,,True,LOW,0,,False,,,تروبرد,False,LOW,1,1,False,1.0,LOW,1,0.4917697905993011,0.4917697905993011,False,0.0,LOW,1,0.10847718136675337,0.10847718136675337,False,LOW,1,2.0,False,LOW,1,2,False,LOW,1,2.0,False,LOW,1,1,False,LOW,1,1,False,1.0,LOW,1,0.4917697905993011,0.4917697905993011,False,0.0,LOW,1,0.10847718136675337,0.10847718136675337,False,LOW,1,0,True,LOW,0,,True,,LOW,0,,,True,,LOW,0,,,False,LOW,1,329,False,LOW,1,500.0,False,LOW,0,0,False,,,11,MEDIUM,MISSING_STRUCTURED,OK,HIGH,OK,OK,OK,False,True,LOW,0,,3450,False,LOW,1,2,False,LOW,1,1,True,,LOW,1,,,True,,LOW,1,,,False,,,تروبرد,True,LOW,0,,1995-04-14,False,,,1500,3393,False,,,گنبدکاووس,False,LOW,1,1,245785,TRAIN,False,LOW,0,0,True,LOW,0,,False,LOW,0,0,6,0,0,False,LOW,0,0,False,1.0,LOW,1,0.4917697905993011,0.4917697905993011,True,,LOW,0,,,True,LOW,0,,False,LOW,0,0,False,LOW,0,0,True,,LOW,0,,,True,,LOW,0,,,True,LOW,0,,False,LOW,0,0,False,LOW,0,0,True,,LOW,0,,,True,,LOW,0,,,False,LOW,0,0,3455,False,0.0,LOW,1,0.10847718136675337,0.10847718136675337,True,,LOW,0,,,False,LOW,0,0,True,LOW,0,,False,LOW,0,0
True,LOW,0,,True,LOW,0,,True,LOW,0,,True,LOW,0,,True,LOW,0,,True,LOW,0,,True,LOW,0,,False,,,تروبرد,False,LOW,1,1,False,0.0,LOW,1,0.32510312393263446,0.32510312393263446,False,0.0,LOW,1,0.10847718136675337,0.10847718136675337,True,LOW,0,,True,LOW,0,,True,LOW,0,,False,LOW,1,0,False,LOW,1,1,False,0.0,LOW,1,0.32510312393263446,0.32510312393263446,False,0.0,LOW,1,0.10847718136675337,0.10847718136675337,False,LOW,1,0,True,LOW,0,,True,,LOW,0,,,True,,LOW,0,,,False,LOW,1,329,False,LOW,1,0.0,False,LOW,1,1,False,,,11,MEDIUM,MISSING_STRUCTURED,OK,HIGH,OK,OK,OK,False,True,LOW,0,,3467,True,LOW,0,,False,LOW,0,0,True,,LOW,0,,,True,,LOW,0,,,False,,,تروبرد,True,LOW,0,,1995-04-14,False,,,1500,3393,False,,,گنبدکاووس,False,LOW,1,1,245786,TRAIN,False,LOW,0,0,True,LOW,0,,False,LOW,1,1,9,0,0,False,LOW,0,0,True,,LOW,0,,,False,0.0,LOW,1,0.32510312393263446,0.32510312393263446,True,LOW,0,,False,LOW,1,0,False,LOW,0,0,True,,LOW,0,,,True,,LOW,0,,,True,LOW,0,,False,LOW,2,2,False,LOW,2,2,False,0.0,LOW,2,0.27865982051368665,0.27865982051368665,False,0.0,LOW,2,0.09298044117150288,0.09298044117150288,False,LOW,2,0,3472,True,,LOW,0,,,False,0.0,LOW,1,0.10847718136675337,0.10847718136675337,False,LOW,0,0,True,LOW,0,,False,LOW,1,0
True,LOW,0,,True,LOW,0,,True,LOW,0,,True,LOW,0,,True,LOW,0,,True,LOW,0,,True,LOW,0,,False,,,تروبرد,False,LOW,0,0,True,,LOW,0,,,True,,LOW,0,,,True,LOW,0,,True,LOW,0,,True,LOW,0,,False,LOW,0,0,False,LOW,0,0,True,,LOW,0,,,True,,LOW,0,,,False,LOW,0,0,True,LOW,0,,True,,LOW,0,,,True,,LOW,0,,,True,LOW,0,,True,LOW,0,,False,LOW,0,0,False,,,11,MEDIUM,MISSING_STRUCTURED,OK,HIGH,OK,OK,OK,False,True,LOW,0,,3369,True,LOW,0,,False,LOW,0,0,True,,LOW,0,,,True,,LOW,0,,,False,,,تروبرد,True,LOW,0,,1995-04-14,False,,,1500,3393,False,,,گنبدکاووس,False,LOW,0,0,245787,TRAIN,False,LOW,0,0,True,LOW,0,,False,LOW,0,0,3,1,0,False,LOW,0,0,True,,LOW,0,,,True,,LOW,0,,,True,LOW,0,,False,LOW,0,0,False,LOW,0,0,True,,LOW,0,,,True,,LOW,0,,,False,LOW,1,7.0,False,MEDIUM,8,8,False,MEDIUM,8,8,False,0.0,MEDIUM,8,0.1500475956612159,0.1500475956612159,False,0.0,MEDIUM,8,0.05006639140004002,0.05006639140004002,False,MEDIUM,8,0,3374,True,,LOW,0,,,True,,LOW,0,,,False,LOW,0,0,True,LOW,0,,False,LOW,0,0
True,LOW,0,,True,LOW,0,,True,LOW,0,,True,LOW,0,,True,LOW,0,,True,LOW,0,,True,LOW,0,,False,,,تروبرد,False,LOW,0,0,True,,LOW,0,,,True,,LOW,0,,,True,LOW,0,,True,LOW,0,,True,LOW,0,,False,LOW,0,0,False,LOW,0,0,True,,LOW,0,,,True,,LOW,0,,,False,LOW,0,0,True,LOW,0,,True,,LOW,0,,,True,,LOW,0,,,True,LOW,0,,True,LOW,0,,False,LOW,0,0,False,,,11,LOW,MISSING_STRUCTURED,OK,HIGH,OK,MISSING_FINISH,MISSING,False,True,LOW,0,,9414,True,LOW,0,,False,LOW,0,0,True,,LOW,0,,,True,,LOW,0,,,False,,,تروبرد,True,LOW,0,,1995-04-14,False,,,1500,3393,False,,,گنبدکاووس,False,LOW,0,0,245788,TRAIN,False,LOW,0,0,True,LOW,0,,False,LOW,0,0,,,,False,LOW,0,0,True,,LOW,0,,,True,,LOW,0,,,True,LOW,0,,False,LOW,0,0,False,LOW,0,0,True,,LOW,0,,,True,,LOW,0,,,True,LOW,0,,True,LOW,0,,True,LOW,0,,True,,LOW,0,,,True,,LOW,0,,,True,LOW,0,,9428,True,,LOW,0,,,True,,LOW,0,,,False,LOW,0,0,True,LOW,0,,False,LOW,0,0
True,LOW,0,,True,LOW,0,,True,LOW,0,,True,LOW,0,,True,LOW,0,,True,LOW,0,,True,LOW,0,,False,,,تروبرد,False,LOW,0,0,True,,LOW,0,,,True,,LOW,0,,,True,LOW,0,,True,LOW,0,,True,LOW,0,,False,LOW,0,0,False,LOW,0,0,True,,LOW,0,,,True,,LOW,0,,,False,LOW,0,0,True,LOW,0,,True,,LOW,0,,,True,,LOW,0,,,True,LOW,0,,True,LOW,0,,False,LOW,0,0,False,,,11,MEDIUM,MISSING_STRUCTURED,OK,HIGH,OK,MISSING_FINISH,OK,False,True,LOW,0,,3162,True,LOW,0,,False,LOW,0,0,True,,LOW,0,,,True,,LOW,0,,,False,,,تروبرد,True,LOW,0,,1995-04-14,False,,,1500,3393,False,,,گنبدکاووس,False,LOW,0,0,245789,TRAIN,False,LOW,0,0,True,LOW,0,,False,LOW,0,0,,,,False,LOW,0,0,True,,LOW,0,,,True,,LOW,0,,,True,LOW,0,,False,LOW,0,0,False,LOW,0,0,True,,LOW,0,,,True,,LOW,0,,,False,LOW,1,3.0,False,MEDIUM-LOW,4,4,False,MEDIUM-LOW,4,4,False,0.25,MEDIUM-LOW,4,0.32784652706620077,0.32784652706620077,False,0.0,MEDIUM-LOW,4,0.0723181209111689,0.0723181209111689,False,MEDIUM-LOW,4,0,3167,True,,LOW,0,,,True,,LOW,0,,,False,LOW,0,0,True,LOW,0,,False,LOW,0,0
True,LOW,0,,True,LOW,0,,True,LOW,0,,True,LOW,0,,True,LOW,0,,True,LOW,0,,True,LOW,0,,False,,,تروبرد,False,LOW,0,0,True,,LOW,0,,,True,,LOW,0,,,True,LOW,0,,True,LOW,0,,True,LOW,0,,False,LOW,0,0,False,LOW,0,0,True,,LOW,0,,,True,,LOW,0,,,False,LOW,0,0,False,LOW,0,0,True,,LOW,0,,,True,,LOW,0,,,True,LOW,0,,True,LOW,0,,False,LOW,0,0,False,,,10,MEDIUM,OK,OK,HIGH,OK,OK,OK,False,True,LOW,0,,3231,True,LOW,0,,False,LOW,0,0,True,,LOW,0,,,True,,LOW,0,,,False,,,تروبرد,False,,,other,1995-04-28,False,,,1500,601,False,,,گنبدکاووس,False,LOW,0,0,218562,TRAIN,False,LOW,0,0,False,LOW,0,0,False,LOW,0,0,1,1,1,False,LOW,0,0,True,,LOW,0,,,True,,LOW,0,,,False,LOW,0,0,False,LOW,0,0,False,LOW,0,0,True,,LOW,0,,,True,,LOW,0,,,False,LOW,2,4.0,False,LOW,2,2,False,LOW,2,2,False,0.5,LOW,2,0.4215169633708295,0.4215169633708295,False,0.0,LOW,2,0.09298044117150288,0.09298044117150288,False,LOW,2,0,3236,True,,LOW,0,,,True,,LOW,0,,,False,LOW,0,0,False,LOW,0,0,False,LOW,0,0
True,LOW,0,,True,LOW,0,,True,LOW,0,,True,LOW,0,,True,LOW,0,,True,LOW,0,,True,LOW,0,,False,,,تروبرد,False,LOW,1,1,False,0.0,LOW,1,0.32510312393263446,0.32510312393263446,False,0.0,LOW,1,0.10847718136675337,0.10847718136675337,True,LOW,0,,True,LOW,0,,True,LOW,0,,False,LOW,1,0,False,LOW,1,1,False,0.0,LOW,1,0.32510312393263446,0.32510312393263446,False,0.0,LOW,1,0.10847718136675337,0.10847718136675337,False,LOW,1,0,False,LOW,0,0,True,,LOW,0,,,True,,LOW,0,,,False,LOW,1,14,False,LOW,1,0.0,False,LOW,1,1,False,,,10,MEDIUM,OK,OK,HIGH,OK,OK,OK,False,True,LOW,0,,3232,True,LOW,0,,False,LOW,0,0,True,,LOW,0,,,True,,LOW,0,,,False,,,تروبرد,False,,,other,1995-04-28,False,,,1500,601,False,,,گنبدکاووس,False,LOW,1,1,218563,TRAIN,False,LOW,1,1,False,LOW,0,0,False,LOW,1,1,9,0,0,False,LOW,1,0,True,,LOW,0,,,False,0.0,LOW,1,0.32510312393263446,0.32510312393263446,False,LOW,0,0,False,LOW,1,0,False,LOW,1,1,False,0.0,LOW,1,0.32510312393263446,0.32510312393263446,False,0.0,LOW,1,0.10847718136675337,0.10847718136675337,False,LOW,1,4.0,False,LOW,2,2,False,LOW,2,2,False,0.0,LOW,2,0.27865982051368665,0.27865982051368665,False,0.0,LOW,2,0.09298044117150288,0.09298044117150288,False,LOW,2,0,3237,True,,LOW,0,,,False,0.0,LOW,1,0.10847718136675337,0.10847718136675337,False,LOW,1,0,False,LOW,0,0,False,LOW,1,0
True,LOW,0,,True,LOW,0,,True,LOW,0,,True,LOW,0,,True,LOW,0,,True,LOW,0,,True,LOW,0,,False,,,تروبرد,False,LOW,0,0,True,,LOW,0,,,True,,LOW,0,,,True,LOW,0,,True,LOW,0,,True,LOW,0,,False,LOW,0,0,False,LOW,0,0,True,,LOW,0,,,True,,LOW,0,,,False,LOW,0,0,False,LOW,0,0,True,,LOW,0,,,True,,LOW,0,,,True,LOW,0,,True,LOW,0,,False,LOW,0,0,False,,,10,MEDIUM,OK,OK,HIGH,OK,OK,OK,False,True,LOW,0,,3233,True,LOW,0,,False,LOW,0,0,True,,LOW,0,,,True,,LOW,0,,,False,,,تروبرد,False,,,other,1995-04-28,False,,,1500,601,False,,,گنبدکاووس,False,LOW,0,0,218564,TRAIN,False,LOW,0,0,False,LOW,0,0,False,LOW,0,0,6,0,0,False,LOW,0,0,True,,LOW,0,,,True,,LOW,0,,,False,LOW,0,0,False,LOW,0,0,False,LOW,0,0,True,,LOW,0,,,True,,LOW,0,,,False,LOW,1,4.0,False,MEDIUM,5,5,False,MEDIUM,5,5,False,0.0,MEDIUM,5,0.19506187435958067,0.19506187435958067,False,0.0,MEDIUM,5,0.06508630882005202,0.06508630882005202,False,MEDIUM,5,0,3238,True,,LOW,0,,,True,,LOW,0,,,False,LOW,0,0,False,LOW,0,0,False,LOW,0,0
True,LOW,0,,True,LOW,0,,True,LOW,0,,True,LOW,0,,True,LOW,0,,True,LOW,0,,True,LOW,0,,False,,,تروبرد,False,LOW,0,0,True,,LOW,0,,,True,,LOW,0,,,True,LOW,0,,True,LOW,0,,True,LOW,0,,False,LOW,0,0,False,LOW,0,0,True,,LOW,0,,,True,,LOW,0,,,False,LOW,0,0,False,LOW,0,0,True,,LOW,0,,,True,,LOW,0,,,True,LOW,0,,True,LOW,0,,False,LOW,0,0,False,,,10,MEDIUM,OK,OK,HIGH,OK,OK,OK,False,True,LOW,0,,3358,True,LOW,0,,False,LOW,0,0,True,,LOW,0,,,True,,LOW,0,,,False,,,تروبرد,False,,,other,1995-04-28,False,,,1500,601,False,,,گنبدکاووس,False,LOW,0,0,218565,TRAIN,False,LOW,0,0,False,LOW,0,0,False,LOW,0,0,4,0,0,False,LOW,0,0,True,,LOW,0,,,True,,LOW,0,,,False,LOW,0,0,False,LOW,0,0,False,LOW,0,0,True,,LOW,0,,,True,,LOW,0,,,False,MEDIUM-LOW,4,6.25,False,MEDIUM,6,6,False,MEDIUM,6,6,False,0.16666666666666666,MEDIUM,6,0.26823806759961877,0.26823806759961877,False,0.0,MEDIUM,6,0.059169371654592746,0.059169371654592746,False,MEDIUM,6,0,3363,True,,LOW,0,,,True,,LOW,0,,,False,LOW,0,0,False,LOW,0,0,False,LOW,0,0
True,LOW,0,,True,LOW,0,,True,LOW,0,,True,LOW,0,,True,LOW,0,,True,LOW,0,,True,LOW,0,,False,,,تروبرد,False,LOW,0,0,True,,LOW,0,,,True,,LOW,0,,,True,LOW,0,,True,LOW,0,,True,LOW,0,,False,LOW,0,0,False,LOW,0,0,True,,LOW,0,,,True,,LOW,0,,,False,LOW,0,0,False,LOW,0,0,True,,LOW,0,,,True,,LOW,0,,,True,LOW,0,,True,LOW,0,,False,LOW,0,0,False,,,10,MEDIUM,OK,OK,HIGH,OK,OK,OK,False,True,LOW,0,,3347,True,LOW,0,,False,LOW,0,0,True,,LOW,0,,,True,,LOW,0,,,False,,,تروبرد,False,,,other,1995-04-28,False,,,1500,601,False,,,گنبدکاووس,False,LOW,0,0,218566,TRAIN,False,LOW,0,0,False,LOW,0,0,False,LOW,0,0,3,1,0,False,LOW,0,0,True,,LOW,0,,,True,,LOW,0,,,False,LOW,0,0,False,LOW,0,0,False,LOW,0,0,True,,LOW,0,,,True,,LOW,0,,,False,MEDIUM,5,5.8,False,MEDIUM,7,7,False,MEDIUM,7,7,False,0.14285714285714285,MEDIUM,7,0.24588489529965055,0.24588489529965055,False,0.0,MEDIUM,7,0.054238590683376685,0.054238590683376685,False,MEDIUM,7,0,3352,True,,LOW,0,,,True,,LOW,0,,,False,LOW,0,0,False,LOW,0,0,False,LOW,0,0
True,LOW,0,,True,LOW,0,,True,LOW,0,,True,LOW,0,,True,LOW,0,,True,LOW,0,,True,LOW,0,,False,,,تروبرد,False,LOW,0,0,True,,LOW,0,,,True,,LOW,0,,,True,LOW,0,,True,LOW,0,,True,LOW,0,,False,LOW,0,0,False,LOW,0,0,True,,LOW,0,,,True,,LOW,0,,,False,LOW,0,0,False,LOW,0,0,True,,LOW,0,,,True,,LOW,0,,,True,LOW,0,,True,LOW,0,,False,LOW,0,0,False,,,10,MEDIUM,OK,OK,HIGH,OK,OK,OK,False,True,LOW,0,,3234,True,LOW,0,,False,LOW,0,0,True,,LOW,0,,,True,,LOW,0,,,False,,,تروبرد,False,,,other,1995-04-28,False,,,1500,601,False,,,گنبدکاووس,False,LOW,0,0,218567,TRAIN,False,LOW,0,0,False,LOW,0,0,False,LOW,0,0,8,0,0,False,LOW,0,0,True,,LOW,0,,,True,,LOW,0,,,False,LOW,0,0,False,LOW,0,0,False,LOW,0,0,True,,LOW,0,,,True,,LOW,0,,,False,LOW,2,4.5,False,MEDIUM-LOW,3,3,False,MEDIUM-LOW,3,3,False,0.3333333333333333,MEDIUM-LOW,3,0.36882734294947583,0.36882734294947583,False,0.0,MEDIUM-LOW,3,0.08135788602506502,0.08135788602506502,False,MEDIUM-LOW,3,0,3239,True,,LOW,0,,,True,,LOW,0,,,False,LOW,0,0,False,LOW,0,0,False,LOW,0,0
True,LOW,0,,True,LOW,0,,False,LOW,1,7.0,False,LOW,1,7.0,False,LOW,1,7.0,True,LOW,0,,False,LOW,1,7.0,False,,,تروبرد,False,LOW,1,1,False,0.0,LOW,1,0.32510312393263446,0.32510312393263446,False,0.0,LOW,1,0.10847718136675337,0.10847718136675337,False,LOW,1,7.0,False,LOW,1,7,False,LOW,1,7.0,False,LOW,1,0,False,LOW,1,1,False,0.0,LOW,1,0.32510312393263446,0.32510312393263446,False,0.0,LOW,1,0.10847718136675337,0.10847718136675337,False,LOW,1,0,False,LOW,0,0,True,,LOW,0,,,True,,LOW,0,,,False,LOW,1,14,False,LOW,1,0.0,False,LOW,1,1,False,,,10,MEDIUM,OK,OK,HIGH,OK,OK,OK,False,True,LOW,0,,3317,False,LOW,1,7,False,LOW,1,1,True,,LOW,1,,,True,,LOW,1,,,False,,,تروبرد,False,,,other,1995-04-28,False,,,1500,601,False,,,گنبدکاووس,False,LOW,1,1,218568,TRAIN,False,LOW,1,1,False,LOW,0,0,False,LOW,1,1,5,0,0,False,LOW,1,0,False,0.0,LOW,1,0.32510312393263446,0.32510312393263446,False,0.0,LOW,1,0.32510312393263446,0.32510312393263446,False,LOW,0,0,False,LOW,1,0,False,LOW,1,1,False,0.0,LOW,1,0.32510312393263446,0.32510312393263446,False,0.0,LOW,1,0.10847718136675337,0.10847718136675337,False,MEDIUM-LOW,3,5.666666666666667,False,MEDIUM-LOW,4,4,False,MEDIUM-LOW,4,4,False,0.25,MEDIUM-LOW,4,0.32784652706620077,0.32784652706620077,False,0.0,MEDIUM-LOW,4,0.0723181209111689,0.0723181209111689,False,MEDIUM-LOW,4,0,3322,False,0.0,LOW,1,0.10847718136675337,0.10847718136675337,False,0.0,LOW,1,0.10847718136675337,0.10847718136675337,False,LOW,1,0,False,LOW,0,0,False,LOW,1,0
True,LOW,0,,True,LOW,0,,True,LOW,0,,True,LOW,0,,True,LOW,0,,True,LOW,0,,True,LOW,0,,False,,,تروبرد,False,LOW,0,0,True,,LOW,0,,,True,,LOW,0,,,True,LOW,0,,True,LOW,0,,True,LOW,0,,False,LOW,0,0,False,LOW,0,0,True,,LOW,0,,,True,,LOW,0,,,False,LOW,0,0,False,LOW,0,0,True,,LOW,0,,,True,,LOW,0,,,True,LOW,0,,True,LOW,0,,False,LOW,0,0,False,,,10,MEDIUM,OK,OK,HIGH,OK,OK,OK,False,True,LOW,0,,3331,True,LOW,0,,False,LOW,0,0,True,,LOW,0,,,True,,LOW,0,,,False,,,تروبرد,False,,,other,1995-04-28,False,,,1500,601,False,,,گنبدکاووس,False,LOW,0,0,218569,TRAIN,False,LOW,0,0,False,LOW,0,0,False,LOW,0,0,2,1,0,False,LOW,0,0,True,,LOW,0,,,True,,LOW,0,,,False,LOW,0,0,False,LOW,0,0,False,LOW,0,0,True,,LOW,0,,,True,,LOW,0,,,True,LOW,0,,False,LOW,0,0,False,LOW,0,0,True,,LOW,0,,,True,,LOW,0,,,False,LOW,0,0,3336,True,,LOW,0,,,True,,LOW,0,,,False,LOW,0,0,False,LOW,0,0,False,LOW,0,0
True,LOW,0,,True,LOW,0,,True,LOW,0,,True,LOW,0,,True,LOW,0,,True,LOW,0,,True,LOW,0,,False,,,تروبرد,False,LOW,0,0,True,,LOW,0,,,True,,LOW,0,,,True,LOW,0,,True,LOW,0,,True,LOW,0,,False,LOW,0,0,False,LOW,0,0,True,,LOW,0,,,True,,LOW,0,,,False,LOW,0,0,False,LOW,0,0,True,,LOW,0,,,True,,LOW,0,,,True,LOW,0,,True,LOW,0,,False,LOW,0,0,False,,,10,MEDIUM,OK,OK,HIGH,OK,OK,OK,False,True,LOW,0,,3341,True,LOW,0,,False,LOW,0,0,True,,LOW,0,,,True,,LOW,0,,,False,,,تروبرد,False,,,other,1995-04-28,False,,,1500,601,False,,,گنبدکاووس,False,LOW,0,0,218570,TRAIN,False,LOW,0,0,False,LOW,0,0,False,LOW,0,0,7,0,0,False,LOW,0,0,True,,LOW,0,,,True,,LOW,0,,,False,LOW,0,0,False,LOW,0,0,False,LOW,0,0,True,,LOW,0,,,True,,LOW,0,,,False,MEDIUM-LOW,3,3.0,False,MEDIUM-LOW,4,4,False,MEDIUM-LOW,4,4,False,0.5,MEDIUM-LOW,4,0.43895763817731187,0.43895763817731187,False,0.25,MEDIUM-LOW,4,0.18342923202228,0.18342923202228,False,MEDIUM-LOW,4,1,3346,True,,LOW,0,,,True,,LOW,0,,,False,LOW,0,0,False,LOW,0,0,False,LOW,0,0
True,LOW,0,,True,LOW,0,,True,LOW,0,,True,LOW,0,,True,LOW,0,,True,LOW,0,,True,LOW,0,,False,,,تروبرد,False,LOW,0,0,True,,LOW,0,,,True,,LOW,0,,,True,LOW,0,,True,LOW,0,,True,LOW,0,,False,LOW,0,0,False,LOW,0,0,True,,LOW,0,,,True,,LOW,0,,,False,LOW,0,0,False,LOW,0,0,True,,LOW,0,,,True,,LOW,0,,,True,LOW,0,,True,LOW,0,,False,LOW,0,0,False,,,10,MEDIUM,OK,OK,HIGH,OK,OK,OK,False,True,LOW,0,,3235,True,LOW,0,,False,LOW,0,0,True,,LOW,0,,,True,,LOW,0,,,False,,,تروبرد,False,,,other,1995-04-28,False,,,1500,601,False,,,گنبدکاووس,False,LOW,0,0,218571,TRAIN,False,LOW,0,0,False,LOW,0,0,False,LOW,0,0,10,0,0,False,LOW,0,0,True,,LOW,0,,,True,,LOW,0,,,False,LOW,0,0,False,LOW,0,0,False,LOW,0,0,True,,LOW,0,,,True,,LOW,0,,,False,LOW,1,1.0,False,LOW,2,2,False,LOW,2,2,False,0.5,LOW,2,0.4215169633708295,0.4215169633708295,False,0.5,LOW,2,0.23583758402864574,0.23583758402864574,False,LOW,2,1,3240,True,,LOW,0,,,True,,LOW,0,,,False,LOW,0,0,False,LOW,0,0,False,LOW,0,0
True,LOW,0,,True,LOW,0,,True,LOW,0,,True,LOW,0,,True,LOW,0,,True,LOW,0,,True,LOW,0,,False,,,تروبرد,False,LOW,0,0,True,,LOW,0,,,True,,LOW,0,,,True,LOW,0,,True,LOW,0,,True,LOW,0,,False,LOW,0,0,False,LOW,0,0,True,,LOW,0,,,True,,LOW,0,,,False,LOW,0,0,False,LOW,0,0,True,,LOW,0,,,True,,LOW,0,,,True,LOW,0,,True,LOW,0,,False,LOW,0,0,False,,,10,MEDIUM,OK,OK,HIGH,OK,OK,MISSING,False,True,LOW,0,,3333,True,LOW,0,,False,LOW,0,0,True,,LOW,0,,,True,,LOW,0,,,False,,,تروبرد,False,,,other,1995-04-28,False,,,1500,602,False,,,گنبدکاووس,False,LOW,0,0,218572,TRAIN,False,LOW,0,0,False,LOW,0,0,False,LOW,0,0,3,1,0,False,LOW,0,0,True,,LOW,0,,,True,,LOW,0,,,False,LOW,0,0,False,LOW,0,0,False,LOW,0,0,True,,LOW,0,,,True,,LOW,0,,,True,LOW,0,,True,LOW,0,,True,LOW,0,,True,,LOW,0,,,True,,LOW,0,,,True,LOW,0,,3338,True,,LOW,0,,,True,,LOW,0,,,False,LOW,0,0,False,LOW,0,0,False,LOW,0,0
True,LOW,0,,True,LOW,0,,True,LOW,0,,True,LOW,0,,True,LOW,0,,True,LOW,0,,True,LOW,0,,False,,,تروبرد,False,LOW,1,1,False,0.0,LOW,1,0.32510312393263446,0.32510312393263446,False,0.0,LOW,1,0.10847718136675337,0.10847718136675337,True,LOW,0,,True,LOW,0,,True,LOW,0,,False,LOW,1,0,False,LOW,1,1,False,0.0,LOW,1,0.32510312393263446,0.32510312393263446,False,0.0,LOW,1,0.10847718136675337,0.10847718136675337,False,LOW,1,0,False,LOW,0,0,True,,LOW,0,,,True,,LOW,0,,,False,LOW,1,28,False,LOW,1,500.0,False,LOW,0,0,False,,,10,MEDIUM,OK,OK,HIGH,OK,INVALID_FINISH,OK,False,True,LOW,0,,3236,True,LOW,0,,False,LOW,0,0,True,,LOW,0,,,True,,LOW,0,,,False,,,تروبرد,False,,,other,1995-04-28,False,,,1500,602,False,,,گنبدکاووس,False,LOW,1,1,218573,TRAIN,False,LOW,1,1,False,LOW,0,0,False,LOW,0,0,,,,False,LOW,1,0,True,,LOW,0,,,True,,LOW,0,,,False,LOW,0,0,False,LOW,0,0,False,LOW,1,1,False,0.0,LOW,1,0.32510312393263446,0.32510312393263446,False,0.0,LOW,1,0.10847718136675337,0.10847718136675337,False,LOW,1,9.0,False,MEDIUM-LOW,3,3,False,MEDIUM-LOW,3,3,False,0.0,MEDIUM-LOW,3,0.24382734294947583,0.24382734294947583,False,0.0,MEDIUM-LOW,3,0.08135788602506502,0.08135788602506502,False,MEDIUM-LOW,3,0,3241,True,,LOW,0,,,True,,LOW,0,,,False,LOW,1,0,False,LOW,0,0,False,LOW,0,0
True,LOW,0,,True,LOW,0,,True,LOW,0,,True,LOW,0,,True,LOW,0,,True,LOW,0,,True,LOW,0,,False,,,تروبرد,False,LOW,0,0,True,,LOW,0,,,True,,LOW,0,,,True,LOW,0,,True,LOW,0,,True,LOW,0,,False,LOW,0,0,False,LOW,0,0,True,,LOW,0,,,True,,LOW,0,,,False,LOW,0,0,False,LOW,0,0,True,,LOW,0,,,True,,LOW,0,,,True,LOW,0,,True,LOW,0,,False,LOW,0,0,False,,,10,MEDIUM,OK,OK,HIGH,OK,OK,OK,False,True,LOW,0,,3237,True,LOW,0,,False,LOW,0,0,True,,LOW,0,,,True,,LOW,0,,,False,,,تروبرد,False,,,other,1995-04-28,False,,,1500,602,False,,,گنبدکاووس,False,LOW,0,0,218574,TRAIN,False,LOW,0,0,False,LOW,0,0,False,LOW,0,0,2,1,0,False,LOW,0,0,True,,LOW,0,,,True,,LOW,0,,,False,LOW,0,0,False,LOW,0,0,False,LOW,0,0,True,,LOW,0,,,True,,LOW,0,,,False,MEDIUM-LOW,4,5.5,False,MEDIUM,5,5,False,MEDIUM,5,5,False,0.2,MEDIUM,5,0.29506187435958064,0.29506187435958064,False,0.0,MEDIUM,5,0.06508630882005202,0.06508630882005202,False,MEDIUM,5,0,3242,True,,LOW,0,,,True,,LOW,0,,,False,LOW,0,0,False,LOW,0,0,False,LOW,0,0
True,LOW,0,,True,LOW,0,,True,LOW,0,,True,LOW,0,,True,LOW,0,,True,LOW,0,,True,LOW,0,,False,,,تروبرد,False,LOW,0,0,True,,LOW,0,,,True,,LOW,0,,,True,LOW,0,,True,LOW,0,,True,LOW,0,,False,LOW,0,0,False,LOW,0,0,True,,LOW,0,,,True,,LOW,0,,,False,LOW,0,0,False,LOW,0,0,True,,LOW,0,,,True,,LOW,0,,,True,LOW,0,,True,LOW,0,,False,LOW,0,0,False,,,10,MEDIUM,OK,OK,HIGH,OK,INVALID_FINISH,OK,False,True,LOW,0,,3327,True,LOW,0,,False,LOW,0,0,True,,LOW,0,,,True,,LOW,0,,,False,,,تروبرد,False,,,other,1995-04-28,False,,,1500,602,False,,,گنبدکاووس,False,LOW,0,0,218575,TRAIN,False,LOW,0,0,False,LOW,0,0,False,LOW,0,0,,,,False,LOW,0,0,True,,LOW,0,,,True,,LOW,0,,,False,LOW,0,0,False,LOW,0,0,False,LOW,0,0,True,,LOW,0,,,True,,LOW,0,,,False,LOW,1,4.0,False,LOW,1,1,False,LOW,1,1,False,0.0,LOW,1,0.32510312393263446,0.32510312393263446,False,0.0,LOW,1,0.10847718136675337,0.10847718136675337,False,LOW,1,0,3332,True,,LOW,0,,,True,,LOW,0,,,False,LOW,0,0,False,LOW,0,0,False,LOW,0,0
True,LOW,0,,True,LOW,0,,True,LOW,0,,True,LOW,0,,True,LOW,0,,True,LOW,0,,True,LOW,0,,False,,,تروبرد,False,LOW,1,1,False,0.0,LOW,1,0.32510312393263446,0.32510312393263446,False,0.0,LOW,1,0.10847718136675337,0.10847718136675337,True,LOW,0,,True,LOW,0,,True,LOW,0,,False,LOW,1,0,False,LOW,1,1,False,0.0,LOW,1,0.32510312393263446,0.32510312393263446,False,0.0,LOW,1,0.10847718136675337,0.10847718136675337,False,LOW,1,0,False,LOW,0,0,True,,LOW,0,,,True,,LOW,0,,,False,LOW,1,28,False,LOW,1,500.0,False,LOW,0,0,False,,,10,MEDIUM,OK,OK,HIGH,OK,INVALID_FINISH,OK,False,True,LOW,0,,3238,True,LOW,0,,False,LOW,1,1,True,,LOW,1,,,True,,LOW,1,,,False,,,تروبرد,False,,,other,1995-04-28,False,,,1500,602,False,,,گنبدکاووس,False,LOW,1,1,218576,TRAIN,False,LOW,1,1,False,LOW,0,0,False,LOW,0,0,,,,False,LOW,1,0,True,,LOW,0,,,True,,LOW,0,,,False,LOW,0,0,False,LOW,0,0,False,LOW,1,1,False,0.0,LOW,1,0.32510312393263446,0.32510312393263446,False,0.0,LOW,1,0.10847718136675337,0.10847718136675337,False,LOW,2,5.5,False,MEDIUM,5,5,False,MEDIUM,5,5,False,0.2,MEDIUM,5,0.29506187435958064,0.29506187435958064,False,0.0,MEDIUM,5,0.06508630882005202,0.06508630882005202,False,MEDIUM,5,0,3243,True,,LOW,0,,,True,,LOW,0,,,False,LOW,1,0,False,LOW,0,0,False,LOW,0,0
True,LOW,0,,True,LOW,0,,True,LOW,0,,True,LOW,0,,True,LOW,0,,True,LOW,0,,True,LOW,0,,False,,,تروبرد,False,LOW,1,1,False,0.0,LOW,1,0.32510312393263446,0.32510312393263446,False,0.0,LOW,1,0.10847718136675337,0.10847718136675337,True,LOW,0,,True,LOW,0,,True,LOW,0,,False,LOW,1,0,False,LOW,1,1,False,0.0,LOW,1,0.32510312393263446,0.32510312393263446,False,0.0,LOW,1,0.10847718136675337,0.10847718136675337,False,LOW,1,0,False,LOW,0,0,True,,LOW,0,,,True,,LOW,0,,,False,LOW,1,28,False,LOW,1,500.0,False,LOW,0,0,False,,,10,MEDIUM,OK,OK,HIGH,OK,OK,OK,False,True,LOW,0,,3328,True,LOW,0,,False,LOW,1,1,True,,LOW,1,,,True,,LOW,1,,,False,,,تروبرد,False,,,other,1995-04-28,False,,,1500,602,False,,,گنبدکاووس,False,LOW,1,1,218577,TRAIN,False,LOW,1,1,False,LOW,0,0,False,LOW,0,0,4,0,0,False,LOW,1,0,True,,LOW,0,,,True,,LOW,0,,,False,LOW,0,0,False,LOW,0,0,False,LOW,1,1,False,0.0,LOW,1,0.32510312393263446,0.32510312393263446,False,0.0,LOW,1,0.10847718136675337,0.10847718136675337,True,LOW,0,,False,LOW,1,1,False,LOW,1,1,False,0.0,LOW,1,0.32510312393263446,0.32510312393263446,False,0.0,LOW,1,0.10847718136675337,0.10847718136675337,False,LOW,1,0,3333,True,,LOW,0,,,True,,LOW,0,,,False,LOW,1,0,False,LOW,0,0,False,LOW,0,0
True,LOW,0,,True,LOW,0,,False,LOW,1,6.0,False,LOW,1,6.0,False,LOW,1,6.0,True,LOW,0,,True,LOW,0,,False,,,تروبرد,False,LOW,1,1,False,0.0,LOW,1,0.32510312393263446,0.32510312393263446,False,0.0,LOW,1,0.10847718136675337,0.10847718136675337,False,LOW,1,6.0,False,LOW,1,6,False,LOW,1,6.0,False,LOW,1,0,False,LOW,1,1,False,0.0,LOW,1,0.32510312393263446,0.32510312393263446,False,0.0,LOW,1,0.10847718136675337,0.10847718136675337,False,LOW,1,0,False,LOW,0,0,True,,LOW,0,,,True,,LOW,0,,,False,LOW,1,28,False,LOW,1,500.0,False,LOW,0,0,False,,,10,MEDIUM,OK,OK,HIGH,OK,OK,OK,False,True,LOW,0,,3239,False,LOW,1,6,False,LOW,0,0,True,,LOW,0,,,True,,LOW,0,,,False,,,تروبرد,False,,,other,1995-04-28,False,,,1500,602,False,,,گنبدکاووس,False,LOW,1,1,218578,TRAIN,False,LOW,1,1,False,LOW,0,0,False,LOW,0,0,1,1,1,False,LOW,1,0,False,0.0,LOW,1,0.32510312393263446,0.32510312393263446,True,,LOW,0,,,False,LOW,0,0,False,LOW,0,0,False,LOW,1,1,False,0.0,LOW,1,0.32510312393263446,0.32510312393263446,False,0.0,LOW,1,0.10847718136675337,0.10847718136675337,False,LOW,1,6.0,False,LOW,1,1,False,LOW,1,1,False,0.0,LOW,1,0.32510312393263446,0.32510312393263446,False,0.0,LOW,1,0.10847718136675337,0.10847718136675337,False,LOW,1,0,3244,False,0.0,LOW,1,0.10847718136675337,0.10847718136675337,True,,LOW,0,,,False,LOW,1,0,False,LOW,0,0,False,LOW,0,0
True,LOW,0,,True,LOW,0,,False,LOW,1,6.0,False,LOW,1,6.0,False,LOW,1,6.0,True,LOW,0,,False,LOW,1,6.0,False,,,تروبرد,False,LOW,1,1,False,0.0,LOW,1,0.32510312393263446,0.32510312393263446,False,0.0,LOW,1,0.10847718136675337,0.10847718136675337,False,LOW,1,6.0,False,LOW,1,6,False,LOW,1,6.0,False,LOW,1,0,False,LOW,1,1,False,0.0,LOW,1,0.32510312393263446,0.32510312393263446,False,0.0,LOW,1,0.10847718136675337,0.10847718136675337,False,LOW,1,0,False,LOW,0,0,True,,LOW,0,,,True,,LOW,0,,,False,LOW,1,14,False,LOW,1,0.0,False,LOW,1,1,False,,,10,MEDIUM,OK,OK,HIGH,OK,INVALID_FINISH,OK,False,True,LOW,0,,3324,False,LOW,1,6,False,LOW,0,0,True,,LOW,0,,,True,,LOW,0,,,False,,,تروبرد,False,,,other,1995-04-28,False,,,1500,602,False,,,گنبدکاووس,False,LOW,1,1,218579,TRAIN,False,LOW,1,1,False,LOW,0,0,False,LOW,1,1,,,,False,LOW,1,0,False,0.0,LOW,1,0.32510312393263446,0.32510312393263446,False,0.0,LOW,1,0.32510312393263446,0.32510312393263446,False,LOW,0,0,False,LOW,1,0,False,LOW,1,1,False,0.0,LOW,1,0.32510312393263446,0.32510312393263446,False,0.0,LOW,1,0.10847718136675337,0.10847718136675337,False,MEDIUM-LOW,3,3.0,False,MEDIUM-LOW,3,3,False,MEDIUM-LOW,3,3,False,0.6666666666666666,MEDIUM-LOW,3,0.49382734294947583,0.49382734294947583,False,0.3333333333333333,MEDIUM-LOW,3,0.20635788602506502,0.20635788602506502,False,MEDIUM-LOW,3,1,3329,False,0.0,LOW,1,0.10847718136675337,0.10847718136675337,False,0.0,LOW,1,0.10847718136675337,0.10847718136675337,False,LOW,1,0,False,LOW,0,0,False,LOW,1,0
True,LOW,0,,True,LOW,0,,True,LOW,0,,True,LOW,0,,True,LOW,0,,True,LOW,0,,True,LOW,0,,False,,,تروبرد,False,LOW,0,0,True,,LOW,0,,,True,,LOW,0,,,True,LOW,0,,True,LOW,0,,True,LOW,0,,False,LOW,0,0,False,LOW,0,0,True,,LOW,0,,,True,,LOW,0,,,False,LOW,0,0,False,LOW,0,0,True,,LOW,0,,,True,,LOW,0,,,True,LOW,0,,True,LOW,0,,False,LOW,0,0,False,,,10,MEDIUM,OK,OK,HIGH,OK,INVALID_FINISH,OK,False,True,LOW,0,,3240,True,LOW,0,,False,LOW,0,0,True,,LOW,0,,,True,,LOW,0,,,False,,,تروبرد,False,,,other,1995-04-28,False,,,1500,602,False,,,گنبدکاووس,False,LOW,0,0,218580,TRAIN,False,LOW,0,0,False,LOW,0,0,False,LOW,0,0,,,,False,LOW,0,0,True,,LOW,0,,,True,,LOW,0,,,False,LOW,0,0,False,LOW,0,0,False,LOW,0,0,True,,LOW,0,,,True,,LOW,0,,,False,MEDIUM-LOW,3,3.0,False,MEDIUM-LOW,4,4,False,MEDIUM-LOW,4,4,False,0.5,MEDIUM-LOW,4,0.43895763817731187,0.43895763817731187,False,0.25,MEDIUM-LOW,4,0.18342923202228,0.18342923202228,False,MEDIUM-LOW,4,1,3245,True,,LOW,0,,,True,,LOW,0,,,False,LOW,0,0,False,LOW,0,0,False,LOW,0,0
True,LOW,0,,True,LOW,0,,True,LOW,0,,True,LOW,0,,True,LOW,0,,True,LOW,0,,True,LOW,0,,False,,,تروبرد,False,LOW,0,0,True,,LOW,0,,,True,,LOW,0,,,True,LOW,0,,True,LOW,0,,True,LOW,0,,False,LOW,0,0,False,LOW,0,0,True,,LOW,0,,,True,,LOW,0,,,False,LOW,0,0,False,LOW,0,0,True,,LOW,0,,,True,,LOW,0,,,True,LOW,0,,True,LOW,0,,False,LOW,0,0,False,,,10,MEDIUM,OK,OK,HIGH,OK,INVALID_FINISH,OK,False,True,LOW,0,,3352,True,LOW,0,,False,LOW,0,0,True,,LOW,0,,,True,,LOW,0,,,False,,,تروبرد,False,,,other,1995-04-28,False,,,1500,602,False,,,گنبدکاووس,False,LOW,0,0,218581,TRAIN,False,LOW,0,0,False,LOW,0,0,False,LOW,0,0,,,,False,LOW,0,0,True,,LOW,0,,,True,,LOW,0,,,False,LOW,0,0,False,LOW,0,0,False,LOW,0,0,True,,LOW,0,,,True,,LOW,0,,,False,LOW,2,5.0,False,MEDIUM,6,6,False,MEDIUM,6,6,False,0.0,MEDIUM,6,0.17732897669052788,0.17732897669052788,False,0.0,MEDIUM,6,0.059169371654592746,0.059169371654592746,False,MEDIUM,6,0,3357,True,,LOW,0,,,True,,LOW,0,,,False,LOW,0,0,False,LOW,0,0,False,LOW,0,0
True,LOW,0,,True,LOW,0,,True,LOW,0,,True,LOW,0,,True,LOW,0,,True,LOW,0,,True,LOW,0,,False,,,تروبرد,False,LOW,0,0,True,,LOW,0,,,True,,LOW,0,,,True,LOW,0,,True,LOW,0,,True,LOW,0,,False,LOW,0,0,False,LOW,0,0,True,,LOW,0,,,True,,LOW,0,,,False,LOW,0,0,False,LOW,0,0,True,,LOW,0,,,True,,LOW,0,,,True,LOW,0,,True,LOW,0,,False,LOW,0,0,False,,,14,MEDIUM,OK,OK,HIGH,OK,OK,OK,False,True,LOW,0,,3345,True,LOW,0,,False,LOW,0,0,True,,LOW,0,,,True,,LOW,0,,,False,,,تروبرد,False,,,group3,1995-04-28,False,,,1500,603,False,,,گنبدکاووس,False,LOW,0,0,218582,TRAIN,False,LOW,0,0,False,LOW,0,0,False,LOW,0,0,7,0,0,False,LOW,0,0,True,,LOW,0,,,True,,LOW,0,,,False,LOW,0,0,False,LOW,0,0,False,LOW,0,0,True,,LOW,0,,,True,,LOW,0,,,False,LOW,2,5.5,False,MEDIUM-LOW,3,3,False,MEDIUM-LOW,3,3,False,0.3333333333333333,MEDIUM-LOW,3,0.36882734294947583,0.36882734294947583,False,0.3333333333333333,MEDIUM-LOW,3,0.20635788602506502,0.20635788602506502,False,MEDIUM-LOW,3,1,3350,True,,LOW,0,,,True,,LOW,0,,,False,LOW,0,0,False,LOW,0,0,False,LOW,0,0
True,LOW,0,,True,LOW,0,,True,LOW,0,,True,LOW,0,,True,LOW,0,,True,LOW,0,,True,LOW,0,,False,,,تروبرد,False,LOW,0,0,True,,LOW,0,,,True,,LOW,0,,,True,LOW,0,,True,LOW,0,,True,LOW,0,,False,LOW,0,0,False,LOW,0,0,True,,LOW,0,,,True,,LOW,0,,,False,LOW,0,0,False,LOW,0,0,True,,LOW,0,,,True,,LOW,0,,,True,LOW,0,,True,LOW,0,,False,LOW,0,0,False,,,14,MEDIUM,OK,OK,HIGH,OK,OK,OK,False,True,LOW,0,,3338,True,LOW,0,,False,LOW,0,0,True,,LOW,0,,,True,,LOW,0,,,False,,,تروبرد,False,,,group3,1995-04-28,False,,,1500,603,False,,,گنبدکاووس,False,LOW,0,0,218583,TRAIN,False,LOW,0,0,False,LOW,0,0,False,LOW,0,0,2,1,0,False,LOW,0,0,True,,LOW,0,,,True,,LOW,0,,,False,LOW,0,0,False,LOW,0,0,False,LOW,0,0,True,,LOW,0,,,True,,LOW,0,,,False,LOW,1,4.0,False,LOW,2,2,False,LOW,2,2,False,0.0,LOW,2,0.27865982051368665,0.27865982051368665,False,0.0,LOW,2,0.09298044117150288,0.09298044117150288,False,LOW,2,0,3343,True,,LOW,0,,,True,,LOW,0,,,False,LOW,0,0,False,LOW,0,0,False,LOW,0,0
True,LOW,0,,True,LOW,0,,False,LOW,2,3.0,False,LOW,2,3.0,False,LOW,2,3.0,True,LOW,0,,False,LOW,1,3.0,False,,,تروبرد,False,LOW,2,2,False,1.0,LOW,2,0.5643741062279723,0.5643741062279723,False,0.0,LOW,2,0.09298044117150288,0.09298044117150288,False,LOW,2,3.0,False,LOW,2,3,False,LOW,2,3.0,False,LOW,2,2,False,LOW,2,2,False,1.0,LOW,2,0.5643741062279723,0.5643741062279723,False,0.0,LOW,2,0.09298044117150288,0.09298044117150288,False,LOW,2,0,False,LOW,0,0,True,,LOW,0,,,True,,LOW,0,,,False,LOW,1,14,False,LOW,2,250.0,False,LOW,1,1,False,,,14,MEDIUM,OK,OK,HIGH,OK,OK,MISSING,False,False,LOW,2,0.0,3241,False,LOW,1,3,False,LOW,1,1,True,,LOW,1,,,True,,LOW,1,,,False,,,تروبرد,False,,,group3,1995-04-28,False,,,1500,603,False,,,گنبدکاووس,False,LOW,2,2,218584,TRAIN,False,LOW,2,2,False,LOW,0,0,False,LOW,1,1,9,0,0,False,LOW,2,2,False,1.0,LOW,2,0.5643741062279723,0.5643741062279723,False,1.0,LOW,1,0.4917697905993011,0.4917697905993011,False,LOW,0,0,False,LOW,1,1,False,LOW,2,2,False,1.0,LOW,2,0.5643741062279723,0.5643741062279723,False,0.0,LOW,2,0.09298044117150288,0.09298044117150288,True,LOW,0,,True,LOW,0,,True,LOW,0,,True,,LOW,0,,,True,,LOW,0,,,True,LOW,0,,3246,False,0.0,LOW,2,0.09298044117150288,0.09298044117150288,False,0.0,LOW,1,0.10847718136675337,0.10847718136675337,False,LOW,2,0,False,LOW,0,0,False,LOW,1,0
True,LOW,0,,True,LOW,0,,True,LOW,0,,True,LOW,0,,True,LOW,0,,True,LOW,0,,True,LOW,0,,False,,,تروبرد,False,LOW,0,0,True,,LOW,0,,,True,,LOW,0,,,True,LOW,0,,True,LOW,0,,True,LOW,0,,False,LOW,0,0,False,LOW,0,0,True,,LOW,0,,,True,,LOW,0,,,False,LOW,0,0,False,LOW,0,0,True,,LOW,0,,,True,,LOW,0,,,True,LOW,0,,True,LOW,0,,False,LOW,0,0,False,,,14,MEDIUM,OK,OK,HIGH,OK,MISSING_FINISH,OK,False,True,LOW,0,,3242,True,LOW,0,,False,LOW,0,0,True,,LOW,0,,,True,,LOW,0,,,False,,,تروبرد,False,,,group3,1995-04-28,False,,,1500,603,False,,,گنبدکاووس,False,LOW,0,0,218585,TRAIN,False,LOW,0,0,False,LOW,0,0,False,LOW,0,0,,,,False,LOW,0,0,True,,LOW,0,,,True,,LOW,0,,,False,LOW,0,0,False,LOW,0,0,False,LOW,0,0,True,,LOW,0,,,True,,LOW,0,,,False,LOW,2,1.5,False,MEDIUM-LOW,4,4,False,MEDIUM-LOW,4,4,False,0.5,MEDIUM-LOW,4,0.43895763817731187,0.43895763817731187,False,0.25,MEDIUM-LOW,4,0.18342923202228,0.18342923202228,False,MEDIUM-LOW,4,1,3247,True,,LOW,0,,,True,,LOW,0,,,False,LOW,0,0,False,LOW,0,0,False,LOW,0,0
True,LOW,0,,True,LOW,0,,True,LOW,0,,True,LOW,0,,True,LOW,0,,True,LOW,0,,True,LOW,0,,False,,,تروبرد,False,LOW,0,0,True,,LOW,0,,,True,,LOW,0,,,True,LOW,0,,True,LOW,0,,True,LOW,0,,False,LOW,0,0,False,LOW,0,0,True,,LOW,0,,,True,,LOW,0,,,False,LOW,0,0,False,LOW,0,0,True,,LOW,0,,,True,,LOW,0,,,True,LOW,0,,True,LOW,0,,False,LOW,0,0,False,,,14,MEDIUM,OK,OK,HIGH,OK,OK,OK,False,True,LOW,0,,3348,True,LOW,0,,False,LOW,0,0,True,,LOW,0,,,True,,LOW,0,,,False,,,تروبرد,False,,,group3,1995-04-28,False,,,1500,603,False,,,گنبدکاووس,False,LOW,0,0,218586,TRAIN,False,LOW,0,0,False,LOW,0,0,False,LOW,0,0,10,0,0,False,LOW,0,0,True,,LOW,0,,,True,,LOW,0,,,False,LOW,0,0,False,LOW,0,0,False,LOW,0,0,True,,LOW,0,,,True,,LOW,0,,,True,LOW,0,,False,MEDIUM-LOW,3,3,False,MEDIUM-LOW,3,3,False,0.0,MEDIUM-LOW,3,0.24382734294947583,0.24382734294947583,False,0.0,MEDIUM-LOW,3,0.08135788602506502,0.08135788602506502,False,MEDIUM-LOW,3,0,3353,True,,LOW,0,,,True,,LOW,0,,,False,LOW,0,0,False,LOW,0,0,False,LOW,0,0
True,LOW,0,,True,LOW,0,,False,LOW,1,4.0,False,LOW,1,4.0,False,LOW,1,4.0,True,LOW,0,,True,LOW,0,,False,,,تروبرد,False,LOW,1,1,False,0.0,LOW,1,0.32510312393263446,0.32510312393263446,False,0.0,LOW,1,0.10847718136675337,0.10847718136675337,False,LOW,1,4.0,False,LOW,1,4,False,LOW,1,4.0,False,LOW,1,0,False,LOW,1,1,False,0.0,LOW,1,0.32510312393263446,0.32510312393263446,False,0.0,LOW,1,0.10847718136675337,0.10847718136675337,False,LOW,1,0,False,LOW,0,0,True,,LOW,0,,,True,,LOW,0,,,False,LOW,1,28,False,LOW,1,500.0,False,LOW,0,0,False,,,14,MEDIUM,OK,OK,HIGH,OK,OK,OK,False,True,LOW,0,,3243,False,LOW,1,4,False,LOW,0,0,True,,LOW,0,,,True,,LOW,0,,,False,,,تروبرد,False,,,group3,1995-04-28,False,,,1500,603,False,,,گنبدکاووس,False,LOW,1,1,218587,TRAIN,False,LOW,1,1,False,LOW,0,0,False,LOW,0,0,6,0,0,False,LOW,1,0,False,0.0,LOW,1,0.32510312393263446,0.32510312393263446,True,,LOW,0,,,False,LOW,0,0,False,LOW,0,0,False,LOW,1,1,False,0.0,LOW,1,0.32510312393263446,0.32510312393263446,False,0.0,LOW,1,0.10847718136675337,0.10847718136675337,False,LOW,2,6.5,False,MEDIUM-LOW,3,3,False,MEDIUM-LOW,3,3,False,0.0,MEDIUM-LOW,3,0.24382734294947583,0.24382734294947583,False,0.0,MEDIUM-LOW,3,0.08135788602506502,0.08135788602506502,False,MEDIUM-LOW,3,0,3248,False,0.0,LOW,1,0.10847718136675337,0.10847718136675337,True,,LOW,0,,,False,LOW,1,0,False,LOW,0,0,False,LOW,0,0
True,LOW,0,,True,LOW,0,,False,LOW,1,2.0,False,LOW,1,2.0,False,LOW,1,2.0,True,LOW,0,,True,LOW,0,,False,,,تروبرد,False,LOW,1,1,False,1.0,LOW,1,0.4917697905993011,0.4917697905993011,False,0.0,LOW,1,0.10847718136675337,0.10847718136675337,False,LOW,1,2.0,False,LOW,1,2,False,LOW,1,2.0,False,LOW,1,1,False,LOW,1,1,False,1.0,LOW,1,0.4917697905993011,0.4917697905993011,False,0.0,LOW,1,0.10847718136675337,0.10847718136675337,False,LOW,1,0,False,LOW,0,0,True,,LOW,0,,,True,,LOW,0,,,False,LOW,1,28,False,LOW,1,500.0,False,LOW,0,0,False,,,14,MEDIUM,OK,OK,HIGH,OK,OK,MISSING,False,True,LOW,0,,3244,False,LOW,1,2,False,LOW,1,1,True,,LOW,1,,,True,,LOW,1,,,False,,,تروبرد,False,,,group3,1995-04-28,False,,,1500,603,False,,,گنبدکاووس,False,LOW,1,1,218588,TRAIN,False,LOW,1,1,False,LOW,0,0,False,LOW,0,0,12,0,0,False,LOW,1,1,False,1.0,LOW,1,0.4917697905993011,0.4917697905993011,True,,LOW,0,,,False,LOW,0,0,False,LOW,0,0,False,LOW,1,1,False,1.0,LOW,1,0.4917697905993011,0.4917697905993011,False,0.0,LOW,1,0.10847718136675337,0.10847718136675337,True,LOW,0,,True,LOW,0,,True,LOW,0,,True,,LOW,0,,,True,,LOW,0,,,True,LOW,0,,3249,False,0.0,LOW,1,0.10847718136675337,0.10847718136675337,True,,LOW,0,,,False,LOW,1,0,False,LOW,0,0,False,LOW,0,0
True,LOW,0,,True,LOW,0,,True,LOW,0,,True,LOW,0,,True,LOW,0,,True,LOW,0,,True,LOW,0,,False,,,تروبرد,False,LOW,0,0,True,,LOW,0,,,True,,LOW,0,,,True,LOW,0,,True,LOW,0,,True,LOW,0,,False,LOW,0,0,False,LOW,0,0,True,,LOW,0,,,True,,LOW,0,,,False,LOW,0,0,False,LOW,0,0,True,,LOW,0,,,True,,LOW,0,,,True,LOW,0,,True,LOW,0,,False,LOW,0,0,False,,,14,MEDIUM,OK,OK,HIGH,OK,OK,OK,False,True,LOW,0,,3245,True,LOW,0,,False,LOW,0,0,True,,LOW,0,,,True,,LOW,0,,,False,,,تروبرد,False,,,group3,1995-04-28,False,,,1500,603,False,,,گنبدکاووس,False,LOW,0,0,218589,TRAIN,False,LOW,0,0,False,LOW,0,0,False,LOW,0,0,1,1,1,False,LOW,0,0,True,,LOW,0,,,True,,LOW,0,,,False,LOW,0,0,False,LOW,0,0,False,LOW,0,0,True,,LOW,0,,,True,,LOW,0,,,False,LOW,1,6.0,False,LOW,1,1,False,LOW,1,1,False,0.0,LOW,1,0.32510312393263446,0.32510312393263446,False,0.0,LOW,1,0.10847718136675337,0.10847718136675337,False,LOW,1,0,3250,True,,LOW,0,,,True,,LOW,0,,,False,LOW,0,0,False,LOW,0,0,False,LOW,0,0
True,LOW,0,,True,LOW,0,,True,LOW,0,,True,LOW,0,,True,LOW,0,,True,LOW,0,,True,LOW,0,,False,,,تروبرد,False,LOW,1,1,False,0.0,LOW,1,0.32510312393263446,0.32510312393263446,False,0.0,LOW,1,0.10847718136675337,0.10847718136675337,True,LOW,0,,True,LOW,0,,True,LOW,0,,False,LOW,1,0,False,LOW,1,1,False,0.0,LOW,1,0.32510312393263446,0.32510312393263446,False,0.0,LOW,1,0.10847718136675337,0.10847718136675337,False,LOW,1,0,False,LOW,0,0,True,,LOW,0,,,True,,LOW,0,,,False,LOW,1,28,False,LOW,1,500.0,False,LOW,0,0,False,,,14,MEDIUM,OK,OK,HIGH,OK,OK,OK,False,True,LOW,0,,3359,True,LOW,0,,False,LOW,1,1,True,,LOW,1,,,True,,LOW,1,,,False,,,تروبرد,False,,,group3,1995-04-28,False,,,1500,603,False,,,گنبدکاووس,False,LOW,1,1,218590,TRAIN,False,LOW,1,1,False,LOW,0,0,False,LOW,0,0,3,1,0,False,LOW,1,0,True,,LOW,0,,,True,,LOW,0,,,False,LOW,0,0,False,LOW,0,0,False,LOW,1,1,False,0.0,LOW,1,0.32510312393263446,0.32510312393263446,False,0.0,LOW,1,0.10847718136675337,0.10847718136675337,False,LOW,2,5.0,False,MEDIUM,7,7,False,MEDIUM,7,7,False,0.0,MEDIUM,7,0.16255156196631723,0.16255156196631723,False,0.0,MEDIUM,7,0.054238590683376685,0.054238590683376685,False,MEDIUM,7,0,3364,True,,LOW,0,,,True,,LOW,0,,,False,LOW,1,0,False,LOW,0,0,False,LOW,0,0
True,LOW,0,,True,LOW,0,,True,LOW,0,,True,LOW,0,,True,LOW,0,,True,LOW,0,,True,LOW,0,,False,,,تروبرد,False,LOW,0,0,True,,LOW,0,,,True,,LOW,0,,,True,LOW,0,,True,LOW,0,,True,LOW,0,,False,LOW,0,0,False,LOW,0,0,True,,LOW,0,,,True,,LOW,0,,,False,LOW,0,0,False,LOW,0,0,True,,LOW,0,,,True,,LOW,0,,,True,LOW,0,,True,LOW,0,,False,LOW,0,0,False,,,14,MEDIUM,OK,OK,HIGH,OK,OK,OK,False,True,LOW,0,,3350,True,LOW,0,,False,LOW,0,0,True,,LOW,0,,,True,,LOW,0,,,False,,,تروبرد,False,,,group3,1995-04-28,False,,,1500,603,False,,,گنبدکاووس,False,LOW,0,0,218591,TRAIN,False,LOW,0,0,False,LOW,0,0,False,LOW,0,0,8,0,0,False,LOW,0,0,True,,LOW,0,,,True,,LOW,0,,,False,LOW,0,0,False,LOW,0,0,False,LOW,0,0,True,,LOW,0,,,True,,LOW,0,,,False,MEDIUM-LOW,3,3.0,False,MEDIUM-LOW,3,3,False,MEDIUM-LOW,3,3,False,0.6666666666666666,MEDIUM-LOW,3,0.49382734294947583,0.49382734294947583,False,0.3333333333333333,MEDIUM-LOW,3,0.20635788602506502,0.20635788602506502,False,MEDIUM-LOW,3,1,3355,True,,LOW,0,,,True,,LOW,0,,,False,LOW,0,0,False,LOW,0,0,False,LOW,0,0
True,LOW,0,,True,LOW,0,,True,LOW,0,,True,LOW,0,,True,LOW,0,,True,LOW,0,,True,LOW,0,,False,,,تروبرد,False,LOW,0,0,True,,LOW,0,,,True,,LOW,0,,,True,LOW,0,,True,LOW,0,,True,LOW,0,,False,LOW,0,0,False,LOW,0,0,True,,LOW,0,,,True,,LOW,0,,,False,LOW,0,0,False,LOW,0,0,True,,LOW,0,,,True,,LOW,0,,,True,LOW,0,,True,LOW,0,,False,LOW,0,0,False,,,14,MEDIUM,OK,OK,HIGH,OK,OK,OK,False,True,LOW,0,,3355,True,LOW,0,,False,LOW,0,0,True,,LOW,0,,,True,,LOW,0,,,False,,,تروبرد,False,,,group3,1995-04-28,False,,,1500,603,False,,,گنبدکاووس,False,LOW,0,0,218592,TRAIN,False,LOW,0,0,False,LOW,0,0,False,LOW,0,0,11,0,0,False,LOW,0,0,True,,LOW,0,,,True,,LOW,0,,,False,LOW,0,0,False,LOW,0,0,False,LOW,0,0,True,,LOW,0,,,True,,LOW,0,,,False,MEDIUM,5,4.4,False,MEDIUM,8,8,False,MEDIUM,8,8,False,0.25,MEDIUM,8,0.30389374950736975,0.30389374950736975,False,0.0,MEDIUM,8,0.05006639140004002,0.05006639140004002,False,MEDIUM,8,0,3360,True,,LOW,0,,,True,,LOW,0,,,False,LOW,0,0,False,LOW,0,0,False,LOW,0,0
True,LOW,0,,True,LOW,0,,True,LOW,0,,True,LOW,0,,True,LOW,0,,True,LOW,0,,True,LOW,0,,False,,,تروبرد,False,LOW,0,0,True,,LOW,0,,,True,,LOW,0,,,True,LOW,0,,True,LOW,0,,True,LOW,0,,False,LOW,0,0,False,LOW,0,0,True,,LOW,0,,,True,,LOW,0,,,False,LOW,0,0,False,LOW,0,0,True,,LOW,0,,,True,,LOW,0,,,True,LOW,0,,True,LOW,0,,False,LOW,0,0,False,,,14,MEDIUM,OK,OK,HIGH,OK,OK,OK,False,True,LOW,0,,3246,True,LOW,0,,False,LOW,1,1,True,,LOW,1,,,True,,LOW,1,,,False,,,تروبرد,False,,,group3,1995-04-28,False,,,1500,603,False,,,گنبدکاووس,False,LOW,0,0,218593,TRAIN,False,LOW,0,0,False,LOW,0,0,False,LOW,0,0,4,0,0,False,LOW,0,0,True,,LOW,0,,,True,,LOW,0,,,False,LOW,0,0,False,LOW,0,0,False,LOW,0,0,True,,LOW,0,,,True,,LOW,0,,,False,LOW,1,1.0,False,LOW,2,2,False,LOW,2,2,False,0.5,LOW,2,0.4215169633708295,0.4215169633708295,False,0.5,LOW,2,0.23583758402864574,0.23583758402864574,False,LOW,2,1,3251,True,,LOW,0,,,True,,LOW,0,,,False,LOW,0,0,False,LOW,0,0,False,LOW,0,0
True,LOW,0,,True,LOW,0,,False,LOW,1,2.0,False,LOW,1,2.0,False,LOW,1,2.0,True,LOW,0,,False,LOW,1,2.0,False,,,تروبرد,False,LOW,1,1,False,1.0,LOW,1,0.4917697905993011,0.4917697905993011,False,0.0,LOW,1,0.10847718136675337,0.10847718136675337,False,LOW,1,2.0,False,LOW,1,2,False,LOW,1,2.0,False,LOW,1,1,False,LOW,1,1,False,1.0,LOW,1,0.4917697905993011,0.4917697905993011,False,0.0,LOW,1,0.10847718136675337,0.10847718136675337,False,LOW,1,0,False,LOW,0,0,True,,LOW,0,,,True,,LOW,0,,,False,LOW,1,14,False,LOW,1,0.0,False,LOW,1,1,False,,,14,MEDIUM,OK,OK,HIGH,OK,OK,MISSING,False,True,LOW,0,,3351,False,LOW,1,2,False,LOW,0,0,True,,LOW,0,,,True,,LOW,0,,,False,,,تروبرد,False,,,group3,1995-04-28,False,,,1500,603,False,,,گنبدکاووس,False,LOW,1,1,218594,TRAIN,False,LOW,1,1,False,LOW,0,0,False,LOW,1,1,5,0,0,False,LOW,1,1,False,1.0,LOW,1,0.4917697905993011,0.4917697905993011,False,1.0,LOW,1,0.4917697905993011,0.4917697905993011,False,LOW,0,0,False,LOW,1,1,False,LOW,1,1,False,1.0,LOW,1,0.4917697905993011,0.4917697905993011,False,0.0,LOW,1,0.10847718136675337,0.10847718136675337,True,LOW,0,,True,LOW,0,,True,LOW,0,,True,,LOW,0,,,True,,LOW,0,,,True,LOW,0,,3356,False,0.0,LOW,1,0.10847718136675337,0.10847718136675337,False,0.0,LOW,1,0.10847718136675337,0.10847718136675337,False,LOW,1,0,False,LOW,0,0,False,LOW,1,0
True,LOW,0,,True,LOW,0,,True,LOW,0,,True,LOW,0,,True,LOW,0,,True,LOW,0,,True,LOW,0,,False,,,تروبرد,False,LOW,0,0,True,,LOW,0,,,True,,LOW,0,,,True,LOW,0,,True,LOW,0,,True,LOW,0,,False,LOW,0,0,False,LOW,0,0,True,,LOW,0,,,True,,LOW,0,,,False,LOW,0,0,False,LOW,0,0,True,,LOW,0,,,True,,LOW,0,,,True,LOW,0,,True,LOW,0,,False,LOW,0,0,False,,,14,MEDIUM,OK,OK,HIGH,OK,MISSING_FINISH,OK,False,True,LOW,0,,3318,True,LOW,0,,False,LOW,0,0,True,,LOW,0,,,True,,LOW,0,,,False,,,تروبرد,False,,,group3,1995-04-28,False,,,1500,603,False,,,گنبدکاووس,False,LOW,0,0,218595,TRAIN,False,LOW,0,0,False,LOW,0,0,False,LOW,0,0,,,,False,LOW,0,0,True,,LOW,0,,,True,,LOW,0,,,False,LOW,0,0,False,LOW,0,0,False,LOW,0,0,True,,LOW,0,,,True,,LOW,0,,,False,LOW,1,8.0,False,MEDIUM,9,9,False,MEDIUM,9,9,False,0.1111111111111111,MEDIUM,9,0.21075848168541475,0.21075848168541475,False,0.1111111111111111,MEDIUM,9,0.11791879201432287,0.11791879201432287,False,MEDIUM,9,1,3323,True,,LOW,0,,,True,,LOW,0,,,False,LOW,0,0,False,LOW,0,0,False,LOW,0,0
True,LOW,0,,True,LOW,0,,True,LOW,0,,True,LOW,0,,True,LOW,0,,True,LOW,0,,True,LOW,0,,False,,,تروبرد,False,LOW,0,0,True,,LOW,0,,,True,,LOW,0,,,True,LOW,0,,True,LOW,0,,True,LOW,0,,False,LOW,0,0,False,LOW,0,0,True,,LOW,0,,,True,,LOW,0,,,False,LOW,0,0,False,LOW,0,0,True,,LOW,0,,,True,,LOW,0,,,True,LOW,0,,True,LOW,0,,False,LOW,0,0,False,,,15,MEDIUM,OK,OK,HIGH,OK,MISSING_FINISH,OK,False,True,LOW,0,,3247,True,LOW,0,,False,LOW,0,0,True,,LOW,0,,,True,,LOW,0,,,False,,,تروبرد,False,,,other,1995-04-28,False,,,1650,605,False,,,گنبدکاووس,False,LOW,0,0,218596,TRAIN,False,LOW,0,0,False,LOW,0,0,False,LOW,0,0,,,,False,LOW,0,0,True,,LOW,0,,,True,,LOW,0,,,False,LOW,0,0,False,LOW,0,0,False,LOW,0,0,True,,LOW,0,,,True,,LOW,0,,,False,LOW,1,2.0,False,LOW,1,1,False,LOW,1,1,False,1.0,LOW,1,0.4917697905993011,0.4917697905993011,False,0.0,LOW,1,0.10847718136675337,0.10847718136675337,False,LOW,1,0,3252,True,,LOW,0,,,True,,LOW,0,,,False,LOW,0,0,False,LOW,0,0,False,LOW,0,0
True,LOW,0,,True,LOW,0,,False,LOW,1,5.0,False,LOW,1,5.0,False,LOW,1,5.0,True,LOW,0,,True,LOW,0,,False,,,تروبرد,False,LOW,1,1,False,0.0,LOW,1,0.32510312393263446,0.32510312393263446,False,0.0,LOW,1,0.10847718136675337,0.10847718136675337,False,LOW,1,5.0,False,LOW,1,5,False,LOW,1,5.0,False,LOW,1,0,False,LOW,1,1,False,0.0,LOW,1,0.32510312393263446,0.32510312393263446,False,0.0,LOW,1,0.10847718136675337,0.10847718136675337,False,LOW,1,0,False,LOW,0,0,True,,LOW,0,,,True,,LOW,0,,,False,LOW,1,14,False,LOW,1,150.0,False,LOW,0,0,False,,,15,MEDIUM,OK,OK,HIGH,OK,OK,OK,False,True,LOW,0,,3370,False,LOW,1,5,False,LOW,1,1,True,,LOW,1,,,True,,LOW,1,,,False,,,تروبرد,False,,,other,1995-04-28,False,,,1650,605,False,,,گنبدکاووس,False,LOW,1,1,218597,TRAIN,False,LOW,1,1,False,LOW,0,0,False,LOW,0,0,6,0,0,False,LOW,1,0,False,0.0,LOW,1,0.32510312393263446,0.32510312393263446,True,,LOW,0,,,False,LOW,0,0,False,LOW,0,0,False,LOW,1,1,False,0.0,LOW,1,0.32510312393263446,0.32510312393263446,False,0.0,LOW,1,0.10847718136675337,0.10847718136675337,False,MEDIUM,5,6.2,False,MEDIUM,9,9,False,MEDIUM,9,9,False,0.2222222222222222,MEDIUM,9,0.2821870531139862,0.2821870531139862,False,0.0,MEDIUM,9,0.04649022058575144,0.04649022058575144,False,MEDIUM,9,0,3375,False,0.0,LOW,1,0.10847718136675337,0.10847718136675337,True,,LOW,0,,,False,LOW,1,0,False,LOW,0,0,False,LOW,0,0
True,LOW,0,,True,LOW,0,,True,LOW,0,,True,LOW,0,,True,LOW,0,,True,LOW,0,,True,LOW,0,,False,,,تروبرد,False,LOW,0,0,True,,LOW,0,,,True,,LOW,0,,,True,LOW,0,,True,LOW,0,,True,LOW,0,,False,LOW,0,0,False,LOW,0,0,True,,LOW,0,,,True,,LOW,0,,,False,LOW,0,0,False,LOW,0,0,True,,LOW,0,,,True,,LOW,0,,,True,LOW,0,,True,LOW,0,,False,LOW,0,0,False,,,15,MEDIUM,OK,OK,HIGH,OK,MISSING_FINISH,OK,False,True,LOW,0,,3248,True,LOW,0,,False,LOW,0,0,True,,LOW,0,,,True,,LOW,0,,,False,,,تروبرد,False,,,other,1995-04-28,False,,,1650,605,False,,,گنبدکاووس,False,LOW,0,0,218598,TRAIN,False,LOW,0,0,False,LOW,0,0,False,LOW,0,0,,,,False,LOW,0,0,True,,LOW,0,,,True,,LOW,0,,,False,LOW,0,0,False,LOW,0,0,False,LOW,0,0,True,,LOW,0,,,True,,LOW,0,,,True,LOW,0,,False,LOW,2,2,False,LOW,2,2,False,0.0,LOW,2,0.27865982051368665,0.27865982051368665,False,0.0,LOW,2,0.09298044117150288,0.09298044117150288,False,LOW,2,0,3253,True,,LOW,0,,,True,,LOW,0,,,False,LOW,0,0,False,LOW,0,0,False,LOW,0,0
True,LOW,0,,True,LOW,0,,False,LOW,1,4.0,False,LOW,1,4.0,False,LOW,1,4.0,True,LOW,0,,True,LOW,0,,False,,,تروبرد,False,LOW,2,2,False,0.0,LOW,2,0.27865982051368665,0.27865982051368665,False,0.0,LOW,2,0.09298044117150288,0.09298044117150288,False,LOW,1,4.0,False,LOW,1,4,False,LOW,1,4.0,False,LOW,2,0,False,LOW,2,2,False,0.0,LOW,2,0.27865982051368665,0.27865982051368665,False,0.0,LOW,2,0.09298044117150288,0.09298044117150288,False,LOW,2,0,False,LOW,0,0,True,,LOW,0,,,True,,LOW,0,,,False,LOW,1,14,False,LOW,2,150.0,False,LOW,0,0,False,,,15,MEDIUM,OK,OK,HIGH,OK,OK,OK,False,True,LOW,0,,3495,False,LOW,1,4,False,LOW,2,2,True,,LOW,2,,,True,,LOW,2,,,False,,,تروبرد,False,,,other,1995-04-28,False,,,1650,605,False,,,گنبدکاووس,False,LOW,2,2,218599,TRAIN,False,LOW,1,1,False,LOW,0,0,False,LOW,0,0,7,0,0,False,LOW,1,0,False,0.0,LOW,2,0.27865982051368665,0.27865982051368665,True,,LOW,0,,,False,LOW,0,0,False,LOW,0,0,False,LOW,1,1,False,0.0,LOW,1,0.32510312393263446,0.32510312393263446,False,0.0,LOW,1,0.10847718136675337,0.10847718136675337,False,LOW,1,4.0,False,LOW,2,2,False,LOW,2,2,False,0.0,LOW,2,0.27865982051368665,0.27865982051368665,False,0.0,LOW,2,0.09298044117150288,0.09298044117150288,False,LOW,2,0,3500,False,0.0,LOW,2,0.09298044117150288,0.09298044117150288,True,,LOW,0,,,False,LOW,1,0,False,LOW,0,0,False,LOW,0,0
True,LOW,0,,True,LOW,0,,True,LOW,0,,True,LOW,0,,True,LOW,0,,True,LOW,0,,True,LOW,0,,False,,,تروبرد,False,LOW,1,1,False,0.0,LOW,1,0.32510312393263446,0.32510312393263446,False,0.0,LOW,1,0.10847718136675337,0.10847718136675337,True,LOW,0,,True,LOW,0,,True,LOW,0,,False,LOW,1,0,False,LOW,1,1,False,0.0,LOW,1,0.32510312393263446,0.32510312393263446,False,0.0,LOW,1,0.10847718136675337,0.10847718136675337,False,LOW,1,0,False,LOW,0,0,True,,LOW,0,,,True,,LOW,0,,,False,LOW,1,343,False,LOW,1,50.0,False,LOW,0,0,False,,,15,MEDIUM,OK,OK,HIGH,OK,OK,OK,False,True,LOW,0,,3504,True,LOW,0,,False,LOW,0,0,True,,LOW,0,,,True,,LOW,0,,,False,,,تروبرد,False,,,other,1995-04-28,False,,,1650,605,False,,,گنبدکاووس,False,LOW,1,1,218600,TRAIN,False,LOW,0,0,False,LOW,0,0,False,LOW,0,0,4,0,0,False,LOW,0,0,True,,LOW,0,,,True,,LOW,0,,,False,LOW,0,0,False,LOW,0,0,False,LOW,0,0,True,,LOW,0,,,True,,LOW,0,,,True,LOW,0,,False,LOW,0,0,False,LOW,0,0,True,,LOW,0,,,True,,LOW,0,,,False,LOW,0,0,3509,True,,LOW,0,,,True,,LOW,0,,,False,LOW,0,0,False,LOW,0,0,False,LOW,0,0
True,LOW,0,,True,LOW,0,,True,LOW,0,,False,LOW,1,1.0,False,LOW,1,1.0,True,LOW,0,,True,LOW,0,,False,,,تروبرد,False,LOW,1,1,False,1.0,LOW,1,0.4917697905993011,0.4917697905993011,False,1.0,LOW,1,0.27514384803342,0.27514384803342,False,LOW,1,1.0,False,LOW,1,1,False,LOW,1,1.0,False,LOW,1,1,False,LOW,1,1,False,1.0,LOW,1,0.4917697905993011,0.4917697905993011,False,1.0,LOW,1,0.27514384803342,0.27514384803342,False,LOW,1,1,False,LOW,0,0,True,,LOW,0,,,True,,LOW,0,,,False,LOW,1,343,False,LOW,1,150.0,False,LOW,0,0,False,,,15,MEDIUM,OK,OK,HIGH,OK,OK,MISSING,False,True,LOW,0,,3474,False,LOW,1,1,False,LOW,0,0,True,,LOW,0,,,True,,LOW,0,,,False,,,تروبرد,False,,,other,1995-04-28,False,,,1650,605,False,,,گنبدکاووس,False,LOW,1,1,218601,TRAIN,False,LOW,0,0,False,LOW,0,0,False,LOW,0,0,13,0,0,False,LOW,0,0,False,1.0,LOW,1,0.4917697905993011,0.4917697905993011,True,,LOW,0,,,False,LOW,0,0,False,LOW,0,0,False,LOW,0,0,True,,LOW,0,,,True,,LOW,0,,,True,LOW,0,,True,LOW,0,,True,LOW,0,,True,,LOW,0,,,True,,LOW,0,,,True,LOW,0,,3479,False,1.0,LOW,1,0.27514384803342,0.27514384803342,True,,LOW,0,,,False,LOW,0,0,False,LOW,0,0,False,LOW,0,0
True,LOW,0,,True,LOW,0,,False,LOW,1,8.0,False,LOW,2,6.0,False,LOW,2,6.0,True,LOW,0,,True,LOW,0,,False,,,تروبرد,False,LOW,2,2,False,0.0,LOW,2,0.27865982051368665,0.27865982051368665,False,0.0,LOW,2,0.09298044117150288,0.09298044117150288,False,LOW,2,6.0,False,LOW,2,4,False,LOW,2,6.0,False,LOW,2,0,False,LOW,2,2,False,0.0,LOW,2,0.27865982051368665,0.27865982051368665,False,0.0,LOW,2,0.09298044117150288,0.09298044117150288,False,LOW,2,0,False,LOW,0,0,True,,LOW,0,,,True,,LOW,0,,,False,LOW,1,14,False,LOW,2,150.0,False,LOW,0,0,False,,,15,MEDIUM,OK,OK,HIGH,OK,OK,OK,False,False,LOW,2,-4.0,3470,False,LOW,1,8,False,LOW,0,0,True,,LOW,0,,,True,,LOW,0,,,False,,,تروبرد,False,,,other,1995-04-28,False,,,1650,605,False,,,گنبدکاووس,False,LOW,2,2,218602,TRAIN,False,LOW,1,1,False,LOW,0,0,False,LOW,0,0,2,1,0,False,LOW,1,0,False,0.0,LOW,2,0.27865982051368665,0.27865982051368665,True,,LOW,0,,,False,LOW,0,0,False,LOW,0,0,False,LOW,1,1,False,0.0,LOW,1,0.32510312393263446,0.32510312393263446,False,0.0,LOW,1,0.10847718136675337,0.10847718136675337,False,LOW,2,5.5,False,MEDIUM,6,6,False,MEDIUM,6,6,False,0.16666666666666666,MEDIUM,6,0.26823806759961877,0.26823806759961877,False,0.0,MEDIUM,6,0.059169371654592746,0.059169371654592746,False,MEDIUM,6,0,3475,False,0.0,LOW,2,0.09298044117150288,0.09298044117150288,True,,LOW,0,,,False,LOW,1,0,False,LOW,0,0,False,LOW,0,0
True,LOW,0,,True,LOW,0,,True,LOW,0,,True,LOW,0,,True,LOW,0,,True,LOW,0,,True,LOW,0,,False,,,تروبرد,False,LOW,1,1,False,0.0,LOW,1,0.32510312393263446,0.32510312393263446,False,0.0,LOW,1,0.10847718136675337,0.10847718136675337,True,LOW,0,,True,LOW,0,,True,LOW,0,,False,LOW,1,0,False,LOW,1,1,False,0.0,LOW,1,0.32510312393263446,0.32510312393263446,False,0.0,LOW,1,0.10847718136675337,0.10847718136675337,False,LOW,1,0,False,LOW,0,0,True,,LOW,0,,,True,,LOW,0,,,False,LOW,1,343,False,LOW,1,150.0,False,LOW,0,0,False,,,15,MEDIUM,OK,OK,HIGH,OK,OK,OK,False,True,LOW,0,,3490,True,LOW,0,,False,LOW,0,0,True,,LOW,0,,,True,,LOW,0,,,False,,,تروبرد,False,,,other,1995-04-28,False,,,1650,605,False,,,گنبدکاووس,False,LOW,1,1,218603,TRAIN,False,LOW,0,0,False,LOW,0,0,False,LOW,0,0,3,1,0,False,LOW,0,0,True,,LOW,0,,,True,,LOW,0,,,False,LOW,0,0,False,LOW,0,0,False,LOW,0,0,True,,LOW,0,,,True,,LOW,0,,,False,LOW,2,4.0,False,LOW,2,2,False,LOW,2,2,False,0.0,LOW,2,0.27865982051368665,0.27865982051368665,False,0.0,LOW,2,0.09298044117150288,0.09298044117150288,False,LOW,2,0,3495,True,,LOW,0,,,True,,LOW,0,,,False,LOW,0,0,False,LOW,0,0,False,LOW,0,0
True,LOW,0,,True,LOW,0,,True,LOW,0,,True,LOW,0,,True,LOW,0,,True,LOW,0,,True,LOW,0,,False,,,تروبرد,False,LOW,0,0,True,,LOW,0,,,True,,LOW,0,,,True,LOW,0,,True,LOW,0,,True,LOW,0,,False,LOW,0,0,False,LOW,0,0,True,,LOW,0,,,True,,LOW,0,,,False,LOW,0,0,False,LOW,0,0,True,,LOW,0,,,True,,LOW,0,,,True,LOW,0,,True,LOW,0,,False,LOW,0,0,False,,,15,LOW,OK,OK,HIGH,OK,OK,OK,False,True,LOW,0,,3249,True,LOW,0,,False,LOW,1,1,True,,LOW,1,,,True,,LOW,1,,,False,,,تروبرد,False,,,other,1995-04-28,False,,,1650,605,False,,,گنبدکاووس,False,LOW,0,0,218604,TRAIN,False,LOW,0,0,False,LOW,0,0,False,LOW,0,0,9,0,0,False,LOW,0,0,True,,LOW,0,,,True,,LOW,0,,,False,LOW,0,0,False,LOW,0,0,False,LOW,0,0,True,,LOW,0,,,True,,LOW,0,,,False,LOW,2,3.5,False,LOW,2,2,False,LOW,2,2,False,0.5,LOW,2,0.4215169633708295,0.4215169633708295,False,0.5,LOW,2,0.23583758402864574,0.23583758402864574,False,LOW,2,1,3254,True,,LOW,0,,,True,,LOW,0,,,False,LOW,0,0,False,LOW,0,0,False,LOW,0,0
True,LOW,0,,True,LOW,0,,True,LOW,0,,True,LOW,0,,True,LOW,0,,True,LOW,0,,True,LOW,0,,False,,,تروبرد,False,LOW,0,0,True,,LOW,0,,,True,,LOW,0,,,True,LOW,0,,True,LOW,0,,True,LOW,0,,False,LOW,0,0,False,LOW,0,0,True,,LOW,0,,,True,,LOW,0,,,False,LOW,0,0,False,LOW,0,0,True,,LOW,0,,,True,,LOW,0,,,True,LOW,0,,True,LOW,0,,False,LOW,0,0,False,,,15,MEDIUM,OK,OK,HIGH,OK,OK,OK,False,True,LOW,0,,3250,True,LOW,0,,False,LOW,0,0,True,,LOW,0,,,True,,LOW,0,,,False,,,تروبرد,False,,,other,1995-04-28,False,,,1650,605,False,,,گنبدکاووس,False,LOW,0,0,218605,TRAIN,False,LOW,0,0,False,LOW,0,0,False,LOW,0,0,11,0,0,False,LOW,0,0,True,,LOW,0,,,True,,LOW,0,,,False,LOW,0,0,False,LOW,0,0,False,LOW,0,0,True,,LOW,0,,,True,,LOW,0,,,False,MEDIUM-LOW,3,5.333333333333333,False,MEDIUM-LOW,3,3,False,MEDIUM-LOW,3,3,False,0.3333333333333333,MEDIUM-LOW,3,0.36882734294947583,0.36882734294947583,False,0.3333333333333333,MEDIUM-LOW,3,0.20635788602506502,0.20635788602506502,False,MEDIUM-LOW,3,1,3255,True,,LOW,0,,,True,,LOW,0,,,False,LOW,0,0,False,LOW,0,0,False,LOW,0,0
True,LOW,0,,True,LOW,0,,True,LOW,0,,True,LOW,0,,True,LOW,0,,True,LOW,0,,True,LOW,0,,False,,,تروبرد,False,LOW,0,0,True,,LOW,0,,,True,,LOW,0,,,True,LOW,0,,True,LOW,0,,True,LOW,0,,False,LOW,0,0,False,LOW,0,0,True,,LOW,0,,,True,,LOW,0,,,False,LOW,0,0,False,LOW,0,0,True,,LOW,0,,,True,,LOW,0,,,True,LOW,0,,True,LOW,0,,False,LOW,0,0,False,,,15,LOW,OK,OK,HIGH,OK,OK,OK,False,True,LOW,0,,3251,True,LOW,0,,False,LOW,0,0,True,,LOW,0,,,True,,LOW,0,,,False,,,تروبرد,False,,,other,1995-04-28,False,,,1650,605,False,,,گنبدکاووس,False,LOW,0,0,218606,TRAIN,False,LOW,0,0,False,LOW,0,0,False,LOW,0,0,12,0,0,False,LOW,0,0,True,,LOW,0,,,True,,LOW,0,,,False,LOW,0,0,False,LOW,0,0,False,LOW,0,0,True,,LOW,0,,,True,,LOW,0,,,False,MEDIUM-LOW,4,4.0,False,MEDIUM,5,5,False,MEDIUM,5,5,False,0.4,MEDIUM,5,0.3950618743595807,0.3950618743595807,False,0.2,MEDIUM,5,0.165086308820052,0.165086308820052,False,MEDIUM,5,1,3256,True,,LOW,0,,,True,,LOW,0,,,False,LOW,0,0,False,LOW,0,0,False,LOW,0,0
True,LOW,0,,True,LOW,0,,True,LOW,0,,True,LOW,0,,True,LOW,0,,True,LOW,0,,True,LOW,0,,False,,,تروبرد,False,LOW,1,1,False,0.0,LOW,1,0.32510312393263446,0.32510312393263446,False,0.0,LOW,1,0.10847718136675337,0.10847718136675337,True,LOW,0,,True,LOW,0,,True,LOW,0,,False,LOW,1,0,False,LOW,1,1,False,0.0,LOW,1,0.32510312393263446,0.32510312393263446,False,0.0,LOW,1,0.10847718136675337,0.10847718136675337,False,LOW,1,0,False,LOW,0,0,True,,LOW,0,,,True,,LOW,0,,,False,LOW,1,343,False,LOW,1,50.0,False,LOW,0,0,False,,,15,LOW,OK,OK,HIGH,OK,OK,OK,False,True,LOW,0,,3510,True,LOW,0,,False,LOW,2,2,True,,LOW,2,,,True,,LOW,2,,,False,,,تروبرد,False,,,other,1995-04-28,False,,,1650,605,False,,,گنبدکاووس,False,LOW,1,1,218607,TRAIN,False,LOW,0,0,False,LOW,0,0,False,LOW,0,0,10,0,0,False,LOW,0,0,True,,LOW,0,,,True,,LOW,0,,,False,LOW,0,0,False,LOW,0,0,False,LOW,0,0,True,,LOW,0,,,True,,LOW,0,,,False,LOW,1,9.0,False,MEDIUM-LOW,4,4,False,MEDIUM-LOW,4,4,False,0.0,MEDIUM-LOW,4,0.21673541595508963,0.21673541595508963,False,0.0,MEDIUM-LOW,4,0.0723181209111689,0.0723181209111689,False,MEDIUM-LOW,4,0,3515,True,,LOW,0,,,True,,LOW,0,,,False,LOW,0,0,False,LOW,0,0,False,LOW,0,0
True,LOW,0,,True,LOW,0,,True,LOW,0,,True,LOW,0,,True,LOW,0,,True,LOW,0,,True,LOW,0,,False,,,تروبرد,False,LOW,1,1,False,0.0,LOW,1,0.32510312393263446,0.32510312393263446,False,0.0,LOW,1,0.10847718136675337,0.10847718136675337,True,LOW,0,,True,LOW,0,,True,LOW,0,,False,LOW,1,0,False,LOW,1,1,False,0.0,LOW,1,0.32510312393263446,0.32510312393263446,False,0.0,LOW,1,0.10847718136675337,0.10847718136675337,False,LOW,1,0,False,LOW,0,0,True,,LOW,0,,,True,,LOW,0,,,False,LOW,1,343,False,LOW,1,50.0,False,LOW,0,0,False,,,15,LOW,OK,OK,HIGH,OK,OK,OK,False,True,LOW,0,,3508,True,LOW,0,,False,LOW,0,0,True,,LOW,0,,,True,,LOW,0,,,False,,,تروبرد,False,,,other,1995-04-28,False,,,1650,605,False,,,گنبدکاووس,False,LOW,1,1,218608,TRAIN,False,LOW,0,0,False,LOW,0,0,False,LOW,0,0,8,0,0,False,LOW,0,0,True,,LOW,0,,,True,,LOW,0,,,False,LOW,0,0,False,LOW,0,0,False,LOW,0,0,True,,LOW,0,,,True,,LOW,0,,,False,MEDIUM,5,5.8,False,HIGH,10,10,False,HIGH,10,10,False,0.2,HIGH,10,0.2633745829063871,0.2633745829063871,False,0.0,HIGH,10,0.04339087254670135,0.04339087254670135,False,HIGH,10,0,3513,True,,LOW,0,,,True,,LOW,0,,,False,LOW,0,0,False,LOW,0,0,False,LOW,0,0
True,LOW,0,,True,LOW,0,,True,LOW,0,,True,LOW,0,,True,LOW,0,,True,LOW,0,,True,LOW,0,,False,,,تروبرد,False,LOW,1,1,False,0.0,LOW,1,0.32510312393263446,0.32510312393263446,False,0.0,LOW,1,0.10847718136675337,0.10847718136675337,True,LOW,0,,True,LOW,0,,True,LOW,0,,False,LOW,1,0,False,LOW,1,1,False,0.0,LOW,1,0.32510312393263446,0.32510312393263446,False,0.0,LOW,1,0.10847718136675337,0.10847718136675337,False,LOW,1,0,False,LOW,0,0,True,,LOW,0,,,True,,LOW,0,,,False,LOW,1,343,False,LOW,1,150.0,False,LOW,0,0,False,,,15,MEDIUM,OK,OK,HIGH,OK,OK,OK,False,True,LOW,0,,3498,True,LOW,0,,False,LOW,0,0,True,,LOW,0,,,True,,LOW,0,,,False,,,تروبرد,False,,,other,1995-04-28,False,,,1650,605,False,,,گنبدکاووس,False,LOW,1,1,218609,TRAIN,False,LOW,0,0,False,LOW,0,0,False,LOW,0,0,5,0,0,False,LOW,0,0,True,,LOW,0,,,True,,LOW,0,,,False,LOW,0,0,False,LOW,0,0,False,LOW,0,0,True,,LOW,0,,,True,,LOW,0,,,False,MEDIUM-LOW,4,5.5,False,MEDIUM,6,6,False,MEDIUM,6,6,False,0.3333333333333333,MEDIUM,6,0.3591471585087097,0.3591471585087097,False,0.0,MEDIUM,6,0.059169371654592746,0.059169371654592746,False,MEDIUM,6,0,3503,True,,LOW,0,,,True,,LOW,0,,,False,LOW,0,0,False,LOW,0,0,False,LOW,0,0
True,LOW,0,,True,LOW,0,,True,LOW,0,,True,LOW,0,,True,LOW,0,,True,LOW,0,,True,LOW,0,,False,,,تروبرد,False,LOW,1,1,False,0.0,LOW,1,0.32510312393263446,0.32510312393263446,False,0.0,LOW,1,0.10847718136675337,0.10847718136675337,True,LOW,0,,True,LOW,0,,True,LOW,0,,False,LOW,1,0,False,LOW,1,1,False,0.0,LOW,1,0.32510312393263446,0.32510312393263446,False,0.0,LOW,1,0.10847718136675337,0.10847718136675337,False,LOW,1,0,False,LOW,0,0,True,,LOW,0,,,True,,LOW,0,,,False,LOW,1,343,False,LOW,1,50.0,False,LOW,0,0,False,,,15,MEDIUM,OK,OK,HIGH,OK,OK,MISSING,False,True,LOW,0,,3519,True,LOW,0,,False,LOW,0,0,True,,LOW,0,,,True,,LOW,0,,,False,,,تروبرد,False,,,other,1995-04-28,False,,,1650,605,False,,,گنبدکاووس,False,LOW,1,1,218610,TRAIN,False,LOW,0,0,False,LOW,0,0,False,LOW,0,0,1,1,1,False,LOW,0,0,True,,LOW,0,,,True,,LOW,0,,,False,LOW,0,0,False,LOW,0,0,False,LOW,0,0,True,,LOW,0,,,True,,LOW,0,,,True,LOW,0,,True,LOW,0,,True,LOW,0,,True,,LOW,0,,,True,,LOW,0,,,True,LOW,0,,3524,True,,LOW,0,,,True,,LOW,0,,,False,LOW,0,0,False,LOW,0,0,False,LOW,0,0
True,LOW,0,,False,,,52.0,True,LOW,0,,True,LOW,0,,True,LOW,0,,True,LOW,0,,True,LOW,0,,False,,,تروبرد,False,LOW,0,0,True,,LOW,0,,,True,,LOW,0,,,True,LOW,0,,True,LOW,0,,True,LOW,0,,False,LOW,0,0,False,LOW,0,0,True,,LOW,0,,,True,,LOW,0,,,False,LOW,0,0,False,LOW,0,0,True,,LOW,0,,,True,,LOW,0,,,True,LOW,0,,True,LOW,0,,False,LOW,0,0,False,,,6,MEDIUM,OK,OK,HIGH,OK,OK,OK,False,True,LOW,0,,3252,True,LOW,0,,False,LOW,0,0,True,,LOW,0,,,True,,LOW,0,,,False,,,تروبرد,False,,,group1,1995-04-28,False,,,1650,606,False,,,گنبدکاووس,False,LOW,0,0,218611,TRAIN,False,LOW,0,0,False,LOW,0,0,False,LOW,0,0,3,1,0,False,LOW,0,0,True,,LOW,0,,,True,,LOW,0,,,False,LOW,0,0,False,LOW,0,0,False,LOW,0,0,True,,LOW,0,,,True,,LOW,0,,,False,MEDIUM,5,5.6,False,MEDIUM,6,6,False,MEDIUM,6,6,False,0.3333333333333333,MEDIUM,6,0.3591471585087097,0.3591471585087097,False,0.16666666666666666,MEDIUM,6,0.15007846256368365,0.15007846256368365,False,MEDIUM,6,1,3257,True,,LOW,0,,,True,,LOW,0,,,False,LOW,0,0,False,LOW,0,0,False,LOW,0,0
True,LOW,0,,False,,,54.0,True,LOW,0,,True,LOW,0,,True,LOW,0,,True,LOW,0,,True,LOW,0,,False,,,تروبرد,False,LOW,0,0,True,,LOW,0,,,True,,LOW,0,,,True,LOW,0,,True,LOW,0,,True,LOW,0,,False,LOW,0,0,False,LOW,0,0,True,,LOW,0,,,True,,LOW,0,,,False,LOW,0,0,False,LOW,0,0,True,,LOW,0,,,True,,LOW,0,,,True,LOW,0,,True,LOW,0,,False,LOW,0,0,False,,,6,LOW,OK,OK,HIGH,OK,OK,OK,False,True,LOW,0,,3253,True,LOW,0,,False,LOW,0,0,True,,LOW,0,,,True,,LOW,0,,,False,,,تروبرد,False,,,group1,1995-04-28,False,,,1650,606,False,,,گنبدکاووس,False,LOW,0,0,218612,TRAIN,False,LOW,0,0,False,LOW,0,0,False,LOW,0,0,1,1,1,False,LOW,0,0,True,,LOW,0,,,True,,LOW,0,,,False,LOW,0,0,False,LOW,0,0,False,LOW,0,0,True,,LOW,0,,,True,,LOW,0,,,False,LOW,2,3.5,False,LOW,2,2,False,LOW,2,2,False,0.5,LOW,2,0.4215169633708295,0.4215169633708295,False,0.5,LOW,2,0.23583758402864574,0.23583758402864574,False,LOW,2,1,3258,True,,LOW,0,,,True,,LOW,0,,,False,LOW,0,0,False,LOW,0,0,False,LOW,0,0
True,LOW,0,,False,,,55.0,True,LOW,0,,True,LOW,0,,True,LOW,0,,True,LOW,0,,True,LOW,0,,False,,,تروبرد,False,LOW,0,0,True,,LOW,0,,,True,,LOW,0,,,True,LOW,0,,True,LOW,0,,True,LOW,0,,False,LOW,0,0,False,LOW,0,0,True,,LOW,0,,,True,,LOW,0,,,False,LOW,0,0,False,LOW,0,0,True,,LOW,0,,,True,,LOW,0,,,True,LOW,0,,True,LOW,0,,False,LOW,0,0,False,,,6,MEDIUM,OK,OK,HIGH,OK,OK,OK,False,True,LOW,0,,3254,True,LOW,0,,False,LOW,0,0,True,,LOW,0,,,True,,LOW,0,,,False,,,تروبرد,False,,,group1,1995-04-28,False,,,1650,606,False,,,گنبدکاووس,False,LOW,0,0,218613,TRAIN,False,LOW,0,0,False,LOW,0,0,False,LOW,0,0,5,0,0,False,LOW,0,0,True,,LOW,0,,,True,,LOW,0,,,False,LOW,0,0,False,LOW,0,0,False,LOW,0,0,True,,LOW,0,,,True,,LOW,0,,,False,MEDIUM-LOW,3,3.0,False,MEDIUM,5,5,False,MEDIUM,5,5,False,0.4,MEDIUM,5,0.3950618743595807,0.3950618743595807,False,0.2,MEDIUM,5,0.165086308820052,0.165086308820052,False,MEDIUM,5,1,3259,True,,LOW,0,,,True,,LOW,0,,,False,LOW,0,0,False,LOW,0,0,False,LOW,0,0
True,LOW,0,,False,,,59.0,True,LOW,0,,True,LOW,0,,True,LOW,0,,True,LOW,0,,True,LOW,0,,False,,,تروبرد,False,LOW,0,0,True,,LOW,0,,,True,,LOW,0,,,True,LOW,0,,True,LOW,0,,True,LOW,0,,False,LOW,0,0,False,LOW,0,0,True,,LOW,0,,,True,,LOW,0,,,False,LOW,0,0,False,LOW,0,0,True,,LOW,0,,,True,,LOW,0,,,True,LOW,0,,True,LOW,0,,False,LOW,0,0,False,,,6,MEDIUM,OK,OK,HIGH,OK,OK,OK,False,True,LOW,0,,3255,True,LOW,0,,False,LOW,0,0,True,,LOW,0,,,True,,LOW,0,,,False,,,تروبرد,False,,,group1,1995-04-28,False,,,1650,606,False,,,گنبدکاووس,False,LOW,0,0,218614,TRAIN,False,LOW,0,0,False,LOW,0,0,False,LOW,0,0,2,1,0,False,LOW,0,0,True,,LOW,0,,,True,,LOW,0,,,False,LOW,0,0,False,LOW,0,0,False,LOW,0,0,True,,LOW,0,,,True,,LOW,0,,,False,MEDIUM-LOW,4,4.25,False,MEDIUM-LOW,4,4,False,MEDIUM-LOW,4,4,False,0.5,MEDIUM-LOW,4,0.43895763817731187,0.43895763817731187,False,0.25,MEDIUM-LOW,4,0.18342923202228,0.18342923202228,False,MEDIUM-LOW,4,1,3260,True,,LOW,0,,,True,,LOW,0,,,False,LOW,0,0,False,LOW,0,0,False,LOW,0,0
True,LOW,0,,False,,,52.5,True,LOW,0,,False,LOW,1,2.0,False,LOW,1,2.0,True,LOW,0,,True,LOW,0,,False,,,تروبرد,False,LOW,1,1,False,1.0,LOW,1,0.4917697905993011,0.4917697905993011,False,0.0,LOW,1,0.10847718136675337,0.10847718136675337,False,LOW,1,2.0,False,LOW,1,2,False,LOW,1,2.0,False,LOW,1,1,False,LOW,1,1,False,1.0,LOW,1,0.4917697905993011,0.4917697905993011,False,0.0,LOW,1,0.10847718136675337,0.10847718136675337,False,LOW,1,0,False,LOW,0,0,True,,LOW,0,,,True,,LOW,0,,,False,LOW,1,343,False,LOW,1,150.0,False,LOW,0,0,False,,,6,MEDIUM,OK,OK,HIGH,OK,OK,OK,False,True,LOW,0,,3472,False,LOW,1,2,False,LOW,0,0,True,,LOW,0,,,True,,LOW,0,,,False,,,تروبرد,False,,,group1,1995-04-28,False,,,1650,606,False,,,گنبدکاووس,False,LOW,1,1,218615,TRAIN,False,LOW,0,0,False,LOW,0,0,False,LOW,0,0,6,0,0,False,LOW,0,0,False,1.0,LOW,1,0.4917697905993011,0.4917697905993011,True,,LOW,0,,,False,LOW,0,0,False,LOW,0,0,False,LOW,0,0,True,,LOW,0,,,True,,LOW,0,,,False,MEDIUM,5,5.4,False,MEDIUM,7,7,False,MEDIUM,7,7,False,0.2857142857142857,MEDIUM,7,0.3292182286329839,0.3292182286329839,False,0.0,MEDIUM,7,0.054238590683376685,0.054238590683376685,False,MEDIUM,7,0,3477,False,0.0,LOW,1,0.10847718136675337,0.10847718136675337,True,,LOW,0,,,False,LOW,0,0,False,LOW,0,0,False,LOW,0,0
True,LOW,0,,False,,,55.0,True,LOW,0,,True,LOW,0,,True,LOW,0,,True,LOW,0,,True,LOW,0,,False,,,تروبرد,False,LOW,0,0,True,,LOW,0,,,True,,LOW,0,,,True,LOW,0,,True,LOW,0,,True,LOW,0,,False,LOW,0,0,False,LOW,0,0,True,,LOW,0,,,True,,LOW,0,,,False,LOW,0,0,False,LOW,0,0,True,,LOW,0,,,True,,LOW,0,,,True,LOW,0,,True,LOW,0,,False,LOW,0,0,False,,,6,MEDIUM,OK,OK,HIGH,OK,OK,OK,False,True,LOW,0,,3377,True,LOW,0,,False,LOW,0,0,True,,LOW,0,,,True,,LOW,0,,,False,,,تروبرد,False,,,group1,1995-04-28,False,,,1650,606,False,,,گنبدکاووس,False,LOW,0,0,218616,TRAIN,False,LOW,0,0,False,LOW,0,0,False,LOW,0,0,4,0,0,False,LOW,0,0,True,,LOW,0,,,True,,LOW,0,,,False,LOW,0,0,False,LOW,0,0,False,LOW,0,0,True,,LOW,0,,,True,,LOW,0,,,False,MEDIUM,5,5.2,False,MEDIUM,8,8,False,MEDIUM,8,8,False,0.25,MEDIUM,8,0.30389374950736975,0.30389374950736975,False,0.0,MEDIUM,8,0.05006639140004002,0.05006639140004002,False,MEDIUM,8,0,3382,True,,LOW,0,,,True,,LOW,0,,,False,LOW,0,0,False,LOW,0,0,False,LOW,0,0
True,LOW,0,,False,,,50.0,True,LOW,0,,True,LOW,0,,True,LOW,0,,True,LOW,0,,True,LOW,0,,False,,,تروبرد,False,LOW,1,1,False,0.0,LOW,1,0.32510312393263446,0.32510312393263446,False,0.0,LOW,1,0.10847718136675337,0.10847718136675337,True,LOW,0,,True,LOW,0,,True,LOW,0,,False,LOW,1,0,False,LOW,1,1,False,0.0,LOW,1,0.32510312393263446,0.32510312393263446,False,0.0,LOW,1,0.10847718136675337,0.10847718136675337,False,LOW,1,0,False,LOW,0,0,True,,LOW,0,,,True,,LOW,0,,,False,LOW,1,343,False,LOW,1,150.0,False,LOW,0,0,False,,,10,MEDIUM,OK,OK,HIGH,OK,OK,OK,False,True,LOW,0,,3501,True,LOW,0,,False,LOW,0,0,True,,LOW,0,,,True,,LOW,0,,,False,,,تروبرد,False,,,group3,1995-04-28,False,,,1650,607,False,,,گنبدکاووس,False,LOW,1,1,218617,TRAIN,False,LOW,0,0,False,LOW,0,0,False,LOW,0,0,2,1,0,False,LOW,0,0,True,,LOW,0,,,True,,LOW,0,,,False,LOW,0,0,False,LOW,0,0,False,LOW,0,0,True,,LOW,0,,,True,,LOW,0,,,False,LOW,1,8.0,False,HIGH,10,10,False,HIGH,10,10,False,0.1,HIGH,10,0.19670791623972045,0.19670791623972045,False,0.1,HIGH,10,0.11005753921336801,0.11005753921336801,False,HIGH,10,1,3506,True,,LOW,0,,,True,,LOW,0,,,False,LOW,0,0,False,LOW,0,0,False,LOW,0,0
True,LOW,0,,False,,,50.0,False,LOW,1,3.0,False,LOW,1,3.0,False,LOW,1,3.0,True,LOW,0,,True,LOW,0,,False,,,تروبرد,False,LOW,1,1,False,1.0,LOW,1,0.4917697905993011,0.4917697905993011,False,0.0,LOW,1,0.10847718136675337,0.10847718136675337,False,LOW,1,3.0,False,LOW,1,3,False,LOW,1,3.0,False,LOW,1,1,False,LOW,1,1,False,1.0,LOW,1,0.4917697905993011,0.4917697905993011,False,0.0,LOW,1,0.10847718136675337,0.10847718136675337,False,LOW,1,0,False,LOW,0,0,True,,LOW,0,,,True,,LOW,0,,,False,LOW,1,14,False,LOW,1,150.0,False,LOW,0,0,False,,,10,MEDIUM,OK,OK,HIGH,OK,OK,OK,False,True,LOW,0,,3369,False,LOW,1,3,False,LOW,1,1,True,,LOW,1,,,True,,LOW,1,,,False,,,تروبرد,False,,,group3,1995-04-28,False,,,1650,607,False,,,گنبدکاووس,False,LOW,1,1,218618,TRAIN,False,LOW,1,1,False,LOW,0,0,False,LOW,0,0,4,0,0,False,LOW,1,1,False,1.0,LOW,1,0.4917697905993011,0.4917697905993011,True,,LOW,0,,,False,LOW,0,0,False,LOW,0,0,False,LOW,1,1,False,1.0,LOW,1,0.4917697905993011,0.4917697905993011,False,0.0,LOW,1,0.10847718136675337,0.10847718136675337,False,LOW,2,5.0,False,MEDIUM,9,9,False,MEDIUM,9,9,False,0.1111111111111111,MEDIUM,9,0.21075848168541475,0.21075848168541475,False,0.0,MEDIUM,9,0.04649022058575144,0.04649022058575144,False,MEDIUM,9,0,3374,False,0.0,LOW,1,0.10847718136675337,0.10847718136675337,True,,LOW,0,,,False,LOW,1,0,False,LOW,0,0,False,LOW,0,0
True,LOW,0,,False,,,50.0,True,LOW,0,,True,LOW,0,,True,LOW,0,,True,LOW,0,,True,LOW,0,,False,,,تروبرد,False,LOW,0,0,True,,LOW,0,,,True,,LOW,0,,,True,LOW,0,,True,LOW,0,,True,LOW,0,,False,LOW,0,0,False,LOW,0,0,True,,LOW,0,,,True,,LOW,0,,,False,LOW,0,0,False,LOW,0,0,True,,LOW,0,,,True,,LOW,0,,,True,LOW,0,,True,LOW,0,,False,LOW,0,0,False,,,10,MEDIUM,OK,OK,HIGH,OK,OK,OK,False,True,LOW,0,,3373,True,LOW,0,,False,LOW,2,2,True,,LOW,2,,,True,,LOW,2,,,False,,,تروبرد,False,,,group3,1995-04-28,False,,,1650,607,False,,,گنبدکاووس,False,LOW,0,0,218619,TRAIN,False,LOW,0,0,False,LOW,0,0,False,LOW,0,0,6,0,0,False,LOW,0,0,True,,LOW,0,,,True,,LOW,0,,,False,LOW,0,0,False,LOW,0,0,False,LOW,0,0,True,,LOW,0,,,True,,LOW,0,,,False,LOW,2,2.5,False,MEDIUM-LOW,3,3,False,MEDIUM-LOW,3,3,False,0.3333333333333333,MEDIUM-LOW,3,0.36882734294947583,0.36882734294947583,False,0.3333333333333333,MEDIUM-LOW,3,0.20635788602506502,0.20635788602506502,False,MEDIUM-LOW,3,1,3378,True,,LOW,0,,,True,,LOW,0,,,False,LOW,0,0,False,LOW,0,0,False,LOW,0,0
True,LOW,0,,False,,,50.0,True,LOW,0,,True,LOW,0,,True,LOW,0,,True,LOW,0,,True,LOW,0,,False,,,تروبرد,False,LOW,1,1,False,0.0,LOW,1,0.32510312393263446,0.32510312393263446,False,0.0,LOW,1,0.10847718136675337,0.10847718136675337,True,LOW,0,,True,LOW,0,,True,LOW,0,,False,LOW,1,0,False,LOW,1,1,False,0.0,LOW,1,0.32510312393263446,0.32510312393263446,False,0.0,LOW,1,0.10847718136675337,0.10847718136675337,False,LOW,1,0,False,LOW,0,0,True,,LOW,0,,,True,,LOW,0,,,False,LOW,1,343,False,LOW,1,150.0,False,LOW,0,0,False,,,10,MEDIUM,OK,OK,HIGH,OK,OK,OK,False,True,LOW,0,,3468,True,LOW,0,,False,LOW,1,1,True,,LOW,1,,,True,,LOW,1,,,False,,,تروبرد,False,,,group3,1995-04-28,False,,,1650,607,False,,,گنبدکاووس,False,LOW,1,1,218620,TRAIN,False,LOW,0,0,False,LOW,0,0,False,LOW,0,0,5,0,0,False,LOW,0,0,True,,LOW,0,,,True,,LOW,0,,,False,LOW,0,0,False,LOW,0,0,False,LOW,0,0,True,,LOW,0,,,True,,LOW,0,,,False,MEDIUM-LOW,3,4.333333333333333,False,MEDIUM,8,8,False,MEDIUM,8,8,False,0.125,MEDIUM,8,0.22697067258429282,0.22697067258429282,False,0.0,MEDIUM,8,0.05006639140004002,0.05006639140004002,False,MEDIUM,8,0,3473,True,,LOW,0,,,True,,LOW,0,,,False,LOW,0,0,False,LOW,0,0,False,LOW,0,0
True,LOW,0,,False,,,50.0,True,LOW,0,,True,LOW,0,,True,LOW,0,,True,LOW,0,,True,LOW,0,,False,,,تروبرد,False,LOW,0,0,True,,LOW,0,,,True,,LOW,0,,,True,LOW,0,,True,LOW,0,,True,LOW,0,,False,LOW,0,0,False,LOW,0,0,True,,LOW,0,,,True,,LOW,0,,,False,LOW,0,0,False,LOW,0,0,True,,LOW,0,,,True,,LOW,0,,,True,LOW,0,,True,LOW,0,,False,LOW,0,0,False,,,10,MEDIUM,OK,OK,HIGH,OK,OK,OK,False,True,LOW,0,,3256,True,LOW,0,,False,LOW,0,0,True,,LOW,0,,,True,,LOW,0,,,False,,,تروبرد,False,,,group3,1995-04-28,False,,,1650,607,False,,,گنبدکاووس,False,LOW,0,0,218621,TRAIN,False,LOW,0,0,False,LOW,0,0,False,LOW,0,0,3,1,0,False,LOW,0,0,True,,LOW,0,,,True,,LOW,0,,,False,LOW,0,0,False,LOW,0,0,False,LOW,0,0,True,,LOW,0,,,True,,LOW,0,,,False,LOW,2,3.0,False,MEDIUM-LOW,3,3,False,MEDIUM-LOW,3,3,False,0.3333333333333333,MEDIUM-LOW,3,0.36882734294947583,0.36882734294947583,False,0.0,MEDIUM-LOW,3,0.08135788602506502,0.08135788602506502,False,MEDIUM-LOW,3,0,3261,True,,LOW,0,,,True,,LOW,0,,,False,LOW,0,0,False,LOW,0,0,False,LOW,0,0
True,LOW,0,,False,,,52.0,True,LOW,0,,False,LOW,1,1.0,False,LOW,1,1.0,True,LOW,0,,True,LOW,0,,False,,,تروبرد,False,LOW,1,1,False,1.0,LOW,1,0.4917697905993011,0.4917697905993011,False,1.0,LOW,1,0.27514384803342,0.27514384803342,False,LOW,1,1.0,False,LOW,1,1,False,LOW,1,1.0,False,LOW,1,1,False,LOW,1,1,False,1.0,LOW,1,0.4917697905993011,0.4917697905993011,False,1.0,LOW,1,0.27514384803342,0.27514384803342,False,LOW,1,1,False,LOW,0,0,True,,LOW,0,,,True,,LOW,0,,,False,LOW,1,343,False,LOW,1,150.0,False,LOW,0,0,False,,,10,MEDIUM,OK,OK,HIGH,OK,OK,OK,False,True,LOW,0,,3462,False,LOW,1,1,False,LOW,0,0,True,,LOW,0,,,True,,LOW,0,,,False,,,تروبرد,False,,,group3,1995-04-28,False,,,1650,607,False,,,گنبدکاووس,False,LOW,1,1,218622,TRAIN,False,LOW,0,0,False,LOW,0,0,False,LOW,0,0,8,0,0,False,LOW,0,0,False,1.0,LOW,1,0.4917697905993011,0.4917697905993011,True,,LOW,0,,,False,LOW,0,0,False,LOW,0,0,False,LOW,0,0,True,,LOW,0,,,True,,LOW,0,,,False,MEDIUM-LOW,3,6.0,False,MEDIUM-LOW,4,4,False,MEDIUM-LOW,4,4,False,0.25,MEDIUM-LOW,4,0.32784652706620077,0.32784652706620077,False,0.25,MEDIUM-LOW,4,0.18342923202228,0.18342923202228,False,MEDIUM-LOW,4,1,3467,False,1.0,LOW,1,0.27514384803342,0.27514384803342,True,,LOW,0,,,False,LOW,0,0,False,LOW,0,0,False,LOW,0,0
True,LOW,0,,False,,,50.0,True,LOW,0,,False,LOW,1,4.0,False,LOW,1,4.0,True,LOW,0,,True,LOW,0,,False,,,تروبرد,False,LOW,1,1,False,0.0,LOW,1,0.32510312393263446,0.32510312393263446,False,0.0,LOW,1,0.10847718136675337,0.10847718136675337,False,LOW,1,4.0,False,LOW,1,4,False,LOW,1,4.0,False,LOW,1,0,False,LOW,1,1,False,0.0,LOW,1,0.32510312393263446,0.32510312393263446,False,0.0,LOW,1,0.10847718136675337,0.10847718136675337,False,LOW,1,0,False,LOW,0,0,True,,LOW,0,,,True,,LOW,0,,,False,LOW,1,343,False,LOW,1,150.0,False,LOW,0,0,False,,,10,MEDIUM,OK,OK,HIGH,OK,OK,OK,False,True,LOW,0,,3503,False,LOW,1,4,False,LOW,0,0,True,,LOW,0,,,True,,LOW,0,,,False,,,تروبرد,False,,,group3,1995-04-28,False,,,1650,607,False,,,گنبدکاووس,False,LOW,1,1,218623,TRAIN,False,LOW,0,0,False,LOW,0,0,False,LOW,0,0,10,0,0,False,LOW,0,0,False,0.0,LOW,1,0.32510312393263446,0.32510312393263446,True,,LOW,0,,,False,LOW,0,0,False,LOW,0,0,False,LOW,0,0,True,,LOW,0,,,True,,LOW,0,,,False,LOW,2,5.0,False,MEDIUM,7,7,False,MEDIUM,7,7,False,0.2857142857142857,MEDIUM,7,0.3292182286329839,0.3292182286329839,False,0.0,MEDIUM,7,0.054238590683376685,0.054238590683376685,False,MEDIUM,7,0,3508,False,0.0,LOW,1,0.10847718136675337,0.10847718136675337,True,,LOW,0,,,False,LOW,0,0,False,LOW,0,0,False,LOW,0,0
True,LOW,0,,False,,,52.5,True,LOW,0,,True,LOW,0,,True,LOW,0,,True,LOW,0,,True,LOW,0,,False,,,تروبرد,False,LOW,1,1,False,0.0,LOW,1,0.32510312393263446,0.32510312393263446,False,0.0,LOW,1,0.10847718136675337,0.10847718136675337,True,LOW,0,,True,LOW,0,,True,LOW,0,,False,LOW,1,0,False,LOW,1,1,False,0.0,LOW,1,0.32510312393263446,0.32510312393263446,False,0.0,LOW,1,0.10847718136675337,0.10847718136675337,False,LOW,1,0,False,LOW,0,0,True,,LOW,0,,,True,,LOW,0,,,False,LOW,1,343,False,LOW,1,150.0,False,LOW,0,0,False,,,10,MEDIUM,OK,OK,HIGH,OK,OK,OK,False,True,LOW,0,,3464,True,LOW,0,,False,LOW,1,1,True,,LOW,1,,,True,,LOW,1,,,False,,,تروبرد,False,,,group3,1995-04-28,False,,,1650,607,False,,,گنبدکاووس,False,LOW,1,1,218624,TRAIN,False,LOW,0,0,False,LOW,0,0,False,LOW,0,0,9,0,0,False,LOW,0,0,True,,LOW,0,,,True,,LOW,0,,,False,LOW,0,0,False,LOW,0,0,False,LOW,0,0,True,,LOW,0,,,True,,LOW,0,,,False,LOW,1,10.0,False,MEDIUM-LOW,4,4,False,MEDIUM-LOW,4,4,False,0.0,MEDIUM-LOW,4,0.21673541595508963,0.21673541595508963,False,0.0,MEDIUM-LOW,4,0.0723181209111689,0.0723181209111689,False,MEDIUM-LOW,4,0,3469,True,,LOW,0,,,True,,LOW,0,,,False,LOW,0,0,False,LOW,0,0,False,LOW,0,0
True,LOW,0,,False,,,52.0,False,LOW,1,2.0,False,LOW,1,2.0,False,LOW,1,2.0,True,LOW,0,,True,LOW,0,,False,,,تروبرد,False,LOW,1,1,False,1.0,LOW,1,0.4917697905993011,0.4917697905993011,False,0.0,LOW,1,0.10847718136675337,0.10847718136675337,False,LOW,1,2.0,False,LOW,1,2,False,LOW,1,2.0,False,LOW,1,1,False,LOW,1,1,False,1.0,LOW,1,0.4917697905993011,0.4917697905993011,False,0.0,LOW,1,0.10847718136675337,0.10847718136675337,False,LOW,1,0,False,LOW,0,0,True,,LOW,0,,,True,,LOW,0,,,False,LOW,1,14,False,LOW,1,150.0,False,LOW,0,0,False,,,10,LOW,OK,OK,HIGH,OK,OK,OK,False,True,LOW,0,,3257,False,LOW,1,2,False,LOW,0,0,True,,LOW,0,,,True,,LOW,0,,,False,,,تروبرد,False,,,group3,1995-04-28,False,,,1650,607,False,,,گنبدکاووس,False,LOW,1,1,218625,TRAIN,False,LOW,1,1,False,LOW,0,0,False,LOW,0,0,7,0,0,False,LOW,1,1,False,1.0,LOW,1,0.4917697905993011,0.4917697905993011,True,,LOW,0,,,False,LOW,0,0,False,LOW,0,0,False,LOW,1,1,False,1.0,LOW,1,0.4917697905993011,0.4917697905993011,False,0.0,LOW,1,0.10847718136675337,0.10847718136675337,False,MEDIUM,5,6.4,False,HIGH,11,11,False,HIGH,11,11,False,0.18181818181818182,HIGH,11,0.24691367147473792,0.24691367147473792,False,0.0,HIGH,11,0.04067894301253251,0.04067894301253251,False,HIGH,11,0,3262,False,0.0,LOW,1,0.10847718136675337,0.10847718136675337,True,,LOW,0,,,False,LOW,1,0,False,LOW,0,0,False,LOW,0,0
True,LOW,0,,False,,,52.5,True,LOW,0,,True,LOW,0,,True,LOW,0,,True,LOW,0,,True,LOW,0,,False,,,تروبرد,False,LOW,0,0,True,,LOW,0,,,True,,LOW,0,,,True,LOW,0,,True,LOW,0,,True,LOW,0,,False,LOW,0,0,False,LOW,0,0,True,,LOW,0,,,True,,LOW,0,,,False,LOW,0,0,False,LOW,0,0,True,,LOW,0,,,True,,LOW,0,,,True,LOW,0,,True,LOW,0,,False,LOW,0,0,False,,,10,MEDIUM,OK,OK,HIGH,OK,OK,OK,False,True,LOW,0,,3374,True,LOW,0,,False,LOW,0,0,True,,LOW,0,,,True,,LOW,0,,,False,,,تروبرد,False,,,group3,1995-04-28,False,,,1650,607,False,,,گنبدکاووس,False,LOW,0,0,218626,TRAIN,False,LOW,0,0,False,LOW,0,0,False,LOW,0,0,1,1,1,False,LOW,0,0,True,,LOW,0,,,True,,LOW,0,,,False,LOW,0,0,False,LOW,0,0,False,LOW,0,0,True,,LOW,0,,,True,,LOW,0,,,False,MEDIUM-LOW,3,4.666666666666667,False,HIGH,10,10,False,HIGH,10,10,False,0.1,HIGH,10,0.19670791623972045,0.19670791623972045,False,0.0,HIGH,10,0.04339087254670135,0.04339087254670135,False,HIGH,10,0,3379,True,,LOW,0,,,True,,LOW,0,,,False,LOW,0,0,False,LOW,0,0,False,LOW,0,0
True,LOW,0,,False,,,54.5,True,LOW,0,,True,LOW,0,,True,LOW,0,,True,LOW,0,,True,LOW,0,,False,,,تروبرد,False,LOW,0,0,True,,LOW,0,,,True,,LOW,0,,,True,LOW,0,,True,LOW,0,,True,LOW,0,,False,LOW,0,0,False,LOW,0,0,True,,LOW,0,,,True,,LOW,0,,,False,LOW,0,0,False,LOW,0,0,True,,LOW,0,,,True,,LOW,0,,,True,LOW,0,,True,LOW,0,,False,LOW,0,0,False,,,7,LOW,OK,OK,HIGH,OK,OK,OK,False,True,LOW,0,,3258,True,LOW,0,,False,LOW,0,0,True,,LOW,0,,,True,,LOW,0,,,False,,,تروبرد,False,,,group1,1995-04-28,False,,,1650,608,False,,,گنبدکاووس,False,LOW,0,0,218627,TRAIN,False,LOW,0,0,False,LOW,0,0,False,LOW,0,0,2,1,0,False,LOW,0,0,True,,LOW,0,,,True,,LOW,0,,,False,LOW,0,0,False,LOW,0,0,False,LOW,0,0,True,,LOW,0,,,True,,LOW,0,,,False,MEDIUM-LOW,3,2.6666666666666665,False,MEDIUM,6,6,False,MEDIUM,6,6,False,0.3333333333333333,MEDIUM,6,0.3591471585087097,0.3591471585087097,False,0.16666666666666666,MEDIUM,6,0.15007846256368365,0.15007846256368365,False,MEDIUM,6,1,3263,True,,LOW,0,,,True,,LOW,0,,,False,LOW,0,0,False,LOW,0,0,False,LOW,0,0
True,LOW,0,,False,,,54.5,True,LOW,0,,True,LOW,0,,True,LOW,0,,True,LOW,0,,True,LOW,0,,False,,,تروبرد,False,LOW,0,0,True,,LOW,0,,,True,,LOW,0,,,True,LOW,0,,True,LOW,0,,True,LOW,0,,False,LOW,0,0,False,LOW,0,0,True,,LOW,0,,,True,,LOW,0,,,False,LOW,0,0,False,LOW,0,0,True,,LOW,0,,,True,,LOW,0,,,True,LOW,0,,True,LOW,0,,False,LOW,0,0,False,,,7,MEDIUM,OK,OK,HIGH,OK,OK,OK,False,True,LOW,0,,3259,True,LOW,0,,False,LOW,0,0,True,,LOW,0,,,True,,LOW,0,,,False,,,تروبرد,False,,,group1,1995-04-28,False,,,1650,608,False,,,گنبدکاووس,False,LOW,0,0,218628,TRAIN,False,LOW,0,0,False,LOW,0,0,False,LOW,0,0,4,0,0,False,LOW,0,0,True,,LOW,0,,,True,,LOW,0,,,False,LOW,0,0,False,LOW,0,0,False,LOW,0,0,True,,LOW,0,,,True,,LOW,0,,,True,LOW,0,,False,LOW,1,1,False,LOW,1,1,False,0.0,LOW,1,0.32510312393263446,0.32510312393263446,False,0.0,LOW,1,0.10847718136675337,0.10847718136675337,False,LOW,1,0,3264,True,,LOW,0,,,True,,LOW,0,,,False,LOW,0,0,False,LOW,0,0,False,LOW,0,0
True,LOW,0,,False,,,54.0,True,LOW,0,,True,LOW,0,,True,LOW,0,,True,LOW,0,,True,LOW,0,,False,,,تروبرد,False,LOW,0,0,True,,LOW,0,,,True,,LOW,0,,,True,LOW,0,,True,LOW,0,,True,LOW,0,,False,LOW,0,0,False,LOW,0,0,True,,LOW,0,,,True,,LOW,0,,,False,LOW,0,0,False,LOW,0,0,True,,LOW,0,,,True,,LOW,0,,,True,LOW,0,,True,LOW,0,,False,LOW,0,0,False,,,7,LOW,OK,OK,HIGH,OK,OK,OK,False,True,LOW,0,,3260,True,LOW,0,,False,LOW,0,0,True,,LOW,0,,,True,,LOW,0,,,False,,,تروبرد,False,,,group1,1995-04-28,False,,,1650,608,False,,,گنبدکاووس,False,LOW,0,0,218629,TRAIN,False,LOW,0,0,False,LOW,0,0,False,LOW,0,0,5,0,0,False,LOW,0,0,True,,LOW,0,,,True,,LOW,0,,,False,LOW,0,0,False,LOW,0,0,False,LOW,0,0,True,,LOW,0,,,True,,LOW,0,,,False,MEDIUM-LOW,4,6.75,False,MEDIUM-LOW,4,4,False,MEDIUM-LOW,4,4,False,0.25,MEDIUM-LOW,4,0.32784652706620077,0.32784652706620077,False,0.25,MEDIUM-LOW,4,0.18342923202228,0.18342923202228,False,MEDIUM-LOW,4,1,3265,True,,LOW,0,,,True,,LOW,0,,,False,LOW,0,0,False,LOW,0,0,False,LOW,0,0
True,LOW,0,,False,,,56.5,True,LOW,0,,True,LOW,0,,True,LOW,0,,True,LOW,0,,True,LOW,0,,False,,,تروبرد,False,LOW,0,0,True,,LOW,0,,,True,,LOW,0,,,True,LOW,0,,True,LOW,0,,True,LOW,0,,False,LOW,0,0,False,LOW,0,0,True,,LOW,0,,,True,,LOW,0,,,False,LOW,0,0,False,LOW,0,0,True,,LOW,0,,,True,,LOW,0,,,True,LOW,0,,True,LOW,0,,False,LOW,0,0,False,,,7,MEDIUM,OK,OK,HIGH,OK,OK,OK,False,True,LOW,0,,3261,True,LOW,0,,False,LOW,0,0,True,,LOW,0,,,True,,LOW,0,,,False,,,تروبرد,False,,,group1,1995-04-28,False,,,1650,608,False,,,گنبدکاووس,False,LOW,0,0,218630,TRAIN,False,LOW,0,0,False,LOW,0,0,False,LOW,0,0,3,1,0,False,LOW,0,0,True,,LOW,0,,,True,,LOW,0,,,False,LOW,0,0,False,LOW,0,0,False,LOW,0,0,True,,LOW,0,,,True,,LOW,0,,,False,MEDIUM,5,5.6,False,MEDIUM,7,7,False,MEDIUM,7,7,False,0.42857142857142855,MEDIUM,7,0.4125515619663172,0.4125515619663172,False,0.14285714285714285,MEDIUM,7,0.13757192401671,0.13757192401671,False,MEDIUM,7,1,3266,True,,LOW,0,,,True,,LOW,0,,,False,LOW,0,0,False,LOW,0,0,False,LOW,0,0
True,LOW,0,,False,,,56.0,True,LOW,0,,True,LOW,0,,True,LOW,0,,True,LOW,0,,True,LOW,0,,False,,,تروبرد,False,LOW,0,0,True,,LOW,0,,,True,,LOW,0,,,True,LOW,0,,True,LOW,0,,True,LOW,0,,False,LOW,0,0,False,LOW,0,0,True,,LOW,0,,,True,,LOW,0,,,False,LOW,0,0,False,LOW,0,0,True,,LOW,0,,,True,,LOW,0,,,True,LOW,0,,True,LOW,0,,False,LOW,0,0,False,,,7,MEDIUM,OK,OK,HIGH,OK,OK,OK,False,True,LOW,0,,3262,True,LOW,0,,False,MEDIUM-LOW,3,3,True,,LOW,3,,,True,,LOW,3,,,False,,,تروبرد,False,,,group1,1995-04-28,False,,,1650,608,False,,,گنبدکاووس,False,LOW,0,0,218631,TRAIN,False,LOW,0,0,False,LOW,0,0,False,LOW,0,0,1,1,1,False,LOW,0,0,True,,LOW,0,,,True,,LOW,0,,,False,LOW,0,0,False,LOW,0,0,False,LOW,0,0,True,,LOW,0,,,True,,LOW,0,,,False,MEDIUM-LOW,3,3.6666666666666665,False,MEDIUM-LOW,4,4,False,MEDIUM-LOW,4,4,False,0.25,MEDIUM-LOW,4,0.32784652706620077,0.32784652706620077,False,0.25,MEDIUM-LOW,4,0.18342923202228,0.18342923202228,False,MEDIUM-LOW,4,1,3267,True,,LOW,0,,,True,,LOW,0,,,False,LOW,0,0,False,LOW,0,0,False,LOW,0,0
True,LOW,0,,False,,,58.0,True,LOW,0,,True,LOW,0,,True,LOW,0,,True,LOW,0,,True,LOW,0,,False,,,تروبرد,False,LOW,0,0,True,,LOW,0,,,True,,LOW,0,,,True,LOW,0,,True,LOW,0,,True,LOW,0,,False,LOW,0,0,False,LOW,0,0,True,,LOW,0,,,True,,LOW,0,,,False,LOW,0,0,False,LOW,0,0,True,,LOW,0,,,True,,LOW,0,,,True,LOW,0,,True,LOW,0,,False,LOW,0,0,False,,,7,MEDIUM,OK,OK,HIGH,OK,MISSING_FINISH,OK,False,True,LOW,0,,3372,True,LOW,0,,False,LOW,1,1,True,,LOW,1,,,True,,LOW,1,,,False,,,تروبرد,False,,,group1,1995-04-28,False,,,1650,608,False,,,گنبدکاووس,False,LOW,0,0,218632,TRAIN,False,LOW,0,0,False,LOW,0,0,False,LOW,0,0,,,,False,LOW,0,0,True,,LOW,0,,,True,,LOW,0,,,False,LOW,0,0,False,LOW,0,0,False,LOW,0,0,True,,LOW,0,,,True,,LOW,0,,,False,LOW,2,1.5,False,MEDIUM,5,5,False,MEDIUM,5,5,False,0.4,MEDIUM,5,0.3950618743595807,0.3950618743595807,False,0.2,MEDIUM,5,0.165086308820052,0.165086308820052,False,MEDIUM,5,1,3377,True,,LOW,0,,,True,,LOW,0,,,False,LOW,0,0,False,LOW,0,0,False,LOW,0,0
True,LOW,0,,False,,,55.0,True,LOW,0,,True,LOW,0,,True,LOW,0,,True,LOW,0,,True,LOW,0,,False,,,تروبرد,False,LOW,0,0,True,,LOW,0,,,True,,LOW,0,,,True,LOW,0,,True,LOW,0,,True,LOW,0,,False,LOW,0,0,False,LOW,0,0,True,,LOW,0,,,True,,LOW,0,,,False,LOW,0,0,False,LOW,0,0,True,,LOW,0,,,True,,LOW,0,,,True,LOW,0,,True,LOW,0,,False,LOW,0,0,False,,,7,MEDIUM,OK,OK,HIGH,OK,OK,OK,False,True,LOW,0,,2836,True,LOW,0,,False,LOW,0,0,True,,LOW,0,,,True,,LOW,0,,,False,,,تروبرد,False,,,group1,1995-04-28,False,,,1650,608,False,,,گنبدکاووس,False,LOW,0,0,218633,TRAIN,False,LOW,0,0,False,LOW,0,0,False,LOW,0,0,6,0,0,False,LOW,0,0,True,,LOW,0,,,True,,LOW,0,,,False,LOW,0,0,False,LOW,0,0,False,LOW,0,0,True,,LOW,0,,,True,,LOW,0,,,False,MEDIUM,5,7.0,False,HIGH,12,12,False,HIGH,12,12,False,0.16666666666666666,HIGH,12,0.23238933785857685,0.23238933785857685,False,0.0,HIGH,12,0.0382860640117953,0.0382860640117953,False,HIGH,12,0,2839,True,,LOW,0,,,True,,LOW,0,,,False,LOW,0,0,False,LOW,0,0,False,LOW,0,0
True,LOW,0,,True,LOW,0,,True,LOW,0,,True,LOW,0,,True,LOW,0,,True,LOW,0,,True,LOW,0,,False,,,تروبرد,False,LOW,0,0,True,,LOW,0,,,True,,LOW,0,,,True,LOW,0,,True,LOW,0,,True,LOW,0,,False,LOW,0,0,False,LOW,0,0,True,,LOW,0,,,True,,LOW,0,,,False,LOW,0,0,True,LOW,0,,True,,LOW,0,,,True,,LOW,0,,,True,LOW,0,,True,LOW,0,,False,LOW,0,0,False,,,13,MEDIUM,MISSING_STRUCTURED,OK,HIGH,OK,INVALID_FINISH,OK,False,True,LOW,0,,3299,True,LOW,0,,False,LOW,0,0,True,,LOW,0,,,True,,LOW,0,,,False,,,تروبرد,True,LOW,0,,1995-09-15,False,,,1000,3292,False,,,بندرترکمن,False,LOW,0,0,244759,TRAIN,False,LOW,0,0,True,LOW,0,,False,LOW,0,0,,,,False,LOW,0,0,True,,LOW,0,,,True,,LOW,0,,,True,LOW,0,,False,LOW,0,0,False,LOW,0,0,True,,LOW,0,,,True,,LOW,0,,,True,LOW,0,,False,LOW,0,0,False,LOW,0,0,True,,LOW,0,,,True,,LOW,0,,,False,LOW,0,0,3304,True,,LOW,0,,,True,,LOW,0,,,False,LOW,0,0,True,LOW,0,,False,LOW,0,0
True,LOW,0,,True,LOW,0,,True,LOW,0,,True,LOW,0,,True,LOW,0,,True,LOW,0,,True,LOW,0,,False,,,تروبرد,False,LOW,0,0,True,,LOW,0,,,True,,LOW,0,,,True,LOW,0,,True,LOW,0,,True,LOW,0,,False,LOW,0,0,False,LOW,0,0,True,,LOW,0,,,True,,LOW,0,,,False,LOW,0,0,True,LOW,0,,True,,LOW,0,,,True,,LOW,0,,,True,LOW,0,,True,LOW,0,,False,LOW,0,0,False,,,13,MEDIUM,MISSING_STRUCTURED,OK,HIGH,OK,INVALID_FINISH,OK,False,True,LOW,0,,3281,True,LOW,0,,False,LOW,0,0,True,,LOW,0,,,True,,LOW,0,,,False,,,تروبرد,True,LOW,0,,1995-09-15,False,,,1000,3292,False,,,بندرترکمن,False,LOW,0,0,244760,TRAIN,False,LOW,0,0,True,LOW,0,,False,LOW,0,0,,,,False,LOW,0,0,True,,LOW,0,,,True,,LOW,0,,,True,LOW,0,,False,LOW,0,0,False,LOW,0,0,True,,LOW,0,,,True,,LOW,0,,,False,LOW,1,7.0,False,LOW,1,1,False,LOW,1,1,False,0.0,LOW,1,0.32510312393263446,0.32510312393263446,False,0.0,LOW,1,0.10847718136675337,0.10847718136675337,False,LOW,1,0,3286,True,,LOW,0,,,True,,LOW,0,,,False,LOW,0,0,True,LOW,0,,False,LOW,0,0
True,LOW,0,,True,LOW,0,,True,LOW,0,,True,LOW,0,,True,LOW,0,,True,LOW,0,,True,LOW,0,,False,,,تروبرد,False,LOW,0,0,True,,LOW,0,,,True,,LOW,0,,,True,LOW,0,,True,LOW,0,,True,LOW,0,,False,LOW,0,0,False,LOW,0,0,True,,LOW,0,,,True,,LOW,0,,,False,LOW,0,0,True,LOW,0,,True,,LOW,0,,,True,,LOW,0,,,True,LOW,0,,True,LOW,0,,False,LOW,0,0,False,,,13,MEDIUM,MISSING_STRUCTURED,OK,HIGH,OK,OK,OK,False,True,LOW,0,,3313,True,LOW,0,,False,LOW,0,0,True,,LOW,0,,,True,,LOW,0,,,False,,,تروبرد,True,LOW,0,,1995-09-15,False,,,1000,3292,False,,,بندرترکمن,False,LOW,0,0,244761,TRAIN,False,LOW,0,0,True,LOW,0,,False,LOW,0,0,1,1,1,False,LOW,0,0,True,,LOW,0,,,True,,LOW,0,,,True,LOW,0,,False,LOW,0,0,False,LOW,0,0,True,,LOW,0,,,True,,LOW,0,,,False,LOW,2,5.5,False,MEDIUM-LOW,3,3,False,MEDIUM-LOW,3,3,False,0.0,MEDIUM-LOW,3,0.24382734294947583,0.24382734294947583,False,0.0,MEDIUM-LOW,3,0.08135788602506502,0.08135788602506502,False,MEDIUM-LOW,3,0,3318,True,,LOW,0,,,True,,LOW,0,,,False,LOW,0,0,True,LOW,0,,False,LOW,0,0
True,LOW,0,,True,LOW,0,,True,LOW,0,,True,LOW,0,,True,LOW,0,,True,LOW,0,,True,LOW,0,,False,,,تروبرد,False,LOW,0,0,True,,LOW,0,,,True,,LOW,0,,,True,LOW,0,,True,LOW,0,,True,LOW,0,,False,LOW,0,0,False,LOW,0,0,True,,LOW,0,,,True,,LOW,0,,,False,LOW,0,0,True,LOW,0,,True,,LOW,0,,,True,,LOW,0,,,True,LOW,0,,True,LOW,0,,False,LOW,0,0,False,,,13,MEDIUM,MISSING_STRUCTURED,OK,HIGH,OK,MISSING_FINISH,OK,False,True,LOW,0,,3133,True,LOW,0,,False,LOW,0,0,True,,LOW,0,,,True,,LOW,0,,,False,,,تروبرد,True,LOW,0,,1995-09-15,False,,,1000,3292,False,,,بندرترکمن,False,LOW,0,0,244762,TRAIN,False,LOW,0,0,True,LOW,0,,False,LOW,0,0,,,,False,LOW,0,0,True,,LOW,0,,,True,,LOW,0,,,True,LOW,0,,False,LOW,0,0,False,LOW,0,0,True,,LOW,0,,,True,,LOW,0,,,False,MEDIUM,5,7.6,False,HIGH,13,13,False,HIGH,13,13,False,0.15384615384615385,HIGH,13,0.21947881908865594,0.21947881908865594,False,0.0,HIGH,13,0.03615906045558445,0.03615906045558445,False,HIGH,13,0,3138,True,,LOW,0,,,True,,LOW,0,,,False,LOW,0,0,True,LOW,0,,False,LOW,0,0
True,LOW,0,,True,LOW,0,,True,LOW,0,,True,LOW,0,,True,LOW,0,,True,LOW,0,,True,LOW,0,,False,,,تروبرد,False,LOW,0,0,True,,LOW,0,,,True,,LOW,0,,,True,LOW,0,,True,LOW,0,,True,LOW,0,,False,LOW,0,0,False,LOW,0,0,True,,LOW,0,,,True,,LOW,0,,,False,LOW,0,0,True,LOW,0,,True,,LOW,0,,,True,,LOW,0,,,True,LOW,0,,True,LOW,0,,False,LOW,0,0,False,,,13,MEDIUM,MISSING_STRUCTURED,OK,HIGH,OK,OK,OK,False,True,LOW,0,,3142,True,LOW,0,,False,LOW,0,0,True,,LOW,0,,,True,,LOW,0,,,False,,,تروبرد,True,LOW,0,,1995-09-15,False,,,1000,3292,False,,,بندرترکمن,False,LOW,0,0,244763,TRAIN,False,LOW,0,0,True,LOW,0,,False,LOW,0,0,3,1,0,False,LOW,0,0,True,,LOW,0,,,True,,LOW,0,,,True,LOW,0,,False,LOW,0,0,False,LOW,0,0,True,,LOW,0,,,True,,LOW,0,,,False,LOW,2,9.5,False,MEDIUM,5,5,False,MEDIUM,5,5,False,0.0,MEDIUM,5,0.19506187435958067,0.19506187435958067,False,0.0,MEDIUM,5,0.06508630882005202,0.06508630882005202,False,MEDIUM,5,0,3147,True,,LOW,0,,,True,,LOW,0,,,False,LOW,0,0,True,LOW,0,,False,LOW,0,0
True,LOW,0,,True,LOW,0,,True,LOW,0,,True,LOW,0,,True,LOW,0,,True,LOW,0,,True,LOW,0,,False,,,تروبرد,False,LOW,0,0,True,,LOW,0,,,True,,LOW,0,,,True,LOW,0,,True,LOW,0,,True,LOW,0,,False,LOW,0,0,False,LOW,0,0,True,,LOW,0,,,True,,LOW,0,,,False,LOW,0,0,True,LOW,0,,True,,LOW,0,,,True,,LOW,0,,,True,LOW,0,,True,LOW,0,,False,LOW,0,0,False,,,13,MEDIUM,MISSING_STRUCTURED,OK,HIGH,OK,INVALID_FINISH,OK,False,True,LOW,0,,3147,True,LOW,0,,False,LOW,0,0,True,,LOW,0,,,True,,LOW,0,,,False,,,تروبرد,True,LOW,0,,1995-09-15,False,,,1000,3292,False,,,بندرترکمن,False,LOW,0,0,244764,TRAIN,False,LOW,0,0,True,LOW,0,,False,LOW,0,0,,,,False,LOW,0,0,True,,LOW,0,,,True,,LOW,0,,,True,LOW,0,,False,LOW,0,0,False,LOW,0,0,True,,LOW,0,,,True,,LOW,0,,,False,MEDIUM-LOW,3,6.666666666666667,False,MEDIUM,8,8,False,MEDIUM,8,8,False,0.25,MEDIUM,8,0.30389374950736975,0.30389374950736975,False,0.0,MEDIUM,8,0.05006639140004002,0.05006639140004002,False,MEDIUM,8,0,3152,True,,LOW,0,,,True,,LOW,0,,,False,LOW,0,0,True,LOW,0,,False,LOW,0,0
True,LOW,0,,True,LOW,0,,True,LOW,0,,True,LOW,0,,True,LOW,0,,True,LOW,0,,True,LOW,0,,False,,,تروبرد,False,LOW,0,0,True,,LOW,0,,,True,,LOW,0,,,True,LOW,0,,True,LOW,0,,True,LOW,0,,False,LOW,0,0,False,LOW,0,0,True,,LOW,0,,,True,,LOW,0,,,False,LOW,0,0,True,LOW,0,,True,,LOW,0,,,True,,LOW,0,,,True,LOW,0,,True,LOW,0,,False,LOW,0,0,False,,,13,MEDIUM,MISSING_STRUCTURED,OK,HIGH,OK,INVALID_FINISH,OK,False,True,LOW,0,,3296,True,LOW,0,,False,LOW,0,0,True,,LOW,0,,,True,,LOW,0,,,False,,,تروبرد,True,LOW,0,,1995-09-15,False,,,1000,3292,False,,,بندرترکمن,False,LOW,0,0,244765,TRAIN,False,LOW,0,0,True,LOW,0,,False,LOW,0,0,,,,False,LOW,0,0,True,,LOW,0,,,True,,LOW,0,,,True,LOW,0,,False,LOW,0,0,False,LOW,0,0,True,,LOW,0,,,True,,LOW,0,,,False,MEDIUM-LOW,4,6.75,False,HIGH,14,14,False,HIGH,14,14,False,0.14285714285714285,HIGH,14,0.20792730229451614,0.20792730229451614,False,0.0,HIGH,14,0.034255952010553696,0.034255952010553696,False,HIGH,14,0,3301,True,,LOW,0,,,True,,LOW,0,,,False,LOW,0,0,True,LOW,0,,False,LOW,0,0
True,LOW,0,,True,LOW,0,,True,LOW,0,,True,LOW,0,,True,LOW,0,,True,LOW,0,,True,LOW,0,,False,,,تروبرد,False,LOW,0,0,True,,LOW,0,,,True,,LOW,0,,,True,LOW,0,,True,LOW,0,,True,LOW,0,,False,LOW,0,0,False,LOW,0,0,True,,LOW,0,,,True,,LOW,0,,,False,LOW,0,0,True,LOW,0,,True,,LOW,0,,,True,,LOW,0,,,True,LOW,0,,True,LOW,0,,False,LOW,0,0,False,,,13,MEDIUM,MISSING_STRUCTURED,OK,HIGH,OK,OK,OK,False,True,LOW,0,,3305,True,LOW,0,,False,LOW,0,0,True,,LOW,0,,,True,,LOW,0,,,False,,,تروبرد,True,LOW,0,,1995-09-15,False,,,1000,3292,False,,,بندرترکمن,False,LOW,0,0,244766,TRAIN,False,LOW,0,0,True,LOW,0,,False,LOW,0,0,2,1,0,False,LOW,0,0,True,,LOW,0,,,True,,LOW,0,,,True,LOW,0,,False,LOW,0,0,False,LOW,0,0,True,,LOW,0,,,True,,LOW,0,,,False,MEDIUM-LOW,4,3.75,False,HIGH,11,11,False,HIGH,11,11,False,0.18181818181818182,HIGH,11,0.24691367147473792,0.24691367147473792,False,0.09090909090909091,HIGH,11,0.10317894301253251,0.10317894301253251,False,HIGH,11,1,3310,True,,LOW,0,,,True,,LOW,0,,,False,LOW,0,0,True,LOW,0,,False,LOW,0,0
True,LOW,0,,True,LOW,0,,True,LOW,0,,True,LOW,0,,True,LOW,0,,True,LOW,0,,True,LOW,0,,False,,,تروبرد,False,LOW,0,0,True,,LOW,0,,,True,,LOW,0,,,True,LOW,0,,True,LOW,0,,True,LOW,0,,False,LOW,0,0,False,LOW,0,0,True,,LOW,0,,,True,,LOW,0,,,False,LOW,0,0,True,LOW,0,,True,,LOW,0,,,True,,LOW,0,,,True,LOW,0,,True,LOW,0,,False,LOW,0,0,False,,,13,MEDIUM,MISSING_STRUCTURED,OK,HIGH,OK,INVALID_FINISH,OK,False,True,LOW,0,,3290,True,LOW,0,,False,LOW,0,0,True,,LOW,0,,,True,,LOW,0,,,False,,,تروبرد,True,LOW,0,,1995-09-15,False,,,1000,3292,False,,,بندرترکمن,False,LOW,0,0,244767,TRAIN,False,LOW,0,0,True,LOW,0,,False,LOW,0,0,,,,False,LOW,0,0,True,,LOW,0,,,True,,LOW,0,,,True,LOW,0,,False,LOW,0,0,False,LOW,0,0,True,,LOW,0,,,True,,LOW,0,,,False,LOW,1,2.0,False,LOW,2,2,False,LOW,2,2,False,0.5,LOW,2,0.4215169633708295,0.4215169633708295,False,0.0,LOW,2,0.09298044117150288,0.09298044117150288,False,LOW,2,0,3295,True,,LOW,0,,,True,,LOW,0,,,False,LOW,0,0,True,LOW,0,,False,LOW,0,0
True,LOW,0,,True,LOW,0,,True,LOW,0,,True,LOW,0,,True,LOW,0,,True,LOW,0,,True,LOW,0,,False,,,تروبرد,False,LOW,0,0,True,,LOW,0,,,True,,LOW,0,,,True,LOW,0,,True,LOW,0,,True,LOW,0,,False,LOW,0,0,False,LOW,0,0,True,,LOW,0,,,True,,LOW,0,,,False,LOW,0,0,True,LOW,0,,True,,LOW,0,,,True,,LOW,0,,,True,LOW,0,,True,LOW,0,,False,LOW,0,0,False,,,13,MEDIUM,MISSING_STRUCTURED,OK,HIGH,OK,INVALID_FINISH,OK,False,True,LOW,0,,9280,True,LOW,0,,False,LOW,1,1,True,,LOW,1,,,True,,LOW,1,,,False,,,تروبرد,True,LOW,0,,1995-09-15,False,,,1000,3292,False,,,بندرترکمن,False,LOW,0,0,244768,TRAIN,False,LOW,0,0,True,LOW,0,,False,LOW,0,0,,,,False,LOW,0,0,True,,LOW,0,,,True,,LOW,0,,,True,LOW,0,,False,LOW,0,0,False,LOW,0,0,True,,LOW,0,,,True,,LOW,0,,,False,MEDIUM-LOW,3,7.333333333333333,False,MEDIUM,6,6,False,MEDIUM,6,6,False,0.16666666666666666,MEDIUM,6,0.26823806759961877,0.26823806759961877,False,0.0,MEDIUM,6,0.059169371654592746,0.059169371654592746,False,MEDIUM,6,0,9294,True,,LOW,0,,,True,,LOW,0,,,False,LOW,0,0,True,LOW,0,,False,LOW,0,0
True,LOW,0,,True,LOW,0,,True,LOW,0,,True,LOW,0,,True,LOW,0,,True,LOW,0,,True,LOW,0,,False,,,تروبرد,False,LOW,0,0,True,,LOW,0,,,True,,LOW,0,,,True,LOW,0,,True,LOW,0,,True,LOW,0,,False,LOW,0,0,False,LOW,0,0,True,,LOW,0,,,True,,LOW,0,,,False,LOW,0,0,True,LOW,0,,True,,LOW,0,,,True,,LOW,0,,,True,LOW,0,,True,LOW,0,,False,LOW,0,0,False,,,13,MEDIUM,MISSING_STRUCTURED,OK,HIGH,OK,INVALID_FINISH,OK,False,True,LOW,0,,3136,True,LOW,0,,False,LOW,1,1,True,,LOW,1,,,True,,LOW,1,,,False,,,تروبرد,True,LOW,0,,1995-09-15,False,,,1000,3292,False,,,بندرترکمن,False,LOW,0,0,244769,TRAIN,False,LOW,0,0,True,LOW,0,,False,LOW,0,0,,,,False,LOW,0,0,True,,LOW,0,,,True,,LOW,0,,,True,LOW,0,,False,LOW,0,0,False,LOW,0,0,True,,LOW,0,,,True,,LOW,0,,,False,MEDIUM-LOW,4,6.5,False,MEDIUM,5,5,False,MEDIUM,5,5,False,0.2,MEDIUM,5,0.29506187435958064,0.29506187435958064,False,0.2,MEDIUM,5,0.165086308820052,0.165086308820052,False,MEDIUM,5,1,3141,True,,LOW,0,,,True,,LOW,0,,,False,LOW,0,0,True,LOW,0,,False,LOW,0,0
True,LOW,0,,True,LOW,0,,True,LOW,0,,True,LOW,0,,True,LOW,0,,True,LOW,0,,True,LOW,0,,False,,,تروبرد,False,LOW,0,0,True,,LOW,0,,,True,,LOW,0,,,True,LOW,0,,True,LOW,0,,True,LOW,0,,False,LOW,0,0,False,LOW,0,0,True,,LOW,0,,,True,,LOW,0,,,False,LOW,0,0,True,LOW,0,,True,,LOW,0,,,True,,LOW,0,,,True,LOW,0,,True,LOW,0,,False,LOW,0,0,False,,,13,MEDIUM,MISSING_STRUCTURED,OK,HIGH,OK,OK,OK,False,True,LOW,0,,3273,True,LOW,0,,False,LOW,0,0,True,,LOW,0,,,True,,LOW,0,,,False,,,تروبرد,True,LOW,0,,1995-09-15,False,,,1000,3292,False,,,بندرترکمن,False,LOW,0,0,244770,TRAIN,False,LOW,0,0,True,LOW,0,,False,LOW,0,0,4,0,0,False,LOW,0,0,True,,LOW,0,,,True,,LOW,0,,,True,LOW,0,,False,LOW,0,0,False,LOW,0,0,True,,LOW,0,,,True,,LOW,0,,,False,LOW,2,5.0,False,HIGH,11,11,False,HIGH,11,11,False,0.18181818181818182,HIGH,11,0.24691367147473792,0.24691367147473792,False,0.09090909090909091,HIGH,11,0.10317894301253251,0.10317894301253251,False,HIGH,11,1,3278,True,,LOW,0,,,True,,LOW,0,,,False,LOW,0,0,True,LOW,0,,False,LOW,0,0
True,LOW,0,,True,LOW,0,,True,LOW,0,,True,LOW,0,,True,LOW,0,,True,LOW,0,,True,LOW,0,,False,,,تروبرد,False,LOW,0,0,True,,LOW,0,,,True,,LOW,0,,,True,LOW,0,,True,LOW,0,,True,LOW,0,,False,LOW,0,0,False,LOW,0,0,True,,LOW,0,,,True,,LOW,0,,,False,LOW,0,0,True,LOW,0,,True,,LOW,0,,,True,,LOW,0,,,True,LOW,0,,True,LOW,0,,False,LOW,0,0,False,,,13,MEDIUM,MISSING_STRUCTURED,OK,HIGH,OK,INVALID_FINISH,OK,False,True,LOW,0,,3278,True,LOW,0,,False,LOW,0,0,True,,LOW,0,,,True,,LOW,0,,,False,,,تروبرد,True,LOW,0,,1995-09-15,False,,,1000,3292,False,,,بندرترکمن,False,LOW,0,0,244771,TRAIN,False,LOW,0,0,True,LOW,0,,False,LOW,0,0,,,,False,LOW,0,0,True,,LOW,0,,,True,,LOW,0,,,True,LOW,0,,False,LOW,0,0,False,LOW,0,0,True,,LOW,0,,,True,,LOW,0,,,False,LOW,2,9.5,False,MEDIUM,5,5,False,MEDIUM,5,5,False,0.0,MEDIUM,5,0.19506187435958067,0.19506187435958067,False,0.0,MEDIUM,5,0.06508630882005202,0.06508630882005202,False,MEDIUM,5,0,3283,True,,LOW,0,,,True,,LOW,0,,,False,LOW,0,0,True,LOW,0,,False,LOW,0,0
True,LOW,0,,True,LOW,0,,True,LOW,0,,True,LOW,0,,True,LOW,0,,True,LOW,0,,True,LOW,0,,False,,,تروبرد,False,LOW,0,0,True,,LOW,0,,,True,,LOW,0,,,True,LOW,0,,True,LOW,0,,True,LOW,0,,False,LOW,0,0,False,LOW,0,0,True,,LOW,0,,,True,,LOW,0,,,False,LOW,0,0,True,LOW,0,,True,,LOW,0,,,True,,LOW,0,,,True,LOW,0,,True,LOW,0,,False,LOW,0,0,False,,,13,MEDIUM,MISSING_STRUCTURED,OK,HIGH,OK,INVALID_FINISH,OK,False,True,LOW,0,,3168,True,LOW,0,,False,LOW,0,0,True,,LOW,0,,,True,,LOW,0,,,False,,,تروبرد,True,LOW,0,,1995-09-15,False,,,1000,3293,False,,,بندرترکمن,False,LOW,0,0,244772,TRAIN,False,LOW,0,0,True,LOW,0,,False,LOW,0,0,,,,False,LOW,0,0,True,,LOW,0,,,True,,LOW,0,,,True,LOW,0,,False,LOW,0,0,False,LOW,0,0,True,,LOW,0,,,True,,LOW,0,,,False,LOW,2,9.5,False,MEDIUM,6,6,False,MEDIUM,6,6,False,0.0,MEDIUM,6,0.17732897669052788,0.17732897669052788,False,0.0,MEDIUM,6,0.059169371654592746,0.059169371654592746,False,MEDIUM,6,0,3173,True,,LOW,0,,,True,,LOW,0,,,False,LOW,0,0,True,LOW,0,,False,LOW,0,0
True,LOW,0,,True,LOW,0,,True,LOW,0,,True,LOW,0,,True,LOW,0,,True,LOW,0,,True,LOW,0,,False,,,تروبرد,False,LOW,0,0,True,,LOW,0,,,True,,LOW,0,,,True,LOW,0,,True,LOW,0,,True,LOW,0,,False,LOW,0,0,False,LOW,0,0,True,,LOW,0,,,True,,LOW,0,,,False,LOW,0,0,True,LOW,0,,True,,LOW,0,,,True,,LOW,0,,,True,LOW,0,,True,LOW,0,,False,LOW,0,0,False,,,13,MEDIUM,MISSING_STRUCTURED,OK,HIGH,OK,OK,OK,False,True,LOW,0,,3314,True,LOW,0,,False,LOW,1,1,True,,LOW,1,,,True,,LOW,1,,,False,,,تروبرد,True,LOW,0,,1995-09-15,False,,,1000,3293,False,,,بندرترکمن,False,LOW,0,0,244773,TRAIN,False,LOW,0,0,True,LOW,0,,False,LOW,0,0,1,1,1,False,LOW,0,0,True,,LOW,0,,,True,,LOW,0,,,True,LOW,0,,False,LOW,0,0,False,LOW,0,0,True,,LOW,0,,,True,,LOW,0,,,True,LOW,0,,False,LOW,1,1,False,LOW,1,1,False,0.0,LOW,1,0.32510312393263446,0.32510312393263446,False,0.0,LOW,1,0.10847718136675337,0.10847718136675337,False,LOW,1,0,3319,True,,LOW,0,,,True,,LOW,0,,,False,LOW,0,0,True,LOW,0,,False,LOW,0,0
True,LOW,0,,True,LOW,0,,True,LOW,0,,True,LOW,0,,True,LOW,0,,True,LOW,0,,True,LOW,0,,False,,,تروبرد,False,LOW,0,0,True,,LOW,0,,,True,,LOW,0,,,True,LOW,0,,True,LOW,0,,True,LOW,0,,False,LOW,0,0,False,LOW,0,0,True,,LOW,0,,,True,,LOW,0,,,False,LOW,0,0,True,LOW,0,,True,,LOW,0,,,True,,LOW,0,,,True,LOW,0,,True,LOW,0,,False,LOW,0,0,False,,,13,MEDIUM,MISSING_STRUCTURED,OK,HIGH,OK,INVALID_FINISH,OK,False,True,LOW,0,,9281,True,LOW,0,,False,LOW,0,0,True,,LOW,0,,,True,,LOW,0,,,False,,,تروبرد,True,LOW,0,,1995-09-15,False,,,1000,3293,False,,,بندرترکمن,False,LOW,0,0,244774,TRAIN,False,LOW,0,0,True,LOW,0,,False,LOW,0,0,,,,False,LOW,0,0,True,,LOW,0,,,True,,LOW,0,,,True,LOW,0,,False,LOW,0,0,False,LOW,0,0,True,,LOW,0,,,True,,LOW,0,,,False,MEDIUM-LOW,3,4.666666666666667,False,HIGH,12,12,False,HIGH,12,12,False,0.16666666666666666,HIGH,12,0.23238933785857685,0.23238933785857685,False,0.08333333333333333,HIGH,12,0.09710959342356001,0.09710959342356001,False,HIGH,12,1,9295,True,,LOW,0,,,True,,LOW,0,,,False,LOW,0,0,True,LOW,0,,False,LOW,0,0
True,LOW,0,,True,LOW,0,,True,LOW,0,,True,LOW,0,,True,LOW,0,,True,LOW,0,,True,LOW,0,,False,,,تروبرد,False,LOW,0,0,True,,LOW,0,,,True,,LOW,0,,,True,LOW,0,,True,LOW,0,,True,LOW,0,,False,LOW,0,0,False,LOW,0,0,True,,LOW,0,,,True,,LOW,0,,,False,LOW,0,0,True,LOW,0,,True,,LOW,0,,,True,,LOW,0,,,True,LOW,0,,True,LOW,0,,False,LOW,0,0,False,,,13,MEDIUM,MISSING_STRUCTURED,OK,HIGH,OK,INVALID_FINISH,OK,False,True,LOW,0,,3284,True,LOW,0,,False,LOW,0,0,True,,LOW,0,,,True,,LOW,0,,,False,,,تروبرد,True,LOW,0,,1995-09-15,False,,,1000,3293,False,,,بندرترکمن,False,LOW,0,0,244775,TRAIN,False,LOW,0,0,True,LOW,0,,False,LOW,0,0,,,,False,LOW,0,0,True,,LOW,0,,,True,,LOW,0,,,True,LOW,0,,False,LOW,0,0,False,LOW,0,0,True,,LOW,0,,,True,,LOW,0,,,False,MEDIUM-LOW,3,7.0,False,HIGH,15,15,False,HIGH,15,15,False,0.13333333333333333,HIGH,15,0.19753093717979034,0.19753093717979034,False,0.0,HIGH,15,0.03254315441002601,0.03254315441002601,False,HIGH,15,0,3289,True,,LOW,0,,,True,,LOW,0,,,False,LOW,0,0,True,LOW,0,,False,LOW,0,0
True,LOW,0,,True,LOW,0,,True,LOW,0,,True,LOW,0,,True,LOW,0,,True,LOW,0,,True,LOW,0,,False,,,تروبرد,False,LOW,0,0,True,,LOW,0,,,True,,LOW,0,,,True,LOW,0,,True,LOW,0,,True,LOW,0,,False,LOW,0,0,False,LOW,0,0,True,,LOW,0,,,True,,LOW,0,,,False,LOW,0,0,True,LOW,0,,True,,LOW,0,,,True,,LOW,0,,,True,LOW,0,,True,LOW,0,,False,LOW,0,0,False,,,13,MEDIUM,MISSING_STRUCTURED,OK,HIGH,OK,OK,OK,False,True,LOW,0,,3134,True,LOW,0,,False,LOW,0,0,True,,LOW,0,,,True,,LOW,0,,,False,,,تروبرد,True,LOW,0,,1995-09-15,False,,,1000,3293,False,,,بندرترکمن,False,LOW,0,0,244776,TRAIN,False,LOW,0,0,True,LOW,0,,False,LOW,0,0,4,0,0,False,LOW,0,0,True,,LOW,0,,,True,,LOW,0,,,True,LOW,0,,False,LOW,0,0,False,LOW,0,0,True,,LOW,0,,,True,,LOW,0,,,True,LOW,0,,False,MEDIUM-LOW,3,3,False,MEDIUM-LOW,3,3,False,0.0,MEDIUM-LOW,3,0.24382734294947583,0.24382734294947583,False,0.0,MEDIUM-LOW,3,0.08135788602506502,0.08135788602506502,False,MEDIUM-LOW,3,0,3139,True,,LOW,0,,,True,,LOW,0,,,False,LOW,0,0,True,LOW,0,,False,LOW,0,0
True,LOW,0,,True,LOW,0,,True,LOW,0,,True,LOW,0,,True,LOW,0,,True,LOW,0,,True,LOW,0,,False,,,تروبرد,False,LOW,0,0,True,,LOW,0,,,True,,LOW,0,,,True,LOW,0,,True,LOW,0,,True,LOW,0,,False,LOW,0,0,False,LOW,0,0,True,,LOW,0,,,True,,LOW,0,,,False,LOW,0,0,True,LOW,0,,True,,LOW,0,,,True,,LOW,0,,,True,LOW,0,,True,LOW,0,,False,LOW,0,0,False,,,13,MEDIUM,MISSING_STRUCTURED,OK,HIGH,OK,OK,MISSING,False,True,LOW,0,,3184,True,LOW,0,,False,LOW,0,0,True,,LOW,0,,,True,,LOW,0,,,False,,,تروبرد,True,LOW,0,,1995-09-15,False,,,1000,3293,False,,,بندرترکمن,False,LOW,0,0,244777,TRAIN,False,LOW,0,0,True,LOW,0,,False,LOW,0,0,2,1,0,False,LOW,0,0,True,,LOW,0,,,True,,LOW,0,,,True,LOW,0,,False,LOW,0,0,False,LOW,0,0,True,,LOW,0,,,True,,LOW,0,,,True,LOW,0,,True,LOW,0,,True,LOW,0,,True,,LOW,0,,,True,,LOW,0,,,True,LOW,0,,3189,True,,LOW,0,,,True,,LOW,0,,,False,LOW,0,0,True,LOW,0,,False,LOW,0,0
True,LOW,0,,True,LOW,0,,True,LOW,0,,True,LOW,0,,True,LOW,0,,True,LOW,0,,True,LOW,0,,False,,,تروبرد,False,LOW,0,0,True,,LOW,0,,,True,,LOW,0,,,True,LOW,0,,True,LOW,0,,True,LOW,0,,False,LOW,0,0,False,LOW,0,0,True,,LOW,0,,,True,,LOW,0,,,False,LOW,0,0,True,LOW,0,,True,,LOW,0,,,True,,LOW,0,,,True,LOW,0,,True,LOW,0,,False,LOW,0,0,False,,,13,MEDIUM,MISSING_STRUCTURED,OK,HIGH,OK,INVALID_FINISH,OK,False,True,LOW,0,,3301,True,LOW,0,,False,LOW,0,0,True,,LOW,0,,,True,,LOW,0,,,False,,,تروبرد,True,LOW,0,,1995-09-15,False,,,1000,3293,False,,,بندرترکمن,False,LOW,0,0,244778,TRAIN,False,LOW,0,0,True,LOW,0,,False,LOW,0,0,,,,False,LOW,0,0,True,,LOW,0,,,True,,LOW,0,,,True,LOW,0,,False,LOW,0,0,False,LOW,0,0,True,,LOW,0,,,True,,LOW,0,,,False,MEDIUM-LOW,3,7.333333333333333,False,MEDIUM,7,7,False,MEDIUM,7,7,False,0.14285714285714285,MEDIUM,7,0.24588489529965055,0.24588489529965055,False,0.0,MEDIUM,7,0.054238590683376685,0.054238590683376685,False,MEDIUM,7,0,3306,True,,LOW,0,,,True,,LOW,0,,,False,LOW,0,0,True,LOW,0,,False,LOW,0,0
True,LOW,0,,True,LOW,0,,True,LOW,0,,True,LOW,0,,True,LOW,0,,True,LOW,0,,True,LOW,0,,False,,,تروبرد,False,LOW,0,0,True,,LOW,0,,,True,,LOW,0,,,True,LOW,0,,True,LOW,0,,True,LOW,0,,False,LOW,0,0,False,LOW,0,0,True,,LOW,0,,,True,,LOW,0,,,False,LOW,0,0,True,LOW,0,,True,,LOW,0,,,True,,LOW,0,,,True,LOW,0,,True,LOW,0,,False,LOW,0,0,False,,,13,MEDIUM,MISSING_STRUCTURED,OK,HIGH,OK,INVALID_FINISH,OK,False,True,LOW,0,,3264,True,LOW,0,,False,LOW,0,0,True,,LOW,0,,,True,,LOW,0,,,False,,,تروبرد,True,LOW,0,,1995-09-15,False,,,1000,3293,False,,,بندرترکمن,False,LOW,0,0,244779,TRAIN,False,LOW,0,0,True,LOW,0,,False,LOW,0,0,,,,False,LOW,0,0,True,,LOW,0,,,True,,LOW,0,,,True,LOW,0,,False,LOW,0,0,False,LOW,0,0,True,,LOW,0,,,True,,LOW,0,,,False,MEDIUM-LOW,3,4.0,False,MEDIUM-LOW,4,4,False,MEDIUM-LOW,4,4,False,0.25,MEDIUM-LOW,4,0.32784652706620077,0.32784652706620077,False,0.25,MEDIUM-LOW,4,0.18342923202228,0.18342923202228,False,MEDIUM-LOW,4,1,3269,True,,LOW,0,,,True,,LOW,0,,,False,LOW,0,0,True,LOW,0,,False,LOW,0,0
True,LOW,0,,True,LOW,0,,True,LOW,0,,True,LOW,0,,True,LOW,0,,True,LOW,0,,True,LOW,0,,False,,,تروبرد,False,LOW,0,0,True,,LOW,0,,,True,,LOW,0,,,True,LOW,0,,True,LOW,0,,True,LOW,0,,False,LOW,0,0,False,LOW,0,0,True,,LOW,0,,,True,,LOW,0,,,False,LOW,0,0,True,LOW,0,,True,,LOW,0,,,True,,LOW,0,,,True,LOW,0,,True,LOW,0,,False,LOW,0,0,False,,,13,MEDIUM,MISSING_STRUCTURED,OK,HIGH,OK,OK,OK,False,True,LOW,0,,3309,True,LOW,0,,False,LOW,0,0,True,,LOW,0,,,True,,LOW,0,,,False,,,تروبرد,True,LOW,0,,1995-09-15,False,,,1000,3293,False,,,بندرترکمن,False,LOW,0,0,244780,TRAIN,False,LOW,0,0,True,LOW,0,,False,LOW,0,0,3,1,0,False,LOW,0,0,True,,LOW,0,,,True,,LOW,0,,,True,LOW,0,,False,LOW,0,0,False,LOW,0,0,True,,LOW,0,,,True,,LOW,0,,,False,MEDIUM-LOW,3,8.333333333333334,False,MEDIUM,6,6,False,MEDIUM,6,6,False,0.16666666666666666,MEDIUM,6,0.26823806759961877,0.26823806759961877,False,0.16666666666666666,MEDIUM,6,0.15007846256368365,0.15007846256368365,False,MEDIUM,6,1,3314,True,,LOW,0,,,True,,LOW,0,,,False,LOW,0,0,True,LOW,0,,False,LOW,0,0
True,LOW,0,,True,LOW,0,,True,LOW,0,,True,LOW,0,,True,LOW,0,,True,LOW,0,,True,LOW,0,,False,,,تروبرد,False,LOW,0,0,True,,LOW,0,,,True,,LOW,0,,,True,LOW,0,,True,LOW,0,,True,LOW,0,,False,LOW,0,0,False,LOW,0,0,True,,LOW,0,,,True,,LOW,0,,,False,LOW,0,0,True,LOW,0,,True,,LOW,0,,,True,,LOW,0,,,True,LOW,0,,True,LOW,0,,False,LOW,0,0,False,,,13,MEDIUM,MISSING_STRUCTURED,OK,HIGH,OK,INVALID_FINISH,OK,False,True,LOW,0,,3315,True,LOW,0,,False,LOW,1,1,True,,LOW,1,,,True,,LOW,1,,,False,,,تروبرد,True,LOW,0,,1995-09-15,False,,,1000,3293,False,,,بندرترکمن,False,LOW,0,0,244781,TRAIN,False,LOW,0,0,True,LOW,0,,False,LOW,0,0,,,,False,LOW,0,0,True,,LOW,0,,,True,,LOW,0,,,True,LOW,0,,False,LOW,0,0,False,LOW,0,0,True,,LOW,0,,,True,,LOW,0,,,False,MEDIUM-LOW,4,4.5,False,MEDIUM,9,9,False,MEDIUM,9,9,False,0.1111111111111111,MEDIUM,9,0.21075848168541475,0.21075848168541475,False,0.0,MEDIUM,9,0.04649022058575144,0.04649022058575144,False,MEDIUM,9,0,3320,True,,LOW,0,,,True,,LOW,0,,,False,LOW,0,0,True,LOW,0,,False,LOW,0,0
True,LOW,0,,True,LOW,0,,True,LOW,0,,True,LOW,0,,True,LOW,0,,True,LOW,0,,True,LOW,0,,False,,,تروبرد,False,LOW,0,0,True,,LOW,0,,,True,,LOW,0,,,True,LOW,0,,True,LOW,0,,True,LOW,0,,False,LOW,0,0,False,LOW,0,0,True,,LOW,0,,,True,,LOW,0,,,False,LOW,0,0,True,LOW,0,,True,,LOW,0,,,True,,LOW,0,,,True,LOW,0,,True,LOW,0,,False,LOW,0,0,False,,,13,MEDIUM,MISSING_STRUCTURED,OK,HIGH,OK,INVALID_FINISH,OK,False,True,LOW,0,,3316,True,LOW,0,,False,LOW,0,0,True,,LOW,0,,,True,,LOW,0,,,False,,,تروبرد,True,LOW,0,,1995-09-15,False,,,1000,3293,False,,,بندرترکمن,False,LOW,0,0,244782,TRAIN,False,LOW,0,0,True,LOW,0,,False,LOW,0,0,,,,False,LOW,0,0,True,,LOW,0,,,True,,LOW,0,,,True,LOW,0,,False,LOW,0,0,False,LOW,0,0,True,,LOW,0,,,True,,LOW,0,,,False,LOW,2,6.5,False,HIGH,16,16,False,HIGH,16,16,False,0.125,HIGH,16,0.1881247020759908,0.1881247020759908,False,0.0,HIGH,16,0.030993480390500962,0.030993480390500962,False,HIGH,16,0,3321,True,,LOW,0,,,True,,LOW,0,,,False,LOW,0,0,True,LOW,0,,False,LOW,0,0
True,LOW,0,,True,LOW,0,,True,LOW,0,,True,LOW,0,,True,LOW,0,,True,LOW,0,,True,LOW,0,,False,,,تروبرد,False,LOW,0,0,True,,LOW,0,,,True,,LOW,0,,,True,LOW,0,,True,LOW,0,,True,LOW,0,,False,LOW,0,0,False,LOW,0,0,True,,LOW,0,,,True,,LOW,0,,,False,LOW,0,0,True,LOW,0,,True,,LOW,0,,,True,,LOW,0,,,True,LOW,0,,True,LOW,0,,False,LOW,0,0,False,,,13,MEDIUM,MISSING_STRUCTURED,OK,HIGH,OK,INVALID_FINISH,OK,False,True,LOW,0,,3131,True,LOW,0,,False,LOW,0,0,True,,LOW,0,,,True,,LOW,0,,,False,,,تروبرد,True,LOW,0,,1995-09-15,False,,,1000,3293,False,,,بندرترکمن,False,LOW,0,0,244783,TRAIN,False,LOW,0,0,True,LOW,0,,False,LOW,0,0,,,,False,LOW,0,0,True,,LOW,0,,,True,,LOW,0,,,True,LOW,0,,False,LOW,0,0,False,LOW,0,0,True,,LOW,0,,,True,,LOW,0,,,False,LOW,1,2.0,False,MEDIUM-LOW,3,3,False,MEDIUM-LOW,3,3,False,0.3333333333333333,MEDIUM-LOW,3,0.36882734294947583,0.36882734294947583,False,0.0,MEDIUM-LOW,3,0.08135788602506502,0.08135788602506502,False,MEDIUM-LOW,3,0,3136,True,,LOW,0,,,True,,LOW,0,,,False,LOW,0,0,True,LOW,0,,False,LOW,0,0
True,LOW,0,,True,LOW,0,,True,LOW,0,,True,LOW,0,,True,LOW,0,,True,LOW,0,,True,LOW,0,,False,,,تروبرد,False,LOW,0,0,True,,LOW,0,,,True,,LOW,0,,,True,LOW,0,,True,LOW,0,,True,LOW,0,,False,LOW,0,0,False,LOW,0,0,True,,LOW,0,,,True,,LOW,0,,,False,LOW,0,0,True,LOW,0,,True,,LOW,0,,,True,,LOW,0,,,True,LOW,0,,True,LOW,0,,False,LOW,0,0,False,,,13,MEDIUM,MISSING_STRUCTURED,OK,HIGH,OK,INVALID_FINISH,MISSING,False,True,LOW,0,,9282,True,LOW,0,,False,LOW,0,0,True,,LOW,0,,,True,,LOW,0,,,False,,,تروبرد,True,LOW,0,,1995-09-15,False,,,1000,3293,False,,,بندرترکمن,False,LOW,0,0,244784,TRAIN,False,LOW,0,0,True,LOW,0,,False,LOW,0,0,,,,False,LOW,0,0,True,,LOW,0,,,True,,LOW,0,,,True,LOW,0,,False,LOW,0,0,False,LOW,0,0,True,,LOW,0,,,True,,LOW,0,,,True,LOW,0,,True,LOW,0,,True,LOW,0,,True,,LOW,0,,,True,,LOW,0,,,True,LOW,0,,9296,True,,LOW,0,,,True,,LOW,0,,,False,LOW,0,0,True,LOW,0,,False,LOW,0,0
True,LOW,0,,True,LOW,0,,True,LOW,0,,False,LOW,1,8.0,False,LOW,1,8.0,True,LOW,0,,True,LOW,0,,False,,,تروبرد,False,LOW,2,2,False,0.0,LOW,2,0.27865982051368665,0.27865982051368665,False,0.0,LOW,2,0.09298044117150288,0.09298044117150288,False,LOW,1,8.0,False,LOW,1,8,False,LOW,1,8.0,False,LOW,2,0,False,LOW,2,2,False,0.0,LOW,2,0.27865982051368665,0.27865982051368665,False,0.0,LOW,2,0.09298044117150288,0.09298044117150288,False,LOW,2,0,True,LOW,0,,True,,LOW,0,,,True,,LOW,0,,,False,LOW,1,140,False,LOW,2,225.0,False,LOW,0,0,False,,,9,LOW,MISSING_STRUCTURED,OK,HIGH,OK,OK,OK,False,True,LOW,0,,3508,False,LOW,1,8,False,LOW,0,0,True,,LOW,0,,,True,,LOW,0,,,False,,,تروبرد,True,LOW,0,,1995-09-15,False,,,1400,3295,False,,,تهران,False,LOW,2,2,244799,TRAIN,False,LOW,0,0,True,LOW,0,,False,LOW,0,0,4,0,0,False,LOW,0,0,False,0.0,LOW,2,0.27865982051368665,0.27865982051368665,True,,LOW,0,,,True,LOW,0,,False,LOW,0,0,False,LOW,0,0,True,,LOW,0,,,True,,LOW,0,,,True,LOW,0,,False,LOW,0,0,False,LOW,0,0,True,,LOW,0,,,True,,LOW,0,,,False,LOW,0,0,3513,False,0.0,LOW,2,0.09298044117150288,0.09298044117150288,True,,LOW,0,,,False,LOW,0,0,True,LOW,0,,False,LOW,0,0
True,LOW,0,,True,LOW,0,,True,LOW,0,,False,LOW,1,4.0,False,LOW,1,4.0,True,LOW,0,,True,LOW,0,,False,,,تروبرد,False,LOW,1,1,False,0.0,LOW,1,0.32510312393263446,0.32510312393263446,False,0.0,LOW,1,0.10847718136675337,0.10847718136675337,False,LOW,1,4.0,False,LOW,1,4,False,LOW,1,4.0,False,LOW,1,0,False,LOW,1,1,False,0.0,LOW,1,0.32510312393263446,0.32510312393263446,False,0.0,LOW,1,0.10847718136675337,0.10847718136675337,False,LOW,1,0,True,LOW,0,,True,,LOW,0,,,True,,LOW,0,,,False,LOW,1,140,False,LOW,1,250.0,False,LOW,0,0,False,,,9,MEDIUM,MISSING_STRUCTURED,OK,HIGH,OK,OK,OK,False,True,LOW,0,,3259,False,LOW,1,4,False,LOW,0,0,True,,LOW,0,,,True,,LOW,0,,,False,,,تروبرد,True,LOW,0,,1995-09-15,False,,,1400,3295,False,,,تهران,False,LOW,1,1,244800,TRAIN,False,LOW,0,0,True,LOW,0,,False,LOW,0,0,1,1,1,False,LOW,0,0,False,0.0,LOW,1,0.32510312393263446,0.32510312393263446,True,,LOW,0,,,True,LOW,0,,False,LOW,0,0,False,LOW,0,0,True,,LOW,0,,,True,,LOW,0,,,False,LOW,1,4.0,False,LOW,2,2,False,LOW,2,2,False,0.0,LOW,2,0.27865982051368665,0.27865982051368665,False,0.0,LOW,2,0.09298044117150288,0.09298044117150288,False,LOW,2,0,3264,False,0.0,LOW,1,0.10847718136675337,0.10847718136675337,True,,LOW,0,,,False,LOW,0,0,True,LOW,0,,False,LOW,0,0
True,LOW,0,,True,LOW,0,,True,LOW,0,,True,LOW,0,,True,LOW,0,,True,LOW,0,,True,LOW,0,,False,,,تروبرد,False,LOW,2,2,False,0.0,LOW,2,0.27865982051368665,0.27865982051368665,False,0.0,LOW,2,0.09298044117150288,0.09298044117150288,True,LOW,0,,True,LOW,0,,True,LOW,0,,False,LOW,2,0,False,LOW,2,2,False,0.0,LOW,2,0.27865982051368665,0.27865982051368665,False,0.0,LOW,2,0.09298044117150288,0.09298044117150288,False,LOW,2,0,True,LOW,0,,True,,LOW,0,,,True,,LOW,0,,,False,LOW,1,483,False,LOW,2,100.0,False,LOW,0,0,False,,,9,MEDIUM,MISSING_STRUCTURED,OK,HIGH,OK,INVALID_FINISH,OK,False,True,LOW,0,,3487,True,LOW,0,,False,LOW,0,0,True,,LOW,0,,,True,,LOW,0,,,False,,,تروبرد,True,LOW,0,,1995-09-15,False,,,1400,3295,False,,,تهران,False,LOW,2,2,244801,TRAIN,False,LOW,0,0,True,LOW,0,,False,LOW,0,0,,,,False,LOW,0,0,True,,LOW,0,,,True,,LOW,0,,,True,LOW,0,,False,LOW,0,0,False,LOW,0,0,True,,LOW,0,,,True,,LOW,0,,,True,LOW,0,,False,LOW,0,0,False,LOW,0,0,True,,LOW,0,,,True,,LOW,0,,,False,LOW,0,0,3492,True,,LOW,0,,,True,,LOW,0,,,False,LOW,0,0,True,LOW,0,,False,LOW,0,0
True,LOW,0,,True,LOW,0,,True,LOW,0,,True,LOW,0,,True,LOW,0,,True,LOW,0,,True,LOW,0,,False,,,تروبرد,False,LOW,1,1,False,0.0,LOW,1,0.32510312393263446,0.32510312393263446,False,0.0,LOW,1,0.10847718136675337,0.10847718136675337,True,LOW,0,,True,LOW,0,,True,LOW,0,,False,LOW,1,0,False,LOW,1,1,False,0.0,LOW,1,0.32510312393263446,0.32510312393263446,False,0.0,LOW,1,0.10847718136675337,0.10847718136675337,False,LOW,1,0,True,LOW,0,,True,,LOW,0,,,True,,LOW,0,,,False,LOW,1,483,False,LOW,1,400.0,False,LOW,0,0,False,,,9,MEDIUM,MISSING_STRUCTURED,OK,HIGH,OK,INVALID_FINISH,MISSING,False,True,LOW,0,,3461,True,LOW,0,,False,LOW,0,0,True,,LOW,0,,,True,,LOW,0,,,False,,,تروبرد,True,LOW,0,,1995-09-15,False,,,1400,3295,False,,,تهران,False,LOW,1,1,244802,TRAIN,False,LOW,0,0,True,LOW,0,,False,LOW,0,0,,,,False,LOW,0,0,True,,LOW,0,,,True,,LOW,0,,,True,LOW,0,,False,LOW,0,0,False,LOW,0,0,True,,LOW,0,,,True,,LOW,0,,,True,LOW,0,,True,LOW,0,,True,LOW,0,,True,,LOW,0,,,True,,LOW,0,,,True,LOW,0,,3466,True,,LOW,0,,,True,,LOW,0,,,False,LOW,0,0,True,LOW,0,,False,LOW,0,0
True,LOW,0,,True,LOW,0,,True,LOW,0,,True,LOW,0,,True,LOW,0,,True,LOW,0,,True,LOW,0,,False,,,تروبرد,False,LOW,1,1,False,0.0,LOW,1,0.32510312393263446,0.32510312393263446,False,0.0,LOW,1,0.10847718136675337,0.10847718136675337,True,LOW,0,,True,LOW,0,,True,LOW,0,,False,LOW,1,0,False,LOW,1,1,False,0.0,LOW,1,0.32510312393263446,0.32510312393263446,False,0.0,LOW,1,0.10847718136675337,0.10847718136675337,False,LOW,1,0,True,LOW,0,,True,,LOW,0,,,True,,LOW,0,,,False,LOW,1,483,False,LOW,1,100.0,False,LOW,0,0,False,,,9,MEDIUM,MISSING_STRUCTURED,OK,HIGH,OK,OK,OK,False,True,LOW,0,,3488,True,LOW,0,,False,LOW,0,0,True,,LOW,0,,,True,,LOW,0,,,False,,,تروبرد,True,LOW,0,,1995-09-15,False,,,1400,3295,False,,,تهران,False,LOW,1,1,244803,TRAIN,False,LOW,0,0,True,LOW,0,,False,LOW,0,0,3,1,0,False,LOW,0,0,True,,LOW,0,,,True,,LOW,0,,,True,LOW,0,,False,LOW,0,0,False,LOW,0,0,True,,LOW,0,,,True,,LOW,0,,,False,MEDIUM-LOW,3,3.0,False,MEDIUM-LOW,4,4,False,MEDIUM-LOW,4,4,False,0.5,MEDIUM-LOW,4,0.43895763817731187,0.43895763817731187,False,0.0,MEDIUM-LOW,4,0.0723181209111689,0.0723181209111689,False,MEDIUM-LOW,4,0,3493,True,,LOW,0,,,True,,LOW,0,,,False,LOW,0,0,True,LOW,0,,False,LOW,0,0
True,LOW,0,,True,LOW,0,,True,LOW,0,,False,LOW,2,3.5,False,LOW,2,3.5,True,LOW,0,,True,LOW,0,,False,,,تروبرد,False,LOW,2,2,False,0.5,LOW,2,0.4215169633708295,0.4215169633708295,False,0.0,LOW,2,0.09298044117150288,0.09298044117150288,False,LOW,2,3.5,False,LOW,2,3,False,LOW,2,3.5,False,LOW,2,1,False,LOW,2,2,False,0.5,LOW,2,0.4215169633708295,0.4215169633708295,False,0.0,LOW,2,0.09298044117150288,0.09298044117150288,False,LOW,2,0,True,LOW,0,,True,,LOW,0,,,True,,LOW,0,,,False,LOW,1,140,False,LOW,2,175.0,False,LOW,0,0,False,,,9,MEDIUM,MISSING_STRUCTURED,OK,HIGH,OK,INVALID_FINISH,OK,False,False,LOW,2,-1.0,3369,False,LOW,1,4,False,LOW,2,2,True,,LOW,2,,,True,,LOW,2,,,False,,,تروبرد,True,LOW,0,,1995-09-15,False,,,1400,3295,False,,,تهران,False,LOW,2,2,244804,TRAIN,False,LOW,0,0,True,LOW,0,,False,LOW,0,0,,,,False,LOW,0,0,False,0.5,LOW,2,0.4215169633708295,0.4215169633708295,True,,LOW,0,,,True,LOW,0,,False,LOW,0,0,False,LOW,0,0,True,,LOW,0,,,True,,LOW,0,,,False,MEDIUM,5,3.4,False,HIGH,12,12,False,HIGH,12,12,False,0.25,HIGH,12,0.29121286727034157,0.29121286727034157,False,0.08333333333333333,HIGH,12,0.09710959342356001,0.09710959342356001,False,HIGH,12,1,3374,False,0.0,LOW,2,0.09298044117150288,0.09298044117150288,True,,LOW,0,,,False,LOW,0,0,True,LOW,0,,False,LOW,0,0
True,LOW,0,,True,LOW,0,,True,LOW,0,,True,LOW,0,,True,LOW,0,,True,LOW,0,,True,LOW,0,,False,,,تروبرد,False,LOW,1,1,False,0.0,LOW,1,0.32510312393263446,0.32510312393263446,False,0.0,LOW,1,0.10847718136675337,0.10847718136675337,True,LOW,0,,True,LOW,0,,True,LOW,0,,False,LOW,1,0,False,LOW,1,1,False,0.0,LOW,1,0.32510312393263446,0.32510312393263446,False,0.0,LOW,1,0.10847718136675337,0.10847718136675337,False,LOW,1,0,True,LOW,0,,True,,LOW,0,,,True,,LOW,0,,,False,LOW,1,140,False,LOW,1,250.0,False,LOW,0,0,False,,,9,MEDIUM,MISSING_STRUCTURED,OK,HIGH,OK,INVALID_FINISH,OK,False,True,LOW,0,,3247,True,LOW,0,,False,LOW,1,1,True,,LOW,1,,,True,,LOW,1,,,False,,,تروبرد,True,LOW,0,,1995-09-15,False,,,1400,3295,False,,,تهران,False,LOW,1,1,244805,TRAIN,False,LOW,0,0,True,LOW,0,,False,LOW,0,0,,,,False,LOW,0,0,True,,LOW,0,,,True,,LOW,0,,,True,LOW,0,,False,LOW,0,0,False,LOW,0,0,True,,LOW,0,,,True,,LOW,0,,,False,LOW,1,2.0,False,LOW,2,2,False,LOW,2,2,False,0.5,LOW,2,0.4215169633708295,0.4215169633708295,False,0.0,LOW,2,0.09298044117150288,0.09298044117150288,False,LOW,2,0,3252,True,,LOW,0,,,True,,LOW,0,,,False,LOW,0,0,True,LOW,0,,False,LOW,0,0
True,LOW,0,,True,LOW,0,,True,LOW,0,,True,LOW,0,,True,LOW,0,,True,LOW,0,,True,LOW,0,,False,,,تروبرد,False,LOW,0,0,True,,LOW,0,,,True,,LOW,0,,,True,LOW,0,,True,LOW,0,,True,LOW,0,,False,LOW,0,0,False,LOW,0,0,True,,LOW,0,,,True,,LOW,0,,,False,LOW,0,0,True,LOW,0,,True,,LOW,0,,,True,,LOW,0,,,True,LOW,0,,True,LOW,0,,False,LOW,0,0,False,,,9,LOW,MISSING_STRUCTURED,OK,HIGH,OK,MISSING_FINISH,OK,False,True,LOW,0,,9288,True,LOW,0,,False,LOW,0,0,True,,LOW,0,,,True,,LOW,0,,,False,,,تروبرد,True,LOW,0,,1995-09-15,False,,,1400,3295,False,,,تهران,False,LOW,0,0,244806,TRAIN,False,LOW,0,0,True,LOW,0,,False,LOW,0,0,,,,False,LOW,0,0,True,,LOW,0,,,True,,LOW,0,,,True,LOW,0,,False,LOW,0,0,False,LOW,0,0,True,,LOW,0,,,True,,LOW,0,,,False,LOW,1,2.0,False,MEDIUM-LOW,3,3,False,MEDIUM-LOW,3,3,False,0.3333333333333333,MEDIUM-LOW,3,0.36882734294947583,0.36882734294947583,False,0.0,MEDIUM-LOW,3,0.08135788602506502,0.08135788602506502,False,MEDIUM-LOW,3,0,9302,True,,LOW,0,,,True,,LOW,0,,,False,LOW,0,0,True,LOW,0,,False,LOW,0,0
True,LOW,0,,True,LOW,0,,True,LOW,0,,True,LOW,0,,True,LOW,0,,True,LOW,0,,True,LOW,0,,False,,,تروبرد,False,LOW,0,0,True,,LOW,0,,,True,,LOW,0,,,True,LOW,0,,True,LOW,0,,True,LOW,0,,False,LOW,0,0,False,LOW,0,0,True,,LOW,0,,,True,,LOW,0,,,False,LOW,0,0,True,LOW,0,,True,,LOW,0,,,True,,LOW,0,,,True,LOW,0,,True,LOW,0,,False,LOW,0,0,False,,,9,LOW,MISSING_STRUCTURED,OK,HIGH,OK,OK,OK,False,True,LOW,0,,5393,True,LOW,0,,False,LOW,0,0,True,,LOW,0,,,True,,LOW,0,,,False,,,تروبرد,True,LOW,0,,1995-09-15,False,,,1400,3295,False,,,تهران,False,LOW,0,0,244807,TRAIN,False,LOW,0,0,True,LOW,0,,False,LOW,0,0,2,1,0,False,LOW,0,0,True,,LOW,0,,,True,,LOW,0,,,True,LOW,0,,False,LOW,0,0,False,LOW,0,0,True,,LOW,0,,,True,,LOW,0,,,False,LOW,1,6.0,False,HIGH,17,17,False,HIGH,17,17,False,0.11764705882352941,HIGH,17,0.17957357925435485,0.17957357925435485,False,0.0,HIGH,17,0.029584685827296373,0.029584685827296373,False,HIGH,17,0,5400,True,,LOW,0,,,True,,LOW,0,,,False,LOW,0,0,True,LOW,0,,False,LOW,0,0
True,LOW,0,,True,LOW,0,,True,LOW,0,,True,LOW,0,,True,LOW,0,,True,LOW,0,,True,LOW,0,,False,,,تروبرد,False,LOW,1,1,False,0.0,LOW,1,0.32510312393263446,0.32510312393263446,False,0.0,LOW,1,0.10847718136675337,0.10847718136675337,True,LOW,0,,True,LOW,0,,True,LOW,0,,False,LOW,1,0,False,LOW,1,1,False,0.0,LOW,1,0.32510312393263446,0.32510312393263446,False,0.0,LOW,1,0.10847718136675337,0.10847718136675337,False,LOW,1,0,True,LOW,0,,True,,LOW,0,,,True,,LOW,0,,,False,LOW,1,7,False,LOW,1,0.0,False,LOW,1,1,False,,,14,MEDIUM,MISSING_STRUCTURED,OK,HIGH,OK,OK,OK,False,True,LOW,0,,3316,True,LOW,0,,False,LOW,0,0,True,,LOW,0,,,True,,LOW,0,,,False,,,تروبرد,True,LOW,0,,1995-09-22,False,,,1000,3294,False,,,بندرترکمن,False,LOW,1,1,244785,TRAIN,False,LOW,1,1,True,LOW,0,,False,LOW,1,1,1,1,1,False,LOW,1,0,True,,LOW,0,,,False,0.0,LOW,1,0.32510312393263446,0.32510312393263446,True,LOW,0,,False,LOW,1,0,False,LOW,1,1,False,0.0,LOW,1,0.32510312393263446,0.32510312393263446,False,0.0,LOW,1,0.10847718136675337,0.10847718136675337,False,LOW,1,2.0,False,HIGH,18,18,False,HIGH,18,18,False,0.16666666666666666,HIGH,18,0.2152442931998177,0.2152442931998177,False,0.0,HIGH,18,0.02829839513915305,0.02829839513915305,False,HIGH,18,0,3321,True,,LOW,0,,,False,0.0,LOW,1,0.10847718136675337,0.10847718136675337,False,LOW,1,0,True,LOW,0,,False,LOW,1,0
True,LOW,0,,True,LOW,0,,True,LOW,0,,True,LOW,0,,True,LOW,0,,True,LOW,0,,True,LOW,0,,False,,,تروبرد,False,LOW,0,0,True,,LOW,0,,,True,,LOW,0,,,True,LOW,0,,True,LOW,0,,True,LOW,0,,False,LOW,0,0,False,LOW,0,0,True,,LOW,0,,,True,,LOW,0,,,False,LOW,0,0,True,LOW,0,,True,,LOW,0,,,True,,LOW,0,,,True,LOW,0,,True,LOW,0,,False,LOW,0,0,False,,,14,MEDIUM,MISSING_STRUCTURED,OK,HIGH,OK,INVALID_FINISH,OK,False,True,LOW,0,,9283,True,LOW,0,,False,LOW,0,0,True,,LOW,0,,,True,,LOW,0,,,False,,,تروبرد,True,LOW,0,,1995-09-22,False,,,1000,3294,False,,,بندرترکمن,False,LOW,0,0,244786,TRAIN,False,LOW,0,0,True,LOW,0,,False,LOW,0,0,,,,False,LOW,0,0,True,,LOW,0,,,True,,LOW,0,,,True,LOW,0,,False,LOW,0,0,False,LOW,0,0,True,,LOW,0,,,True,,LOW,0,,,False,MEDIUM,5,4.4,False,MEDIUM,9,9,False,MEDIUM,9,9,False,0.2222222222222222,MEDIUM,9,0.2821870531139862,0.2821870531139862,False,0.0,MEDIUM,9,0.04649022058575144,0.04649022058575144,False,MEDIUM,9,0,9297,True,,LOW,0,,,True,,LOW,0,,,False,LOW,0,0,True,LOW,0,,False,LOW,0,0
True,LOW,0,,True,LOW,0,,True,LOW,0,,True,LOW,0,,True,LOW,0,,True,LOW,0,,True,LOW,0,,False,,,تروبرد,False,LOW,0,0,True,,LOW,0,,,True,,LOW,0,,,True,LOW,0,,True,LOW,0,,True,LOW,0,,False,LOW,0,0,False,LOW,0,0,True,,LOW,0,,,True,,LOW,0,,,False,LOW,0,0,True,LOW,0,,True,,LOW,0,,,True,,LOW,0,,,True,LOW,0,,True,LOW,0,,False,LOW,0,0,False,,,14,MEDIUM,MISSING_STRUCTURED,OK,HIGH,OK,OK,OK,False,True,LOW,0,,9284,True,LOW,0,,False,LOW,0,0,True,,LOW,0,,,True,,LOW,0,,,False,,,تروبرد,True,LOW,0,,1995-09-22,False,,,1000,3294,False,,,بندرترکمن,False,LOW,0,0,244787,TRAIN,False,LOW,0,0,True,LOW,0,,False,LOW,0,0,2,1,0,False,LOW,0,0,True,,LOW,0,,,True,,LOW,0,,,True,LOW,0,,False,LOW,0,0,False,LOW,0,0,True,,LOW,0,,,True,,LOW,0,,,True,LOW,0,,False,LOW,0,0,False,LOW,0,0,True,,LOW,0,,,True,,LOW,0,,,False,LOW,0,0,9298,True,,LOW,0,,,True,,LOW,0,,,False,LOW,0,0,True,LOW,0,,False,LOW,0,0
True,LOW,0,,True,LOW,0,,False,LOW,1,4.0,False,LOW,1,4.0,False,LOW,1,4.0,True,LOW,0,,False,LOW,1,4.0,False,,,تروبرد,False,LOW,1,1,False,0.0,LOW,1,0.32510312393263446,0.32510312393263446,False,0.0,LOW,1,0.10847718136675337,0.10847718136675337,False,LOW,1,4.0,False,LOW,1,4,False,LOW,1,4.0,False,LOW,1,0,False,LOW,1,1,False,0.0,LOW,1,0.32510312393263446,0.32510312393263446,False,0.0,LOW,1,0.10847718136675337,0.10847718136675337,False,LOW,1,0,True,LOW,0,,True,,LOW,0,,,True,,LOW,0,,,False,LOW,1,7,False,LOW,1,0.0,False,LOW,1,1,False,,,14,MEDIUM,MISSING_STRUCTURED,OK,HIGH,OK,INVALID_FINISH,OK,False,True,LOW,0,,3273,False,LOW,1,4,False,LOW,0,0,True,,LOW,0,,,True,,LOW,0,,,False,,,تروبرد,True,LOW,0,,1995-09-22,False,,,1000,3294,False,,,بندرترکمن,False,LOW,1,1,244788,TRAIN,False,LOW,1,1,True,LOW,0,,False,LOW,1,1,,,,False,LOW,1,0,False,0.0,LOW,1,0.32510312393263446,0.32510312393263446,False,0.0,LOW,1,0.32510312393263446,0.32510312393263446,True,LOW,0,,False,LOW,1,0,False,LOW,1,1,False,0.0,LOW,1,0.32510312393263446,0.32510312393263446,False,0.0,LOW,1,0.10847718136675337,0.10847718136675337,False,MEDIUM-LOW,3,4.666666666666667,False,HIGH,13,13,False,HIGH,13,13,False,0.15384615384615385,HIGH,13,0.21947881908865594,0.21947881908865594,False,0.07692307692307693,HIGH,13,0.09171461601114,0.09171461601114,False,HIGH,13,1,3278,False,0.0,LOW,1,0.10847718136675337,0.10847718136675337,False,0.0,LOW,1,0.10847718136675337,0.10847718136675337,False,LOW,1,0,True,LOW,0,,False,LOW,1,0
True,LOW,0,,True,LOW,0,,True,LOW,0,,True,LOW,0,,True,LOW,0,,True,LOW,0,,True,LOW,0,,False,,,تروبرد,False,LOW,0,0,True,,LOW,0,,,True,,LOW,0,,,True,LOW,0,,True,LOW,0,,True,LOW,0,,False,LOW,0,0,False,LOW,0,0,True,,LOW,0,,,True,,LOW,0,,,False,LOW,0,0,True,LOW,0,,True,,LOW,0,,,True,,LOW,0,,,True,LOW,0,,True,LOW,0,,False,LOW,0,0,False,,,14,MEDIUM,MISSING_STRUCTURED,OK,HIGH,OK,OK,OK,False,True,LOW,0,,3306,True,LOW,0,,False,LOW,1,1,True,,LOW,1,,,True,,LOW,1,,,False,,,تروبرد,True,LOW,0,,1995-09-22,False,,,1000,3294,False,,,بندرترکمن,False,LOW,0,0,244789,TRAIN,False,LOW,0,0,True,LOW,0,,False,LOW,0,0,3,1,0,False,LOW,0,0,True,,LOW,0,,,True,,LOW,0,,,True,LOW,0,,False,LOW,0,0,False,LOW,0,0,True,,LOW,0,,,True,,LOW,0,,,True,LOW,0,,False,LOW,0,0,False,LOW,0,0,True,,LOW,0,,,True,,LOW,0,,,False,LOW,0,0,3311,True,,LOW,0,,,True,,LOW,0,,,False,LOW,0,0,True,LOW,0,,False,LOW,0,0
True,LOW,0,,True,LOW,0,,True,LOW,0,,True,LOW,0,,True,LOW,0,,True,LOW,0,,True,LOW,0,,False,,,تروبرد,False,LOW,0,0,True,,LOW,0,,,True,,LOW,0,,,True,LOW,0,,True,LOW,0,,True,LOW,0,,False,LOW,0,0,False,LOW,0,0,True,,LOW,0,,,True,,LOW,0,,,False,LOW,0,0,True,LOW,0,,True,,LOW,0,,,True,,LOW,0,,,True,LOW,0,,True,LOW,0,,False,LOW,0,0,False,,,14,MEDIUM,MISSING_STRUCTURED,OK,HIGH,OK,OK,OK,False,True,LOW,0,,3285,True,LOW,0,,False,LOW,0,0,True,,LOW,0,,,True,,LOW,0,,,False,,,تروبرد,True,LOW,0,,1995-09-22,False,,,1000,3294,False,,,بندرترکمن,False,LOW,0,0,244790,TRAIN,False,LOW,0,0,True,LOW,0,,False,LOW,0,0,6,0,0,False,LOW,0,0,True,,LOW,0,,,True,,LOW,0,,,True,LOW,0,,False,LOW,0,0,False,LOW,0,0,True,,LOW,0,,,True,,LOW,0,,,False,MEDIUM-LOW,3,6.666666666666667,False,MEDIUM,9,9,False,MEDIUM,9,9,False,0.2222222222222222,MEDIUM,9,0.2821870531139862,0.2821870531139862,False,0.0,MEDIUM,9,0.04649022058575144,0.04649022058575144,False,MEDIUM,9,0,3290,True,,LOW,0,,,True,,LOW,0,,,False,LOW,0,0,True,LOW,0,,False,LOW,0,0
True,LOW,0,,True,LOW,0,,True,LOW,0,,True,LOW,0,,True,LOW,0,,True,LOW,0,,True,LOW,0,,False,,,تروبرد,False,LOW,0,0,True,,LOW,0,,,True,,LOW,0,,,True,LOW,0,,True,LOW,0,,True,LOW,0,,False,LOW,0,0,False,LOW,0,0,True,,LOW,0,,,True,,LOW,0,,,False,LOW,0,0,True,LOW,0,,True,,LOW,0,,,True,,LOW,0,,,True,LOW,0,,True,LOW,0,,False,LOW,0,0,False,,,14,MEDIUM,MISSING_STRUCTURED,OK,HIGH,OK,OK,OK,False,True,LOW,0,,9285,True,LOW,0,,False,LOW,0,0,True,,LOW,0,,,True,,LOW,0,,,False,,,تروبرد,True,LOW,0,,1995-09-22,False,,,1000,3294,False,,,بندرترکمن,False,LOW,0,0,244791,TRAIN,False,LOW,0,0,True,LOW,0,,False,LOW,0,0,5,0,0,False,LOW,0,0,True,,LOW,0,,,True,,LOW,0,,,True,LOW,0,,False,LOW,0,0,False,LOW,0,0,True,,LOW,0,,,True,,LOW,0,,,False,LOW,1,3.0,False,LOW,2,2,False,LOW,2,2,False,0.5,LOW,2,0.4215169633708295,0.4215169633708295,False,0.0,LOW,2,0.09298044117150288,0.09298044117150288,False,LOW,2,0,9299,True,,LOW,0,,,True,,LOW,0,,,False,LOW,0,0,True,LOW,0,,False,LOW,0,0
True,LOW,0,,True,LOW,0,,True,LOW,0,,True,LOW,0,,True,LOW,0,,True,LOW,0,,True,LOW,0,,False,,,تروبرد,False,LOW,0,0,True,,LOW,0,,,True,,LOW,0,,,True,LOW,0,,True,LOW,0,,True,LOW,0,,False,LOW,0,0,False,LOW,0,0,True,,LOW,0,,,True,,LOW,0,,,False,LOW,0,0,True,LOW,0,,True,,LOW,0,,,True,,LOW,0,,,True,LOW,0,,True,LOW,0,,False,LOW,0,0,False,,,14,MEDIUM,MISSING_STRUCTURED,OK,HIGH,OK,INVALID_FINISH,OK,False,True,LOW,0,,3173,True,LOW,0,,False,LOW,0,0,True,,LOW,0,,,True,,LOW,0,,,False,,,تروبرد,True,LOW,0,,1995-09-22,False,,,1000,3294,False,,,بندرترکمن,False,LOW,0,0,244792,TRAIN,False,LOW,0,0,True,LOW,0,,False,LOW,0,0,,,,False,LOW,0,0,True,,LOW,0,,,True,,LOW,0,,,True,LOW,0,,False,LOW,0,0,False,LOW,0,0,True,,LOW,0,,,True,,LOW,0,,,False,MEDIUM-LOW,4,2.5,False,HIGH,13,13,False,HIGH,13,13,False,0.23076923076923078,HIGH,13,0.2750343746442115,0.2750343746442115,False,0.07692307692307693,HIGH,13,0.09171461601114,0.09171461601114,False,HIGH,13,1,3178,True,,LOW,0,,,True,,LOW,0,,,False,LOW,0,0,True,LOW,0,,False,LOW,0,0
True,LOW,0,,True,LOW,0,,True,LOW,0,,True,LOW,0,,True,LOW,0,,True,LOW,0,,True,LOW,0,,False,,,تروبرد,False,LOW,0,0,True,,LOW,0,,,True,,LOW,0,,,True,LOW,0,,True,LOW,0,,True,LOW,0,,False,LOW,0,0,False,LOW,0,0,True,,LOW,0,,,True,,LOW,0,,,False,LOW,0,0,True,LOW,0,,True,,LOW,0,,,True,,LOW,0,,,True,LOW,0,,True,LOW,0,,False,LOW,0,0,False,,,14,MEDIUM,MISSING_STRUCTURED,OK,HIGH,OK,OK,OK,False,True,LOW,0,,9286,True,LOW,0,,False,LOW,0,0,True,,LOW,0,,,True,,LOW,0,,,False,,,تروبرد,True,LOW,0,,1995-09-22,False,,,1000,3294,False,,,بندرترکمن,False,LOW,0,0,244793,TRAIN,False,LOW,0,0,True,LOW,0,,False,LOW,0,0,7,0,0,False,LOW,0,0,True,,LOW,0,,,True,,LOW,0,,,True,LOW,0,,False,LOW,0,0,False,LOW,0,0,True,,LOW,0,,,True,,LOW,0,,,False,LOW,2,6.5,False,MEDIUM,8,8,False,MEDIUM,8,8,False,0.125,MEDIUM,8,0.22697067258429282,0.22697067258429282,False,0.0,MEDIUM,8,0.05006639140004002,0.05006639140004002,False,MEDIUM,8,0,9300,True,,LOW,0,,,True,,LOW,0,,,False,LOW,0,0,True,LOW,0,,False,LOW,0,0
True,LOW,0,,True,LOW,0,,True,LOW,0,,True,LOW,0,,True,LOW,0,,True,LOW,0,,True,LOW,0,,False,,,تروبرد,False,LOW,0,0,True,,LOW,0,,,True,,LOW,0,,,True,LOW,0,,True,LOW,0,,True,LOW,0,,False,LOW,0,0,False,LOW,0,0,True,,LOW,0,,,True,,LOW,0,,,False,LOW,0,0,True,LOW,0,,True,,LOW,0,,,True,,LOW,0,,,True,LOW,0,,True,LOW,0,,False,LOW,0,0,False,,,14,MEDIUM,MISSING_STRUCTURED,OK,HIGH,OK,INVALID_FINISH,OK,False,True,LOW,0,,3295,True,LOW,0,,False,LOW,0,0,True,,LOW,0,,,True,,LOW,0,,,False,,,تروبرد,True,LOW,0,,1995-09-22,False,,,1000,3294,False,,,بندرترکمن,False,LOW,0,0,244794,TRAIN,False,LOW,0,0,True,LOW,0,,False,LOW,0,0,,,,False,LOW,0,0,True,,LOW,0,,,True,,LOW,0,,,True,LOW,0,,False,LOW,0,0,False,LOW,0,0,True,,LOW,0,,,True,,LOW,0,,,False,MEDIUM-LOW,3,4.0,False,MEDIUM,5,5,False,MEDIUM,5,5,False,0.2,MEDIUM,5,0.29506187435958064,0.29506187435958064,False,0.2,MEDIUM,5,0.165086308820052,0.165086308820052,False,MEDIUM,5,1,3300,True,,LOW,0,,,True,,LOW,0,,,False,LOW,0,0,True,LOW,0,,False,LOW,0,0
True,LOW,0,,True,LOW,0,,True,LOW,0,,True,LOW,0,,True,LOW,0,,True,LOW,0,,True,LOW,0,,False,,,تروبرد,False,LOW,0,0,True,,LOW,0,,,True,,LOW,0,,,True,LOW,0,,True,LOW,0,,True,LOW,0,,False,LOW,0,0,False,LOW,0,0,True,,LOW,0,,,True,,LOW,0,,,False,LOW,0,0,True,LOW,0,,True,,LOW,0,,,True,,LOW,0,,,True,LOW,0,,True,LOW,0,,False,LOW,0,0,False,,,14,MEDIUM,MISSING_STRUCTURED,OK,HIGH,OK,OK,OK,False,True,LOW,0,,9287,True,LOW,0,,False,LOW,0,0,True,,LOW,0,,,True,,LOW,0,,,False,,,تروبرد,True,LOW,0,,1995-09-22,False,,,1000,3294,False,,,بندرترکمن,False,LOW,0,0,244795,TRAIN,False,LOW,0,0,True,LOW,0,,False,LOW,0,0,9,0,0,False,LOW,0,0,True,,LOW,0,,,True,,LOW,0,,,True,LOW,0,,False,LOW,0,0,False,LOW,0,0,True,,LOW,0,,,True,,LOW,0,,,False,MEDIUM-LOW,4,4.25,False,HIGH,10,10,False,HIGH,10,10,False,0.2,HIGH,10,0.2633745829063871,0.2633745829063871,False,0.0,HIGH,10,0.04339087254670135,0.04339087254670135,False,HIGH,10,0,9301,True,,LOW,0,,,True,,LOW,0,,,False,LOW,0,0,True,LOW,0,,False,LOW,0,0
True,LOW,0,,True,LOW,0,,True,LOW,0,,True,LOW,0,,True,LOW,0,,True,LOW,0,,True,LOW,0,,False,,,تروبرد,False,LOW,0,0,True,,LOW,0,,,True,,LOW,0,,,True,LOW,0,,True,LOW,0,,True,LOW,0,,False,LOW,0,0,False,LOW,0,0,True,,LOW,0,,,True,,LOW,0,,,False,LOW,0,0,True,LOW,0,,True,,LOW,0,,,True,,LOW,0,,,True,LOW,0,,True,LOW,0,,False,LOW,0,0,False,,,14,MEDIUM,MISSING_STRUCTURED,OK,HIGH,OK,OK,OK,False,True,LOW,0,,3066,True,LOW,0,,False,LOW,0,0,True,,LOW,0,,,True,,LOW,0,,,False,,,تروبرد,True,LOW,0,,1995-09-22,False,,,1000,3294,False,,,بندرترکمن,False,LOW,0,0,244796,TRAIN,False,LOW,0,0,True,LOW,0,,False,LOW,0,0,4,0,0,False,LOW,0,0,True,,LOW,0,,,True,,LOW,0,,,True,LOW,0,,False,LOW,0,0,False,LOW,0,0,True,,LOW,0,,,True,,LOW,0,,,False,LOW,2,3.0,False,HIGH,14,14,False,HIGH,14,14,False,0.14285714285714285,HIGH,14,0.20792730229451614,0.20792730229451614,False,0.07142857142857142,HIGH,14,0.08688753095792212,0.08688753095792212,False,HIGH,14,1,3070,True,,LOW,0,,,True,,LOW,0,,,False,LOW,0,0,True,LOW,0,,False,LOW,0,0
True,LOW,0,,True,LOW,0,,True,LOW,0,,True,LOW,0,,True,LOW,0,,True,LOW,0,,True,LOW,0,,False,,,تروبرد,False,LOW,0,0,True,,LOW,0,,,True,,LOW,0,,,True,LOW,0,,True,LOW,0,,True,LOW,0,,False,LOW,0,0,False,LOW,0,0,True,,LOW,0,,,True,,LOW,0,,,False,LOW,0,0,True,LOW,0,,True,,LOW,0,,,True,,LOW,0,,,True,LOW,0,,True,LOW,0,,False,LOW,0,0,False,,,14,MEDIUM,MISSING_STRUCTURED,OK,HIGH,OK,OK,OK,False,True,LOW,0,,3263,True,LOW,0,,False,LOW,0,0,True,,LOW,0,,,True,,LOW,0,,,False,,,تروبرد,True,LOW,0,,1995-09-22,False,,,1000,3294,False,,,بندرترکمن,False,LOW,0,0,244797,TRAIN,False,LOW,0,0,True,LOW,0,,False,LOW,0,0,8,0,0,False,LOW,0,0,True,,LOW,0,,,True,,LOW,0,,,True,LOW,0,,False,LOW,0,0,False,LOW,0,0,True,,LOW,0,,,True,,LOW,0,,,False,LOW,1,4.0,False,MEDIUM-LOW,4,4,False,MEDIUM-LOW,4,4,False,0.0,MEDIUM-LOW,4,0.21673541595508963,0.21673541595508963,False,0.0,MEDIUM-LOW,4,0.0723181209111689,0.0723181209111689,False,MEDIUM-LOW,4,0,3268,True,,LOW,0,,,True,,LOW,0,,,False,LOW,0,0,True,LOW,0,,False,LOW,0,0
True,LOW,0,,True,LOW,0,,True,LOW,0,,True,LOW,0,,True,LOW,0,,True,LOW,0,,True,LOW,0,,False,,,تروبرد,False,LOW,0,0,True,,LOW,0,,,True,,LOW,0,,,True,LOW,0,,True,LOW,0,,True,LOW,0,,False,LOW,0,0,False,LOW,0,0,True,,LOW,0,,,True,,LOW,0,,,False,LOW,0,0,True,LOW,0,,True,,LOW,0,,,True,,LOW,0,,,True,LOW,0,,True,LOW,0,,False,LOW,0,0,False,,,14,MEDIUM,MISSING_STRUCTURED,OK,HIGH,OK,INVALID_FINISH,OK,False,True,LOW,0,,3302,True,LOW,0,,False,LOW,0,0,True,,LOW,0,,,True,,LOW,0,,,False,,,تروبرد,True,LOW,0,,1995-09-22,False,,,1000,3294,False,,,بندرترکمن,False,LOW,0,0,244798,TRAIN,False,LOW,0,0,True,LOW,0,,False,LOW,0,0,,,,False,LOW,0,0,True,,LOW,0,,,True,,LOW,0,,,True,LOW,0,,False,LOW,0,0,False,LOW,0,0,True,,LOW,0,,,True,,LOW,0,,,False,LOW,1,2.0,False,MEDIUM-LOW,4,4,False,MEDIUM-LOW,4,4,False,0.25,MEDIUM-LOW,4,0.32784652706620077,0.32784652706620077,False,0.0,MEDIUM-LOW,4,0.0723181209111689,0.0723181209111689,False,MEDIUM-LOW,4,0,3307,True,,LOW,0,,,True,,LOW,0,,,False,LOW,0,0,True,LOW,0,,False,LOW,0,0
True,LOW,0,,True,LOW,0,,True,LOW,0,,True,LOW,0,,True,LOW,0,,True,LOW,0,,True,LOW,0,,False,,,تروبرد,False,MEDIUM-LOW,3,3,False,0.0,MEDIUM-LOW,3,0.24382734294947583,0.24382734294947583,False,0.0,MEDIUM-LOW,3,0.08135788602506502,0.08135788602506502,True,LOW,0,,True,LOW,0,,True,LOW,0,,False,MEDIUM-LOW,3,0,False,MEDIUM-LOW,3,3,False,0.0,MEDIUM-LOW,3,0.24382734294947583,0.24382734294947583,False,0.0,MEDIUM-LOW,3,0.08135788602506502,0.08135788602506502,False,MEDIUM-LOW,3,0,True,LOW,0,,True,,LOW,0,,,True,,LOW,0,,,False,LOW,1,7,False,MEDIUM-LOW,3,1466.6666666666667,False,LOW,0,0,False,,,3,MEDIUM,MISSING_STRUCTURED,OK,HIGH,OK,OK,OK,False,True,LOW,0,,3487,True,LOW,0,,False,LOW,1,1,True,,LOW,1,,,True,,LOW,1,,,False,,,تروبرد,True,LOW,0,,1995-09-22,False,,,0,3296,False,,,تهران,False,MEDIUM-LOW,3,3,244808,TRAIN,False,LOW,1,1,True,LOW,0,,False,LOW,0,0,1,1,1,False,LOW,1,0,True,,LOW,0,,,True,,LOW,0,,,True,LOW,0,,False,LOW,0,0,False,LOW,1,1,False,0.0,LOW,1,0.32510312393263446,0.32510312393263446,False,0.0,LOW,1,0.10847718136675337,0.10847718136675337,True,LOW,0,,False,LOW,1,1,False,LOW,1,1,False,0.0,LOW,1,0.32510312393263446,0.32510312393263446,False,0.0,LOW,1,0.10847718136675337,0.10847718136675337,False,LOW,1,0,3492,True,,LOW,0,,,True,,LOW,0,,,False,LOW,1,0,True,LOW,0,,False,LOW,0,0
True,LOW,0,,True,LOW,0,,False,LOW,1,2.0,False,LOW,1,2.0,False,LOW,1,2.0,True,LOW,0,,True,LOW,0,,False,,,تروبرد,False,LOW,1,1,False,1.0,LOW,1,0.4917697905993011,0.4917697905993011,False,0.0,LOW,1,0.10847718136675337,0.10847718136675337,False,LOW,1,2.0,False,LOW,1,2,False,LOW,1,2.0,False,LOW,1,1,False,LOW,1,1,False,1.0,LOW,1,0.4917697905993011,0.4917697905993011,False,0.0,LOW,1,0.10847718136675337,0.10847718136675337,False,LOW,1,0,True,LOW,0,,True,,LOW,0,,,True,,LOW,0,,,False,LOW,1,7,False,LOW,1,1400.0,False,LOW,0,0,False,,,3,LOW,MISSING_STRUCTURED,OK,HIGH,OK,OK,OK,False,True,LOW,0,,5393,False,LOW,1,2,False,LOW,1,1,True,,LOW,1,,,True,,LOW,1,,,False,,,تروبرد,True,LOW,0,,1995-09-22,False,,,0,3296,False,,,تهران,False,LOW,1,1,244809,TRAIN,False,LOW,1,1,True,LOW,0,,False,LOW,0,0,2,1,0,False,LOW,1,1,False,1.0,LOW,1,0.4917697905993011,0.4917697905993011,True,,LOW,0,,,True,LOW,0,,False,LOW,0,0,False,LOW,1,1,False,1.0,LOW,1,0.4917697905993011,0.4917697905993011,False,0.0,LOW,1,0.10847718136675337,0.10847718136675337,False,LOW,2,1.5,False,HIGH,19,19,False,HIGH,19,19,False,0.21052631578947367,HIGH,19,0.2479424476498253,0.2479424476498253,False,0.05263157894736842,HIGH,19,0.068785962008355,0.068785962008355,False,HIGH,19,1,5400,False,0.0,LOW,1,0.10847718136675337,0.10847718136675337,True,,LOW,0,,,False,LOW,1,0,True,LOW,0,,False,LOW,0,0
True,LOW,0,,True,LOW,0,,False,LOW,1,4.0,False,LOW,2,6.0,False,LOW,2,6.0,True,LOW,0,,True,LOW,0,,False,,,تروبرد,False,MEDIUM-LOW,3,3,False,0.0,MEDIUM-LOW,3,0.24382734294947583,0.24382734294947583,False,0.0,MEDIUM-LOW,3,0.08135788602506502,0.08135788602506502,False,LOW,2,6.0,False,LOW,2,4,False,LOW,2,6.0,False,MEDIUM-LOW,3,0,False,MEDIUM-LOW,3,3,False,0.0,MEDIUM-LOW,3,0.24382734294947583,0.24382734294947583,False,0.0,MEDIUM-LOW,3,0.08135788602506502,0.08135788602506502,False,MEDIUM-LOW,3,0,True,LOW,0,,True,,LOW,0,,,True,,LOW,0,,,False,LOW,1,7,False,MEDIUM-LOW,3,1550.0,False,LOW,0,0,False,,,3,LOW,MISSING_STRUCTURED,OK,HIGH,OK,OK,OK,False,False,LOW,2,4.0,3508,False,LOW,1,4,False,LOW,1,1,True,,LOW,1,,,True,,LOW,1,,,False,,,تروبرد,True,LOW,0,,1995-09-22,False,,,0,3296,False,,,تهران,False,MEDIUM-LOW,3,3,244810,TRAIN,False,LOW,1,1,True,LOW,0,,False,LOW,0,0,3,1,0,False,LOW,1,0,False,0.0,MEDIUM-LOW,3,0.24382734294947583,0.24382734294947583,True,,LOW,0,,,True,LOW,0,,False,LOW,0,0,False,LOW,1,1,False,0.0,LOW,1,0.32510312393263446,0.32510312393263446,False,0.0,LOW,1,0.10847718136675337,0.10847718136675337,False,LOW,1,4.0,False,LOW,1,1,False,LOW,1,1,False,0.0,LOW,1,0.32510312393263446,0.32510312393263446,False,0.0,LOW,1,0.10847718136675337,0.10847718136675337,False,LOW,1,0,3513,False,0.0,MEDIUM-LOW,3,0.08135788602506502,0.08135788602506502,True,,LOW,0,,,False,LOW,1,0,True,LOW,0,,False,LOW,0,0
True,LOW,0,,True,LOW,0,,False,LOW,1,8.0,False,LOW,1,8.0,False,LOW,1,8.0,True,LOW,0,,False,LOW,1,8.0,False,,,تروبرد,False,LOW,1,1,False,0.0,LOW,1,0.32510312393263446,0.32510312393263446,False,0.0,LOW,1,0.10847718136675337,0.10847718136675337,False,LOW,1,8.0,False,LOW,1,8,False,LOW,1,8.0,False,LOW,1,0,False,LOW,1,1,False,0.0,LOW,1,0.32510312393263446,0.32510312393263446,False,0.0,LOW,1,0.10847718136675337,0.10847718136675337,False,LOW,1,0,True,LOW,0,,True,,LOW,0,,,True,,LOW,0,,,False,LOW,1,21,False,LOW,1,0.0,False,LOW,1,1,False,,,14,MEDIUM,MISSING_STRUCTURED,OK,HIGH,OK,INVALID_FINISH,OK,False,True,LOW,0,,3263,False,LOW,1,8,False,LOW,1,1,True,,LOW,1,,,True,,LOW,1,,,False,,,تروبرد,True,LOW,0,,1995-10-13,False,,,1000,609,False,,,بندرترکمن,False,LOW,1,1,218634,TRAIN,False,LOW,1,1,True,LOW,0,,False,LOW,1,1,,,,False,LOW,1,0,False,0.0,LOW,1,0.32510312393263446,0.32510312393263446,False,0.0,LOW,1,0.32510312393263446,0.32510312393263446,True,LOW,0,,False,LOW,1,0,False,LOW,1,1,False,0.0,LOW,1,0.32510312393263446,0.32510312393263446,False,0.0,LOW,1,0.10847718136675337,0.10847718136675337,False,LOW,2,6.0,False,MEDIUM,5,5,False,MEDIUM,5,5,False,0.0,MEDIUM,5,0.19506187435958067,0.19506187435958067,False,0.0,MEDIUM,5,0.06508630882005202,0.06508630882005202,False,MEDIUM,5,0,3268,False,0.0,LOW,1,0.10847718136675337,0.10847718136675337,False,0.0,LOW,1,0.10847718136675337,0.10847718136675337,False,LOW,1,0,True,LOW,0,,False,LOW,1,0
True,LOW,0,,True,LOW,0,,True,LOW,0,,True,LOW,0,,True,LOW,0,,True,LOW,0,,True,LOW,0,,False,,,تروبرد,False,LOW,1,1,False,0.0,LOW,1,0.32510312393263446,0.32510312393263446,False,0.0,LOW,1,0.10847718136675337,0.10847718136675337,True,LOW,0,,True,LOW,0,,True,LOW,0,,False,LOW,1,0,False,LOW,1,1,False,0.0,LOW,1,0.32510312393263446,0.32510312393263446,False,0.0,LOW,1,0.10847718136675337,0.10847718136675337,False,LOW,1,0,True,LOW,0,,True,,LOW,0,,,True,,LOW,0,,,False,LOW,1,28,False,LOW,1,0.0,False,LOW,1,1,False,,,14,MEDIUM,MISSING_STRUCTURED,OK,HIGH,OK,INVALID_FINISH,OK,False,True,LOW,0,,3264,True,LOW,0,,False,LOW,0,0,True,,LOW,0,,,True,,LOW,0,,,False,,,تروبرد,True,LOW,0,,1995-10-13,False,,,1000,609,False,,,بندرترکمن,False,LOW,1,1,218635,TRAIN,False,LOW,1,1,True,LOW,0,,False,LOW,1,1,,,,False,LOW,1,0,True,,LOW,0,,,False,0.0,LOW,1,0.32510312393263446,0.32510312393263446,True,LOW,0,,False,LOW,1,0,False,LOW,1,1,False,0.0,LOW,1,0.32510312393263446,0.32510312393263446,False,0.0,LOW,1,0.10847718136675337,0.10847718136675337,False,LOW,2,4.0,False,MEDIUM,6,6,False,MEDIUM,6,6,False,0.16666666666666666,MEDIUM,6,0.26823806759961877,0.26823806759961877,False,0.16666666666666666,MEDIUM,6,0.15007846256368365,0.15007846256368365,False,MEDIUM,6,1,3269,True,,LOW,0,,,False,0.0,LOW,1,0.10847718136675337,0.10847718136675337,False,LOW,1,0,True,LOW,0,,False,LOW,1,0
True,LOW,0,,True,LOW,0,,True,LOW,0,,True,LOW,0,,True,LOW,0,,True,LOW,0,,True,LOW,0,,False,,,تروبرد,False,LOW,0,0,True,,LOW,0,,,True,,LOW,0,,,True,LOW,0,,True,LOW,0,,True,LOW,0,,False,LOW,0,0,False,LOW,0,0,True,,LOW,0,,,True,,LOW,0,,,False,LOW,0,0,True,LOW,0,,True,,LOW,0,,,True,,LOW,0,,,True,LOW,0,,True,LOW,0,,False,LOW,0,0,False,,,14,MEDIUM,MISSING_STRUCTURED,OK,HIGH,OK,INVALID_FINISH,OK,False,True,LOW,0,,3265,True,LOW,0,,False,LOW,1,1,True,,LOW,1,,,True,,LOW,1,,,False,,,تروبرد,True,LOW,0,,1995-10-13,False,,,1000,609,False,,,بندرترکمن,False,LOW,0,0,218636,TRAIN,False,LOW,0,0,True,LOW,0,,False,LOW,0,0,,,,False,LOW,0,0,True,,LOW,0,,,True,,LOW,0,,,True,LOW,0,,False,LOW,0,0,False,LOW,0,0,True,,LOW,0,,,True,,LOW,0,,,True,LOW,0,,False,LOW,0,0,False,LOW,0,0,True,,LOW,0,,,True,,LOW,0,,,False,LOW,0,0,3270,True,,LOW,0,,,True,,LOW,0,,,False,LOW,0,0,True,LOW,0,,False,LOW,0,0
True,LOW,0,,True,LOW,0,,True,LOW,0,,True,LOW,0,,True,LOW,0,,True,LOW,0,,True,LOW,0,,False,,,تروبرد,False,LOW,0,0,True,,LOW,0,,,True,,LOW,0,,,True,LOW,0,,True,LOW,0,,True,LOW,0,,False,LOW,0,0,False,LOW,0,0,True,,LOW,0,,,True,,LOW,0,,,False,LOW,0,0,True,LOW,0,,True,,LOW,0,,,True,,LOW,0,,,True,LOW,0,,True,LOW,0,,False,LOW,0,0,False,,,14,MEDIUM,MISSING_STRUCTURED,OK,HIGH,OK,INVALID_FINISH,OK,False,True,LOW,0,,3266,True,LOW,0,,False,LOW,0,0,True,,LOW,0,,,True,,LOW,0,,,False,,,تروبرد,True,LOW,0,,1995-10-13,False,,,1000,609,False,,,بندرترکمن,False,LOW,0,0,218637,TRAIN,False,LOW,0,0,True,LOW,0,,False,LOW,0,0,,,,False,LOW,0,0,True,,LOW,0,,,True,,LOW,0,,,True,LOW,0,,False,LOW,0,0,False,LOW,0,0,True,,LOW,0,,,True,,LOW,0,,,False,LOW,1,7.0,False,LOW,2,2,False,LOW,2,2,False,0.0,LOW,2,0.27865982051368665,0.27865982051368665,False,0.0,LOW,2,0.09298044117150288,0.09298044117150288,False,LOW,2,0,3271,True,,LOW,0,,,True,,LOW,0,,,False,LOW,0,0,True,LOW,0,,False,LOW,0,0
True,LOW,0,,True,LOW,0,,True,LOW,0,,True,LOW,0,,True,LOW,0,,True,LOW,0,,True,LOW,0,,False,,,تروبرد,False,LOW,0,0,True,,LOW,0,,,True,,LOW,0,,,True,LOW,0,,True,LOW,0,,True,LOW,0,,False,LOW,0,0,False,LOW,0,0,True,,LOW,0,,,True,,LOW,0,,,False,LOW,0,0,True,LOW,0,,True,,LOW,0,,,True,,LOW,0,,,True,LOW,0,,True,LOW,0,,False,LOW,0,0,False,,,14,MEDIUM,MISSING_STRUCTURED,OK,HIGH,OK,INVALID_FINISH,OK,False,True,LOW,0,,3267,True,LOW,0,,False,LOW,0,0,True,,LOW,0,,,True,,LOW,0,,,False,,,تروبرد,True,LOW,0,,1995-10-13,False,,,1000,609,False,,,بندرترکمن,False,LOW,0,0,218638,TRAIN,False,LOW,0,0,True,LOW,0,,False,LOW,0,0,,,,False,LOW,0,0,True,,LOW,0,,,True,,LOW,0,,,True,LOW,0,,False,LOW,0,0,False,LOW,0,0,True,,LOW,0,,,True,,LOW,0,,,False,MEDIUM-LOW,4,7.0,False,MEDIUM,7,7,False,MEDIUM,7,7,False,0.2857142857142857,MEDIUM,7,0.3292182286329839,0.3292182286329839,False,0.14285714285714285,MEDIUM,7,0.13757192401671,0.13757192401671,False,MEDIUM,7,1,3272,True,,LOW,0,,,True,,LOW,0,,,False,LOW,0,0,True,LOW,0,,False,LOW,0,0
True,LOW,0,,True,LOW,0,,True,LOW,0,,True,LOW,0,,True,LOW,0,,True,LOW,0,,True,LOW,0,,False,,,تروبرد,False,LOW,0,0,True,,LOW,0,,,True,,LOW,0,,,True,LOW,0,,True,LOW,0,,True,LOW,0,,False,LOW,0,0,False,LOW,0,0,True,,LOW,0,,,True,,LOW,0,,,False,LOW,0,0,True,LOW,0,,True,,LOW,0,,,True,,LOW,0,,,True,LOW,0,,True,LOW,0,,False,LOW,0,0,False,,,14,MEDIUM,MISSING_STRUCTURED,OK,HIGH,OK,INVALID_FINISH,MISSING,False,True,LOW,0,,3268,True,LOW,0,,False,LOW,0,0,True,,LOW,0,,,True,,LOW,0,,,False,,,تروبرد,True,LOW,0,,1995-10-13,False,,,1000,609,False,,,بندرترکمن,False,LOW,0,0,218639,TRAIN,False,LOW,0,0,True,LOW,0,,False,LOW,0,0,,,,False,LOW,0,0,True,,LOW,0,,,True,,LOW,0,,,True,LOW,0,,False,LOW,0,0,False,LOW,0,0,True,,LOW,0,,,True,,LOW,0,,,True,LOW,0,,True,LOW,0,,True,LOW,0,,True,,LOW,0,,,True,,LOW,0,,,True,LOW,0,,3273,True,,LOW,0,,,True,,LOW,0,,,False,LOW,0,0,True,LOW,0,,False,LOW,0,0
True,LOW,0,,True,LOW,0,,True,LOW,0,,True,LOW,0,,True,LOW,0,,True,LOW,0,,True,LOW,0,,False,,,تروبرد,False,LOW,0,0,True,,LOW,0,,,True,,LOW,0,,,True,LOW,0,,True,LOW,0,,True,LOW,0,,False,LOW,0,0,False,LOW,0,0,True,,LOW,0,,,True,,LOW,0,,,False,LOW,0,0,True,LOW,0,,True,,LOW,0,,,True,,LOW,0,,,True,LOW,0,,True,LOW,0,,False,LOW,0,0,False,,,14,MEDIUM,MISSING_STRUCTURED,OK,HIGH,OK,INVALID_FINISH,OK,False,True,LOW,0,,3269,True,LOW,0,,False,LOW,0,0,True,,LOW,0,,,True,,LOW,0,,,False,,,تروبرد,True,LOW,0,,1995-10-13,False,,,1000,609,False,,,بندرترکمن,False,LOW,0,0,218640,TRAIN,False,LOW,0,0,True,LOW,0,,False,LOW,0,0,,,,False,LOW,0,0,True,,LOW,0,,,True,,LOW,0,,,True,LOW,0,,False,LOW,0,0,False,LOW,0,0,True,,LOW,0,,,True,,LOW,0,,,False,MEDIUM-LOW,3,6.666666666666667,False,MEDIUM,9,9,False,MEDIUM,9,9,False,0.1111111111111111,MEDIUM,9,0.21075848168541475,0.21075848168541475,False,0.0,MEDIUM,9,0.04649022058575144,0.04649022058575144,False,MEDIUM,9,0,3274,True,,LOW,0,,,True,,LOW,0,,,False,LOW,0,0,True,LOW,0,,False,LOW,0,0
True,LOW,0,,True,LOW,0,,True,LOW,0,,True,LOW,0,,True,LOW,0,,True,LOW,0,,True,LOW,0,,False,,,تروبرد,False,LOW,0,0,True,,LOW,0,,,True,,LOW,0,,,True,LOW,0,,True,LOW,0,,True,LOW,0,,False,LOW,0,0,False,LOW,0,0,True,,LOW,0,,,True,,LOW,0,,,False,LOW,0,0,True,LOW,0,,True,,LOW,0,,,True,,LOW,0,,,True,LOW,0,,True,LOW,0,,False,LOW,0,0,False,,,14,MEDIUM,MISSING_STRUCTURED,OK,HIGH,OK,INVALID_FINISH,OK,False,True,LOW,0,,3270,True,LOW,0,,False,LOW,0,0,True,,LOW,0,,,True,,LOW,0,,,False,,,تروبرد,True,LOW,0,,1995-10-13,False,,,1000,609,False,,,بندرترکمن,False,LOW,0,0,218641,TRAIN,False,LOW,0,0,True,LOW,0,,False,LOW,0,0,,,,False,LOW,0,0,True,,LOW,0,,,True,,LOW,0,,,True,LOW,0,,False,LOW,0,0,False,LOW,0,0,True,,LOW,0,,,True,,LOW,0,,,False,MEDIUM-LOW,3,2.3333333333333335,False,HIGH,14,14,False,HIGH,14,14,False,0.21428571428571427,HIGH,14,0.2605588812418846,0.2605588812418846,False,0.07142857142857142,HIGH,14,0.08688753095792212,0.08688753095792212,False,HIGH,14,1,3275,True,,LOW,0,,,True,,LOW,0,,,False,LOW,0,0,True,LOW,0,,False,LOW,0,0
True,LOW,0,,True,LOW,0,,True,LOW,0,,True,LOW,0,,True,LOW,0,,True,LOW,0,,True,LOW,0,,False,,,تروبرد,False,LOW,0,0,True,,LOW,0,,,True,,LOW,0,,,True,LOW,0,,True,LOW,0,,True,LOW,0,,False,LOW,0,0,False,LOW,0,0,True,,LOW,0,,,True,,LOW,0,,,False,LOW,0,0,True,LOW,0,,True,,LOW,0,,,True,,LOW,0,,,True,LOW,0,,True,LOW,0,,False,LOW,0,0,False,,,14,MEDIUM,MISSING_STRUCTURED,OK,HIGH,OK,OK,OK,False,True,LOW,0,,3271,True,LOW,0,,False,LOW,0,0,True,,LOW,0,,,True,,LOW,0,,,False,,,تروبرد,True,LOW,0,,1995-10-13,False,,,1000,609,False,,,بندرترکمن,False,LOW,0,0,218642,TRAIN,False,LOW,0,0,True,LOW,0,,False,LOW,0,0,1,1,1,False,LOW,0,0,True,,LOW,0,,,True,,LOW,0,,,True,LOW,0,,False,LOW,0,0,False,LOW,0,0,True,,LOW,0,,,True,,LOW,0,,,False,MEDIUM-LOW,3,6.0,False,HIGH,10,10,False,HIGH,10,10,False,0.2,HIGH,10,0.2633745829063871,0.2633745829063871,False,0.0,HIGH,10,0.04339087254670135,0.04339087254670135,False,HIGH,10,0,3276,True,,LOW,0,,,True,,LOW,0,,,False,LOW,0,0,True,LOW,0,,False,LOW,0,0
True,LOW,0,,True,LOW,0,,True,LOW,0,,True,LOW,0,,True,LOW,0,,True,LOW,0,,True,LOW,0,,False,,,تروبرد,False,LOW,0,0,True,,LOW,0,,,True,,LOW,0,,,True,LOW,0,,True,LOW,0,,True,LOW,0,,False,LOW,0,0,False,LOW,0,0,True,,LOW,0,,,True,,LOW,0,,,False,LOW,0,0,True,LOW,0,,True,,LOW,0,,,True,,LOW,0,,,True,LOW,0,,True,LOW,0,,False,LOW,0,0,False,,,14,MEDIUM,MISSING_STRUCTURED,OK,HIGH,OK,INVALID_FINISH,OK,False,True,LOW,0,,3272,True,LOW,0,,False,LOW,0,0,True,,LOW,0,,,True,,LOW,0,,,False,,,تروبرد,True,LOW,0,,1995-10-13,False,,,1000,609,False,,,بندرترکمن,False,LOW,0,0,218643,TRAIN,False,LOW,0,0,True,LOW,0,,False,LOW,0,0,,,,False,LOW,0,0,True,,LOW,0,,,True,,LOW,0,,,True,LOW,0,,False,LOW,0,0,False,LOW,0,0,True,,LOW,0,,,True,,LOW,0,,,False,MEDIUM-LOW,3,4.666666666666667,False,HIGH,10,10,False,HIGH,10,10,False,0.1,HIGH,10,0.19670791623972045,0.19670791623972045,False,0.0,HIGH,10,0.04339087254670135,0.04339087254670135,False,HIGH,10,0,3277,True,,LOW,0,,,True,,LOW,0,,,False,LOW,0,0,True,LOW,0,,False,LOW,0,0
True,LOW,0,,True,LOW,0,,False,LOW,1,4.0,False,LOW,1,4.0,False,LOW,1,4.0,True,LOW,0,,False,LOW,1,4.0,False,,,تروبرد,False,LOW,2,2,False,0.0,LOW,2,0.27865982051368665,0.27865982051368665,False,0.0,LOW,2,0.09298044117150288,0.09298044117150288,False,LOW,1,4.0,False,LOW,1,4,False,LOW,1,4.0,False,LOW,2,0,False,LOW,2,2,False,0.0,LOW,2,0.27865982051368665,0.27865982051368665,False,0.0,LOW,2,0.09298044117150288,0.09298044117150288,False,LOW,2,0,True,LOW,0,,True,,LOW,0,,,True,,LOW,0,,,False,LOW,1,21,False,LOW,2,0.0,False,LOW,2,2,False,,,14,MEDIUM,MISSING_STRUCTURED,OK,HIGH,OK,OK,OK,False,True,LOW,0,,3273,True,LOW,0,,False,LOW,0,0,True,,LOW,0,,,True,,LOW,0,,,False,,,تروبرد,True,LOW,0,,1995-10-13,False,,,1000,609,False,,,بندرترکمن,False,LOW,2,2,218644,TRAIN,False,LOW,2,2,True,LOW,0,,False,LOW,2,2,2,1,0,False,LOW,2,0,False,0.0,LOW,2,0.27865982051368665,0.27865982051368665,False,0.0,LOW,2,0.27865982051368665,0.27865982051368665,True,LOW,0,,False,LOW,2,0,False,LOW,2,2,False,0.0,LOW,2,0.27865982051368665,0.27865982051368665,False,0.0,LOW,2,0.09298044117150288,0.09298044117150288,False,LOW,2,4.0,False,MEDIUM-LOW,3,3,False,MEDIUM-LOW,3,3,False,0.3333333333333333,MEDIUM-LOW,3,0.36882734294947583,0.36882734294947583,False,0.0,MEDIUM-LOW,3,0.08135788602506502,0.08135788602506502,False,MEDIUM-LOW,3,0,3278,False,0.0,LOW,2,0.09298044117150288,0.09298044117150288,False,0.0,LOW,2,0.09298044117150288,0.09298044117150288,False,LOW,2,0,True,LOW,0,,False,LOW,2,0
True,LOW,0,,True,LOW,0,,True,LOW,0,,True,LOW,0,,True,LOW,0,,True,LOW,0,,True,LOW,0,,False,,,تروبرد,False,LOW,0,0,True,,LOW,0,,,True,,LOW,0,,,True,LOW,0,,True,LOW,0,,True,LOW,0,,False,LOW,0,0,False,LOW,0,0,True,,LOW,0,,,True,,LOW,0,,,False,LOW,0,0,True,LOW,0,,True,,LOW,0,,,True,,LOW,0,,,True,LOW,0,,True,LOW,0,,False,LOW,0,0,False,,,14,MEDIUM,MISSING_STRUCTURED,OK,HIGH,OK,OK,OK,False,True,LOW,0,,3274,True,LOW,0,,False,LOW,0,0,True,,LOW,0,,,True,,LOW,0,,,False,,,تروبرد,True,LOW,0,,1995-10-13,False,,,1000,609,False,,,بندرترکمن,False,LOW,0,0,218645,TRAIN,False,LOW,0,0,True,LOW,0,,False,LOW,0,0,3,1,0,False,LOW,0,0,True,,LOW,0,,,True,,LOW,0,,,True,LOW,0,,False,LOW,0,0,False,LOW,0,0,True,,LOW,0,,,True,,LOW,0,,,False,MEDIUM-LOW,3,1.6666666666666667,False,HIGH,20,20,False,HIGH,20,20,False,0.25,HIGH,20,0.2780247497438323,0.2780247497438323,False,0.05,HIGH,20,0.0660345235280208,0.0660345235280208,False,HIGH,20,1,3279,True,,LOW,0,,,True,,LOW,0,,,False,LOW,0,0,True,LOW,0,,False,LOW,0,0
True,LOW,0,,True,LOW,0,,True,LOW,0,,True,LOW,0,,True,LOW,0,,True,LOW,0,,True,LOW,0,,False,,,تروبرد,False,LOW,0,0,True,,LOW,0,,,True,,LOW,0,,,True,LOW,0,,True,LOW,0,,True,LOW,0,,False,LOW,0,0,False,LOW,0,0,True,,LOW,0,,,True,,LOW,0,,,False,LOW,0,0,True,LOW,0,,True,,LOW,0,,,True,,LOW,0,,,True,LOW,0,,True,LOW,0,,False,LOW,0,0,False,,,14,MEDIUM,MISSING_STRUCTURED,OK,HIGH,OK,INVALID_FINISH,OK,False,True,LOW,0,,3275,True,LOW,0,,False,LOW,0,0,True,,LOW,0,,,True,,LOW,0,,,False,,,تروبرد,True,LOW,0,,1995-10-13,False,,,1000,609,False,,,بندرترکمن,False,LOW,0,0,218646,TRAIN,False,LOW,0,0,True,LOW,0,,False,LOW,0,0,,,,False,LOW,0,0,True,,LOW,0,,,True,,LOW,0,,,True,LOW,0,,False,LOW,0,0,False,LOW,0,0,True,,LOW,0,,,True,,LOW,0,,,False,LOW,1,2.0,False,MEDIUM,5,5,False,MEDIUM,5,5,False,0.2,MEDIUM,5,0.29506187435958064,0.29506187435958064,False,0.0,MEDIUM,5,0.06508630882005202,0.06508630882005202,False,MEDIUM,5,0,3280,True,,LOW,0,,,True,,LOW,0,,,False,LOW,0,0,True,LOW,0,,False,LOW,0,0
True,LOW,0,,True,LOW,0,,True,LOW,0,,True,LOW,0,,True,LOW,0,,True,LOW,0,,True,LOW,0,,False,,,تروبرد,False,LOW,0,0,True,,LOW,0,,,True,,LOW,0,,,True,LOW,0,,True,LOW,0,,True,LOW,0,,False,LOW,0,0,False,LOW,0,0,True,,LOW,0,,,True,,LOW,0,,,False,LOW,0,0,True,LOW,0,,True,,LOW,0,,,True,,LOW,0,,,True,LOW,0,,True,LOW,0,,False,LOW,0,0,False,,,14,MEDIUM,MISSING_STRUCTURED,OK,HIGH,OK,INVALID_FINISH,OK,False,True,LOW,0,,3276,True,LOW,0,,False,LOW,0,0,True,,LOW,0,,,True,,LOW,0,,,False,,,تروبرد,True,LOW,0,,1995-10-13,False,,,1000,609,False,,,بندرترکمن,False,LOW,0,0,218647,TRAIN,False,LOW,0,0,True,LOW,0,,False,LOW,0,0,,,,False,LOW,0,0,True,,LOW,0,,,True,,LOW,0,,,True,LOW,0,,False,LOW,0,0,False,LOW,0,0,True,,LOW,0,,,True,,LOW,0,,,False,LOW,2,5.0,False,HIGH,10,10,False,HIGH,10,10,False,0.1,HIGH,10,0.19670791623972045,0.19670791623972045,False,0.0,HIGH,10,0.04339087254670135,0.04339087254670135,False,HIGH,10,0,3281,True,,LOW,0,,,True,,LOW,0,,,False,LOW,0,0,True,LOW,0,,False,LOW,0,0
True,LOW,0,,True,LOW,0,,True,LOW,0,,True,LOW,0,,True,LOW,0,,True,LOW,0,,True,LOW,0,,False,,,تروبرد,False,LOW,0,0,True,,LOW,0,,,True,,LOW,0,,,True,LOW,0,,True,LOW,0,,True,LOW,0,,False,LOW,0,0,False,LOW,0,0,True,,LOW,0,,,True,,LOW,0,,,False,LOW,0,0,True,LOW,0,,True,,LOW,0,,,True,,LOW,0,,,True,LOW,0,,True,LOW,0,,False,LOW,0,0,False,,,14,MEDIUM,MISSING_STRUCTURED,OK,HIGH,OK,INVALID_FINISH,OK,False,True,LOW,0,,3277,True,LOW,0,,False,LOW,0,0,True,,LOW,0,,,True,,LOW,0,,,False,,,تروبرد,True,LOW,0,,1995-10-13,False,,,1000,610,False,,,بندرترکمن,False,LOW,0,0,218648,TRAIN,False,LOW,0,0,True,LOW,0,,False,LOW,0,0,,,,False,LOW,0,0,True,,LOW,0,,,True,,LOW,0,,,True,LOW,0,,False,LOW,0,0,False,LOW,0,0,True,,LOW,0,,,True,,LOW,0,,,False,LOW,1,3.0,False,MEDIUM-LOW,3,3,False,MEDIUM-LOW,3,3,False,0.3333333333333333,MEDIUM-LOW,3,0.36882734294947583,0.36882734294947583,False,0.0,MEDIUM-LOW,3,0.08135788602506502,0.08135788602506502,False,MEDIUM-LOW,3,0,3282,True,,LOW,0,,,True,,LOW,0,,,False,LOW,0,0,True,LOW,0,,False,LOW,0,0
True,LOW,0,,True,LOW,0,,True,LOW,0,,True,LOW,0,,True,LOW,0,,True,LOW,0,,True,LOW,0,,False,,,تروبرد,False,LOW,1,1,False,0.0,LOW,1,0.32510312393263446,0.32510312393263446,False,0.0,LOW,1,0.10847718136675337,0.10847718136675337,True,LOW,0,,True,LOW,0,,True,LOW,0,,False,LOW,1,0,False,LOW,1,1,False,0.0,LOW,1,0.32510312393263446,0.32510312393263446,False,0.0,LOW,1,0.10847718136675337,0.10847718136675337,False,LOW,1,0,True,LOW,0,,True,,LOW,0,,,True,,LOW,0,,,False,LOW,1,28,False,LOW,1,0.0,False,LOW,1,1,False,,,14,MEDIUM,MISSING_STRUCTURED,OK,HIGH,OK,INVALID_FINISH,OK,False,True,LOW,0,,3278,True,LOW,0,,False,LOW,0,0,True,,LOW,0,,,True,,LOW,0,,,False,,,تروبرد,True,LOW,0,,1995-10-13,False,,,1000,610,False,,,بندرترکمن,False,LOW,1,1,218649,TRAIN,False,LOW,1,1,True,LOW,0,,False,LOW,1,1,,,,False,LOW,1,0,True,,LOW,0,,,False,0.0,LOW,1,0.32510312393263446,0.32510312393263446,True,LOW,0,,False,LOW,1,0,False,LOW,1,1,False,0.0,LOW,1,0.32510312393263446,0.32510312393263446,False,0.0,LOW,1,0.10847718136675337,0.10847718136675337,False,LOW,2,9.5,False,MEDIUM,7,7,False,MEDIUM,7,7,False,0.0,MEDIUM,7,0.16255156196631723,0.16255156196631723,False,0.0,MEDIUM,7,0.054238590683376685,0.054238590683376685,False,MEDIUM,7,0,3283,True,,LOW,0,,,False,0.0,LOW,1,0.10847718136675337,0.10847718136675337,False,LOW,1,0,True,LOW,0,,False,LOW,1,0
True,LOW,0,,True,LOW,0,,True,LOW,0,,True,LOW,0,,True,LOW,0,,True,LOW,0,,True,LOW,0,,False,,,تروبرد,False,LOW,0,0,True,,LOW,0,,,True,,LOW,0,,,True,LOW,0,,True,LOW,0,,True,LOW,0,,False,LOW,0,0,False,LOW,0,0,True,,LOW,0,,,True,,LOW,0,,,False,LOW,0,0,True,LOW,0,,True,,LOW,0,,,True,,LOW,0,,,True,LOW,0,,True,LOW,0,,False,LOW,0,0,False,,,14,MEDIUM,MISSING_STRUCTURED,OK,HIGH,OK,OK,OK,False,True,LOW,0,,3279,True,LOW,0,,False,LOW,0,0,True,,LOW,0,,,True,,LOW,0,,,False,,,تروبرد,True,LOW,0,,1995-10-13,False,,,1000,610,False,,,بندرترکمن,False,LOW,0,0,218650,TRAIN,False,LOW,0,0,True,LOW,0,,False,LOW,0,0,2,1,0,False,LOW,0,0,True,,LOW,0,,,True,,LOW,0,,,True,LOW,0,,False,LOW,0,0,False,LOW,0,0,True,,LOW,0,,,True,,LOW,0,,,False,LOW,2,4.5,False,LOW,2,2,False,LOW,2,2,False,0.0,LOW,2,0.27865982051368665,0.27865982051368665,False,0.0,LOW,2,0.09298044117150288,0.09298044117150288,False,LOW,2,0,3284,True,,LOW,0,,,True,,LOW,0,,,False,LOW,0,0,True,LOW,0,,False,LOW,0,0
True,LOW,0,,True,LOW,0,,True,LOW,0,,True,LOW,0,,True,LOW,0,,True,LOW,0,,True,LOW,0,,False,,,تروبرد,False,LOW,0,0,True,,LOW,0,,,True,,LOW,0,,,True,LOW,0,,True,LOW,0,,True,LOW,0,,False,LOW,0,0,False,LOW,0,0,True,,LOW,0,,,True,,LOW,0,,,False,LOW,0,0,True,LOW,0,,True,,LOW,0,,,True,,LOW,0,,,True,LOW,0,,True,LOW,0,,False,LOW,0,0,False,,,14,MEDIUM,MISSING_STRUCTURED,OK,HIGH,OK,INVALID_FINISH,OK,False,True,LOW,0,,3280,True,LOW,0,,False,LOW,0,0,True,,LOW,0,,,True,,LOW,0,,,False,,,تروبرد,True,LOW,0,,1995-10-13,False,,,1000,610,False,,,بندرترکمن,False,LOW,0,0,218651,TRAIN,False,LOW,0,0,True,LOW,0,,False,LOW,0,0,,,,False,LOW,0,0,True,,LOW,0,,,True,,LOW,0,,,True,LOW,0,,False,LOW,0,0,False,LOW,0,0,True,,LOW,0,,,True,,LOW,0,,,False,LOW,2,4.0,False,HIGH,11,11,False,HIGH,11,11,False,0.09090909090909091,HIGH,11,0.18441367147473792,0.18441367147473792,False,0.0,HIGH,11,0.04067894301253251,0.04067894301253251,False,HIGH,11,0,3285,True,,LOW,0,,,True,,LOW,0,,,False,LOW,0,0,True,LOW,0,,False,LOW,0,0
True,LOW,0,,True,LOW,0,,True,LOW,0,,True,LOW,0,,True,LOW,0,,True,LOW,0,,True,LOW,0,,False,,,تروبرد,False,LOW,1,1,False,0.0,LOW,1,0.32510312393263446,0.32510312393263446,False,0.0,LOW,1,0.10847718136675337,0.10847718136675337,True,LOW,0,,True,LOW,0,,True,LOW,0,,False,LOW,1,0,False,LOW,1,1,False,0.0,LOW,1,0.32510312393263446,0.32510312393263446,False,0.0,LOW,1,0.10847718136675337,0.10847718136675337,False,LOW,1,0,True,LOW,0,,True,,LOW,0,,,True,,LOW,0,,,False,LOW,1,28,False,LOW,1,0.0,False,LOW,1,1,False,,,14,MEDIUM,MISSING_STRUCTURED,OK,HIGH,OK,INVALID_FINISH,OK,False,True,LOW,0,,3281,True,LOW,0,,False,LOW,0,0,True,,LOW,0,,,True,,LOW,0,,,False,,,تروبرد,True,LOW,0,,1995-10-13,False,,,1000,610,False,,,بندرترکمن,False,LOW,1,1,218652,TRAIN,False,LOW,1,1,True,LOW,0,,False,LOW,1,1,,,,False,LOW,1,0,True,,LOW,0,,,False,0.0,LOW,1,0.32510312393263446,0.32510312393263446,True,LOW,0,,False,LOW,1,0,False,LOW,1,1,False,0.0,LOW,1,0.32510312393263446,0.32510312393263446,False,0.0,LOW,1,0.10847718136675337,0.10847718136675337,False,LOW,1,7.0,False,MEDIUM-LOW,3,3,False,MEDIUM-LOW,3,3,False,0.0,MEDIUM-LOW,3,0.24382734294947583,0.24382734294947583,False,0.0,MEDIUM-LOW,3,0.08135788602506502,0.08135788602506502,False,MEDIUM-LOW,3,0,3286,True,,LOW,0,,,False,0.0,LOW,1,0.10847718136675337,0.10847718136675337,False,LOW,1,0,True,LOW,0,,False,LOW,1,0
True,LOW,0,,True,LOW,0,,True,LOW,0,,True,LOW,0,,True,LOW,0,,True,LOW,0,,True,LOW,0,,False,,,تروبرد,False,LOW,0,0,True,,LOW,0,,,True,,LOW,0,,,True,LOW,0,,True,LOW,0,,True,LOW,0,,False,LOW,0,0,False,LOW,0,0,True,,LOW,0,,,True,,LOW,0,,,False,LOW,0,0,True,LOW,0,,True,,LOW,0,,,True,,LOW,0,,,True,LOW,0,,True,LOW,0,,False,LOW,0,0,False,,,14,MEDIUM,MISSING_STRUCTURED,OK,HIGH,OK,INVALID_FINISH,OK,False,True,LOW,0,,3282,True,LOW,0,,False,LOW,1,1,True,,LOW,1,,,True,,LOW,1,,,False,,,تروبرد,True,LOW,0,,1995-10-13,False,,,1000,610,False,,,بندرترکمن,False,LOW,0,0,218653,TRAIN,False,LOW,0,0,True,LOW,0,,False,LOW,0,0,,,,False,LOW,0,0,True,,LOW,0,,,True,,LOW,0,,,True,LOW,0,,False,LOW,0,0,False,LOW,0,0,True,,LOW,0,,,True,,LOW,0,,,False,LOW,2,4.0,False,MEDIUM,7,7,False,MEDIUM,7,7,False,0.14285714285714285,MEDIUM,7,0.24588489529965055,0.24588489529965055,False,0.14285714285714285,MEDIUM,7,0.13757192401671,0.13757192401671,False,MEDIUM,7,1,3287,True,,LOW,0,,,True,,LOW,0,,,False,LOW,0,0,True,LOW,0,,False,LOW,0,0
True,LOW,0,,True,LOW,0,,True,LOW,0,,True,LOW,0,,True,LOW,0,,True,LOW,0,,True,LOW,0,,False,,,تروبرد,False,LOW,0,0,True,,LOW,0,,,True,,LOW,0,,,True,LOW,0,,True,LOW,0,,True,LOW,0,,False,LOW,0,0,False,LOW,0,0,True,,LOW,0,,,True,,LOW,0,,,False,LOW,0,0,True,LOW,0,,True,,LOW,0,,,True,,LOW,0,,,True,LOW,0,,True,LOW,0,,False,LOW,0,0,False,,,14,MEDIUM,MISSING_STRUCTURED,OK,HIGH,OK,INVALID_FINISH,OK,False,True,LOW,0,,3283,True,LOW,0,,False,LOW,0,0,True,,LOW,0,,,True,,LOW,0,,,False,,,تروبرد,True,LOW,0,,1995-10-13,False,,,1000,610,False,,,بندرترکمن,False,LOW,0,0,218654,TRAIN,False,LOW,0,0,True,LOW,0,,False,LOW,0,0,,,,False,LOW,0,0,True,,LOW,0,,,True,,LOW,0,,,True,LOW,0,,False,LOW,0,0,False,LOW,0,0,True,,LOW,0,,,True,,LOW,0,,,False,MEDIUM-LOW,4,6.0,False,HIGH,11,11,False,HIGH,11,11,False,0.18181818181818182,HIGH,11,0.24691367147473792,0.24691367147473792,False,0.0,HIGH,11,0.04067894301253251,0.04067894301253251,False,HIGH,11,0,3288,True,,LOW,0,,,True,,LOW,0,,,False,LOW,0,0,True,LOW,0,,False,LOW,0,0
True,LOW,0,,True,LOW,0,,True,LOW,0,,True,LOW,0,,True,LOW,0,,True,LOW,0,,True,LOW,0,,False,,,تروبرد,False,LOW,1,1,False,0.0,LOW,1,0.32510312393263446,0.32510312393263446,False,0.0,LOW,1,0.10847718136675337,0.10847718136675337,True,LOW,0,,True,LOW,0,,True,LOW,0,,False,LOW,1,0,False,LOW,1,1,False,0.0,LOW,1,0.32510312393263446,0.32510312393263446,False,0.0,LOW,1,0.10847718136675337,0.10847718136675337,False,LOW,1,0,True,LOW,0,,True,,LOW,0,,,True,,LOW,0,,,False,LOW,1,28,False,LOW,1,0.0,False,LOW,1,1,False,,,14,MEDIUM,MISSING_STRUCTURED,OK,HIGH,OK,INVALID_FINISH,OK,False,True,LOW,0,,3284,True,LOW,0,,False,LOW,0,0,True,,LOW,0,,,True,,LOW,0,,,False,,,تروبرد,True,LOW,0,,1995-10-13,False,,,1000,610,False,,,بندرترکمن,False,LOW,1,1,218655,TRAIN,False,LOW,1,1,True,LOW,0,,False,LOW,1,1,,,,False,LOW,1,0,True,,LOW,0,,,False,0.0,LOW,1,0.32510312393263446,0.32510312393263446,True,LOW,0,,False,LOW,1,0,False,LOW,1,1,False,0.0,LOW,1,0.32510312393263446,0.32510312393263446,False,0.0,LOW,1,0.10847718136675337,0.10847718136675337,False,MEDIUM-LOW,4,2.0,False,HIGH,21,21,False,HIGH,21,21,False,0.2857142857142857,HIGH,21,0.3057930285998387,0.3057930285998387,False,0.047619047619047616,HIGH,21,0.06349473416155847,0.06349473416155847,False,HIGH,21,1,3289,True,,LOW,0,,,False,0.0,LOW,1,0.10847718136675337,0.10847718136675337,False,LOW,1,0,True,LOW,0,,False,LOW,1,0
True,LOW,0,,True,LOW,0,,False,LOW,1,6.0,False,LOW,1,6.0,False,LOW,1,6.0,True,LOW,0,,False,LOW,1,6.0,False,,,تروبرد,False,LOW,1,1,False,0.0,LOW,1,0.32510312393263446,0.32510312393263446,False,0.0,LOW,1,0.10847718136675337,0.10847718136675337,False,LOW,1,6.0,False,LOW,1,6,False,LOW,1,6.0,False,LOW,1,0,False,LOW,1,1,False,0.0,LOW,1,0.32510312393263446,0.32510312393263446,False,0.0,LOW,1,0.10847718136675337,0.10847718136675337,False,LOW,1,0,True,LOW,0,,True,,LOW,0,,,True,,LOW,0,,,False,LOW,1,21,False,LOW,1,0.0,False,LOW,1,1,False,,,14,MEDIUM,MISSING_STRUCTURED,OK,HIGH,OK,INVALID_FINISH,OK,False,True,LOW,0,,3285,False,LOW,1,6,False,LOW,0,0,True,,LOW,0,,,True,,LOW,0,,,False,,,تروبرد,True,LOW,0,,1995-10-13,False,,,1000,610,False,,,بندرترکمن,False,LOW,1,1,218656,TRAIN,False,LOW,1,1,True,LOW,0,,False,LOW,1,1,,,,False,LOW,1,0,False,0.0,LOW,1,0.32510312393263446,0.32510312393263446,False,0.0,LOW,1,0.32510312393263446,0.32510312393263446,True,LOW,0,,False,LOW,1,0,False,LOW,1,1,False,0.0,LOW,1,0.32510312393263446,0.32510312393263446,False,0.0,LOW,1,0.10847718136675337,0.10847718136675337,False,MEDIUM-LOW,4,4.75,False,HIGH,11,11,False,HIGH,11,11,False,0.2727272727272727,HIGH,11,0.3094136714747379,0.3094136714747379,False,0.09090909090909091,HIGH,11,0.10317894301253251,0.10317894301253251,False,HIGH,11,1,3290,False,0.0,LOW,1,0.10847718136675337,0.10847718136675337,False,0.0,LOW,1,0.10847718136675337,0.10847718136675337,False,LOW,1,0,True,LOW,0,,False,LOW,1,0
True,LOW,0,,True,LOW,0,,True,LOW,0,,True,LOW,0,,True,LOW,0,,True,LOW,0,,True,LOW,0,,False,,,تروبرد,False,LOW,0,0,True,,LOW,0,,,True,,LOW,0,,,True,LOW,0,,True,LOW,0,,True,LOW,0,,False,LOW,0,0,False,LOW,0,0,True,,LOW,0,,,True,,LOW,0,,,False,LOW,0,0,True,LOW,0,,True,,LOW,0,,,True,,LOW,0,,,True,LOW,0,,True,LOW,0,,False,LOW,0,0,False,,,14,MEDIUM,MISSING_STRUCTURED,OK,HIGH,OK,INVALID_FINISH,OK,False,True,LOW,0,,3286,True,LOW,0,,False,LOW,0,0,True,,LOW,0,,,True,,LOW,0,,,False,,,تروبرد,True,LOW,0,,1995-10-13,False,,,1000,610,False,,,بندرترکمن,False,LOW,0,0,218657,TRAIN,False,LOW,0,0,True,LOW,0,,False,LOW,0,0,,,,False,LOW,0,0,True,,LOW,0,,,True,,LOW,0,,,True,LOW,0,,False,LOW,0,0,False,LOW,0,0,True,,LOW,0,,,True,,LOW,0,,,False,LOW,1,1.0,False,LOW,2,2,False,LOW,2,2,False,0.5,LOW,2,0.4215169633708295,0.4215169633708295,False,0.5,LOW,2,0.23583758402864574,0.23583758402864574,False,LOW,2,1,3291,True,,LOW,0,,,True,,LOW,0,,,False,LOW,0,0,True,LOW,0,,False,LOW,0,0
True,LOW,0,,True,LOW,0,,True,LOW,0,,True,LOW,0,,True,LOW,0,,True,LOW,0,,True,LOW,0,,False,,,تروبرد,False,LOW,0,0,True,,LOW,0,,,True,,LOW,0,,,True,LOW,0,,True,LOW,0,,True,LOW,0,,False,LOW,0,0,False,LOW,0,0,True,,LOW,0,,,True,,LOW,0,,,False,LOW,0,0,True,LOW,0,,True,,LOW,0,,,True,,LOW,0,,,True,LOW,0,,True,LOW,0,,False,LOW,0,0,False,,,14,MEDIUM,MISSING_STRUCTURED,OK,HIGH,OK,INVALID_FINISH,OK,False,True,LOW,0,,3287,True,LOW,0,,False,LOW,0,0,True,,LOW,0,,,True,,LOW,0,,,False,,,تروبرد,True,LOW,0,,1995-10-13,False,,,1000,610,False,,,بندرترکمن,False,LOW,0,0,218658,TRAIN,False,LOW,0,0,True,LOW,0,,False,LOW,0,0,,,,False,LOW,0,0,True,,LOW,0,,,True,,LOW,0,,,True,LOW,0,,False,LOW,0,0,False,LOW,0,0,True,,LOW,0,,,True,,LOW,0,,,False,LOW,1,2.0,False,MEDIUM,6,6,False,MEDIUM,6,6,False,0.16666666666666666,MEDIUM,6,0.26823806759961877,0.26823806759961877,False,0.0,MEDIUM,6,0.059169371654592746,0.059169371654592746,False,MEDIUM,6,0,3292,True,,LOW,0,,,True,,LOW,0,,,False,LOW,0,0,True,LOW,0,,False,LOW,0,0
True,LOW,0,,True,LOW,0,,True,LOW,0,,True,LOW,0,,True,LOW,0,,True,LOW,0,,True,LOW,0,,False,,,تروبرد,False,LOW,0,0,True,,LOW,0,,,True,,LOW,0,,,True,LOW,0,,True,LOW,0,,True,LOW,0,,False,LOW,0,0,False,LOW,0,0,True,,LOW,0,,,True,,LOW,0,,,False,LOW,0,0,True,LOW,0,,True,,LOW,0,,,True,,LOW,0,,,True,LOW,0,,True,LOW,0,,False,LOW,0,0,False,,,14,MEDIUM,MISSING_STRUCTURED,OK,HIGH,OK,INVALID_FINISH,OK,False,True,LOW,0,,3288,True,LOW,0,,False,LOW,1,1,True,,LOW,1,,,True,,LOW,1,,,False,,,تروبرد,True,LOW,0,,1995-10-13,False,,,1000,610,False,,,بندرترکمن,False,LOW,0,0,218659,TRAIN,False,LOW,0,0,True,LOW,0,,False,LOW,0,0,,,,False,LOW,0,0,True,,LOW,0,,,True,,LOW,0,,,True,LOW,0,,False,LOW,0,0,False,LOW,0,0,True,,LOW,0,,,True,,LOW,0,,,False,LOW,1,7.0,False,HIGH,11,11,False,HIGH,11,11,False,0.09090909090909091,HIGH,11,0.18441367147473792,0.18441367147473792,False,0.0,HIGH,11,0.04067894301253251,0.04067894301253251,False,HIGH,11,0,3293,True,,LOW,0,,,True,,LOW,0,,,False,LOW,0,0,True,LOW,0,,False,LOW,0,0
True,LOW,0,,True,LOW,0,,True,LOW,0,,True,LOW,0,,True,LOW,0,,True,LOW,0,,True,LOW,0,,False,,,تروبرد,False,LOW,0,0,True,,LOW,0,,,True,,LOW,0,,,True,LOW,0,,True,LOW,0,,True,LOW,0,,False,LOW,0,0,False,LOW,0,0,True,,LOW,0,,,True,,LOW,0,,,False,LOW,0,0,True,LOW,0,,True,,LOW,0,,,True,,LOW,0,,,True,LOW,0,,True,LOW,0,,False,LOW,0,0,False,,,14,MEDIUM,MISSING_STRUCTURED,OK,HIGH,OK,OK,OK,False,True,LOW,0,,3289,True,LOW,0,,False,LOW,0,0,True,,LOW,0,,,True,,LOW,0,,,False,,,تروبرد,True,LOW,0,,1995-10-13,False,,,1000,610,False,,,بندرترکمن,False,LOW,0,0,218660,TRAIN,False,LOW,0,0,True,LOW,0,,False,LOW,0,0,1,1,1,False,LOW,0,0,True,,LOW,0,,,True,,LOW,0,,,True,LOW,0,,False,LOW,0,0,False,LOW,0,0,True,,LOW,0,,,True,,LOW,0,,,False,MEDIUM-LOW,4,2.0,False,HIGH,22,22,False,HIGH,22,22,False,0.2727272727272727,HIGH,22,0.2944673608739188,0.2944673608739188,False,0.045454545454545456,HIGH,22,0.06114307734076001,0.06114307734076001,False,HIGH,22,1,3294,True,,LOW,0,,,True,,LOW,0,,,False,LOW,0,0,True,LOW,0,,False,LOW,0,0
True,LOW,0,,True,LOW,0,,True,LOW,0,,True,LOW,0,,True,LOW,0,,True,LOW,0,,True,LOW,0,,False,,,تروبرد,False,LOW,1,1,False,0.0,LOW,1,0.32510312393263446,0.32510312393263446,False,0.0,LOW,1,0.10847718136675337,0.10847718136675337,True,LOW,0,,True,LOW,0,,True,LOW,0,,False,LOW,1,0,False,LOW,1,1,False,0.0,LOW,1,0.32510312393263446,0.32510312393263446,False,0.0,LOW,1,0.10847718136675337,0.10847718136675337,False,LOW,1,0,True,LOW,0,,True,,LOW,0,,,True,,LOW,0,,,False,LOW,1,28,False,LOW,1,0.0,False,LOW,1,1,False,,,14,MEDIUM,MISSING_STRUCTURED,OK,HIGH,OK,INVALID_FINISH,OK,False,True,LOW,0,,3290,True,LOW,0,,False,LOW,0,0,True,,LOW,0,,,True,,LOW,0,,,False,,,تروبرد,True,LOW,0,,1995-10-13,False,,,1000,610,False,,,بندرترکمن,False,LOW,1,1,218661,TRAIN,False,LOW,1,1,True,LOW,0,,False,LOW,1,1,,,,False,LOW,1,0,True,,LOW,0,,,False,0.0,LOW,1,0.32510312393263446,0.32510312393263446,True,LOW,0,,False,LOW,1,0,False,LOW,1,1,False,0.0,LOW,1,0.32510312393263446,0.32510312393263446,False,0.0,LOW,1,0.10847718136675337,0.10847718136675337,True,LOW,0,,False,MEDIUM,7,7,False,MEDIUM,7,7,False,0.14285714285714285,MEDIUM,7,0.24588489529965055,0.24588489529965055,False,0.0,MEDIUM,7,0.054238590683376685,0.054238590683376685,False,MEDIUM,7,0,3295,True,,LOW,0,,,False,0.0,LOW,1,0.10847718136675337,0.10847718136675337,False,LOW,1,0,True,LOW,0,,False,LOW,1,0
True,LOW,0,,True,LOW,0,,True,LOW,0,,True,LOW,0,,True,LOW,0,,True,LOW,0,,True,LOW,0,,False,,,تروبرد,False,LOW,0,0,True,,LOW,0,,,True,,LOW,0,,,True,LOW,0,,True,LOW,0,,True,LOW,0,,False,LOW,0,0,False,LOW,0,0,True,,LOW,0,,,True,,LOW,0,,,False,LOW,0,0,True,LOW,0,,True,,LOW,0,,,True,,LOW,0,,,True,LOW,0,,True,LOW,0,,False,LOW,0,0,False,,,14,MEDIUM,MISSING_STRUCTURED,OK,HIGH,OK,INVALID_FINISH,MISSING,False,True,LOW,0,,3291,True,LOW,0,,False,LOW,0,0,True,,LOW,0,,,True,,LOW,0,,,False,,,تروبرد,True,LOW,0,,1995-10-13,False,,,1000,611,False,,,بندرترکمن,False,LOW,0,0,218662,TRAIN,False,LOW,0,0,True,LOW,0,,False,LOW,0,0,,,,False,LOW,0,0,True,,LOW,0,,,True,,LOW,0,,,True,LOW,0,,False,LOW,0,0,False,LOW,0,0,True,,LOW,0,,,True,,LOW,0,,,True,LOW,0,,True,LOW,0,,True,LOW,0,,True,,LOW,0,,,True,,LOW,0,,,True,LOW,0,,3296,True,,LOW,0,,,True,,LOW,0,,,False,LOW,0,0,True,LOW,0,,False,LOW,0,0
True,LOW,0,,True,LOW,0,,True,LOW,0,,True,LOW,0,,True,LOW,0,,True,LOW,0,,True,LOW,0,,False,,,تروبرد,False,LOW,0,0,True,,LOW,0,,,True,,LOW,0,,,True,LOW,0,,True,LOW,0,,True,LOW,0,,False,LOW,0,0,False,LOW,0,0,True,,LOW,0,,,True,,LOW,0,,,False,LOW,0,0,True,LOW,0,,True,,LOW,0,,,True,,LOW,0,,,True,LOW,0,,True,LOW,0,,False,LOW,0,0,False,,,14,MEDIUM,MISSING_STRUCTURED,OK,HIGH,OK,INVALID_FINISH,OK,False,True,LOW,0,,3292,True,LOW,0,,False,LOW,0,0,True,,LOW,0,,,True,,LOW,0,,,False,,,تروبرد,True,LOW,0,,1995-10-13,False,,,1000,611,False,,,بندرترکمن,False,LOW,0,0,218663,TRAIN,False,LOW,0,0,True,LOW,0,,False,LOW,0,0,,,,False,LOW,0,0,True,,LOW,0,,,True,,LOW,0,,,True,LOW,0,,False,LOW,0,0,False,LOW,0,0,True,,LOW,0,,,True,,LOW,0,,,False,LOW,2,1.5,False,HIGH,15,15,False,HIGH,15,15,False,0.2,HIGH,15,0.24753093717979033,0.24753093717979033,False,0.06666666666666667,HIGH,15,0.082543154410026,0.082543154410026,False,HIGH,15,1,3297,True,,LOW,0,,,True,,LOW,0,,,False,LOW,0,0,True,LOW,0,,False,LOW,0,0
True,LOW,0,,True,LOW,0,,True,LOW,0,,True,LOW,0,,True,LOW,0,,True,LOW,0,,True,LOW,0,,False,,,تروبرد,False,LOW,0,0,True,,LOW,0,,,True,,LOW,0,,,True,LOW,0,,True,LOW,0,,True,LOW,0,,False,LOW,0,0,False,LOW,0,0,True,,LOW,0,,,True,,LOW,0,,,False,LOW,0,0,True,LOW,0,,True,,LOW,0,,,True,,LOW,0,,,True,LOW,0,,True,LOW,0,,False,LOW,0,0,False,,,14,MEDIUM,MISSING_STRUCTURED,OK,HIGH,OK,OK,MISSING,False,True,LOW,0,,3293,True,LOW,0,,False,LOW,0,0,True,,LOW,0,,,True,,LOW,0,,,False,,,تروبرد,True,LOW,0,,1995-10-13,False,,,1000,611,False,,,بندرترکمن,False,LOW,0,0,218664,TRAIN,False,LOW,0,0,True,LOW,0,,False,LOW,0,0,2,1,0,False,LOW,0,0,True,,LOW,0,,,True,,LOW,0,,,True,LOW,0,,False,LOW,0,0,False,LOW,0,0,True,,LOW,0,,,True,,LOW,0,,,True,LOW,0,,True,LOW,0,,True,LOW,0,,True,,LOW,0,,,True,,LOW,0,,,True,LOW,0,,3298,True,,LOW,0,,,True,,LOW,0,,,False,LOW,0,0,True,LOW,0,,False,LOW,0,0
True,LOW,0,,True,LOW,0,,True,LOW,0,,True,LOW,0,,True,LOW,0,,True,LOW,0,,True,LOW,0,,False,,,تروبرد,False,LOW,0,0,True,,LOW,0,,,True,,LOW,0,,,True,LOW,0,,True,LOW,0,,True,LOW,0,,False,LOW,0,0,False,LOW,0,0,True,,LOW,0,,,True,,LOW,0,,,False,LOW,0,0,True,LOW,0,,True,,LOW,0,,,True,,LOW,0,,,True,LOW,0,,True,LOW,0,,False,LOW,0,0,False,,,14,MEDIUM,MISSING_STRUCTURED,OK,HIGH,OK,OK,OK,False,True,LOW,0,,3294,True,LOW,0,,False,LOW,0,0,True,,LOW,0,,,True,,LOW,0,,,False,,,تروبرد,True,LOW,0,,1995-10-13,False,,,1000,611,False,,,بندرترکمن,False,LOW,0,0,218665,TRAIN,False,LOW,0,0,True,LOW,0,,False,LOW,0,0,1,1,1,False,LOW,0,0,True,,LOW,0,,,True,,LOW,0,,,True,LOW,0,,False,LOW,0,0,False,LOW,0,0,True,,LOW,0,,,True,,LOW,0,,,False,MEDIUM-LOW,3,6.0,False,MEDIUM,8,8,False,MEDIUM,8,8,False,0.25,MEDIUM,8,0.30389374950736975,0.30389374950736975,False,0.125,MEDIUM,8,0.12698946832311694,0.12698946832311694,False,MEDIUM,8,1,3299,True,,LOW,0,,,True,,LOW,0,,,False,LOW,0,0,True,LOW,0,,False,LOW,0,0
True,LOW,0,,True,LOW,0,,True,LOW,0,,True,LOW,0,,True,LOW,0,,True,LOW,0,,True,LOW,0,,False,,,تروبرد,False,LOW,1,1,False,0.0,LOW,1,0.32510312393263446,0.32510312393263446,False,0.0,LOW,1,0.10847718136675337,0.10847718136675337,True,LOW,0,,True,LOW,0,,True,LOW,0,,False,LOW,1,0,False,LOW,1,1,False,0.0,LOW,1,0.32510312393263446,0.32510312393263446,False,0.0,LOW,1,0.10847718136675337,0.10847718136675337,False,LOW,1,0,True,LOW,0,,True,,LOW,0,,,True,,LOW,0,,,False,LOW,1,21,False,LOW,1,0.0,False,LOW,1,1,False,,,14,MEDIUM,MISSING_STRUCTURED,OK,HIGH,OK,INVALID_FINISH,OK,False,True,LOW,0,,3295,True,LOW,0,,False,LOW,0,0,True,,LOW,0,,,True,,LOW,0,,,False,,,تروبرد,True,LOW,0,,1995-10-13,False,,,1000,611,False,,,بندرترکمن,False,LOW,1,1,218666,TRAIN,False,LOW,1,1,True,LOW,0,,False,LOW,1,1,,,,False,LOW,1,0,True,,LOW,0,,,False,0.0,LOW,1,0.32510312393263446,0.32510312393263446,True,LOW,0,,False,LOW,1,0,False,LOW,1,1,False,0.0,LOW,1,0.32510312393263446,0.32510312393263446,False,0.0,LOW,1,0.10847718136675337,0.10847718136675337,False,LOW,1,1.0,False,MEDIUM,8,8,False,MEDIUM,8,8,False,0.125,MEDIUM,8,0.22697067258429282,0.22697067258429282,False,0.125,MEDIUM,8,0.12698946832311694,0.12698946832311694,False,MEDIUM,8,1,3300,True,,LOW,0,,,False,0.0,LOW,1,0.10847718136675337,0.10847718136675337,False,LOW,1,0,True,LOW,0,,False,LOW,1,0
True,LOW,0,,True,LOW,0,,True,LOW,0,,True,LOW,0,,True,LOW,0,,True,LOW,0,,True,LOW,0,,False,,,تروبرد,False,LOW,1,1,False,0.0,LOW,1,0.32510312393263446,0.32510312393263446,False,0.0,LOW,1,0.10847718136675337,0.10847718136675337,True,LOW,0,,True,LOW,0,,True,LOW,0,,False,LOW,1,0,False,LOW,1,1,False,0.0,LOW,1,0.32510312393263446,0.32510312393263446,False,0.0,LOW,1,0.10847718136675337,0.10847718136675337,False,LOW,1,0,True,LOW,0,,True,,LOW,0,,,True,,LOW,0,,,False,LOW,1,28,False,LOW,1,0.0,False,LOW,1,1,False,,,14,MEDIUM,MISSING_STRUCTURED,OK,HIGH,OK,INVALID_FINISH,OK,False,True,LOW,0,,3296,True,LOW,0,,False,LOW,0,0,True,,LOW,0,,,True,,LOW,0,,,False,,,تروبرد,True,LOW,0,,1995-10-13,False,,,1000,611,False,,,بندرترکمن,False,LOW,1,1,218667,TRAIN,False,LOW,1,1,True,LOW,0,,False,LOW,1,1,,,,False,LOW,1,0,True,,LOW,0,,,False,0.0,LOW,1,0.32510312393263446,0.32510312393263446,True,LOW,0,,False,LOW,1,0,False,LOW,1,1,False,0.0,LOW,1,0.32510312393263446,0.32510312393263446,False,0.0,LOW,1,0.10847718136675337,0.10847718136675337,False,MEDIUM-LOW,4,1.75,False,HIGH,23,23,False,HIGH,23,23,False,0.30434782608695654,HIGH,23,0.3196649551284217,0.3196649551284217,False,0.08695652173913043,HIGH,23,0.09467368172144715,0.09467368172144715,False,HIGH,23,2,3301,True,,LOW,0,,,False,0.0,LOW,1,0.10847718136675337,0.10847718136675337,False,LOW,1,0,True,LOW,0,,False,LOW,1,0
True,LOW,0,,True,LOW,0,,True,LOW,0,,True,LOW,0,,True,LOW,0,,True,LOW,0,,True,LOW,0,,False,,,تروبرد,False,LOW,0,0,True,,LOW,0,,,True,,LOW,0,,,True,LOW,0,,True,LOW,0,,True,LOW,0,,False,LOW,0,0,False,LOW,0,0,True,,LOW,0,,,True,,LOW,0,,,False,LOW,0,0,True,LOW,0,,True,,LOW,0,,,True,,LOW,0,,,True,LOW,0,,True,LOW,0,,False,LOW,0,0,False,,,14,MEDIUM,MISSING_STRUCTURED,OK,HIGH,OK,INVALID_FINISH,OK,False,True,LOW,0,,3297,True,LOW,0,,False,LOW,0,0,True,,LOW,0,,,True,,LOW,0,,,False,,,تروبرد,True,LOW,0,,1995-10-13,False,,,1000,611,False,,,بندرترکمن,False,LOW,0,0,218668,TRAIN,False,LOW,0,0,True,LOW,0,,False,LOW,0,0,,,,False,LOW,0,0,True,,LOW,0,,,True,,LOW,0,,,True,LOW,0,,False,LOW,0,0,False,LOW,0,0,True,,LOW,0,,,True,,LOW,0,,,False,MEDIUM-LOW,3,3.3333333333333335,False,HIGH,15,15,False,HIGH,15,15,False,0.13333333333333333,HIGH,15,0.19753093717979034,0.19753093717979034,False,0.06666666666666667,HIGH,15,0.082543154410026,0.082543154410026,False,HIGH,15,1,3302,True,,LOW,0,,,True,,LOW,0,,,False,LOW,0,0,True,LOW,0,,False,LOW,0,0
True,LOW,0,,True,LOW,0,,True,LOW,0,,True,LOW,0,,True,LOW,0,,True,LOW,0,,True,LOW,0,,False,,,تروبرد,False,LOW,0,0,True,,LOW,0,,,True,,LOW,0,,,True,LOW,0,,True,LOW,0,,True,LOW,0,,False,LOW,0,0,False,LOW,0,0,True,,LOW,0,,,True,,LOW,0,,,False,LOW,0,0,True,LOW,0,,True,,LOW,0,,,True,,LOW,0,,,True,LOW,0,,True,LOW,0,,False,LOW,0,0,False,,,14,MEDIUM,MISSING_STRUCTURED,OK,HIGH,OK,INVALID_FINISH,OK,False,True,LOW,0,,3298,True,LOW,0,,False,LOW,0,0,True,,LOW,0,,,True,,LOW,0,,,False,,,تروبرد,True,LOW,0,,1995-10-13,False,,,1000,611,False,,,بندرترکمن,False,LOW,0,0,218669,TRAIN,False,LOW,0,0,True,LOW,0,,False,LOW,0,0,,,,False,LOW,0,0,True,,LOW,0,,,True,,LOW,0,,,True,LOW,0,,False,LOW,0,0,False,LOW,0,0,True,,LOW,0,,,True,,LOW,0,,,False,MEDIUM-LOW,3,2.0,False,HIGH,24,24,False,HIGH,24,24,False,0.2916666666666667,HIGH,24,0.3086420256412347,0.3086420256412347,False,0.08333333333333333,HIGH,24,0.09140907200691448,0.09140907200691448,False,HIGH,24,2,3303,True,,LOW,0,,,True,,LOW,0,,,False,LOW,0,0,True,LOW,0,,False,LOW,0,0
True,LOW,0,,True,LOW,0,,True,LOW,0,,True,LOW,0,,True,LOW,0,,True,LOW,0,,True,LOW,0,,False,,,تروبرد,False,LOW,1,1,False,0.0,LOW,1,0.32510312393263446,0.32510312393263446,False,0.0,LOW,1,0.10847718136675337,0.10847718136675337,True,LOW,0,,True,LOW,0,,True,LOW,0,,False,LOW,1,0,False,LOW,1,1,False,0.0,LOW,1,0.32510312393263446,0.32510312393263446,False,0.0,LOW,1,0.10847718136675337,0.10847718136675337,False,LOW,1,0,True,LOW,0,,True,,LOW,0,,,True,,LOW,0,,,False,LOW,1,28,False,LOW,1,0.0,False,LOW,1,1,False,,,14,MEDIUM,MISSING_STRUCTURED,OK,HIGH,OK,INVALID_FINISH,OK,False,True,LOW,0,,3299,True,LOW,0,,False,LOW,1,1,True,,LOW,1,,,True,,LOW,1,,,False,,,تروبرد,True,LOW,0,,1995-10-13,False,,,1000,611,False,,,بندرترکمن,False,LOW,1,1,218670,TRAIN,False,LOW,1,1,True,LOW,0,,False,LOW,1,1,,,,False,LOW,1,0,True,,LOW,0,,,False,0.0,LOW,1,0.32510312393263446,0.32510312393263446,True,LOW,0,,False,LOW,1,0,False,LOW,1,1,False,0.0,LOW,1,0.32510312393263446,0.32510312393263446,False,0.0,LOW,1,0.10847718136675337,0.10847718136675337,False,LOW,1,1.0,False,MEDIUM-LOW,3,3,False,MEDIUM-LOW,3,3,False,0.3333333333333333,MEDIUM-LOW,3,0.36882734294947583,0.36882734294947583,False,0.3333333333333333,MEDIUM-LOW,3,0.20635788602506502,0.20635788602506502,False,MEDIUM-LOW,3,1,3304,True,,LOW,0,,,False,0.0,LOW,1,0.10847718136675337,0.10847718136675337,False,LOW,1,0,True,LOW,0,,False,LOW,1,0
True,LOW,0,,True,LOW,0,,True,LOW,0,,True,LOW,0,,True,LOW,0,,True,LOW,0,,True,LOW,0,,False,,,تروبرد,False,LOW,0,0,True,,LOW,0,,,True,,LOW,0,,,True,LOW,0,,True,LOW,0,,True,LOW,0,,False,LOW,0,0,False,LOW,0,0,True,,LOW,0,,,True,,LOW,0,,,False,LOW,0,0,True,LOW,0,,True,,LOW,0,,,True,,LOW,0,,,True,LOW,0,,True,LOW,0,,False,LOW,0,0,False,,,14,MEDIUM,MISSING_STRUCTURED,OK,HIGH,OK,INVALID_FINISH,OK,False,True,LOW,0,,3300,True,LOW,0,,False,LOW,0,0,True,,LOW,0,,,True,,LOW,0,,,False,,,تروبرد,True,LOW,0,,1995-10-13,False,,,1000,611,False,,,بندرترکمن,False,LOW,0,0,218671,TRAIN,False,LOW,0,0,True,LOW,0,,False,LOW,0,0,,,,False,LOW,0,0,True,,LOW,0,,,True,,LOW,0,,,True,LOW,0,,False,LOW,0,0,False,LOW,0,0,True,,LOW,0,,,True,,LOW,0,,,False,MEDIUM-LOW,3,6.333333333333333,False,HIGH,12,12,False,HIGH,12,12,False,0.16666666666666666,HIGH,12,0.23238933785857685,0.23238933785857685,False,0.0,HIGH,12,0.0382860640117953,0.0382860640117953,False,HIGH,12,0,3305,True,,LOW,0,,,True,,LOW,0,,,False,LOW,0,0,True,LOW,0,,False,LOW,0,0
True,LOW,0,,True,LOW,0,,True,LOW,0,,True,LOW,0,,True,LOW,0,,True,LOW,0,,True,LOW,0,,False,,,تروبرد,False,LOW,1,1,False,0.0,LOW,1,0.32510312393263446,0.32510312393263446,False,0.0,LOW,1,0.10847718136675337,0.10847718136675337,True,LOW,0,,True,LOW,0,,True,LOW,0,,False,LOW,1,0,False,LOW,1,1,False,0.0,LOW,1,0.32510312393263446,0.32510312393263446,False,0.0,LOW,1,0.10847718136675337,0.10847718136675337,False,LOW,1,0,True,LOW,0,,True,,LOW,0,,,True,,LOW,0,,,False,LOW,1,28,False,LOW,1,0.0,False,LOW,1,1,False,,,14,MEDIUM,MISSING_STRUCTURED,OK,HIGH,OK,INVALID_FINISH,OK,False,True,LOW,0,,3301,True,LOW,0,,False,LOW,0,0,True,,LOW,0,,,True,,LOW,0,,,False,,,تروبرد,True,LOW,0,,1995-10-13,False,,,1000,611,False,,,بندرترکمن,False,LOW,1,1,218672,TRAIN,False,LOW,1,1,True,LOW,0,,False,LOW,1,1,,,,False,LOW,1,0,True,,LOW,0,,,False,0.0,LOW,1,0.32510312393263446,0.32510312393263446,True,LOW,0,,False,LOW,1,0,False,LOW,1,1,False,0.0,LOW,1,0.32510312393263446,0.32510312393263446,False,0.0,LOW,1,0.10847718136675337,0.10847718136675337,False,LOW,1,7.0,False,HIGH,12,12,False,HIGH,12,12,False,0.08333333333333333,HIGH,12,0.17356580844681216,0.17356580844681216,False,0.0,HIGH,12,0.0382860640117953,0.0382860640117953,False,HIGH,12,0,3306,True,,LOW,0,,,False,0.0,LOW,1,0.10847718136675337,0.10847718136675337,False,LOW,1,0,True,LOW,0,,False,LOW,1,0
True,LOW,0,,True,LOW,0,,True,LOW,0,,True,LOW,0,,True,LOW,0,,True,LOW,0,,True,LOW,0,,False,,,تروبرد,False,LOW,1,1,False,0.0,LOW,1,0.32510312393263446,0.32510312393263446,False,0.0,LOW,1,0.10847718136675337,0.10847718136675337,True,LOW,0,,True,LOW,0,,True,LOW,0,,False,LOW,1,0,False,LOW,1,1,False,0.0,LOW,1,0.32510312393263446,0.32510312393263446,False,0.0,LOW,1,0.10847718136675337,0.10847718136675337,False,LOW,1,0,True,LOW,0,,True,,LOW,0,,,True,,LOW,0,,,False,LOW,1,21,False,LOW,1,0.0,False,LOW,1,1,False,,,14,MEDIUM,MISSING_STRUCTURED,OK,HIGH,OK,INVALID_FINISH,OK,False,True,LOW,0,,3302,True,LOW,0,,False,LOW,1,1,True,,LOW,1,,,True,,LOW,1,,,False,,,تروبرد,True,LOW,0,,1995-10-13,False,,,1000,611,False,,,بندرترکمن,False,LOW,1,1,218673,TRAIN,False,LOW,1,1,True,LOW,0,,False,LOW,1,1,,,,False,LOW,1,0,True,,LOW,0,,,False,0.0,LOW,1,0.32510312393263446,0.32510312393263446,True,LOW,0,,False,LOW,1,0,False,LOW,1,1,False,0.0,LOW,1,0.32510312393263446,0.32510312393263446,False,0.0,LOW,1,0.10847718136675337,0.10847718136675337,True,LOW,0,,False,MEDIUM,8,8,False,MEDIUM,8,8,False,0.125,MEDIUM,8,0.22697067258429282,0.22697067258429282,False,0.0,MEDIUM,8,0.05006639140004002,0.05006639140004002,False,MEDIUM,8,0,3307,True,,LOW,0,,,False,0.0,LOW,1,0.10847718136675337,0.10847718136675337,False,LOW,1,0,True,LOW,0,,False,LOW,1,0
True,LOW,0,,True,LOW,0,,True,LOW,0,,True,LOW,0,,True,LOW,0,,True,LOW,0,,True,LOW,0,,False,,,تروبرد,False,LOW,0,0,True,,LOW,0,,,True,,LOW,0,,,True,LOW,0,,True,LOW,0,,True,LOW,0,,False,LOW,0,0,False,LOW,0,0,True,,LOW,0,,,True,,LOW,0,,,False,LOW,0,0,True,LOW,0,,True,,LOW,0,,,True,,LOW,0,,,True,LOW,0,,True,LOW,0,,False,LOW,0,0,False,,,14,MEDIUM,MISSING_STRUCTURED,OK,HIGH,OK,INVALID_FINISH,OK,False,True,LOW,0,,3303,True,LOW,0,,False,LOW,0,0,True,,LOW,0,,,True,,LOW,0,,,False,,,تروبرد,True,LOW,0,,1995-10-13,False,,,1000,611,False,,,بندرترکمن,False,LOW,0,0,218674,TRAIN,False,LOW,0,0,True,LOW,0,,False,LOW,0,0,,,,False,LOW,0,0,True,,LOW,0,,,True,,LOW,0,,,True,LOW,0,,False,LOW,0,0,False,LOW,0,0,True,,LOW,0,,,True,,LOW,0,,,True,LOW,0,,False,MEDIUM,9,9,False,MEDIUM,9,9,False,0.1111111111111111,MEDIUM,9,0.21075848168541475,0.21075848168541475,False,0.0,MEDIUM,9,0.04649022058575144,0.04649022058575144,False,MEDIUM,9,0,3308,True,,LOW,0,,,True,,LOW,0,,,False,LOW,0,0,True,LOW,0,,False,LOW,0,0
True,LOW,0,,True,LOW,0,,True,LOW,0,,True,LOW,0,,True,LOW,0,,True,LOW,0,,True,LOW,0,,False,,,تروبرد,False,LOW,0,0,True,,LOW,0,,,True,,LOW,0,,,True,LOW,0,,True,LOW,0,,True,LOW,0,,False,LOW,0,0,False,LOW,0,0,True,,LOW,0,,,True,,LOW,0,,,False,LOW,0,0,True,LOW,0,,True,,LOW,0,,,True,,LOW,0,,,True,LOW,0,,True,LOW,0,,False,LOW,0,0,False,,,14,MEDIUM,MISSING_STRUCTURED,OK,HIGH,OK,INVALID_FINISH,OK,False,True,LOW,0,,3304,True,LOW,0,,False,LOW,0,0,True,,LOW,0,,,True,,LOW,0,,,False,,,تروبرد,True,LOW,0,,1995-10-13,False,,,1000,611,False,,,بندرترکمن,False,LOW,0,0,218675,TRAIN,False,LOW,0,0,True,LOW,0,,False,LOW,0,0,,,,False,LOW,0,0,True,,LOW,0,,,True,,LOW,0,,,True,LOW,0,,False,LOW,0,0,False,LOW,0,0,True,,LOW,0,,,True,,LOW,0,,,False,LOW,2,6.0,False,MEDIUM,6,6,False,MEDIUM,6,6,False,0.0,MEDIUM,6,0.17732897669052788,0.17732897669052788,False,0.0,MEDIUM,6,0.059169371654592746,0.059169371654592746,False,MEDIUM,6,0,3309,True,,LOW,0,,,True,,LOW,0,,,False,LOW,0,0,True,LOW,0,,False,LOW,0,0
True,LOW,0,,False,,,42.0,False,LOW,1,2.0,False,LOW,1,2.0,False,LOW,1,2.0,True,LOW,0,,False,LOW,1,2.0,False,,,تروبرد,False,LOW,1,1,False,1.0,LOW,1,0.4917697905993011,0.4917697905993011,False,0.0,LOW,1,0.10847718136675337,0.10847718136675337,False,LOW,1,2.0,False,LOW,1,2,False,LOW,1,2.0,False,LOW,1,1,False,LOW,1,1,False,1.0,LOW,1,0.4917697905993011,0.4917697905993011,False,0.0,LOW,1,0.10847718136675337,0.10847718136675337,False,LOW,1,0,True,LOW,0,,True,,LOW,0,,,True,,LOW,0,,,False,LOW,1,28,False,LOW,1,0.0,False,LOW,1,1,False,,,12,MEDIUM,MISSING_STRUCTURED,OK,HIGH,OK,INVALID_FINISH,OK,False,True,LOW,0,,3305,False,LOW,1,2,False,LOW,0,0,True,,LOW,0,,,True,,LOW,0,,,False,,,تروبرد,True,LOW,0,,1995-10-13,False,,,1000,612,False,,,بندرترکمن,False,LOW,1,1,218676,TRAIN,False,LOW,1,1,True,LOW,0,,False,LOW,1,1,,,,False,LOW,1,1,False,1.0,LOW,1,0.4917697905993011,0.4917697905993011,False,1.0,LOW,1,0.4917697905993011,0.4917697905993011,True,LOW,0,,False,LOW,1,1,False,LOW,1,1,False,1.0,LOW,1,0.4917697905993011,0.4917697905993011,False,0.0,LOW,1,0.10847718136675337,0.10847718136675337,False,LOW,1,2.0,False,HIGH,16,16,False,HIGH,16,16,False,0.1875,HIGH,16,0.23574374969503842,0.23574374969503842,False,0.0625,HIGH,16,0.07861252800954859,0.07861252800954859,False,HIGH,16,1,3310,False,0.0,LOW,1,0.10847718136675337,0.10847718136675337,False,0.0,LOW,1,0.10847718136675337,0.10847718136675337,False,LOW,1,0,True,LOW,0,,False,LOW,1,0
True,LOW,0,,False,,,40.0,False,LOW,1,3.0,False,LOW,1,3.0,False,LOW,1,3.0,True,LOW,0,,False,LOW,1,3.0,False,,,تروبرد,False,LOW,1,1,False,1.0,LOW,1,0.4917697905993011,0.4917697905993011,False,0.0,LOW,1,0.10847718136675337,0.10847718136675337,False,LOW,1,3.0,False,LOW,1,3,False,LOW,1,3.0,False,LOW,1,1,False,LOW,1,1,False,1.0,LOW,1,0.4917697905993011,0.4917697905993011,False,0.0,LOW,1,0.10847718136675337,0.10847718136675337,False,LOW,1,0,True,LOW,0,,True,,LOW,0,,,True,,LOW,0,,,False,LOW,1,21,False,LOW,1,0.0,False,LOW,1,1,False,,,12,MEDIUM,MISSING_STRUCTURED,OK,HIGH,OK,INVALID_FINISH,OK,False,True,LOW,0,,3306,False,LOW,1,3,False,LOW,0,0,True,,LOW,0,,,True,,LOW,0,,,False,,,تروبرد,True,LOW,0,,1995-10-13,False,,,1000,612,False,,,بندرترکمن,False,LOW,1,1,218677,TRAIN,False,LOW,1,1,True,LOW,0,,False,LOW,1,1,,,,False,LOW,1,1,False,1.0,LOW,1,0.4917697905993011,0.4917697905993011,False,1.0,LOW,1,0.4917697905993011,0.4917697905993011,True,LOW,0,,False,LOW,1,1,False,LOW,1,1,False,1.0,LOW,1,0.4917697905993011,0.4917697905993011,False,0.0,LOW,1,0.10847718136675337,0.10847718136675337,False,LOW,1,3.0,False,LOW,1,1,False,LOW,1,1,False,1.0,LOW,1,0.4917697905993011,0.4917697905993011,False,0.0,LOW,1,0.10847718136675337,0.10847718136675337,False,LOW,1,0,3311,False,0.0,LOW,1,0.10847718136675337,0.10847718136675337,False,0.0,LOW,1,0.10847718136675337,0.10847718136675337,False,LOW,1,0,True,LOW,0,,False,LOW,1,0
True,LOW,0,,False,,,43.0,True,LOW,0,,True,LOW,0,,True,LOW,0,,True,LOW,0,,True,LOW,0,,False,,,تروبرد,False,LOW,0,0,True,,LOW,0,,,True,,LOW,0,,,True,LOW,0,,True,LOW,0,,True,LOW,0,,False,LOW,0,0,False,LOW,0,0,True,,LOW,0,,,True,,LOW,0,,,False,LOW,0,0,True,LOW,0,,True,,LOW,0,,,True,,LOW,0,,,True,LOW,0,,True,LOW,0,,False,LOW,0,0,False,,,12,MEDIUM,MISSING_STRUCTURED,OK,HIGH,OK,OK,OK,False,True,LOW,0,,3307,True,LOW,0,,False,LOW,0,0,True,,LOW,0,,,True,,LOW,0,,,False,,,تروبرد,True,LOW,0,,1995-10-13,False,,,1000,612,False,,,بندرترکمن,False,LOW,0,0,218678,TRAIN,False,LOW,0,0,True,LOW,0,,False,LOW,0,0,2,1,0,False,LOW,0,0,True,,LOW,0,,,True,,LOW,0,,,True,LOW,0,,False,LOW,0,0,False,LOW,0,0,True,,LOW,0,,,True,,LOW,0,,,True,LOW,0,,False,LOW,1,1,False,LOW,1,1,False,0.0,LOW,1,0.32510312393263446,0.32510312393263446,False,0.0,LOW,1,0.10847718136675337,0.10847718136675337,False,LOW,1,0,3312,True,,LOW,0,,,True,,LOW,0,,,False,LOW,0,0,True,LOW,0,,False,LOW,0,0
True,LOW,0,,False,,,44.0,True,LOW,0,,True,LOW,0,,True,LOW,0,,True,LOW,0,,True,LOW,0,,False,,,تروبرد,False,LOW,0,0,True,,LOW,0,,,True,,LOW,0,,,True,LOW,0,,True,LOW,0,,True,LOW,0,,False,LOW,0,0,False,LOW,0,0,True,,LOW,0,,,True,,LOW,0,,,False,LOW,0,0,True,LOW,0,,True,,LOW,0,,,True,,LOW,0,,,True,LOW,0,,True,LOW,0,,False,LOW,0,0,False,,,12,MEDIUM,MISSING_STRUCTURED,OK,HIGH,OK,OK,OK,False,True,LOW,0,,3308,True,LOW,0,,False,LOW,0,0,True,,LOW,0,,,True,,LOW,0,,,False,,,تروبرد,True,LOW,0,,1995-10-13,False,,,1000,612,False,,,بندرترکمن,False,LOW,0,0,218679,TRAIN,False,LOW,0,0,True,LOW,0,,False,LOW,0,0,1,1,1,False,LOW,0,0,True,,LOW,0,,,True,,LOW,0,,,True,LOW,0,,False,LOW,0,0,False,LOW,0,0,True,,LOW,0,,,True,,LOW,0,,,False,LOW,2,4.0,False,HIGH,16,16,False,HIGH,16,16,False,0.125,HIGH,16,0.1881247020759908,0.1881247020759908,False,0.0625,HIGH,16,0.07861252800954859,0.07861252800954859,False,HIGH,16,1,3313,True,,LOW,0,,,True,,LOW,0,,,False,LOW,0,0,True,LOW,0,,False,LOW,0,0
True,LOW,0,,False,,,42.0,False,LOW,1,3.0,False,LOW,1,3.0,False,LOW,1,3.0,True,LOW,0,,False,LOW,1,3.0,False,,,تروبرد,False,LOW,1,1,False,1.0,LOW,1,0.4917697905993011,0.4917697905993011,False,0.0,LOW,1,0.10847718136675337,0.10847718136675337,False,LOW,1,3.0,False,LOW,1,3,False,LOW,1,3.0,False,LOW,1,1,False,LOW,1,1,False,1.0,LOW,1,0.4917697905993011,0.4917697905993011,False,0.0,LOW,1,0.10847718136675337,0.10847718136675337,False,LOW,1,0,True,LOW,0,,True,,LOW,0,,,True,,LOW,0,,,False,LOW,1,28,False,LOW,1,0.0,False,LOW,1,1,False,,,12,MEDIUM,MISSING_STRUCTURED,OK,HIGH,OK,INVALID_FINISH,OK,False,True,LOW,0,,3309,False,LOW,1,3,False,LOW,1,1,True,,LOW,1,,,True,,LOW,1,,,False,,,تروبرد,True,LOW,0,,1995-10-13,False,,,1000,612,False,,,بندرترکمن,False,LOW,1,1,218680,TRAIN,False,LOW,1,1,True,LOW,0,,False,LOW,1,1,,,,False,LOW,1,1,False,1.0,LOW,1,0.4917697905993011,0.4917697905993011,False,1.0,LOW,1,0.4917697905993011,0.4917697905993011,True,LOW,0,,False,LOW,1,1,False,LOW,1,1,False,1.0,LOW,1,0.4917697905993011,0.4917697905993011,False,0.0,LOW,1,0.10847718136675337,0.10847718136675337,False,MEDIUM-LOW,3,4.0,False,MEDIUM,9,9,False,MEDIUM,9,9,False,0.3333333333333333,MEDIUM,9,0.3536156245425576,0.3536156245425576,False,0.2222222222222222,MEDIUM,9,0.1893473634428943,0.1893473634428943,False,MEDIUM,9,2,3314,False,0.0,LOW,1,0.10847718136675337,0.10847718136675337,False,0.0,LOW,1,0.10847718136675337,0.10847718136675337,False,LOW,1,0,True,LOW,0,,False,LOW,1,0
True,LOW,0,,False,,,40.0,True,LOW,0,,True,LOW,0,,True,LOW,0,,True,LOW,0,,True,LOW,0,,False,,,تروبرد,False,LOW,0,0,True,,LOW,0,,,True,,LOW,0,,,True,LOW,0,,True,LOW,0,,True,LOW,0,,False,LOW,0,0,False,LOW,0,0,True,,LOW,0,,,True,,LOW,0,,,False,LOW,0,0,True,LOW,0,,True,,LOW,0,,,True,,LOW,0,,,True,LOW,0,,True,LOW,0,,False,LOW,0,0,False,,,12,MEDIUM,MISSING_STRUCTURED,OK,HIGH,OK,OK,OK,False,True,LOW,0,,3310,True,LOW,0,,False,LOW,0,0,True,,LOW,0,,,True,,LOW,0,,,False,,,تروبرد,True,LOW,0,,1995-10-13,False,,,1000,612,False,,,بندرترکمن,False,LOW,0,0,218681,TRAIN,False,LOW,0,0,True,LOW,0,,False,LOW,0,0,3,1,0,False,LOW,0,0,True,,LOW,0,,,True,,LOW,0,,,True,LOW,0,,False,LOW,0,0,False,LOW,0,0,True,,LOW,0,,,True,,LOW,0,,,False,LOW,2,6.5,False,HIGH,13,13,False,HIGH,13,13,False,0.15384615384615385,HIGH,13,0.21947881908865594,0.21947881908865594,False,0.0,HIGH,13,0.03615906045558445,0.03615906045558445,False,HIGH,13,0,3315,True,,LOW,0,,,True,,LOW,0,,,False,LOW,0,0,True,LOW,0,,False,LOW,0,0
True,LOW,0,,False,,,40.0,True,LOW,0,,True,LOW,0,,True,LOW,0,,True,LOW,0,,True,LOW,0,,False,,,تروبرد,False,LOW,0,0,True,,LOW,0,,,True,,LOW,0,,,True,LOW,0,,True,LOW,0,,True,LOW,0,,False,LOW,0,0,False,LOW,0,0,True,,LOW,0,,,True,,LOW,0,,,False,LOW,0,0,True,LOW,0,,True,,LOW,0,,,True,,LOW,0,,,True,LOW,0,,True,LOW,0,,False,LOW,0,0,False,,,12,MEDIUM,MISSING_STRUCTURED,OK,HIGH,OK,INVALID_FINISH,OK,False,True,LOW,0,,3311,True,LOW,0,,False,LOW,0,0,True,,LOW,0,,,True,,LOW,0,,,False,,,تروبرد,True,LOW,0,,1995-10-13,False,,,1000,612,False,,,بندرترکمن,False,LOW,0,0,218682,TRAIN,False,LOW,0,0,True,LOW,0,,False,LOW,0,0,,,,False,LOW,0,0,True,,LOW,0,,,True,,LOW,0,,,True,LOW,0,,False,LOW,0,0,False,LOW,0,0,True,,LOW,0,,,True,,LOW,0,,,False,LOW,2,2.5,False,HIGH,17,17,False,HIGH,17,17,False,0.17647058823529413,HIGH,17,0.2250281247089003,0.2250281247089003,False,0.11764705882352941,HIGH,17,0.12049377673638727,0.12049377673638727,False,HIGH,17,2,3316,True,,LOW,0,,,True,,LOW,0,,,False,LOW,0,0,True,LOW,0,,False,LOW,0,0
True,LOW,0,,False,,,40.0,True,LOW,0,,True,LOW,0,,True,LOW,0,,True,LOW,0,,True,LOW,0,,False,,,تروبرد,False,LOW,0,0,True,,LOW,0,,,True,,LOW,0,,,True,LOW,0,,True,LOW,0,,True,LOW,0,,False,LOW,0,0,False,LOW,0,0,True,,LOW,0,,,True,,LOW,0,,,False,LOW,0,0,True,LOW,0,,True,,LOW,0,,,True,,LOW,0,,,True,LOW,0,,True,LOW,0,,False,LOW,0,0,False,,,12,MEDIUM,MISSING_STRUCTURED,OK,HIGH,OK,INVALID_FINISH,OK,False,True,LOW,0,,3312,True,LOW,0,,False,LOW,0,0,True,,LOW,0,,,True,,LOW,0,,,False,,,تروبرد,True,LOW,0,,1995-10-13,False,,,1000,612,False,,,بندرترکمن,False,LOW,0,0,218683,TRAIN,False,LOW,0,0,True,LOW,0,,False,LOW,0,0,,,,False,LOW,0,0,True,,LOW,0,,,True,,LOW,0,,,True,LOW,0,,False,LOW,0,0,False,LOW,0,0,True,,LOW,0,,,True,,LOW,0,,,False,LOW,2,2.0,False,HIGH,25,25,False,HIGH,25,25,False,0.28,HIGH,25,0.29835395811986026,0.29835395811986026,False,0.08,HIGH,25,0.08836210294001733,0.08836210294001733,False,HIGH,25,2,3317,True,,LOW,0,,,True,,LOW,0,,,False,LOW,0,0,True,LOW,0,,False,LOW,0,0
True,LOW,0,,False,,,44.0,False,LOW,1,1.0,False,LOW,1,1.0,False,LOW,1,1.0,True,LOW,0,,False,LOW,1,1.0,False,,,تروبرد,False,LOW,1,1,False,1.0,LOW,1,0.4917697905993011,0.4917697905993011,False,1.0,LOW,1,0.27514384803342,0.27514384803342,False,LOW,1,1.0,False,LOW,1,1,False,LOW,1,1.0,False,LOW,1,1,False,LOW,1,1,False,1.0,LOW,1,0.4917697905993011,0.4917697905993011,False,1.0,LOW,1,0.27514384803342,0.27514384803342,False,LOW,1,1,True,LOW,0,,True,,LOW,0,,,True,,LOW,0,,,False,LOW,1,28,False,LOW,1,0.0,False,LOW,1,1,False,,,12,MEDIUM,MISSING_STRUCTURED,OK,HIGH,OK,INVALID_FINISH,OK,False,True,LOW,0,,3313,False,LOW,1,1,False,LOW,0,0,True,,LOW,0,,,True,,LOW,0,,,False,,,تروبرد,True,LOW,0,,1995-10-13,False,,,1000,612,False,,,بندرترکمن,False,LOW,1,1,218684,TRAIN,False,LOW,1,1,True,LOW,0,,False,LOW,1,1,,,,False,LOW,1,1,False,1.0,LOW,1,0.4917697905993011,0.4917697905993011,False,1.0,LOW,1,0.4917697905993011,0.4917697905993011,True,LOW,0,,False,LOW,1,1,False,LOW,1,1,False,1.0,LOW,1,0.4917697905993011,0.4917697905993011,False,1.0,LOW,1,0.27514384803342,0.27514384803342,True,LOW,0,,False,MEDIUM,9,9,False,MEDIUM,9,9,False,0.1111111111111111,MEDIUM,9,0.21075848168541475,0.21075848168541475,False,0.1111111111111111,MEDIUM,9,0.11791879201432287,0.11791879201432287,False,MEDIUM,9,1,3318,False,1.0,LOW,1,0.27514384803342,0.27514384803342,False,1.0,LOW,1,0.27514384803342,0.27514384803342,False,LOW,1,1,True,LOW,0,,False,LOW,1,1
True,LOW,0,,False,,,40.5,False,LOW,1,1.0,False,LOW,1,1.0,False,LOW,1,1.0,True,LOW,0,,False,LOW,1,1.0,False,,,تروبرد,False,LOW,1,1,False,1.0,LOW,1,0.4917697905993011,0.4917697905993011,False,1.0,LOW,1,0.27514384803342,0.27514384803342,False,LOW,1,1.0,False,LOW,1,1,False,LOW,1,1.0,False,LOW,1,1,False,LOW,1,1,False,1.0,LOW,1,0.4917697905993011,0.4917697905993011,False,1.0,LOW,1,0.27514384803342,0.27514384803342,False,LOW,1,1,True,LOW,0,,True,,LOW,0,,,True,,LOW,0,,,False,LOW,1,28,False,LOW,1,0.0,False,LOW,1,1,False,,,12,MEDIUM,MISSING_STRUCTURED,OK,HIGH,OK,INVALID_FINISH,OK,False,True,LOW,0,,3314,False,LOW,1,1,False,LOW,0,0,True,,LOW,0,,,True,,LOW,0,,,False,,,تروبرد,True,LOW,0,,1995-10-13,False,,,1000,612,False,,,بندرترکمن,False,LOW,1,1,218685,TRAIN,False,LOW,1,1,True,LOW,0,,False,LOW,1,1,,,,False,LOW,1,1,False,1.0,LOW,1,0.4917697905993011,0.4917697905993011,False,1.0,LOW,1,0.4917697905993011,0.4917697905993011,True,LOW,0,,False,LOW,1,1,False,LOW,1,1,False,1.0,LOW,1,0.4917697905993011,0.4917697905993011,False,1.0,LOW,1,0.27514384803342,0.27514384803342,False,LOW,1,1.0,False,MEDIUM-LOW,4,4,False,MEDIUM-LOW,4,4,False,0.25,MEDIUM-LOW,4,0.32784652706620077,0.32784652706620077,False,0.25,MEDIUM-LOW,4,0.18342923202228,0.18342923202228,False,MEDIUM-LOW,4,1,3319,False,1.0,LOW,1,0.27514384803342,0.27514384803342,False,1.0,LOW,1,0.27514384803342,0.27514384803342,False,LOW,1,1,True,LOW,0,,False,LOW,1,1
True,LOW,0,,False,,,42.0,True,LOW,0,,True,LOW,0,,True,LOW,0,,True,LOW,0,,True,LOW,0,,False,,,تروبرد,False,LOW,1,1,False,0.0,LOW,1,0.32510312393263446,0.32510312393263446,False,0.0,LOW,1,0.10847718136675337,0.10847718136675337,True,LOW,0,,True,LOW,0,,True,LOW,0,,False,LOW,1,0,False,LOW,1,1,False,0.0,LOW,1,0.32510312393263446,0.32510312393263446,False,0.0,LOW,1,0.10847718136675337,0.10847718136675337,False,LOW,1,0,True,LOW,0,,True,,LOW,0,,,True,,LOW,0,,,False,LOW,1,28,False,LOW,1,0.0,False,LOW,1,1,False,,,12,MEDIUM,MISSING_STRUCTURED,OK,HIGH,OK,INVALID_FINISH,OK,False,True,LOW,0,,3315,True,LOW,0,,False,LOW,0,0,True,,LOW,0,,,True,,LOW,0,,,False,,,تروبرد,True,LOW,0,,1995-10-13,False,,,1000,612,False,,,بندرترکمن,False,LOW,1,1,218686,TRAIN,False,LOW,1,1,True,LOW,0,,False,LOW,1,1,,,,False,LOW,1,0,True,,LOW,0,,,False,0.0,LOW,1,0.32510312393263446,0.32510312393263446,True,LOW,0,,False,LOW,1,0,False,LOW,1,1,False,0.0,LOW,1,0.32510312393263446,0.32510312393263446,False,0.0,LOW,1,0.10847718136675337,0.10847718136675337,False,LOW,2,4.0,False,HIGH,12,12,False,HIGH,12,12,False,0.08333333333333333,HIGH,12,0.17356580844681216,0.17356580844681216,False,0.0,HIGH,12,0.0382860640117953,0.0382860640117953,False,HIGH,12,0,3320,True,,LOW,0,,,False,0.0,LOW,1,0.10847718136675337,0.10847718136675337,False,LOW,1,0,True,LOW,0,,False,LOW,1,0
True,LOW,0,,False,,,42.0,False,LOW,1,1.0,False,LOW,1,1.0,False,LOW,1,1.0,True,LOW,0,,False,LOW,1,1.0,False,,,تروبرد,False,LOW,2,2,False,0.5,LOW,2,0.4215169633708295,0.4215169633708295,False,0.5,LOW,2,0.23583758402864574,0.23583758402864574,False,LOW,1,1.0,False,LOW,1,1,False,LOW,1,1.0,False,LOW,2,1,False,LOW,2,2,False,0.5,LOW,2,0.4215169633708295,0.4215169633708295,False,0.5,LOW,2,0.23583758402864574,0.23583758402864574,False,LOW,2,1,True,LOW,0,,True,,LOW,0,,,True,,LOW,0,,,False,LOW,1,21,False,LOW,2,0.0,False,LOW,2,2,False,,,12,MEDIUM,MISSING_STRUCTURED,OK,HIGH,OK,INVALID_FINISH,OK,False,True,LOW,0,,3316,False,LOW,1,1,False,LOW,0,0,True,,LOW,0,,,True,,LOW,0,,,False,,,تروبرد,True,LOW,0,,1995-10-13,False,,,1000,612,False,,,بندرترکمن,False,LOW,2,2,218687,TRAIN,False,LOW,2,2,True,LOW,0,,False,LOW,2,2,,,,False,LOW,2,1,False,0.5,LOW,2,0.4215169633708295,0.4215169633708295,False,0.5,LOW,2,0.4215169633708295,0.4215169633708295,True,LOW,0,,False,LOW,2,1,False,LOW,2,2,False,0.5,LOW,2,0.4215169633708295,0.4215169633708295,False,0.5,LOW,2,0.23583758402864574,0.23583758402864574,False,LOW,1,1.0,False,HIGH,26,26,False,HIGH,26,26,False,0.2692307692307692,HIGH,26,0.2887296368901873,0.2887296368901873,False,0.07692307692307693,HIGH,26,0.08551171252259741,0.08551171252259741,False,HIGH,26,2,3321,False,0.5,LOW,2,0.23583758402864574,0.23583758402864574,False,0.5,LOW,2,0.23583758402864574,0.23583758402864574,False,LOW,2,1,True,LOW,0,,False,LOW,2,1
True,LOW,0,,True,LOW,0,,True,LOW,0,,True,LOW,0,,True,LOW,0,,True,LOW,0,,True,LOW,0,,False,,,تروبرد,False,LOW,1,1,False,0.0,LOW,1,0.32510312393263446,0.32510312393263446,False,0.0,LOW,1,0.10847718136675337,0.10847718136675337,True,LOW,0,,True,LOW,0,,True,LOW,0,,False,LOW,1,0,False,LOW,1,1,False,0.0,LOW,1,0.32510312393263446,0.32510312393263446,False,0.0,LOW,1,0.10847718136675337,0.10847718136675337,False,LOW,1,0,True,LOW,0,,True,,LOW,0,,,True,,LOW,0,,,False,LOW,1,168,False,LOW,1,0.0,False,LOW,1,1,False,,,14,MEDIUM,MISSING_STRUCTURED,OK,HIGH,OK,INVALID_FINISH,OK,False,True,LOW,0,,3352,True,LOW,0,,False,LOW,1,1,True,,LOW,1,,,True,,LOW,1,,,False,,,تروبرد,True,LOW,0,,1995-10-13,False,,,1500,613,False,,,بندرترکمن,False,LOW,1,1,218688,TRAIN,False,LOW,0,0,True,LOW,0,,False,LOW,1,1,,,,False,LOW,0,0,True,,LOW,0,,,False,0.0,LOW,1,0.32510312393263446,0.32510312393263446,True,LOW,0,,False,LOW,1,0,False,LOW,0,0,True,,LOW,0,,,True,,LOW,0,,,False,LOW,1,5.0,False,HIGH,13,13,False,HIGH,13,13,False,0.07692307692307693,HIGH,13,0.16392326353310038,0.16392326353310038,False,0.0,HIGH,13,0.03615906045558445,0.03615906045558445,False,HIGH,13,0,3357,True,,LOW,0,,,False,0.0,LOW,1,0.10847718136675337,0.10847718136675337,False,LOW,0,0,True,LOW,0,,False,LOW,1,0
True,LOW,0,,True,LOW,0,,True,LOW,0,,False,LOW,1,4.0,False,LOW,1,4.0,True,LOW,0,,False,LOW,1,4.0,False,,,تروبرد,False,LOW,1,1,False,0.0,LOW,1,0.32510312393263446,0.32510312393263446,False,0.0,LOW,1,0.10847718136675337,0.10847718136675337,False,LOW,1,4.0,False,LOW,1,4,False,LOW,1,4.0,False,LOW,1,0,False,LOW,1,1,False,0.0,LOW,1,0.32510312393263446,0.32510312393263446,False,0.0,LOW,1,0.10847718136675337,0.10847718136675337,False,LOW,1,0,True,LOW,0,,True,,LOW,0,,,True,,LOW,0,,,False,LOW,1,182,False,LOW,1,0.0,False,LOW,1,1,False,,,14,MEDIUM,MISSING_STRUCTURED,OK,HIGH,OK,INVALID_FINISH,OK,False,True,LOW,0,,3329,False,LOW,1,4,False,LOW,2,2,True,,LOW,2,,,True,,LOW,2,,,False,,,تروبرد,True,LOW,0,,1995-10-13,False,,,1500,613,False,,,بندرترکمن,False,LOW,1,1,218689,TRAIN,False,LOW,0,0,True,LOW,0,,False,LOW,1,1,,,,False,LOW,0,0,False,0.0,LOW,1,0.32510312393263446,0.32510312393263446,False,0.0,LOW,1,0.32510312393263446,0.32510312393263446,True,LOW,0,,False,LOW,1,0,False,LOW,0,0,True,,LOW,0,,,True,,LOW,0,,,True,LOW,0,,False,HIGH,14,14,False,HIGH,14,14,False,0.07142857142857142,HIGH,14,0.15529572334714772,0.15529572334714772,False,0.0,HIGH,14,0.034255952010553696,0.034255952010553696,False,HIGH,14,0,3334,False,0.0,LOW,1,0.10847718136675337,0.10847718136675337,False,0.0,LOW,1,0.10847718136675337,0.10847718136675337,False,LOW,0,0,True,LOW,0,,False,LOW,1,0
True,LOW,0,,True,LOW,0,,True,LOW,0,,True,LOW,0,,True,LOW,0,,True,LOW,0,,True,LOW,0,,False,,,تروبرد,False,LOW,1,1,False,0.0,LOW,1,0.32510312393263446,0.32510312393263446,False,0.0,LOW,1,0.10847718136675337,0.10847718136675337,True,LOW,0,,True,LOW,0,,True,LOW,0,,False,LOW,1,0,False,LOW,1,1,False,0.0,LOW,1,0.32510312393263446,0.32510312393263446,False,0.0,LOW,1,0.10847718136675337,0.10847718136675337,False,LOW,1,0,True,LOW,0,,True,,LOW,0,,,True,,LOW,0,,,False,LOW,1,168,False,LOW,1,0.0,False,LOW,1,1,False,,,14,MEDIUM,MISSING_STRUCTURED,OK,HIGH,OK,OK,OK,False,True,LOW,0,,3327,True,LOW,0,,False,LOW,2,2,True,,LOW,2,,,True,,LOW,2,,,False,,,تروبرد,True,LOW,0,,1995-10-13,False,,,1500,613,False,,,بندرترکمن,False,LOW,1,1,218690,TRAIN,False,LOW,0,0,True,LOW,0,,False,LOW,1,1,3,1,0,False,LOW,0,0,True,,LOW,0,,,False,0.0,LOW,1,0.32510312393263446,0.32510312393263446,True,LOW,0,,False,LOW,1,0,False,LOW,0,0,True,,LOW,0,,,True,,LOW,0,,,True,LOW,0,,False,HIGH,10,10,False,HIGH,10,10,False,0.1,HIGH,10,0.19670791623972045,0.19670791623972045,False,0.1,HIGH,10,0.11005753921336801,0.11005753921336801,False,HIGH,10,1,3332,True,,LOW,0,,,False,0.0,LOW,1,0.10847718136675337,0.10847718136675337,False,LOW,0,0,True,LOW,0,,False,LOW,1,0
True,LOW,0,,True,LOW,0,,True,LOW,0,,False,LOW,2,6.0,False,LOW,2,6.0,True,LOW,0,,False,LOW,2,6.0,False,,,تروبرد,False,LOW,2,2,False,0.0,LOW,2,0.27865982051368665,0.27865982051368665,False,0.0,LOW,2,0.09298044117150288,0.09298044117150288,False,LOW,2,6.0,False,LOW,2,5,False,LOW,2,6.0,False,LOW,2,0,False,LOW,2,2,False,0.0,LOW,2,0.27865982051368665,0.27865982051368665,False,0.0,LOW,2,0.09298044117150288,0.09298044117150288,False,LOW,2,0,True,LOW,0,,True,,LOW,0,,,True,,LOW,0,,,False,LOW,1,168,False,LOW,2,0.0,False,LOW,2,2,False,,,14,MEDIUM,MISSING_STRUCTURED,OK,HIGH,OK,OK,OK,False,False,LOW,2,2.0,3317,False,LOW,1,5,False,LOW,0,0,True,,LOW,0,,,True,,LOW,0,,,False,,,تروبرد,True,LOW,0,,1995-10-13,False,,,1500,613,False,,,بندرترکمن,False,LOW,2,2,218691,TRAIN,False,LOW,0,0,True,LOW,0,,False,LOW,2,2,2,1,0,False,LOW,0,0,False,0.0,LOW,2,0.27865982051368665,0.27865982051368665,False,0.0,LOW,2,0.27865982051368665,0.27865982051368665,True,LOW,0,,False,LOW,2,0,False,LOW,0,0,True,,LOW,0,,,True,,LOW,0,,,False,LOW,2,6.0,False,HIGH,14,14,False,HIGH,14,14,False,0.21428571428571427,HIGH,14,0.2605588812418846,0.2605588812418846,False,0.0,HIGH,14,0.034255952010553696,0.034255952010553696,False,HIGH,14,0,3322,False,0.0,LOW,2,0.09298044117150288,0.09298044117150288,False,0.0,LOW,2,0.09298044117150288,0.09298044117150288,False,LOW,0,0,True,LOW,0,,False,LOW,2,0
True,LOW,0,,True,LOW,0,,True,LOW,0,,True,LOW,0,,True,LOW,0,,True,LOW,0,,True,LOW,0,,False,,,تروبرد,False,LOW,1,1,False,0.0,LOW,1,0.32510312393263446,0.32510312393263446,False,0.0,LOW,1,0.10847718136675337,0.10847718136675337,True,LOW,0,,True,LOW,0,,True,LOW,0,,False,LOW,1,0,False,LOW,1,1,False,0.0,LOW,1,0.32510312393263446,0.32510312393263446,False,0.0,LOW,1,0.10847718136675337,0.10847718136675337,False,LOW,1,0,True,LOW,0,,True,,LOW,0,,,True,,LOW,0,,,False,LOW,1,168,False,LOW,1,0.0,False,LOW,1,1,False,,,14,MEDIUM,MISSING_STRUCTURED,OK,HIGH,OK,INVALID_FINISH,OK,False,True,LOW,0,,3318,True,LOW,0,,False,LOW,0,0,True,,LOW,0,,,True,,LOW,0,,,False,,,تروبرد,True,LOW,0,,1995-10-13,False,,,1500,613,False,,,بندرترکمن,False,LOW,1,1,218692,TRAIN,False,LOW,0,0,True,LOW,0,,False,LOW,1,1,,,,False,LOW,0,0,True,,LOW,0,,,False,0.0,LOW,1,0.32510312393263446,0.32510312393263446,True,LOW,0,,False,LOW,1,0,False,LOW,0,0,True,,LOW,0,,,True,,LOW,0,,,False,LOW,2,2.5,False,HIGH,18,18,False,HIGH,18,18,False,0.16666666666666666,HIGH,18,0.2152442931998177,0.2152442931998177,False,0.1111111111111111,HIGH,18,0.11525491687828347,0.11525491687828347,False,HIGH,18,2,3323,True,,LOW,0,,,False,0.0,LOW,1,0.10847718136675337,0.10847718136675337,False,LOW,0,0,True,LOW,0,,False,LOW,1,0
True,LOW,0,,True,LOW,0,,True,LOW,0,,True,LOW,0,,True,LOW,0,,True,LOW,0,,True,LOW,0,,False,,,تروبرد,False,LOW,0,0,True,,LOW,0,,,True,,LOW,0,,,True,LOW,0,,True,LOW,0,,True,LOW,0,,False,LOW,0,0,False,LOW,0,0,True,,LOW,0,,,True,,LOW,0,,,False,LOW,0,0,True,LOW,0,,True,,LOW,0,,,True,,LOW,0,,,True,LOW,0,,True,LOW,0,,False,LOW,0,0,False,,,14,MEDIUM,MISSING_STRUCTURED,OK,HIGH,OK,INVALID_FINISH,OK,False,True,LOW,0,,3319,True,LOW,0,,False,LOW,0,0,True,,LOW,0,,,True,,LOW,0,,,False,,,تروبرد,True,LOW,0,,1995-10-13,False,,,1500,613,False,,,بندرترکمن,False,LOW,0,0,218693,TRAIN,False,LOW,0,0,True,LOW,0,,False,LOW,0,0,,,,False,LOW,0,0,True,,LOW,0,,,True,,LOW,0,,,True,LOW,0,,False,LOW,0,0,False,LOW,0,0,True,,LOW,0,,,True,,LOW,0,,,False,LOW,2,6.0,False,MEDIUM,7,7,False,MEDIUM,7,7,False,0.0,MEDIUM,7,0.16255156196631723,0.16255156196631723,False,0.0,MEDIUM,7,0.054238590683376685,0.054238590683376685,False,MEDIUM,7,0,3324,True,,LOW,0,,,True,,LOW,0,,,False,LOW,0,0,True,LOW,0,,False,LOW,0,0
True,LOW,0,,True,LOW,0,,True,LOW,0,,True,LOW,0,,True,LOW,0,,True,LOW,0,,True,LOW,0,,False,,,تروبرد,False,LOW,0,0,True,,LOW,0,,,True,,LOW,0,,,True,LOW,0,,True,LOW,0,,True,LOW,0,,False,LOW,0,0,False,LOW,0,0,True,,LOW,0,,,True,,LOW,0,,,False,LOW,0,0,True,LOW,0,,True,,LOW,0,,,True,,LOW,0,,,True,LOW,0,,True,LOW,0,,False,LOW,0,0,False,,,14,MEDIUM,MISSING_STRUCTURED,OK,HIGH,OK,OK,OK,False,True,LOW,0,,3334,True,LOW,0,,False,LOW,0,0,True,,LOW,0,,,True,,LOW,0,,,False,,,تروبرد,True,LOW,0,,1995-10-13,False,,,1500,613,False,,,بندرترکمن,False,LOW,0,0,218694,TRAIN,False,LOW,0,0,True,LOW,0,,False,LOW,0,0,1,1,1,False,LOW,0,0,True,,LOW,0,,,True,,LOW,0,,,True,LOW,0,,False,LOW,0,0,False,LOW,0,0,True,,LOW,0,,,True,,LOW,0,,,True,LOW,0,,False,HIGH,17,17,False,HIGH,17,17,False,0.17647058823529413,HIGH,17,0.2250281247089003,0.2250281247089003,False,0.058823529411764705,HIGH,17,0.07503923128184183,0.07503923128184183,False,HIGH,17,1,3339,True,,LOW,0,,,True,,LOW,0,,,False,LOW,0,0,True,LOW,0,,False,LOW,0,0
True,LOW,0,,True,LOW,0,,True,LOW,0,,True,LOW,0,,True,LOW,0,,True,LOW,0,,True,LOW,0,,False,,,تروبرد,False,LOW,0,0,True,,LOW,0,,,True,,LOW,0,,,True,LOW,0,,True,LOW,0,,True,LOW,0,,False,LOW,0,0,False,LOW,0,0,True,,LOW,0,,,True,,LOW,0,,,False,LOW,0,0,True,LOW,0,,True,,LOW,0,,,True,,LOW,0,,,True,LOW,0,,True,LOW,0,,False,LOW,0,0,False,,,14,MEDIUM,MISSING_STRUCTURED,OK,HIGH,OK,INVALID_FINISH,OK,False,True,LOW,0,,3332,True,LOW,0,,False,LOW,0,0,True,,LOW,0,,,True,,LOW,0,,,False,,,تروبرد,True,LOW,0,,1995-10-13,False,,,1500,613,False,,,بندرترکمن,False,LOW,0,0,218695,TRAIN,False,LOW,0,0,True,LOW,0,,False,LOW,0,0,,,,False,LOW,0,0,True,,LOW,0,,,True,,LOW,0,,,True,LOW,0,,False,LOW,0,0,False,LOW,0,0,True,,LOW,0,,,True,,LOW,0,,,False,LOW,1,1.0,False,HIGH,18,18,False,HIGH,18,18,False,0.2222222222222222,HIGH,18,0.2587225540693829,0.2587225540693829,False,0.1111111111111111,HIGH,18,0.11525491687828347,0.11525491687828347,False,HIGH,18,2,3337,True,,LOW,0,,,True,,LOW,0,,,False,LOW,0,0,True,LOW,0,,False,LOW,0,0
True,LOW,0,,True,LOW,0,,True,LOW,0,,True,LOW,0,,True,LOW,0,,True,LOW,0,,True,LOW,0,,False,,,تروبرد,False,LOW,0,0,True,,LOW,0,,,True,,LOW,0,,,True,LOW,0,,True,LOW,0,,True,LOW,0,,False,LOW,0,0,False,LOW,0,0,True,,LOW,0,,,True,,LOW,0,,,False,LOW,0,0,True,LOW,0,,True,,LOW,0,,,True,,LOW,0,,,True,LOW,0,,True,LOW,0,,False,LOW,0,0,False,,,14,MEDIUM,MISSING_STRUCTURED,OK,HIGH,OK,INVALID_FINISH,OK,False,True,LOW,0,,3336,True,LOW,0,,False,LOW,0,0,True,,LOW,0,,,True,,LOW,0,,,False,,,تروبرد,True,LOW,0,,1995-10-13,False,,,1500,613,False,,,بندرترکمن,False,LOW,0,0,218696,TRAIN,False,LOW,0,0,True,LOW,0,,False,LOW,0,0,,,,False,LOW,0,0,True,,LOW,0,,,True,,LOW,0,,,True,LOW,0,,False,LOW,0,0,False,LOW,0,0,True,,LOW,0,,,True,,LOW,0,,,False,MEDIUM-LOW,3,4.666666666666667,False,HIGH,15,15,False,HIGH,15,15,False,0.26666666666666666,HIGH,15,0.29753093717979034,0.29753093717979034,False,0.0,HIGH,15,0.03254315441002601,0.03254315441002601,False,HIGH,15,0,3341,True,,LOW,0,,,True,,LOW,0,,,False,LOW,0,0,True,LOW,0,,False,LOW,0,0
True,LOW,0,,True,LOW,0,,True,LOW,0,,True,LOW,0,,True,LOW,0,,True,LOW,0,,True,LOW,0,,False,,,تروبرد,False,LOW,1,1,False,0.0,LOW,1,0.32510312393263446,0.32510312393263446,False,0.0,LOW,1,0.10847718136675337,0.10847718136675337,True,LOW,0,,True,LOW,0,,True,LOW,0,,False,LOW,1,0,False,LOW,1,1,False,0.0,LOW,1,0.32510312393263446,0.32510312393263446,False,0.0,LOW,1,0.10847718136675337,0.10847718136675337,False,LOW,1,0,True,LOW,0,,True,,LOW,0,,,True,,LOW,0,,,False,LOW,1,182,False,LOW,1,0.0,False,LOW,1,1,False,,,14,MEDIUM,MISSING_STRUCTURED,OK,HIGH,OK,INVALID_FINISH,OK,False,True,LOW,0,,3320,True,LOW,0,,False,LOW,1,1,True,,LOW,1,,,True,,LOW,1,,,False,,,تروبرد,True,LOW,0,,1995-10-13,False,,,1500,613,False,,,بندرترکمن,False,LOW,1,1,218697,TRAIN,False,LOW,0,0,True,LOW,0,,False,LOW,1,1,,,,False,LOW,0,0,True,,LOW,0,,,False,0.0,LOW,1,0.32510312393263446,0.32510312393263446,True,LOW,0,,False,LOW,1,0,False,LOW,0,0,True,,LOW,0,,,True,,LOW,0,,,False,MEDIUM-LOW,3,5.666666666666667,False,HIGH,12,12,False,HIGH,12,12,False,0.25,HIGH,12,0.29121286727034157,0.29121286727034157,False,0.08333333333333333,HIGH,12,0.09710959342356001,0.09710959342356001,False,HIGH,12,1,3325,True,,LOW,0,,,False,0.0,LOW,1,0.10847718136675337,0.10847718136675337,False,LOW,0,0,True,LOW,0,,False,LOW,1,0
True,LOW,0,,True,LOW,0,,True,LOW,0,,True,LOW,0,,True,LOW,0,,True,LOW,0,,True,LOW,0,,False,,,تروبرد,False,LOW,0,0,True,,LOW,0,,,True,,LOW,0,,,True,LOW,0,,True,LOW,0,,True,LOW,0,,False,LOW,0,0,False,LOW,0,0,True,,LOW,0,,,True,,LOW,0,,,False,LOW,0,0,True,LOW,0,,True,,LOW,0,,,True,,LOW,0,,,True,LOW,0,,True,LOW,0,,False,LOW,0,0,False,,,14,MEDIUM,MISSING_STRUCTURED,OK,HIGH,OK,INVALID_FINISH,OK,False,True,LOW,0,,3321,True,LOW,0,,False,LOW,1,1,True,,LOW,1,,,True,,LOW,1,,,False,,,تروبرد,True,LOW,0,,1995-10-13,False,,,1500,613,False,,,بندرترکمن,False,LOW,0,0,218698,TRAIN,False,LOW,0,0,True,LOW,0,,False,LOW,0,0,,,,False,LOW,0,0,True,,LOW,0,,,True,,LOW,0,,,True,LOW,0,,False,LOW,0,0,False,LOW,0,0,True,,LOW,0,,,True,,LOW,0,,,True,LOW,0,,False,LOW,1,1,False,LOW,1,1,False,0.0,LOW,1,0.32510312393263446,0.32510312393263446,False,0.0,LOW,1,0.10847718136675337,0.10847718136675337,False,LOW,1,0,3326,True,,LOW,0,,,True,,LOW,0,,,False,LOW,0,0,True,LOW,0,,False,LOW,0,0
True,LOW,0,,True,LOW,0,,True,LOW,0,,False,LOW,1,3.0,False,LOW,1,3.0,True,LOW,0,,False,LOW,1,3.0,False,,,تروبرد,False,LOW,1,1,False,1.0,LOW,1,0.4917697905993011,0.4917697905993011,False,0.0,LOW,1,0.10847718136675337,0.10847718136675337,False,LOW,1,3.0,False,LOW,1,3,False,LOW,1,3.0,False,LOW,1,1,False,LOW,1,1,False,1.0,LOW,1,0.4917697905993011,0.4917697905993011,False,0.0,LOW,1,0.10847718136675337,0.10847718136675337,False,LOW,1,0,True,LOW,0,,True,,LOW,0,,,True,,LOW,0,,,False,LOW,1,168,False,LOW,1,0.0,False,LOW,1,1,False,,,14,MEDIUM,MISSING_STRUCTURED,OK,HIGH,OK,INVALID_FINISH,OK,False,True,LOW,0,,3347,False,LOW,1,3,False,LOW,0,0,True,,LOW,0,,,True,,LOW,0,,,False,,,تروبرد,True,LOW,0,,1995-10-13,False,,,1500,613,False,,,بندرترکمن,False,LOW,1,1,218699,TRAIN,False,LOW,0,0,True,LOW,0,,False,LOW,1,1,,,,False,LOW,0,0,False,1.0,LOW,1,0.4917697905993011,0.4917697905993011,False,1.0,LOW,1,0.4917697905993011,0.4917697905993011,True,LOW,0,,False,LOW,1,1,False,LOW,0,0,True,,LOW,0,,,True,,LOW,0,,,True,LOW,0,,False,HIGH,10,10,False,HIGH,10,10,False,0.1,HIGH,10,0.19670791623972045,0.19670791623972045,False,0.0,HIGH,10,0.04339087254670135,0.04339087254670135,False,HIGH,10,0,3352,False,0.0,LOW,1,0.10847718136675337,0.10847718136675337,False,0.0,LOW,1,0.10847718136675337,0.10847718136675337,False,LOW,0,0,True,LOW,0,,False,LOW,1,0
True,LOW,0,,True,LOW,0,,True,LOW,0,,True,LOW,0,,True,LOW,0,,True,LOW,0,,True,LOW,0,,False,,,تروبرد,False,LOW,0,0,True,,LOW,0,,,True,,LOW,0,,,True,LOW,0,,True,LOW,0,,True,LOW,0,,False,LOW,0,0,False,LOW,0,0,True,,LOW,0,,,True,,LOW,0,,,False,LOW,0,0,True,LOW,0,,True,,LOW,0,,,True,,LOW,0,,,True,LOW,0,,True,LOW,0,,False,LOW,0,0,False,,,14,MEDIUM,MISSING_STRUCTURED,OK,HIGH,OK,INVALID_FINISH,OK,False,True,LOW,0,,3339,True,LOW,0,,False,LOW,0,0,True,,LOW,0,,,True,,LOW,0,,,False,,,تروبرد,True,LOW,0,,1995-10-13,False,,,1500,613,False,,,بندرترکمن,False,LOW,0,0,218700,TRAIN,False,LOW,0,0,True,LOW,0,,False,LOW,0,0,,,,False,LOW,0,0,True,,LOW,0,,,True,,LOW,0,,,True,LOW,0,,False,LOW,0,0,False,LOW,0,0,True,,LOW,0,,,True,,LOW,0,,,False,LOW,1,1.0,False,HIGH,27,27,False,HIGH,27,27,False,0.25925925925925924,HIGH,27,0.279706835737369,0.279706835737369,False,0.07407407407407407,HIGH,27,0.08283947150626625,0.08283947150626625,False,HIGH,27,2,3344,True,,LOW,0,,,True,,LOW,0,,,False,LOW,0,0,True,LOW,0,,False,LOW,0,0
True,LOW,0,,True,LOW,0,,True,LOW,0,,True,LOW,0,,True,LOW,0,,True,LOW,0,,True,LOW,0,,False,,,تروبرد,False,LOW,0,0,True,,LOW,0,,,True,,LOW,0,,,True,LOW,0,,True,LOW,0,,True,LOW,0,,False,LOW,0,0,False,LOW,0,0,True,,LOW,0,,,True,,LOW,0,,,False,LOW,0,0,True,LOW,0,,True,,LOW,0,,,True,,LOW,0,,,True,LOW,0,,True,LOW,0,,False,LOW,0,0,False,,,14,MEDIUM,MISSING_STRUCTURED,OK,HIGH,OK,INVALID_FINISH,OK,False,True,LOW,0,,3323,True,LOW,0,,False,LOW,0,0,True,,LOW,0,,,True,,LOW,0,,,False,,,تروبرد,True,LOW,0,,1995-10-13,False,,,1500,613,False,,,بندرترکمن,False,LOW,0,0,218701,TRAIN,False,LOW,0,0,True,LOW,0,,False,LOW,0,0,,,,False,LOW,0,0,True,,LOW,0,,,True,,LOW,0,,,True,LOW,0,,False,LOW,0,0,False,LOW,0,0,True,,LOW,0,,,True,,LOW,0,,,False,LOW,1,3.0,False,MEDIUM-LOW,4,4,False,MEDIUM-LOW,4,4,False,0.25,MEDIUM-LOW,4,0.32784652706620077,0.32784652706620077,False,0.0,MEDIUM-LOW,4,0.0723181209111689,0.0723181209111689,False,MEDIUM-LOW,4,0,3328,True,,LOW,0,,,True,,LOW,0,,,False,LOW,0,0,True,LOW,0,,False,LOW,0,0
True,LOW,0,,False,,,48.0,True,LOW,0,,False,LOW,1,7.0,False,LOW,1,7.0,True,LOW,0,,True,LOW,0,,False,,,تروبرد,False,LOW,1,1,False,0.0,LOW,1,0.32510312393263446,0.32510312393263446,False,0.0,LOW,1,0.10847718136675337,0.10847718136675337,False,LOW,1,7.0,False,LOW,1,7,False,LOW,1,7.0,False,LOW,1,0,False,LOW,1,1,False,0.0,LOW,1,0.32510312393263446,0.32510312393263446,False,0.0,LOW,1,0.10847718136675337,0.10847718136675337,False,LOW,1,0,True,LOW,0,,True,,LOW,0,,,True,,LOW,0,,,False,LOW,1,168,False,LOW,1,200.0,False,LOW,0,0,False,,,6,MEDIUM,MISSING_STRUCTURED,OK,HIGH,OK,OK,OK,False,True,LOW,0,,3345,False,LOW,1,7,False,LOW,0,0,True,,LOW,0,,,True,,LOW,0,,,False,,,تروبرد,True,LOW,0,,1995-10-13,False,,,1700,614,False,,,بندرترکمن,False,LOW,1,1,218702,TRAIN,False,LOW,0,0,True,LOW,0,,False,LOW,0,0,4,0,0,False,LOW,0,0,False,0.0,LOW,1,0.32510312393263446,0.32510312393263446,True,,LOW,0,,,True,LOW,0,,False,LOW,0,0,False,LOW,0,0,True,,LOW,0,,,True,,LOW,0,,,False,LOW,1,7.0,False,MEDIUM-LOW,4,4,False,MEDIUM-LOW,4,4,False,0.0,MEDIUM-LOW,4,0.21673541595508963,0.21673541595508963,False,0.0,MEDIUM-LOW,4,0.0723181209111689,0.0723181209111689,False,MEDIUM-LOW,4,0,3350,False,0.0,LOW,1,0.10847718136675337,0.10847718136675337,True,,LOW,0,,,False,LOW,0,0,True,LOW,0,,False,LOW,0,0
True,LOW,0,,False,,,52.5,True,LOW,0,,True,LOW,0,,True,LOW,0,,True,LOW,0,,True,LOW,0,,False,,,تروبرد,False,LOW,0,0,True,,LOW,0,,,True,,LOW,0,,,True,LOW,0,,True,LOW,0,,True,LOW,0,,False,LOW,0,0,False,LOW,0,0,True,,LOW,0,,,True,,LOW,0,,,False,LOW,0,0,True,LOW,0,,True,,LOW,0,,,True,,LOW,0,,,True,LOW,0,,True,LOW,0,,False,LOW,0,0,False,,,6,MEDIUM,MISSING_STRUCTURED,OK,HIGH,OK,OK,OK,False,True,LOW,0,,3357,True,LOW,0,,False,LOW,0,0,True,,LOW,0,,,True,,LOW,0,,,False,,,تروبرد,True,LOW,0,,1995-10-13,False,,,1700,614,False,,,بندرترکمن,False,LOW,0,0,218703,TRAIN,False,LOW,0,0,True,LOW,0,,False,LOW,0,0,3,1,0,False,LOW,0,0,True,,LOW,0,,,True,,LOW,0,,,True,LOW,0,,False,LOW,0,0,False,LOW,0,0,True,,LOW,0,,,True,,LOW,0,,,True,LOW,0,,False,LOW,0,0,False,LOW,0,0,True,,LOW,0,,,True,,LOW,0,,,False,LOW,0,0,3362,True,,LOW,0,,,True,,LOW,0,,,False,LOW,0,0,True,LOW,0,,False,LOW,0,0
True,LOW,0,,False,,,50.5,True,LOW,0,,False,LOW,1,7.0,False,LOW,1,7.0,True,LOW,0,,True,LOW,0,,False,,,تروبرد,False,LOW,1,1,False,0.0,LOW,1,0.32510312393263446,0.32510312393263446,False,0.0,LOW,1,0.10847718136675337,0.10847718136675337,False,LOW,1,7.0,False,LOW,1,7,False,LOW,1,7.0,False,LOW,1,0,False,LOW,1,1,False,0.0,LOW,1,0.32510312393263446,0.32510312393263446,False,0.0,LOW,1,0.10847718136675337,0.10847718136675337,False,LOW,1,0,True,LOW,0,,True,,LOW,0,,,True,,LOW,0,,,False,LOW,1,196,False,LOW,1,700.0,False,LOW,0,0,False,,,6,MEDIUM,MISSING_STRUCTURED,OK,HIGH,OK,OK,OK,False,True,LOW,0,,3343,False,LOW,1,7,False,LOW,0,0,True,,LOW,0,,,True,,LOW,0,,,False,,,تروبرد,True,LOW,0,,1995-10-13,False,,,1700,614,False,,,بندرترکمن,False,LOW,1,1,218704,TRAIN,False,LOW,0,0,True,LOW,0,,False,LOW,0,0,5,0,0,False,LOW,0,0,False,0.0,LOW,1,0.32510312393263446,0.32510312393263446,True,,LOW,0,,,True,LOW,0,,False,LOW,0,0,False,LOW,0,0,True,,LOW,0,,,True,,LOW,0,,,True,LOW,0,,False,HIGH,28,28,False,HIGH,28,28,False,0.25,HIGH,28,0.27123087101805476,0.27123087101805476,False,0.07142857142857142,HIGH,28,0.08032918449092485,0.08032918449092485,False,HIGH,28,2,3348,False,0.0,LOW,1,0.10847718136675337,0.10847718136675337,True,,LOW,0,,,False,LOW,0,0,True,LOW,0,,False,LOW,0,0
True,LOW,0,,False,,,48.0,True,LOW,0,,True,LOW,0,,True,LOW,0,,True,LOW,0,,True,LOW,0,,False,,,تروبرد,False,LOW,0,0,True,,LOW,0,,,True,,LOW,0,,,True,LOW,0,,True,LOW,0,,True,LOW,0,,False,LOW,0,0,False,LOW,0,0,True,,LOW,0,,,True,,LOW,0,,,False,LOW,0,0,True,LOW,0,,True,,LOW,0,,,True,,LOW,0,,,True,LOW,0,,True,LOW,0,,False,LOW,0,0,False,,,6,MEDIUM,MISSING_STRUCTURED,OK,HIGH,OK,OK,OK,False,True,LOW,0,,3349,True,LOW,0,,False,LOW,0,0,True,,LOW,0,,,True,,LOW,0,,,False,,,تروبرد,True,LOW,0,,1995-10-13,False,,,1700,614,False,,,بندرترکمن,False,LOW,0,0,218705,TRAIN,False,LOW,0,0,True,LOW,0,,False,LOW,0,0,1,1,1,False,LOW,0,0,True,,LOW,0,,,True,,LOW,0,,,True,LOW,0,,False,LOW,0,0,False,LOW,0,0,True,,LOW,0,,,True,,LOW,0,,,False,LOW,1,5.0,False,HIGH,29,29,False,HIGH,29,29,False,0.2413793103448276,HIGH,29,0.2632534924587002,0.2632534924587002,False,0.06896551724137931,HIGH,29,0.07796656141766235,0.07796656141766235,False,HIGH,29,2,3354,True,,LOW,0,,,True,,LOW,0,,,False,LOW,0,0,True,LOW,0,,False,LOW,0,0
True,LOW,0,,False,,,48.0,True,LOW,0,,False,LOW,1,3.0,False,LOW,1,3.0,True,LOW,0,,True,LOW,0,,False,,,تروبرد,False,LOW,2,2,False,0.5,LOW,2,0.4215169633708295,0.4215169633708295,False,0.0,LOW,2,0.09298044117150288,0.09298044117150288,False,LOW,1,3.0,False,LOW,1,3,False,LOW,1,3.0,False,LOW,2,1,False,LOW,2,2,False,0.5,LOW,2,0.4215169633708295,0.4215169633708295,False,0.0,LOW,2,0.09298044117150288,0.09298044117150288,False,LOW,2,0,True,LOW,0,,True,,LOW,0,,,True,,LOW,0,,,False,LOW,1,168,False,LOW,2,450.0,False,LOW,0,0,False,,,6,MEDIUM,MISSING_STRUCTURED,OK,HIGH,OK,OK,OK,False,True,LOW,0,,3359,False,LOW,1,3,False,LOW,2,2,True,,LOW,2,,,True,,LOW,2,,,False,,,تروبرد,True,LOW,0,,1995-10-13,False,,,1700,614,False,,,بندرترکمن,False,LOW,2,2,218706,TRAIN,False,LOW,0,0,True,LOW,0,,False,LOW,0,0,2,1,0,False,LOW,0,0,False,0.5,LOW,2,0.4215169633708295,0.4215169633708295,True,,LOW,0,,,True,LOW,0,,False,LOW,0,0,False,LOW,0,0,True,,LOW,0,,,True,,LOW,0,,,True,LOW,0,,False,HIGH,15,15,False,HIGH,15,15,False,0.06666666666666667,HIGH,15,0.14753093717979032,0.14753093717979032,False,0.0,HIGH,15,0.03254315441002601,0.03254315441002601,False,HIGH,15,0,3364,False,0.0,LOW,2,0.09298044117150288,0.09298044117150288,True,,LOW,0,,,False,LOW,0,0,True,LOW,0,,False,LOW,0,0
True,LOW,0,,False,,,48.0,True,LOW,0,,True,LOW,0,,True,LOW,0,,True,LOW,0,,True,LOW,0,,False,,,تروبرد,False,LOW,0,0,True,,LOW,0,,,True,,LOW,0,,,True,LOW,0,,True,LOW,0,,True,LOW,0,,False,LOW,0,0,False,LOW,0,0,True,,LOW,0,,,True,,LOW,0,,,False,LOW,0,0,True,LOW,0,,True,,LOW,0,,,True,,LOW,0,,,True,LOW,0,,True,LOW,0,,False,LOW,0,0,False,,,6,MEDIUM,MISSING_STRUCTURED,OK,HIGH,OK,OK,MISSING,False,True,LOW,0,,3342,True,LOW,0,,False,LOW,0,0,True,,LOW,0,,,True,,LOW,0,,,False,,,تروبرد,True,LOW,0,,1995-10-13,False,,,1700,614,False,,,بندرترکمن,False,LOW,0,0,218707,TRAIN,False,LOW,0,0,True,LOW,0,,False,LOW,0,0,6,0,0,False,LOW,0,0,True,,LOW,0,,,True,,LOW,0,,,True,LOW,0,,False,LOW,0,0,False,LOW,0,0,True,,LOW,0,,,True,,LOW,0,,,True,LOW,0,,True,LOW,0,,True,LOW,0,,True,,LOW,0,,,True,,LOW,0,,,True,LOW,0,,3347,True,,LOW,0,,,True,,LOW,0,,,False,LOW,0,0,True,LOW,0,,False,LOW,0,0
True,LOW,0,,False,,,50.0,False,LOW,1,4.0,False,MEDIUM-LOW,3,4.666666666666667,False,MEDIUM-LOW,3,4.666666666666667,True,LOW,0,,True,LOW,0,,False,,,تروبرد,False,MEDIUM-LOW,3,3,False,0.3333333333333333,MEDIUM-LOW,3,0.36882734294947583,0.36882734294947583,False,0.0,MEDIUM-LOW,3,0.08135788602506502,0.08135788602506502,False,MEDIUM-LOW,3,4.666666666666667,False,MEDIUM-LOW,3,2,False,MEDIUM-LOW,3,4.0,False,MEDIUM-LOW,3,1,False,MEDIUM-LOW,3,3,False,0.3333333333333333,MEDIUM-LOW,3,0.36882734294947583,0.36882734294947583,False,0.0,MEDIUM-LOW,3,0.08135788602506502,0.08135788602506502,False,MEDIUM-LOW,3,0,True,LOW,0,,True,,LOW,0,,,True,,LOW,0,,,False,LOW,1,168,False,MEDIUM-LOW,3,150.0,False,LOW,0,0,False,,,7,MEDIUM,MISSING_STRUCTURED,OK,HIGH,OK,OK,OK,False,False,MEDIUM-LOW,3,-1.0,3470,False,LOW,1,2,False,LOW,1,1,True,,LOW,1,,,True,,LOW,1,,,False,,,تروبرد,True,LOW,0,,1995-10-13,False,,,1700,615,False,,,بندرترکمن,False,MEDIUM-LOW,3,3,218708,TRAIN,False,LOW,1,1,True,LOW,0,,False,LOW,0,0,5,0,0,False,LOW,1,0,False,0.3333333333333333,MEDIUM-LOW,3,0.36882734294947583,0.36882734294947583,True,,LOW,0,,,True,LOW,0,,False,LOW,0,0,False,LOW,1,1,False,0.0,LOW,1,0.32510312393263446,0.32510312393263446,False,0.0,LOW,1,0.10847718136675337,0.10847718136675337,False,LOW,2,3.5,False,HIGH,13,13,False,HIGH,13,13,False,0.23076923076923078,HIGH,13,0.2750343746442115,0.2750343746442115,False,0.07692307692307693,HIGH,13,0.09171461601114,0.09171461601114,False,HIGH,13,1,3475,False,0.0,MEDIUM-LOW,3,0.08135788602506502,0.08135788602506502,True,,LOW,0,,,False,LOW,1,0,True,LOW,0,,False,LOW,0,0
True,LOW,0,,False,,,50.0,True,LOW,0,,False,LOW,2,3.5,False,LOW,2,3.5,True,LOW,0,,True,LOW,0,,False,,,تروبرد,False,MEDIUM-LOW,3,3,False,0.3333333333333333,MEDIUM-LOW,3,0.36882734294947583,0.36882734294947583,False,0.0,MEDIUM-LOW,3,0.08135788602506502,0.08135788602506502,False,LOW,2,3.5,False,LOW,2,3,False,LOW,2,3.5,False,MEDIUM-LOW,3,1,False,MEDIUM-LOW,3,3,False,0.3333333333333333,MEDIUM-LOW,3,0.36882734294947583,0.36882734294947583,False,0.0,MEDIUM-LOW,3,0.08135788602506502,0.08135788602506502,False,MEDIUM-LOW,3,0,True,LOW,0,,True,,LOW,0,,,True,,LOW,0,,,False,LOW,1,28,False,MEDIUM-LOW,3,183.33333333333334,False,LOW,0,0,False,,,7,MEDIUM,MISSING_STRUCTURED,OK,HIGH,OK,OK,OK,False,False,LOW,2,-1.0,3369,True,LOW,0,,False,MEDIUM-LOW,3,3,True,,LOW,3,,,True,,LOW,3,,,False,,,تروبرد,True,LOW,0,,1995-10-13,False,,,1700,615,False,,,بندرترکمن,False,MEDIUM-LOW,3,3,218709,TRAIN,False,LOW,0,0,True,LOW,0,,False,LOW,0,0,3,1,0,False,LOW,0,0,False,0.3333333333333333,MEDIUM-LOW,3,0.36882734294947583,0.36882734294947583,True,,LOW,0,,,True,LOW,0,,False,LOW,0,0,False,LOW,0,0,True,,LOW,0,,,True,,LOW,0,,,False,LOW,2,3.0,False,HIGH,30,30,False,HIGH,30,30,False,0.26666666666666666,HIGH,30,0.28430339267416593,0.28430339267416593,False,0.1,HIGH,30,0.10431037394858629,0.10431037394858629,False,HIGH,30,3,3374,False,0.0,MEDIUM-LOW,3,0.08135788602506502,0.08135788602506502,True,,LOW,0,,,False,LOW,0,0,True,LOW,0,,False,LOW,0,0
True,LOW,0,,False,,,50.0,True,LOW,0,,True,LOW,0,,True,LOW,0,,True,LOW,0,,True,LOW,0,,False,,,تروبرد,False,LOW,1,1,False,0.0,LOW,1,0.32510312393263446,0.32510312393263446,False,0.0,LOW,1,0.10847718136675337,0.10847718136675337,True,LOW,0,,True,LOW,0,,True,LOW,0,,False,LOW,1,0,False,LOW,1,1,False,0.0,LOW,1,0.32510312393263446,0.32510312393263446,False,0.0,LOW,1,0.10847718136675337,0.10847718136675337,False,LOW,1,0,True,LOW,0,,True,,LOW,0,,,True,,LOW,0,,,False,LOW,1,511,False,LOW,1,700.0,False,LOW,0,0,False,,,7,MEDIUM,MISSING_STRUCTURED,OK,HIGH,OK,OK,OK,False,True,LOW,0,,3458,True,LOW,0,,False,LOW,1,1,True,,LOW,1,,,True,,LOW,1,,,False,,,تروبرد,True,LOW,0,,1995-10-13,False,,,1700,615,False,,,بندرترکمن,False,LOW,1,1,218710,TRAIN,False,LOW,1,1,True,LOW,0,,False,LOW,0,0,1,1,1,False,LOW,1,0,True,,LOW,0,,,True,,LOW,0,,,True,LOW,0,,False,LOW,0,0,False,LOW,1,1,False,0.0,LOW,1,0.32510312393263446,0.32510312393263446,False,0.0,LOW,1,0.10847718136675337,0.10847718136675337,False,LOW,2,9.5,False,MEDIUM,8,8,False,MEDIUM,8,8,False,0.0,MEDIUM,8,0.1500475956612159,0.1500475956612159,False,0.0,MEDIUM,8,0.05006639140004002,0.05006639140004002,False,MEDIUM,8,0,3463,True,,LOW,0,,,True,,LOW,0,,,False,LOW,1,0,True,LOW,0,,False,LOW,0,0
True,LOW,0,,False,,,50.0,True,LOW,0,,False,LOW,2,5.5,False,LOW,2,5.5,True,LOW,0,,True,LOW,0,,False,,,تروبرد,False,MEDIUM-LOW,3,3,False,0.0,MEDIUM-LOW,3,0.24382734294947583,0.24382734294947583,False,0.0,MEDIUM-LOW,3,0.08135788602506502,0.08135788602506502,False,LOW,2,5.5,False,LOW,2,4,False,LOW,2,5.5,False,MEDIUM-LOW,3,0,False,MEDIUM-LOW,3,3,False,0.0,MEDIUM-LOW,3,0.24382734294947583,0.24382734294947583,False,0.0,MEDIUM-LOW,3,0.08135788602506502,0.08135788602506502,False,MEDIUM-LOW,3,0,True,LOW,0,,True,,LOW,0,,,True,,LOW,0,,,False,LOW,1,168,False,MEDIUM-LOW,3,150.0,False,LOW,0,0,False,,,7,MEDIUM,MISSING_STRUCTURED,OK,HIGH,OK,OK,OK,False,False,LOW,2,-3.0,3495,False,LOW,1,7,False,MEDIUM-LOW,3,3,True,,LOW,3,,,True,,LOW,3,,,False,,,تروبرد,True,LOW,0,,1995-10-13,False,,,1700,615,False,,,بندرترکمن,False,MEDIUM-LOW,3,3,218711,TRAIN,False,LOW,1,1,True,LOW,0,,False,LOW,0,0,3,1,0,False,LOW,1,0,False,0.0,MEDIUM-LOW,3,0.24382734294947583,0.24382734294947583,True,,LOW,0,,,True,LOW,0,,False,LOW,0,0,False,LOW,1,1,False,0.0,LOW,1,0.32510312393263446,0.32510312393263446,False,0.0,LOW,1,0.10847718136675337,0.10847718136675337,False,LOW,1,3.0,False,HIGH,11,11,False,HIGH,11,11,False,0.18181818181818182,HIGH,11,0.24691367147473792,0.24691367147473792,False,0.09090909090909091,HIGH,11,0.10317894301253251,0.10317894301253251,False,HIGH,11,1,3500,False,0.0,MEDIUM-LOW,3,0.08135788602506502,0.08135788602506502,True,,LOW,0,,,False,LOW,1,0,True,LOW,0,,False,LOW,0,0
True,LOW,0,,False,,,52.0,False,LOW,1,4.0,False,LOW,1,4.0,False,LOW,1,4.0,True,LOW,0,,True,LOW,0,,False,,,تروبرد,False,LOW,1,1,False,0.0,LOW,1,0.32510312393263446,0.32510312393263446,False,0.0,LOW,1,0.10847718136675337,0.10847718136675337,False,LOW,1,4.0,False,LOW,1,4,False,LOW,1,4.0,False,LOW,1,0,False,LOW,1,1,False,0.0,LOW,1,0.32510312393263446,0.32510312393263446,False,0.0,LOW,1,0.10847718136675337,0.10847718136675337,False,LOW,1,0,True,LOW,0,,True,,LOW,0,,,True,,LOW,0,,,False,LOW,1,511,False,LOW,1,200.0,False,LOW,0,0,False,,,7,MEDIUM,MISSING_STRUCTURED,OK,HIGH,OK,OK,OK,False,True,LOW,0,,3481,False,LOW,1,4,False,LOW,0,0,True,,LOW,0,,,True,,LOW,0,,,False,,,تروبرد,True,LOW,0,,1995-10-13,False,,,1700,615,False,,,بندرترکمن,False,LOW,1,1,218712,TRAIN,False,LOW,1,1,True,LOW,0,,False,LOW,0,0,2,1,0,False,LOW,1,0,False,0.0,LOW,1,0.32510312393263446,0.32510312393263446,True,,LOW,0,,,True,LOW,0,,False,LOW,0,0,False,LOW,1,1,False,0.0,LOW,1,0.32510312393263446,0.32510312393263446,False,0.0,LOW,1,0.10847718136675337,0.10847718136675337,False,MEDIUM-LOW,3,3.6666666666666665,False,MEDIUM-LOW,3,3,False,MEDIUM-LOW,3,3,False,0.3333333333333333,MEDIUM-LOW,3,0.36882734294947583,0.36882734294947583,False,0.0,MEDIUM-LOW,3,0.08135788602506502,0.08135788602506502,False,MEDIUM-LOW,3,0,3486,False,0.0,LOW,1,0.10847718136675337,0.10847718136675337,True,,LOW,0,,,False,LOW,1,0,True,LOW,0,,False,LOW,0,0
True,LOW,0,,False,,,54.0,True,LOW,0,,False,LOW,1,1.0,False,LOW,1,1.0,True,LOW,0,,True,LOW,0,,False,,,تروبرد,False,LOW,2,2,False,0.5,LOW,2,0.4215169633708295,0.4215169633708295,False,0.5,LOW,2,0.23583758402864574,0.23583758402864574,False,LOW,1,1.0,False,LOW,1,1,False,LOW,1,1.0,False,LOW,2,1,False,LOW,2,2,False,0.5,LOW,2,0.4215169633708295,0.4215169633708295,False,0.5,LOW,2,0.23583758402864574,0.23583758402864574,False,LOW,2,1,True,LOW,0,,True,,LOW,0,,,True,,LOW,0,,,False,LOW,1,168,False,LOW,2,75.0,False,LOW,0,0,False,,,7,MEDIUM,MISSING_STRUCTURED,OK,HIGH,OK,OK,MISSING,False,True,LOW,0,,3519,False,LOW,1,1,False,LOW,0,0,True,,LOW,0,,,True,,LOW,0,,,False,,,تروبرد,True,LOW,0,,1995-10-13,False,,,1700,615,False,,,بندرترکمن,False,LOW,2,2,218713,TRAIN,False,LOW,1,1,True,LOW,0,,False,LOW,0,0,4,0,0,False,LOW,1,0,False,0.5,LOW,2,0.4215169633708295,0.4215169633708295,True,,LOW,0,,,True,LOW,0,,False,LOW,0,0,False,LOW,1,1,False,0.0,LOW,1,0.32510312393263446,0.32510312393263446,False,0.0,LOW,1,0.10847718136675337,0.10847718136675337,True,LOW,0,,True,LOW,0,,True,LOW,0,,True,,LOW,0,,,True,,LOW,0,,,True,LOW,0,,3524,False,0.5,LOW,2,0.23583758402864574,0.23583758402864574,True,,LOW,0,,,False,LOW,1,0,True,LOW,0,,False,LOW,0,0
True,LOW,0,,False,,,50.0,True,LOW,0,,True,LOW,0,,True,LOW,0,,True,LOW,0,,True,LOW,0,,False,,,تروبرد,False,LOW,0,0,True,,LOW,0,,,True,,LOW,0,,,True,LOW,0,,True,LOW,0,,True,LOW,0,,False,LOW,0,0,False,LOW,0,0,True,,LOW,0,,,True,,LOW,0,,,False,LOW,0,0,True,LOW,0,,True,,LOW,0,,,True,,LOW,0,,,True,LOW,0,,True,LOW,0,,False,LOW,0,0,False,,,7,MEDIUM,MISSING_STRUCTURED,OK,HIGH,OK,OK,OK,False,True,LOW,0,,3364,True,LOW,0,,False,LOW,0,0,True,,LOW,0,,,True,,LOW,0,,,False,,,تروبرد,True,LOW,0,,1995-10-13,False,,,1700,615,False,,,بندرترکمن,False,LOW,0,0,218714,TRAIN,False,LOW,0,0,True,LOW,0,,False,LOW,0,0,6,0,0,False,LOW,0,0,True,,LOW,0,,,True,,LOW,0,,,True,LOW,0,,False,LOW,0,0,False,LOW,0,0,True,,LOW,0,,,True,,LOW,0,,,False,LOW,1,3.0,False,MEDIUM,5,5,False,MEDIUM,5,5,False,0.2,MEDIUM,5,0.29506187435958064,0.29506187435958064,False,0.0,MEDIUM,5,0.06508630882005202,0.06508630882005202,False,MEDIUM,5,0,3369,True,,LOW,0,,,True,,LOW,0,,,False,LOW,0,0,True,LOW,0,,False,LOW,0,0
True,LOW,0,,False,,,56.0,True,LOW,0,,False,LOW,1,6.0,False,LOW,1,6.0,True,LOW,0,,True,LOW,0,,False,,,تروبرد,False,LOW,1,1,False,0.0,LOW,1,0.32510312393263446,0.32510312393263446,False,0.0,LOW,1,0.10847718136675337,0.10847718136675337,False,LOW,1,6.0,False,LOW,1,6,False,LOW,1,6.0,False,LOW,1,0,False,LOW,1,1,False,0.0,LOW,1,0.32510312393263446,0.32510312393263446,False,0.0,LOW,1,0.10847718136675337,0.10847718136675337,False,LOW,1,0,True,LOW,0,,True,,LOW,0,,,True,,LOW,0,,,False,LOW,1,168,False,LOW,1,50.0,False,LOW,0,0,False,,,8,MEDIUM,MISSING_STRUCTURED,OK,HIGH,OK,OK,OK,False,True,LOW,0,,2836,False,LOW,1,6,False,LOW,0,0,True,,LOW,0,,,True,,LOW,0,,,False,,,تروبرد,True,LOW,0,,1995-10-13,False,,,1700,616,False,,,بندرترکمن,False,LOW,1,1,218715,TRAIN,False,LOW,0,0,True,LOW,0,,False,LOW,0,0,4,0,0,False,LOW,0,0,False,0.0,LOW,1,0.32510312393263446,0.32510312393263446,True,,LOW,0,,,True,LOW,0,,False,LOW,0,0,False,LOW,0,0,True,,LOW,0,,,True,,LOW,0,,,False,MEDIUM-LOW,3,3.0,False,HIGH,31,31,False,HIGH,31,31,False,0.2903225806451613,HIGH,31,0.30418385398877246,0.30418385398877246,False,0.0967741935483871,HIGH,31,0.10141286356112555,0.10141286356112555,False,HIGH,31,3,2839,False,0.0,LOW,1,0.10847718136675337,0.10847718136675337,True,,LOW,0,,,False,LOW,0,0,True,LOW,0,,False,LOW,0,0
True,LOW,0,,False,,,52.0,True,LOW,0,,False,LOW,2,5.5,False,LOW,2,5.5,True,LOW,0,,True,LOW,0,,False,,,تروبرد,False,LOW,2,2,False,0.0,LOW,2,0.27865982051368665,0.27865982051368665,False,0.0,LOW,2,0.09298044117150288,0.09298044117150288,False,LOW,2,5.5,False,LOW,2,5,False,LOW,2,5.5,False,LOW,2,0,False,LOW,2,2,False,0.0,LOW,2,0.27865982051368665,0.27865982051368665,False,0.0,LOW,2,0.09298044117150288,0.09298044117150288,False,LOW,2,0,True,LOW,0,,True,,LOW,0,,,True,,LOW,0,,,False,LOW,1,168,False,LOW,2,125.0,False,LOW,0,0,False,,,8,MEDIUM,MISSING_STRUCTURED,OK,HIGH,OK,OK,OK,False,False,LOW,2,-1.0,3370,False,LOW,1,6,False,LOW,2,2,True,,LOW,2,,,True,,LOW,2,,,False,,,تروبرد,True,LOW,0,,1995-10-13,False,,,1700,616,False,,,بندرترکمن,False,LOW,2,2,218716,TRAIN,False,LOW,0,0,True,LOW,0,,False,LOW,0,0,5,0,0,False,LOW,0,0,False,0.0,LOW,2,0.27865982051368665,0.27865982051368665,True,,LOW,0,,,True,LOW,0,,False,LOW,0,0,False,LOW,0,0,True,,LOW,0,,,True,,LOW,0,,,False,MEDIUM-LOW,4,3.25,False,HIGH,32,32,False,HIGH,32,32,False,0.28125,HIGH,32,0.29596266874583266,0.29596266874583266,False,0.09375,HIGH,32,0.09867197535677082,0.09867197535677082,False,HIGH,32,3,3375,False,0.0,LOW,2,0.09298044117150288,0.09298044117150288,True,,LOW,0,,,False,LOW,0,0,True,LOW,0,,False,LOW,0,0
True,LOW,0,,False,,,50.0,True,LOW,0,,True,LOW,0,,True,LOW,0,,True,LOW,0,,True,LOW,0,,False,,,تروبرد,False,LOW,0,0,True,,LOW,0,,,True,,LOW,0,,,True,LOW,0,,True,LOW,0,,True,LOW,0,,False,LOW,0,0,False,LOW,0,0,True,,LOW,0,,,True,,LOW,0,,,False,LOW,0,0,True,LOW,0,,True,,LOW,0,,,True,,LOW,0,,,True,LOW,0,,True,LOW,0,,False,LOW,0,0,False,,,8,MEDIUM,MISSING_STRUCTURED,OK,HIGH,OK,OK,OK,False,True,LOW,0,,3379,True,LOW,0,,False,LOW,0,0,True,,LOW,0,,,True,,LOW,0,,,False,,,تروبرد,True,LOW,0,,1995-10-13,False,,,1700,616,False,,,بندرترکمن,False,LOW,0,0,218717,TRAIN,False,LOW,0,0,True,LOW,0,,False,LOW,0,0,6,0,0,False,LOW,0,0,True,,LOW,0,,,True,,LOW,0,,,True,LOW,0,,False,LOW,0,0,False,LOW,0,0,True,,LOW,0,,,True,,LOW,0,,,False,MEDIUM,5,3.6,False,HIGH,33,33,False,HIGH,33,33,False,0.2727272727272727,HIGH,33,0.2881741774630476,0.2881741774630476,False,0.09090909090909091,HIGH,33,0.09607534442632948,0.09607534442632948,False,HIGH,33,3,3384,True,,LOW,0,,,True,,LOW,0,,,False,LOW,0,0,True,LOW,0,,False,LOW,0,0
True,LOW,0,,False,,,52.0,False,LOW,1,2.0,False,LOW,2,4.0,False,LOW,2,4.0,True,LOW,0,,True,LOW,0,,False,,,تروبرد,False,LOW,2,2,False,0.5,LOW,2,0.4215169633708295,0.4215169633708295,False,0.0,LOW,2,0.09298044117150288,0.09298044117150288,False,LOW,2,4.0,False,LOW,2,2,False,LOW,2,4.0,False,LOW,2,1,False,LOW,2,2,False,0.5,LOW,2,0.4215169633708295,0.4215169633708295,False,0.0,LOW,2,0.09298044117150288,0.09298044117150288,False,LOW,2,0,True,LOW,0,,True,,LOW,0,,,True,,LOW,0,,,False,LOW,1,168,False,LOW,2,125.0,False,LOW,0,0,False,,,8,MEDIUM,MISSING_STRUCTURED,OK,HIGH,OK,OK,OK,False,False,LOW,2,-4.0,3472,False,LOW,1,6,False,LOW,1,1,True,,LOW,1,,,True,,LOW,1,,,False,,,تروبرد,True,LOW,0,,1995-10-13,False,,,1700,616,False,,,بندرترکمن,False,LOW,2,2,218718,TRAIN,False,LOW,1,1,True,LOW,0,,False,LOW,0,0,7,0,0,False,LOW,1,1,False,0.5,LOW,2,0.4215169633708295,0.4215169633708295,True,,LOW,0,,,True,LOW,0,,False,LOW,0,0,False,LOW,1,1,False,1.0,LOW,1,0.4917697905993011,0.4917697905993011,False,0.0,LOW,1,0.10847718136675337,0.10847718136675337,False,LOW,2,2.5,False,HIGH,16,16,False,HIGH,16,16,False,0.25,HIGH,16,0.28336279731408603,0.28336279731408603,False,0.0,HIGH,16,0.030993480390500962,0.030993480390500962,False,HIGH,16,0,3477,False,0.0,LOW,2,0.09298044117150288,0.09298044117150288,True,,LOW,0,,,False,LOW,1,0,True,LOW,0,,False,LOW,0,0
True,LOW,0,,False,,,52.0,True,LOW,0,,False,LOW,1,9.0,False,LOW,1,9.0,True,LOW,0,,True,LOW,0,,False,,,تروبرد,False,LOW,2,2,False,0.0,LOW,2,0.27865982051368665,0.27865982051368665,False,0.0,LOW,2,0.09298044117150288,0.09298044117150288,False,LOW,1,9.0,False,LOW,1,9,False,LOW,1,9.0,False,LOW,2,0,False,LOW,2,2,False,0.0,LOW,2,0.27865982051368665,0.27865982051368665,False,0.0,LOW,2,0.09298044117150288,0.09298044117150288,False,LOW,2,0,True,LOW,0,,True,,LOW,0,,,True,,LOW,0,,,False,LOW,1,168,False,LOW,2,125.0,False,LOW,0,0,False,,,8,MEDIUM,MISSING_STRUCTURED,OK,HIGH,OK,OK,OK,False,True,LOW,0,,3464,False,LOW,1,9,False,LOW,2,2,True,,LOW,2,,,True,,LOW,2,,,False,,,تروبرد,True,LOW,0,,1995-10-13,False,,,1700,616,False,,,بندرترکمن,False,LOW,2,2,218719,TRAIN,False,LOW,1,1,True,LOW,0,,False,LOW,0,0,1,1,1,False,LOW,1,0,False,0.0,LOW,2,0.27865982051368665,0.27865982051368665,True,,LOW,0,,,True,LOW,0,,False,LOW,0,0,False,LOW,1,1,False,0.0,LOW,1,0.32510312393263446,0.32510312393263446,False,0.0,LOW,1,0.10847718136675337,0.10847718136675337,False,LOW,2,5.0,False,MEDIUM,9,9,False,MEDIUM,9,9,False,0.1111111111111111,MEDIUM,9,0.21075848168541475,0.21075848168541475,False,0.1111111111111111,MEDIUM,9,0.11791879201432287,0.11791879201432287,False,MEDIUM,9,1,3469,False,0.0,LOW,2,0.09298044117150288,0.09298044117150288,True,,LOW,0,,,False,LOW,1,0,True,LOW,0,,False,LOW,0,0
True,LOW,0,,False,,,50.5,True,LOW,0,,False,LOW,1,5.0,False,LOW,1,5.0,True,LOW,0,,True,LOW,0,,False,,,تروبرد,False,LOW,2,2,False,0.0,LOW,2,0.27865982051368665,0.27865982051368665,False,0.0,LOW,2,0.09298044117150288,0.09298044117150288,False,LOW,1,5.0,False,LOW,1,5,False,LOW,1,5.0,False,LOW,2,0,False,LOW,2,2,False,0.0,LOW,2,0.27865982051368665,0.27865982051368665,False,0.0,LOW,2,0.09298044117150288,0.09298044117150288,False,LOW,2,0,True,LOW,0,,True,,LOW,0,,,True,,LOW,0,,,False,LOW,1,168,False,LOW,2,125.0,False,LOW,0,0,False,,,8,MEDIUM,MISSING_STRUCTURED,OK,HIGH,OK,OK,OK,False,True,LOW,0,,3468,False,LOW,1,5,False,MEDIUM-LOW,3,3,True,,LOW,3,,,True,,LOW,3,,,False,,,تروبرد,True,LOW,0,,1995-10-13,False,,,1700,616,False,,,بندرترکمن,False,LOW,2,2,218720,TRAIN,False,LOW,1,1,True,LOW,0,,False,LOW,0,0,3,1,0,False,LOW,1,0,False,0.0,LOW,2,0.27865982051368665,0.27865982051368665,True,,LOW,0,,,True,LOW,0,,False,LOW,0,0,False,LOW,1,1,False,0.0,LOW,1,0.32510312393263446,0.32510312393263446,False,0.0,LOW,1,0.10847718136675337,0.10847718136675337,False,LOW,1,2.0,False,HIGH,16,16,False,HIGH,16,16,False,0.125,HIGH,16,0.1881247020759908,0.1881247020759908,False,0.0,HIGH,16,0.030993480390500962,0.030993480390500962,False,HIGH,16,0,3473,False,0.0,LOW,2,0.09298044117150288,0.09298044117150288,True,,LOW,0,,,False,LOW,1,0,True,LOW,0,,False,LOW,0,0
True,LOW,0,,False,,,53.5,True,LOW,0,,False,LOW,1,4.0,False,LOW,1,4.0,True,LOW,0,,True,LOW,0,,False,,,تروبرد,False,LOW,1,1,False,0.0,LOW,1,0.32510312393263446,0.32510312393263446,False,0.0,LOW,1,0.10847718136675337,0.10847718136675337,False,LOW,1,4.0,False,LOW,1,4,False,LOW,1,4.0,False,LOW,1,0,False,LOW,1,1,False,0.0,LOW,1,0.32510312393263446,0.32510312393263446,False,0.0,LOW,1,0.10847718136675337,0.10847718136675337,False,LOW,1,0,True,LOW,0,,True,,LOW,0,,,True,,LOW,0,,,False,LOW,1,168,False,LOW,1,50.0,False,LOW,0,0,False,,,8,MEDIUM,MISSING_STRUCTURED,OK,HIGH,OK,OK,OK,False,True,LOW,0,,3377,False,LOW,1,4,False,LOW,1,1,True,,LOW,1,,,True,,LOW,1,,,False,,,تروبرد,True,LOW,0,,1995-10-13,False,,,1700,616,False,,,بندرترکمن,False,LOW,1,1,218721,TRAIN,False,LOW,0,0,True,LOW,0,,False,LOW,0,0,2,1,0,False,LOW,0,0,False,0.0,LOW,1,0.32510312393263446,0.32510312393263446,True,,LOW,0,,,True,LOW,0,,False,LOW,0,0,False,LOW,0,0,True,,LOW,0,,,True,,LOW,0,,,False,MEDIUM,5,3.8,False,HIGH,34,34,False,HIGH,34,34,False,0.2647058823529412,HIGH,34,0.2807850959896361,0.2807850959896361,False,0.08823529411764706,HIGH,34,0.09361187405642359,0.09361187405642359,False,HIGH,34,3,3382,False,0.0,LOW,1,0.10847718136675337,0.10847718136675337,True,,LOW,0,,,False,LOW,0,0,True,LOW,0,,False,LOW,0,0
True,LOW,0,,False,,,52.0,True,LOW,0,,False,LOW,1,2.0,False,LOW,1,2.0,True,LOW,0,,True,LOW,0,,False,,,تروبرد,False,LOW,2,2,False,0.5,LOW,2,0.4215169633708295,0.4215169633708295,False,0.0,LOW,2,0.09298044117150288,0.09298044117150288,False,LOW,1,2.0,False,LOW,1,2,False,LOW,1,2.0,False,LOW,2,1,False,LOW,2,2,False,0.5,LOW,2,0.4215169633708295,0.4215169633708295,False,0.0,LOW,2,0.09298044117150288,0.09298044117150288,False,LOW,2,0,True,LOW,0,,True,,LOW,0,,,True,,LOW,0,,,False,LOW,1,168,False,LOW,2,125.0,False,LOW,0,0,False,,,8,MEDIUM,MISSING_STRUCTURED,OK,HIGH,OK,INVALID_FINISH,OK,False,True,LOW,0,,3501,False,LOW,1,2,False,LOW,0,0,True,,LOW,0,,,True,,LOW,0,,,False,,,تروبرد,True,LOW,0,,1995-10-13,False,,,1700,616,False,,,بندرترکمن,False,LOW,2,2,218722,TRAIN,False,LOW,1,1,True,LOW,0,,False,LOW,0,0,,,,False,LOW,1,0,False,0.5,LOW,2,0.4215169633708295,0.4215169633708295,True,,LOW,0,,,True,LOW,0,,False,LOW,0,0,False,LOW,1,1,False,0.0,LOW,1,0.32510312393263446,0.32510312393263446,False,0.0,LOW,1,0.10847718136675337,0.10847718136675337,False,LOW,2,2.5,False,HIGH,19,19,False,HIGH,19,19,False,0.15789473684210525,HIGH,19,0.2062757809831586,0.2062757809831586,False,0.10526315789473684,HIGH,19,0.11045262867502166,0.11045262867502166,False,HIGH,19,2,3506,False,0.0,LOW,2,0.09298044117150288,0.09298044117150288,True,,LOW,0,,,False,LOW,1,0,True,LOW,0,,False,LOW,0,0
True,LOW,0,,True,LOW,0,,True,LOW,0,,False,LOW,1,11.0,False,LOW,1,11.0,True,LOW,0,,True,LOW,0,,False,,,تروبرد,False,LOW,1,1,False,0.0,LOW,1,0.32510312393263446,0.32510312393263446,False,0.0,LOW,1,0.10847718136675337,0.10847718136675337,False,LOW,1,11.0,False,LOW,1,11,False,LOW,1,11.0,False,LOW,1,0,False,LOW,1,1,False,0.0,LOW,1,0.32510312393263446,0.32510312393263446,False,0.0,LOW,1,0.10847718136675337,0.10847718136675337,False,LOW,1,0,True,LOW,0,,True,,LOW,0,,,True,,LOW,0,,,False,LOW,1,168,False,LOW,1,1500.0,False,LOW,0,0,False,,,3,MEDIUM,MISSING_STRUCTURED,OK,HIGH,OK,OK,OK,False,True,LOW,0,,3355,False,LOW,1,11,False,LOW,0,0,True,,LOW,0,,,True,,LOW,0,,,False,,,تروبرد,True,LOW,0,,1995-10-13,False,,,0,1098,False,,,تهران,False,LOW,1,1,222873,TRAIN,False,LOW,0,0,True,LOW,0,,False,LOW,0,0,1,1,1,False,LOW,0,0,False,0.0,LOW,1,0.32510312393263446,0.32510312393263446,True,,LOW,0,,,True,LOW,0,,False,LOW,0,0,False,LOW,0,0,True,,LOW,0,,,True,,LOW,0,,,False,MEDIUM-LOW,3,6.333333333333333,False,MEDIUM-LOW,4,4,False,MEDIUM-LOW,4,4,False,0.0,MEDIUM-LOW,4,0.21673541595508963,0.21673541595508963,False,0.0,MEDIUM-LOW,4,0.0723181209111689,0.0723181209111689,False,MEDIUM-LOW,4,0,3360,False,0.0,LOW,1,0.10847718136675337,0.10847718136675337,True,,LOW,0,,,False,LOW,0,0,True,LOW,0,,False,LOW,0,0
True,LOW,0,,True,LOW,0,,True,LOW,0,,True,LOW,0,,True,LOW,0,,True,LOW,0,,True,LOW,0,,False,,,تروبرد,False,LOW,0,0,True,,LOW,0,,,True,,LOW,0,,,True,LOW,0,,True,LOW,0,,True,LOW,0,,False,LOW,0,0,False,LOW,0,0,True,,LOW,0,,,True,,LOW,0,,,False,LOW,0,0,True,LOW,0,,True,,LOW,0,,,True,,LOW,0,,,True,LOW,0,,True,LOW,0,,False,LOW,0,0,False,,,3,MEDIUM,MISSING_STRUCTURED,OK,HIGH,OK,OK,MISSING,False,True,LOW,0,,5451,True,LOW,0,,False,LOW,0,0,True,,LOW,0,,,True,,LOW,0,,,False,,,تروبرد,True,LOW,0,,1995-10-13,False,,,0,1098,False,,,تهران,False,LOW,0,0,222874,TRAIN,False,LOW,0,0,True,LOW,0,,False,LOW,0,0,2,1,0,False,LOW,0,0,True,,LOW,0,,,True,,LOW,0,,,True,LOW,0,,False,LOW,0,0,False,LOW,0,0,True,,LOW,0,,,True,,LOW,0,,,True,LOW,0,,True,LOW,0,,True,LOW,0,,True,,LOW,0,,,True,,LOW,0,,,True,LOW,0,,5458,True,,LOW,0,,,True,,LOW,0,,,False,LOW,0,0,True,LOW,0,,False,LOW,0,0
True,LOW,0,,True,LOW,0,,True,LOW,0,,False,MEDIUM-LOW,3,5.0,False,MEDIUM-LOW,3,5.0,True,LOW,0,,True,LOW,0,,False,,,تروبرد,False,MEDIUM-LOW,3,3,False,0.6666666666666666,MEDIUM-LOW,3,0.49382734294947583,0.49382734294947583,False,0.0,MEDIUM-LOW,3,0.08135788602506502,0.08135788602506502,False,MEDIUM-LOW,3,5.0,False,MEDIUM-LOW,3,3,False,MEDIUM-LOW,3,3.0,False,MEDIUM-LOW,3,2,False,MEDIUM-LOW,3,3,False,0.6666666666666666,MEDIUM-LOW,3,0.49382734294947583,0.49382734294947583,False,0.0,MEDIUM-LOW,3,0.08135788602506502,0.08135788602506502,False,MEDIUM-LOW,3,0,True,LOW,0,,True,,LOW,0,,,True,,LOW,0,,,False,LOW,1,168,False,MEDIUM-LOW,3,1333.3333333333333,False,LOW,0,0,False,,,3,MEDIUM,MISSING_STRUCTURED,OK,HIGH,OK,OK,OK,False,False,MEDIUM-LOW,3,-3.0,3241,False,LOW,1,9,False,LOW,0,0,True,,LOW,0,,,True,,LOW,0,,,False,,,تروبرد,True,LOW,0,,1995-10-13,False,,,0,1098,False,,,تهران,False,MEDIUM-LOW,3,3,222875,TRAIN,False,LOW,0,0,True,LOW,0,,False,LOW,0,0,3,1,0,False,LOW,0,0,False,0.6666666666666666,MEDIUM-LOW,3,0.49382734294947583,0.49382734294947583,True,,LOW,0,,,True,LOW,0,,False,LOW,0,0,False,LOW,0,0,True,,LOW,0,,,True,,LOW,0,,,True,LOW,0,,False,LOW,0,0,False,LOW,0,0,True,,LOW,0,,,True,,LOW,0,,,False,LOW,0,0,3246,False,0.0,MEDIUM-LOW,3,0.08135788602506502,0.08135788602506502,True,,LOW,0,,,False,LOW,0,0,True,LOW,0,,False,LOW,0,0
True,LOW,0,,True,LOW,0,,True,LOW,0,,True,LOW,0,,True,LOW,0,,True,LOW,0,,True,LOW,0,,False,,,تروبرد,False,LOW,1,1,False,0.0,LOW,1,0.32510312393263446,0.32510312393263446,False,0.0,LOW,1,0.10847718136675337,0.10847718136675337,True,LOW,0,,True,LOW,0,,True,LOW,0,,False,LOW,1,0,False,LOW,1,1,False,0.0,LOW,1,0.32510312393263446,0.32510312393263446,False,0.0,LOW,1,0.10847718136675337,0.10847718136675337,False,LOW,1,0,True,LOW,0,,True,,LOW,0,,,True,,LOW,0,,,False,LOW,1,168,False,LOW,1,1650.0,False,LOW,0,0,False,,,3,MEDIUM,MISSING_STRUCTURED,OK,HIGH,OK,OK,OK,False,True,LOW,0,,3372,True,LOW,0,,False,LOW,2,2,True,,LOW,2,,,True,,LOW,2,,,False,,,تروبرد,True,LOW,0,,1995-10-13,False,,,0,1101,False,,,تهران,False,LOW,1,1,222876,TRAIN,False,LOW,0,0,True,LOW,0,,False,LOW,0,0,1,1,1,False,LOW,0,0,True,,LOW,0,,,True,,LOW,0,,,True,LOW,0,,False,LOW,0,0,False,LOW,0,0,True,,LOW,0,,,True,,LOW,0,,,False,LOW,2,1.5,False,MEDIUM,6,6,False,MEDIUM,6,6,False,0.3333333333333333,MEDIUM,6,0.3591471585087097,0.3591471585087097,False,0.16666666666666666,MEDIUM,6,0.15007846256368365,0.15007846256368365,False,MEDIUM,6,1,3377,True,,LOW,0,,,True,,LOW,0,,,False,LOW,0,0,True,LOW,0,,False,LOW,0,0
True,LOW,0,,True,LOW,0,,True,LOW,0,,True,LOW,0,,True,LOW,0,,True,LOW,0,,True,LOW,0,,False,,,تروبرد,False,LOW,0,0,True,,LOW,0,,,True,,LOW,0,,,True,LOW,0,,True,LOW,0,,True,LOW,0,,False,LOW,0,0,False,LOW,0,0,True,,LOW,0,,,True,,LOW,0,,,False,LOW,0,0,True,LOW,0,,True,,LOW,0,,,True,,LOW,0,,,True,LOW,0,,True,LOW,0,,False,LOW,0,0,False,,,3,MEDIUM,MISSING_STRUCTURED,OK,HIGH,OK,OK,MISSING,False,True,LOW,0,,3206,True,LOW,0,,False,LOW,0,0,True,,LOW,0,,,True,,LOW,0,,,False,,,تروبرد,True,LOW,0,,1995-10-13,False,,,0,1101,False,,,تهران,False,LOW,0,0,222877,TRAIN,False,LOW,0,0,True,LOW,0,,False,LOW,0,0,2,1,0,False,LOW,0,0,True,,LOW,0,,,True,,LOW,0,,,True,LOW,0,,False,LOW,0,0,False,LOW,0,0,True,,LOW,0,,,True,,LOW,0,,,True,LOW,0,,True,LOW,0,,True,LOW,0,,True,,LOW,0,,,True,,LOW,0,,,True,LOW,0,,3211,True,,LOW,0,,,True,,LOW,0,,,False,LOW,0,0,True,LOW,0,,False,LOW,0,0
True,LOW,0,,True,LOW,0,,True,LOW,0,,False,LOW,1,2.0,False,LOW,1,2.0,True,LOW,0,,True,LOW,0,,False,,,تروبرد,False,LOW,1,1,False,1.0,LOW,1,0.4917697905993011,0.4917697905993011,False,0.0,LOW,1,0.10847718136675337,0.10847718136675337,False,LOW,1,2.0,False,LOW,1,2,False,LOW,1,2.0,False,LOW,1,1,False,LOW,1,1,False,1.0,LOW,1,0.4917697905993011,0.4917697905993011,False,0.0,LOW,1,0.10847718136675337,0.10847718136675337,False,LOW,1,0,True,LOW,0,,True,,LOW,0,,,True,,LOW,0,,,False,LOW,1,168,False,LOW,1,1650.0,False,LOW,0,0,False,,,3,MEDIUM,MISSING_STRUCTURED,OK,HIGH,OK,OK,OK,False,True,LOW,0,,3255,False,LOW,1,2,False,LOW,1,1,True,,LOW,1,,,True,,LOW,1,,,False,,,تروبرد,True,LOW,0,,1995-10-13,False,,,0,1101,False,,,تهران,False,LOW,1,1,222878,TRAIN,False,LOW,0,0,True,LOW,0,,False,LOW,0,0,3,1,0,False,LOW,0,0,False,1.0,LOW,1,0.4917697905993011,0.4917697905993011,True,,LOW,0,,,True,LOW,0,,False,LOW,0,0,False,LOW,0,0,True,,LOW,0,,,True,,LOW,0,,,False,MEDIUM,5,3.8,False,MEDIUM,5,5,False,MEDIUM,5,5,False,0.6,MEDIUM,5,0.49506187435958066,0.49506187435958066,False,0.2,MEDIUM,5,0.165086308820052,0.165086308820052,False,MEDIUM,5,1,3260,False,0.0,LOW,1,0.10847718136675337,0.10847718136675337,True,,LOW,0,,,False,LOW,0,0,True,LOW,0,,False,LOW,0,0
True,LOW,0,,False,,,53.0,True,LOW,0,,True,LOW,0,,True,LOW,0,,True,LOW,0,,True,LOW,0,,False,,,تروبرد,False,LOW,0,0,True,,LOW,0,,,True,,LOW,0,,,True,LOW,0,,True,LOW,0,,True,LOW,0,,False,LOW,0,0,False,LOW,0,0,True,,LOW,0,,,True,,LOW,0,,,False,LOW,0,0,True,LOW,0,,True,,LOW,0,,,True,,LOW,0,,,True,LOW,0,,True,LOW,0,,False,LOW,0,0,False,,,9,MEDIUM,MISSING_STRUCTURED,OK,HIGH,OK,OK,OK,False,True,LOW,0,,3376,True,LOW,0,,False,LOW,0,0,True,,LOW,0,,,True,,LOW,0,,,False,,,تروبرد,True,LOW,0,,1995-10-20,False,,,1000,3297,False,,,گنبدکاووس,False,LOW,0,0,244811,TRAIN,False,LOW,0,0,True,LOW,0,,False,LOW,0,0,2,1,0,False,LOW,0,0,True,,LOW,0,,,True,,LOW,0,,,True,LOW,0,,False,LOW,0,0,False,LOW,0,0,True,,LOW,0,,,True,,LOW,0,,,False,MEDIUM,5,6.0,False,MEDIUM,8,8,False,MEDIUM,8,8,False,0.5,MEDIUM,8,0.4577399033535236,0.4577399033535236,False,0.125,MEDIUM,8,0.12698946832311694,0.12698946832311694,False,MEDIUM,8,1,3381,True,,LOW,0,,,True,,LOW,0,,,False,LOW,0,0,True,LOW,0,,False,LOW,0,0
True,LOW,0,,False,,,52.0,True,LOW,0,,True,LOW,0,,True,LOW,0,,True,LOW,0,,True,LOW,0,,False,,,تروبرد,False,LOW,0,0,True,,LOW,0,,,True,,LOW,0,,,True,LOW,0,,True,LOW,0,,True,LOW,0,,False,LOW,0,0,False,LOW,0,0,True,,LOW,0,,,True,,LOW,0,,,False,LOW,0,0,True,LOW,0,,True,,LOW,0,,,True,,LOW,0,,,True,LOW,0,,True,LOW,0,,False,LOW,0,0,False,,,9,MEDIUM,MISSING_STRUCTURED,OK,HIGH,OK,OK,OK,False,True,LOW,0,,9290,True,LOW,0,,False,LOW,0,0,True,,LOW,0,,,True,,LOW,0,,,False,,,تروبرد,True,LOW,0,,1995-10-20,False,,,1000,3297,False,,,گنبدکاووس,False,LOW,0,0,244812,TRAIN,False,LOW,0,0,True,LOW,0,,False,LOW,0,0,8,0,0,False,LOW,0,0,True,,LOW,0,,,True,,LOW,0,,,True,LOW,0,,False,LOW,0,0,False,LOW,0,0,True,,LOW,0,,,True,,LOW,0,,,False,MEDIUM-LOW,3,2.6666666666666665,False,MEDIUM,7,7,False,MEDIUM,7,7,False,0.42857142857142855,MEDIUM,7,0.4125515619663172,0.4125515619663172,False,0.14285714285714285,MEDIUM,7,0.13757192401671,0.13757192401671,False,MEDIUM,7,1,9304,True,,LOW,0,,,True,,LOW,0,,,False,LOW,0,0,True,LOW,0,,False,LOW,0,0
True,LOW,0,,False,,,50.0,False,LOW,2,5.0,False,MEDIUM-LOW,3,5.0,False,MEDIUM-LOW,4,4.75,True,LOW,0,,True,LOW,0,,False,,,تروبرد,False,MEDIUM-LOW,4,4,False,0.25,MEDIUM-LOW,4,0.32784652706620077,0.32784652706620077,False,0.0,MEDIUM-LOW,4,0.0723181209111689,0.0723181209111689,False,MEDIUM-LOW,4,4.75,False,MEDIUM-LOW,4,2,False,MEDIUM-LOW,4,4.5,False,MEDIUM-LOW,4,1,False,MEDIUM-LOW,4,4,False,0.25,MEDIUM-LOW,4,0.32784652706620077,0.32784652706620077,False,0.0,MEDIUM-LOW,4,0.0723181209111689,0.0723181209111689,False,MEDIUM-LOW,4,0,True,LOW,0,,True,,LOW,0,,,True,,LOW,0,,,False,LOW,1,7,False,MEDIUM-LOW,4,587.5,False,LOW,0,0,False,,,9,MEDIUM,MISSING_STRUCTURED,OK,HIGH,OK,OK,OK,False,False,MEDIUM-LOW,4,2.5,3470,False,LOW,1,5,False,LOW,0,0,True,,LOW,0,,,True,,LOW,0,,,False,,,تروبرد,True,LOW,0,,1995-10-20,False,,,1000,3297,False,,,گنبدکاووس,False,MEDIUM-LOW,4,4,244813,TRAIN,False,LOW,2,2,True,LOW,0,,False,LOW,0,0,9,0,0,False,LOW,2,1,False,0.25,MEDIUM-LOW,4,0.32784652706620077,0.32784652706620077,True,,LOW,0,,,True,LOW,0,,False,LOW,0,0,False,LOW,2,2,False,0.5,LOW,2,0.4215169633708295,0.4215169633708295,False,0.0,LOW,2,0.09298044117150288,0.09298044117150288,False,MEDIUM-LOW,3,4.0,False,HIGH,14,14,False,HIGH,14,14,False,0.21428571428571427,HIGH,14,0.2605588812418846,0.2605588812418846,False,0.07142857142857142,HIGH,14,0.08688753095792212,0.08688753095792212,False,HIGH,14,1,3475,False,0.0,MEDIUM-LOW,4,0.0723181209111689,0.0723181209111689,True,,LOW,0,,,False,LOW,2,0,True,LOW,0,,False,LOW,0,0
True,LOW,0,,False,,,54.0,True,LOW,0,,True,LOW,0,,True,LOW,0,,True,LOW,0,,True,LOW,0,,False,,,تروبرد,False,LOW,0,0,True,,LOW,0,,,True,,LOW,0,,,True,LOW,0,,True,LOW,0,,True,LOW,0,,False,LOW,0,0,False,LOW,0,0,True,,LOW,0,,,True,,LOW,0,,,False,LOW,0,0,True,LOW,0,,True,,LOW,0,,,True,,LOW,0,,,True,LOW,0,,True,LOW,0,,False,LOW,0,0,False,,,9,MEDIUM,MISSING_STRUCTURED,OK,HIGH,OK,OK,OK,False,True,LOW,0,,3368,True,LOW,0,,False,LOW,0,0,True,,LOW,0,,,True,,LOW,0,,,False,,,تروبرد,True,LOW,0,,1995-10-20,False,,,1000,3297,False,,,گنبدکاووس,False,LOW,0,0,244814,TRAIN,False,LOW,0,0,True,LOW,0,,False,LOW,0,0,1,1,1,False,LOW,0,0,True,,LOW,0,,,True,,LOW,0,,,True,LOW,0,,False,LOW,0,0,False,LOW,0,0,True,,LOW,0,,,True,,LOW,0,,,True,LOW,0,,False,LOW,0,0,False,LOW,0,0,True,,LOW,0,,,True,,LOW,0,,,False,LOW,0,0,3373,True,,LOW,0,,,True,,LOW,0,,,False,LOW,0,0,True,LOW,0,,False,LOW,0,0
True,LOW,0,,False,,,50.0,True,LOW,0,,False,LOW,1,1.0,False,LOW,1,1.0,True,LOW,0,,True,LOW,0,,False,,,تروبرد,False,MEDIUM-LOW,4,4,False,0.25,MEDIUM-LOW,4,0.32784652706620077,0.32784652706620077,False,0.25,MEDIUM-LOW,4,0.18342923202228,0.18342923202228,False,LOW,1,1.0,False,LOW,1,1,False,LOW,1,1.0,False,MEDIUM-LOW,4,1,False,MEDIUM-LOW,4,4,False,0.25,MEDIUM-LOW,4,0.32784652706620077,0.32784652706620077,False,0.25,MEDIUM-LOW,4,0.18342923202228,0.18342923202228,False,MEDIUM-LOW,4,1,True,LOW,0,,True,,LOW,0,,,True,,LOW,0,,,False,LOW,1,28,False,MEDIUM-LOW,4,600.0,False,LOW,0,0,False,,,9,MEDIUM,MISSING_STRUCTURED,OK,HIGH,OK,OK,OK,False,True,LOW,0,,3487,False,LOW,1,1,False,LOW,0,0,True,,LOW,0,,,True,,LOW,0,,,False,,,تروبرد,True,LOW,0,,1995-10-20,False,,,1000,3297,False,,,گنبدکاووس,False,MEDIUM-LOW,4,4,244815,TRAIN,False,LOW,0,0,True,LOW,0,,False,LOW,0,0,7,0,0,False,LOW,0,0,False,0.25,MEDIUM-LOW,4,0.32784652706620077,0.32784652706620077,True,,LOW,0,,,True,LOW,0,,False,LOW,0,0,False,LOW,0,0,True,,LOW,0,,,True,,LOW,0,,,False,LOW,1,1.0,False,LOW,2,2,False,LOW,2,2,False,0.5,LOW,2,0.4215169633708295,0.4215169633708295,False,0.5,LOW,2,0.23583758402864574,0.23583758402864574,False,LOW,2,1,3492,False,0.25,MEDIUM-LOW,4,0.18342923202228,0.18342923202228,True,,LOW,0,,,False,LOW,0,0,True,LOW,0,,False,LOW,0,0
True,LOW,0,,False,,,50.0,True,LOW,0,,False,LOW,1,6.0,False,LOW,1,6.0,True,LOW,0,,True,LOW,0,,False,,,تروبرد,False,LOW,1,1,False,0.0,LOW,1,0.32510312393263446,0.32510312393263446,False,0.0,LOW,1,0.10847718136675337,0.10847718136675337,False,LOW,1,6.0,False,LOW,1,6,False,LOW,1,6.0,False,LOW,1,0,False,LOW,1,1,False,0.0,LOW,1,0.32510312393263446,0.32510312393263446,False,0.0,LOW,1,0.10847718136675337,0.10847718136675337,False,LOW,1,0,True,LOW,0,,True,,LOW,0,,,True,,LOW,0,,,False,LOW,1,7,False,LOW,1,700.0,False,LOW,0,0,False,,,9,MEDIUM,MISSING_STRUCTURED,OK,HIGH,OK,OK,OK,False,True,LOW,0,,3364,False,LOW,1,6,False,LOW,1,1,True,,LOW,1,,,True,,LOW,1,,,False,,,تروبرد,True,LOW,0,,1995-10-20,False,,,1000,3297,False,,,گنبدکاووس,False,LOW,1,1,244816,TRAIN,False,LOW,0,0,True,LOW,0,,False,LOW,0,0,4,0,0,False,LOW,0,0,False,0.0,LOW,1,0.32510312393263446,0.32510312393263446,True,,LOW,0,,,True,LOW,0,,False,LOW,0,0,False,LOW,0,0,True,,LOW,0,,,True,,LOW,0,,,False,LOW,2,4.5,False,MEDIUM,6,6,False,MEDIUM,6,6,False,0.16666666666666666,MEDIUM,6,0.26823806759961877,0.26823806759961877,False,0.0,MEDIUM,6,0.059169371654592746,0.059169371654592746,False,MEDIUM,6,0,3369,False,0.0,LOW,1,0.10847718136675337,0.10847718136675337,True,,LOW,0,,,False,LOW,0,0,True,LOW,0,,False,LOW,0,0
True,LOW,0,,False,,,50.5,False,LOW,2,5.5,False,MEDIUM-LOW,3,4.666666666666667,False,MEDIUM-LOW,3,4.666666666666667,True,LOW,0,,True,LOW,0,,False,,,تروبرد,False,MEDIUM-LOW,4,4,False,0.25,MEDIUM-LOW,4,0.32784652706620077,0.32784652706620077,False,0.0,MEDIUM-LOW,4,0.0723181209111689,0.0723181209111689,False,MEDIUM-LOW,3,4.666666666666667,False,MEDIUM-LOW,3,3,False,MEDIUM-LOW,3,4.0,False,MEDIUM-LOW,4,1,False,MEDIUM-LOW,4,4,False,0.25,MEDIUM-LOW,4,0.32784652706620077,0.32784652706620077,False,0.0,MEDIUM-LOW,4,0.0723181209111689,0.0723181209111689,False,MEDIUM-LOW,4,0,True,LOW,0,,True,,LOW,0,,,True,,LOW,0,,,False,LOW,1,7,False,MEDIUM-LOW,4,587.5,False,LOW,0,0,False,,,9,MEDIUM,MISSING_STRUCTURED,OK,HIGH,OK,OK,OK,False,False,MEDIUM-LOW,3,-1.0,3495,False,LOW,1,3,False,MEDIUM-LOW,4,4,True,,LOW,4,,,True,,LOW,4,,,False,,,تروبرد,True,LOW,0,,1995-10-20,False,,,1000,3297,False,,,گنبدکاووس,False,MEDIUM-LOW,4,4,244817,TRAIN,False,LOW,2,2,True,LOW,0,,False,LOW,0,0,6,0,0,False,LOW,2,0,False,0.25,MEDIUM-LOW,4,0.32784652706620077,0.32784652706620077,True,,LOW,0,,,True,LOW,0,,False,LOW,0,0,False,LOW,2,2,False,0.0,LOW,2,0.27865982051368665,0.27865982051368665,False,0.0,LOW,2,0.09298044117150288,0.09298044117150288,False,LOW,2,3.0,False,HIGH,12,12,False,HIGH,12,12,False,0.25,HIGH,12,0.29121286727034157,0.29121286727034157,False,0.08333333333333333,HIGH,12,0.09710959342356001,0.09710959342356001,False,HIGH,12,1,3500,False,0.0,MEDIUM-LOW,4,0.0723181209111689,0.0723181209111689,True,,LOW,0,,,False,LOW,2,0,True,LOW,0,,False,LOW,0,0
True,LOW,0,,False,,,51.0,True,LOW,0,,True,LOW,0,,True,LOW,0,,True,LOW,0,,True,LOW,0,,False,,,تروبرد,False,LOW,0,0,True,,LOW,0,,,True,,LOW,0,,,True,LOW,0,,True,LOW,0,,True,LOW,0,,False,LOW,0,0,False,LOW,0,0,True,,LOW,0,,,True,,LOW,0,,,False,LOW,0,0,True,LOW,0,,True,,LOW,0,,,True,,LOW,0,,,True,LOW,0,,True,LOW,0,,False,LOW,0,0,False,,,9,MEDIUM,MISSING_STRUCTURED,OK,HIGH,OK,OK,MISSING,False,True,LOW,0,,3375,True,LOW,0,,False,LOW,0,0,True,,LOW,0,,,True,,LOW,0,,,False,,,تروبرد,True,LOW,0,,1995-10-20,False,,,1000,3297,False,,,گنبدکاووس,False,LOW,0,0,244818,TRAIN,False,LOW,0,0,True,LOW,0,,False,LOW,0,0,3,1,0,False,LOW,0,0,True,,LOW,0,,,True,,LOW,0,,,True,LOW,0,,False,LOW,0,0,False,LOW,0,0,True,,LOW,0,,,True,,LOW,0,,,True,LOW,0,,True,LOW,0,,True,LOW,0,,True,,LOW,0,,,True,,LOW,0,,,True,LOW,0,,3380,True,,LOW,0,,,True,,LOW,0,,,False,LOW,0,0,True,LOW,0,,False,LOW,0,0
True,LOW,0,,False,,,54.0,False,LOW,1,1.0,False,LOW,2,2.5,False,LOW,2,2.5,True,LOW,0,,True,LOW,0,,False,,,تروبرد,False,MEDIUM-LOW,3,3,False,0.3333333333333333,MEDIUM-LOW,3,0.36882734294947583,0.36882734294947583,False,0.3333333333333333,MEDIUM-LOW,3,0.20635788602506502,0.20635788602506502,False,LOW,2,2.5,False,LOW,2,1,False,LOW,2,2.5,False,MEDIUM-LOW,3,1,False,MEDIUM-LOW,3,3,False,0.3333333333333333,MEDIUM-LOW,3,0.36882734294947583,0.36882734294947583,False,0.3333333333333333,MEDIUM-LOW,3,0.20635788602506502,0.20635788602506502,False,MEDIUM-LOW,3,1,True,LOW,0,,True,,LOW,0,,,True,,LOW,0,,,False,LOW,1,7,False,MEDIUM-LOW,3,650.0,False,LOW,0,0,False,,,9,MEDIUM,MISSING_STRUCTURED,OK,HIGH,OK,OK,MISSING,False,False,LOW,2,-3.0,3519,False,LOW,1,4,False,LOW,1,1,True,,LOW,1,,,True,,LOW,1,,,False,,,تروبرد,True,LOW,0,,1995-10-20,False,,,1000,3297,False,,,گنبدکاووس,False,MEDIUM-LOW,3,3,244819,TRAIN,False,LOW,1,1,True,LOW,0,,False,LOW,0,0,5,0,0,False,LOW,1,1,False,0.3333333333333333,MEDIUM-LOW,3,0.36882734294947583,0.36882734294947583,True,,LOW,0,,,True,LOW,0,,False,LOW,0,0,False,LOW,1,1,False,1.0,LOW,1,0.4917697905993011,0.4917697905993011,False,1.0,LOW,1,0.27514384803342,0.27514384803342,True,LOW,0,,True,LOW,0,,True,LOW,0,,True,,LOW,0,,,True,,LOW,0,,,True,LOW,0,,3524,False,0.3333333333333333,MEDIUM-LOW,3,0.20635788602506502,0.20635788602506502,True,,LOW,0,,,False,LOW,1,1,True,LOW,0,,False,LOW,0,0
True,LOW,0,,True,LOW,0,,True,LOW,0,,False,LOW,1,1.0,False,LOW,1,1.0,True,LOW,0,,True,LOW,0,,False,,,تروبرد,False,LOW,2,2,False,0.5,LOW,2,0.4215169633708295,0.4215169633708295,False,0.5,LOW,2,0.23583758402864574,0.23583758402864574,False,LOW,1,1.0,False,LOW,1,1,False,LOW,1,1.0,False,LOW,2,1,False,LOW,2,2,False,0.5,LOW,2,0.4215169633708295,0.4215169633708295,False,0.5,LOW,2,0.23583758402864574,0.23583758402864574,False,LOW,2,1,True,LOW,0,,True,,LOW,0,,,True,,LOW,0,,,False,LOW,1,21,False,LOW,2,350.0,False,LOW,1,1,False,,,9,MEDIUM,MISSING_STRUCTURED,OK,HIGH,OK,OK,OK,False,True,LOW,0,,3458,False,LOW,1,1,False,LOW,2,2,True,,LOW,2,,,True,,LOW,2,,,False,,,تروبرد,True,LOW,0,,1995-11-03,False,,,1000,3298,False,,,گنبدکاووس,False,LOW,2,2,244820,TRAIN,False,LOW,0,0,True,LOW,0,,False,LOW,1,1,2,1,0,False,LOW,0,0,False,0.5,LOW,2,0.4215169633708295,0.4215169633708295,False,0.0,LOW,1,0.32510312393263446,0.32510312393263446,True,LOW,0,,False,LOW,1,0,False,LOW,0,0,True,,LOW,0,,,True,,LOW,0,,,False,LOW,2,1.0,False,HIGH,10,10,False,HIGH,10,10,False,0.2,HIGH,10,0.2633745829063871,0.2633745829063871,False,0.2,HIGH,10,0.17672420588003465,0.17672420588003465,False,HIGH,10,2,3463,False,0.5,LOW,2,0.23583758402864574,0.23583758402864574,False,0.0,LOW,1,0.10847718136675337,0.10847718136675337,False,LOW,0,0,True,LOW,0,,False,LOW,1,0
True,LOW,0,,True,LOW,0,,False,LOW,1,7.0,False,LOW,2,4.0,False,LOW,2,4.0,True,LOW,0,,False,LOW,1,7.0,False,,,تروبرد,False,MEDIUM,5,5,False,0.2,MEDIUM,5,0.29506187435958064,0.29506187435958064,False,0.2,MEDIUM,5,0.165086308820052,0.165086308820052,False,LOW,2,4.0,False,LOW,2,1,False,LOW,2,4.0,False,MEDIUM,5,1,False,MEDIUM,5,5,False,0.2,MEDIUM,5,0.29506187435958064,0.29506187435958064,False,0.2,MEDIUM,5,0.165086308820052,0.165086308820052,False,MEDIUM,5,1,True,LOW,0,,True,,LOW,0,,,True,,LOW,0,,,False,LOW,1,14,False,MEDIUM,5,480.0,False,LOW,1,1,False,,,9,MEDIUM,MISSING_STRUCTURED,OK,HIGH,OK,OK,OK,False,False,LOW,2,-6.0,3487,False,LOW,1,7,False,LOW,2,2,True,,LOW,2,,,True,,LOW,2,,,False,,,تروبرد,True,LOW,0,,1995-11-03,False,,,1000,3298,False,,,گنبدکاووس,False,MEDIUM,5,5,244821,TRAIN,False,LOW,1,1,True,LOW,0,,False,LOW,1,1,3,1,0,False,LOW,1,0,False,0.2,MEDIUM,5,0.29506187435958064,0.29506187435958064,False,0.0,LOW,1,0.32510312393263446,0.32510312393263446,True,LOW,0,,False,LOW,1,0,False,LOW,1,1,False,0.0,LOW,1,0.32510312393263446,0.32510312393263446,False,0.0,LOW,1,0.10847718136675337,0.10847718136675337,False,LOW,2,4.0,False,MEDIUM-LOW,3,3,False,MEDIUM-LOW,3,3,False,0.3333333333333333,MEDIUM-LOW,3,0.36882734294947583,0.36882734294947583,False,0.3333333333333333,MEDIUM-LOW,3,0.20635788602506502,0.20635788602506502,False,MEDIUM-LOW,3,1,3492,False,0.2,MEDIUM,5,0.165086308820052,0.165086308820052,False,0.0,LOW,1,0.10847718136675337,0.10847718136675337,False,LOW,1,0,True,LOW,0,,False,LOW,1,0
True,LOW,0,,True,LOW,0,,True,LOW,0,,True,LOW,0,,True,LOW,0,,True,LOW,0,,True,LOW,0,,False,,,تروبرد,False,LOW,0,0,True,,LOW,0,,,True,,LOW,0,,,True,LOW,0,,True,LOW,0,,True,LOW,0,,False,LOW,0,0,False,LOW,0,0,True,,LOW,0,,,True,,LOW,0,,,False,LOW,0,0,True,LOW,0,,True,,LOW,0,,,True,,LOW,0,,,True,LOW,0,,True,LOW,0,,False,LOW,0,0,False,,,9,MEDIUM,MISSING_STRUCTURED,OK,HIGH,OK,INVALID_FINISH,OK,False,True,LOW,0,,3365,True,LOW,0,,False,LOW,0,0,True,,LOW,0,,,True,,LOW,0,,,False,,,تروبرد,True,LOW,0,,1995-11-03,False,,,1000,3298,False,,,گنبدکاووس,False,LOW,0,0,244822,TRAIN,False,LOW,0,0,True,LOW,0,,False,LOW,0,0,,,,False,LOW,0,0,True,,LOW,0,,,True,,LOW,0,,,True,LOW,0,,False,LOW,0,0,False,LOW,0,0,True,,LOW,0,,,True,,LOW,0,,,False,LOW,2,2.5,False,MEDIUM-LOW,3,3,False,MEDIUM-LOW,3,3,False,0.3333333333333333,MEDIUM-LOW,3,0.36882734294947583,0.36882734294947583,False,0.3333333333333333,MEDIUM-LOW,3,0.20635788602506502,0.20635788602506502,False,MEDIUM-LOW,3,1,3370,True,,LOW,0,,,True,,LOW,0,,,False,LOW,0,0,True,LOW,0,,False,LOW,0,0
True,LOW,0,,True,LOW,0,,True,LOW,0,,True,LOW,0,,True,LOW,0,,True,LOW,0,,True,LOW,0,,False,,,تروبرد,False,LOW,0,0,True,,LOW,0,,,True,,LOW,0,,,True,LOW,0,,True,LOW,0,,True,LOW,0,,False,LOW,0,0,False,LOW,0,0,True,,LOW,0,,,True,,LOW,0,,,False,LOW,0,0,True,LOW,0,,True,,LOW,0,,,True,,LOW,0,,,True,LOW,0,,True,LOW,0,,False,LOW,0,0,False,,,9,LOW,MISSING_STRUCTURED,OK,HIGH,OK,INVALID_FINISH,MISSING,False,True,LOW,0,,9289,True,LOW,0,,False,LOW,0,0,True,,LOW,0,,,True,,LOW,0,,,False,,,تروبرد,True,LOW,0,,1995-11-03,False,,,1000,3298,False,,,گنبدکاووس,False,LOW,0,0,244823,TRAIN,False,LOW,0,0,True,LOW,0,,False,LOW,0,0,,,,False,LOW,0,0,True,,LOW,0,,,True,,LOW,0,,,True,LOW,0,,False,LOW,0,0,False,LOW,0,0,True,,LOW,0,,,True,,LOW,0,,,True,LOW,0,,True,LOW,0,,True,LOW,0,,True,,LOW,0,,,True,,LOW,0,,,True,LOW,0,,9303,True,,LOW,0,,,True,,LOW,0,,,False,LOW,0,0,True,LOW,0,,False,LOW,0,0
True,LOW,0,,True,LOW,0,,False,MEDIUM-LOW,3,6.333333333333333,False,MEDIUM-LOW,3,5.333333333333333,False,MEDIUM,5,5.6,True,LOW,0,,False,LOW,1,9.0,False,,,تروبرد,False,MEDIUM,5,5,False,0.2,MEDIUM,5,0.29506187435958064,0.29506187435958064,False,0.0,MEDIUM,5,0.06508630882005202,0.06508630882005202,False,MEDIUM,5,5.6,False,MEDIUM,5,2,False,MEDIUM,5,5.0,False,MEDIUM,5,1,False,MEDIUM,5,5,False,0.2,MEDIUM,5,0.29506187435958064,0.29506187435958064,False,0.0,MEDIUM,5,0.06508630882005202,0.06508630882005202,False,MEDIUM,5,0,True,LOW,0,,True,,LOW,0,,,True,,LOW,0,,,False,LOW,1,14,False,MEDIUM,5,470.0,False,LOW,1,1,False,,,9,MEDIUM,MISSING_STRUCTURED,OK,HIGH,OK,OK,OK,False,False,MEDIUM,5,0.666666666666667,3470,False,LOW,1,9,False,LOW,0,0,True,,LOW,0,,,True,,LOW,0,,,False,,,تروبرد,True,LOW,0,,1995-11-03,False,,,1000,3298,False,,,گنبدکاووس,False,MEDIUM,5,5,244824,TRAIN,False,MEDIUM-LOW,3,3,True,LOW,0,,False,LOW,1,1,4,0,0,False,MEDIUM-LOW,3,1,False,0.2,MEDIUM,5,0.29506187435958064,0.29506187435958064,False,0.0,LOW,1,0.32510312393263446,0.32510312393263446,True,LOW,0,,False,LOW,1,0,False,MEDIUM-LOW,3,3,False,0.3333333333333333,MEDIUM-LOW,3,0.36882734294947583,0.36882734294947583,False,0.0,MEDIUM-LOW,3,0.08135788602506502,0.08135788602506502,False,LOW,2,2.5,False,MEDIUM-LOW,4,4,False,MEDIUM-LOW,4,4,False,0.25,MEDIUM-LOW,4,0.32784652706620077,0.32784652706620077,False,0.25,MEDIUM-LOW,4,0.18342923202228,0.18342923202228,False,MEDIUM-LOW,4,1,3475,False,0.0,MEDIUM,5,0.06508630882005202,0.06508630882005202,False,0.0,LOW,1,0.10847718136675337,0.10847718136675337,False,MEDIUM-LOW,3,0,True,LOW,0,,False,LOW,1,0
True,LOW,0,,True,LOW,0,,True,LOW,0,,False,LOW,2,3.0,False,LOW,2,3.0,True,LOW,0,,True,LOW,0,,False,,,تروبرد,False,LOW,2,2,False,0.5,LOW,2,0.4215169633708295,0.4215169633708295,False,0.0,LOW,2,0.09298044117150288,0.09298044117150288,False,LOW,2,3.0,False,LOW,2,2,False,LOW,2,3.0,False,LOW,2,1,False,LOW,2,2,False,0.5,LOW,2,0.4215169633708295,0.4215169633708295,False,0.0,LOW,2,0.09298044117150288,0.09298044117150288,False,LOW,2,0,True,LOW,0,,True,,LOW,0,,,True,,LOW,0,,,False,LOW,1,21,False,LOW,2,600.0,False,LOW,0,0,False,,,9,MEDIUM,MISSING_STRUCTURED,OK,HIGH,OK,INVALID_FINISH,OK,False,False,LOW,2,2.0,3481,False,LOW,1,2,False,LOW,1,1,True,,LOW,1,,,True,,LOW,1,,,False,,,تروبرد,True,LOW,0,,1995-11-03,False,,,1000,3298,False,,,گنبدکاووس,False,LOW,2,2,244825,TRAIN,False,LOW,0,0,True,LOW,0,,False,LOW,0,0,,,,False,LOW,0,0,False,0.5,LOW,2,0.4215169633708295,0.4215169633708295,True,,LOW,0,,,True,LOW,0,,False,LOW,0,0,False,LOW,0,0,True,,LOW,0,,,True,,LOW,0,,,False,MEDIUM-LOW,4,3.25,False,MEDIUM-LOW,4,4,False,MEDIUM-LOW,4,4,False,0.5,MEDIUM-LOW,4,0.43895763817731187,0.43895763817731187,False,0.0,MEDIUM-LOW,4,0.0723181209111689,0.0723181209111689,False,MEDIUM-LOW,4,0,3486,False,0.0,LOW,2,0.09298044117150288,0.09298044117150288,True,,LOW,0,,,False,LOW,0,0,True,LOW,0,,False,LOW,0,0
True,LOW,0,,True,LOW,0,,True,LOW,0,,True,LOW,0,,True,LOW,0,,True,LOW,0,,True,LOW,0,,False,,,تروبرد,False,LOW,0,0,True,,LOW,0,,,True,,LOW,0,,,True,LOW,0,,True,LOW,0,,True,LOW,0,,False,LOW,0,0,False,LOW,0,0,True,,LOW,0,,,True,,LOW,0,,,False,LOW,0,0,True,LOW,0,,True,,LOW,0,,,True,,LOW,0,,,True,LOW,0,,True,LOW,0,,False,LOW,0,0,False,,,9,MEDIUM,MISSING_STRUCTURED,OK,HIGH,OK,INVALID_FINISH,MISSING,False,True,LOW,0,,9293,True,LOW,0,,False,LOW,0,0,True,,LOW,0,,,True,,LOW,0,,,False,,,تروبرد,True,LOW,0,,1995-11-03,False,,,1000,3298,False,,,گنبدکاووس,False,LOW,0,0,244826,TRAIN,False,LOW,0,0,True,LOW,0,,False,LOW,0,0,,,,False,LOW,0,0,True,,LOW,0,,,True,,LOW,0,,,True,LOW,0,,False,LOW,0,0,False,LOW,0,0,True,,LOW,0,,,True,,LOW,0,,,True,LOW,0,,True,LOW,0,,True,LOW,0,,True,,LOW,0,,,True,,LOW,0,,,True,LOW,0,,9307,True,,LOW,0,,,True,,LOW,0,,,False,LOW,0,0,True,LOW,0,,False,LOW,0,0
True,LOW,0,,True,LOW,0,,False,LOW,1,8.0,False,LOW,1,8.0,False,LOW,1,8.0,True,LOW,0,,False,LOW,1,8.0,False,,,تروبرد,False,LOW,1,1,False,0.0,LOW,1,0.32510312393263446,0.32510312393263446,False,0.0,LOW,1,0.10847718136675337,0.10847718136675337,False,LOW,1,8.0,False,LOW,1,8,False,LOW,1,8.0,False,LOW,1,0,False,LOW,1,1,False,0.0,LOW,1,0.32510312393263446,0.32510312393263446,False,0.0,LOW,1,0.10847718136675337,0.10847718136675337,False,LOW,1,0,True,LOW,0,,True,,LOW,0,,,True,,LOW,0,,,False,LOW,1,14,False,LOW,1,0.0,False,LOW,1,1,False,,,9,MEDIUM,MISSING_STRUCTURED,OK,HIGH,OK,OK,OK,False,True,LOW,0,,9290,False,LOW,1,8,False,LOW,1,1,True,,LOW,1,,,True,,LOW,1,,,False,,,تروبرد,True,LOW,0,,1995-11-03,False,,,1000,3298,False,,,گنبدکاووس,False,LOW,1,1,244827,TRAIN,False,LOW,1,1,True,LOW,0,,False,LOW,1,1,1,1,1,False,LOW,1,0,False,0.0,LOW,1,0.32510312393263446,0.32510312393263446,False,0.0,LOW,1,0.32510312393263446,0.32510312393263446,True,LOW,0,,False,LOW,1,0,False,LOW,1,1,False,0.0,LOW,1,0.32510312393263446,0.32510312393263446,False,0.0,LOW,1,0.10847718136675337,0.10847718136675337,False,MEDIUM-LOW,3,5.0,False,MEDIUM,8,8,False,MEDIUM,8,8,False,0.375,MEDIUM,8,0.3808168264304467,0.3808168264304467,False,0.125,MEDIUM,8,0.12698946832311694,0.12698946832311694,False,MEDIUM,8,1,9304,False,0.0,LOW,1,0.10847718136675337,0.10847718136675337,False,0.0,LOW,1,0.10847718136675337,0.10847718136675337,False,LOW,1,0,True,LOW,0,,False,LOW,1,0
True,LOW,0,,True,LOW,0,,True,LOW,0,,True,LOW,0,,True,LOW,0,,True,LOW,0,,True,LOW,0,,False,,,تروبرد,False,LOW,0,0,True,,LOW,0,,,True,,LOW,0,,,True,LOW,0,,True,LOW,0,,True,LOW,0,,False,LOW,0,0,False,LOW,0,0,True,,LOW,0,,,True,,LOW,0,,,False,LOW,0,0,True,LOW,0,,True,,LOW,0,,,True,,LOW,0,,,True,LOW,0,,True,LOW,0,,False,LOW,0,0,False,,,9,MEDIUM,MISSING_STRUCTURED,OK,HIGH,OK,INVALID_FINISH,OK,False,True,LOW,0,,9291,True,LOW,0,,False,LOW,0,0,True,,LOW,0,,,True,,LOW,0,,,False,,,تروبرد,True,LOW,0,,1995-11-03,False,,,1000,3298,False,,,گنبدکاووس,False,LOW,0,0,244828,TRAIN,False,LOW,0,0,True,LOW,0,,False,LOW,0,0,,,,False,LOW,0,0,True,,LOW,0,,,True,,LOW,0,,,True,LOW,0,,False,LOW,0,0,False,LOW,0,0,True,,LOW,0,,,True,,LOW,0,,,False,LOW,1,1.0,False,HIGH,19,19,False,HIGH,19,19,False,0.21052631578947367,HIGH,19,0.2479424476498253,0.2479424476498253,False,0.10526315789473684,HIGH,19,0.11045262867502166,0.11045262867502166,False,HIGH,19,2,9305,True,,LOW,0,,,True,,LOW,0,,,False,LOW,0,0,True,LOW,0,,False,LOW,0,0
True,LOW,0,,True,LOW,0,,False,LOW,1,8.0,False,MEDIUM-LOW,3,5.0,False,MEDIUM-LOW,3,5.0,True,LOW,0,,True,LOW,0,,False,,,تروبرد,False,MEDIUM-LOW,4,4,False,0.25,MEDIUM-LOW,4,0.32784652706620077,0.32784652706620077,False,0.0,MEDIUM-LOW,4,0.0723181209111689,0.0723181209111689,False,MEDIUM-LOW,3,5.0,False,MEDIUM-LOW,3,3,False,MEDIUM-LOW,3,4.0,False,MEDIUM-LOW,4,1,False,MEDIUM-LOW,4,4,False,0.25,MEDIUM-LOW,4,0.32784652706620077,0.32784652706620077,False,0.0,MEDIUM-LOW,4,0.0723181209111689,0.0723181209111689,False,MEDIUM-LOW,4,0,True,LOW,0,,True,,LOW,0,,,True,,LOW,0,,,False,LOW,1,49,False,MEDIUM-LOW,4,462.5,False,LOW,0,0,False,,,8,LOW,MISSING_STRUCTURED,OK,HIGH,OK,OK,OK,False,False,MEDIUM-LOW,3,4.5,3508,False,LOW,1,3,False,LOW,2,2,True,,LOW,2,,,True,,LOW,2,,,False,,,تروبرد,True,LOW,0,,1995-11-10,False,,,1500,3299,False,,,گنبدکاووس,False,MEDIUM-LOW,4,4,244829,TRAIN,False,LOW,1,1,True,LOW,0,,False,LOW,0,0,4,0,0,False,LOW,1,0,False,0.25,MEDIUM-LOW,4,0.32784652706620077,0.32784652706620077,True,,LOW,0,,,True,LOW,0,,False,LOW,0,0,False,LOW,1,1,False,0.0,LOW,1,0.32510312393263446,0.32510312393263446,False,0.0,LOW,1,0.10847718136675337,0.10847718136675337,False,MEDIUM,5,4.0,False,HIGH,35,35,False,HIGH,35,35,False,0.2857142857142857,HIGH,35,0.29876546858989517,0.29876546858989517,False,0.08571428571428572,HIGH,35,0.091271577205013,0.091271577205013,False,HIGH,35,3,3513,False,0.0,MEDIUM-LOW,4,0.0723181209111689,0.0723181209111689,True,,LOW,0,,,False,LOW,1,0,True,LOW,0,,False,LOW,0,0
True,LOW,0,,True,LOW,0,,False,LOW,1,2.0,False,LOW,2,1.5,False,LOW,2,1.5,True,LOW,0,,True,LOW,0,,False,,,تروبرد,False,MEDIUM-LOW,3,3,False,0.6666666666666666,MEDIUM-LOW,3,0.49382734294947583,0.49382734294947583,False,0.3333333333333333,MEDIUM-LOW,3,0.20635788602506502,0.20635788602506502,False,LOW,2,1.5,False,LOW,2,1,False,LOW,2,1.5,False,MEDIUM-LOW,3,2,False,MEDIUM-LOW,3,3,False,0.6666666666666666,MEDIUM-LOW,3,0.49382734294947583,0.49382734294947583,False,0.3333333333333333,MEDIUM-LOW,3,0.20635788602506502,0.20635788602506502,False,MEDIUM-LOW,3,1,True,LOW,0,,True,,LOW,0,,,True,,LOW,0,,,False,LOW,1,7,False,MEDIUM-LOW,3,400.0,False,LOW,0,0,False,,,8,MEDIUM,MISSING_STRUCTURED,OK,HIGH,OK,OK,OK,False,False,LOW,2,-1.0,3458,False,LOW,1,2,False,MEDIUM-LOW,3,3,True,,LOW,3,,,True,,LOW,3,,,False,,,تروبرد,True,LOW,0,,1995-11-10,False,,,1500,3299,False,,,گنبدکاووس,False,MEDIUM-LOW,3,3,244830,TRAIN,False,LOW,1,1,True,LOW,0,,False,LOW,0,0,3,1,0,False,LOW,1,1,False,0.6666666666666666,MEDIUM-LOW,3,0.49382734294947583,0.49382734294947583,True,,LOW,0,,,True,LOW,0,,False,LOW,0,0,False,LOW,1,1,False,1.0,LOW,1,0.4917697905993011,0.4917697905993011,False,0.0,LOW,1,0.10847718136675337,0.10847718136675337,False,MEDIUM-LOW,3,1.3333333333333333,False,HIGH,11,11,False,HIGH,11,11,False,0.2727272727272727,HIGH,11,0.3094136714747379,0.3094136714747379,False,0.18181818181818182,HIGH,11,0.1656789430125325,0.1656789430125325,False,HIGH,11,2,3463,False,0.3333333333333333,MEDIUM-LOW,3,0.20635788602506502,0.20635788602506502,True,,LOW,0,,,False,LOW,1,0,True,LOW,0,,False,LOW,0,0
True,LOW,0,,True,LOW,0,,True,LOW,0,,True,LOW,0,,True,LOW,0,,True,LOW,0,,True,LOW,0,,False,,,تروبرد,False,LOW,1,1,False,0.0,LOW,1,0.32510312393263446,0.32510312393263446,False,0.0,LOW,1,0.10847718136675337,0.10847718136675337,True,LOW,0,,True,LOW,0,,True,LOW,0,,False,LOW,1,0,False,LOW,1,1,False,0.0,LOW,1,0.32510312393263446,0.32510312393263446,False,0.0,LOW,1,0.10847718136675337,0.10847718136675337,False,LOW,1,0,True,LOW,0,,True,,LOW,0,,,True,,LOW,0,,,False,LOW,1,7,False,LOW,1,500.0,False,LOW,0,0,False,,,8,MEDIUM,MISSING_STRUCTURED,OK,HIGH,OK,OK,MISSING,False,True,LOW,0,,9293,True,LOW,0,,False,LOW,1,1,True,,LOW,1,,,True,,LOW,1,,,False,,,تروبرد,True,LOW,0,,1995-11-10,False,,,1500,3299,False,,,گنبدکاووس,False,LOW,1,1,244831,TRAIN,False,LOW,1,1,True,LOW,0,,False,LOW,0,0,8,0,0,False,LOW,1,0,True,,LOW,0,,,True,,LOW,0,,,True,LOW,0,,False,LOW,0,0,False,LOW,1,1,False,0.0,LOW,1,0.32510312393263446,0.32510312393263446,False,0.0,LOW,1,0.10847718136675337,0.10847718136675337,True,LOW,0,,True,LOW,0,,True,LOW,0,,True,,LOW,0,,,True,,LOW,0,,,True,LOW,0,,9307,True,,LOW,0,,,True,,LOW,0,,,False,LOW,1,0,True,LOW,0,,False,LOW,0,0
True,LOW,0,,True,LOW,0,,True,LOW,0,,False,LOW,2,3.0,False,LOW,2,3.0,True,LOW,0,,False,LOW,1,4.0,False,,,تروبرد,False,MEDIUM-LOW,3,3,False,0.3333333333333333,MEDIUM-LOW,3,0.36882734294947583,0.36882734294947583,False,0.0,MEDIUM-LOW,3,0.08135788602506502,0.08135788602506502,False,LOW,2,3.0,False,LOW,2,2,False,LOW,2,3.0,False,MEDIUM-LOW,3,1,False,MEDIUM-LOW,3,3,False,0.3333333333333333,MEDIUM-LOW,3,0.36882734294947583,0.36882734294947583,False,0.0,MEDIUM-LOW,3,0.08135788602506502,0.08135788602506502,False,MEDIUM-LOW,3,0,True,LOW,0,,True,,LOW,0,,,True,,LOW,0,,,False,LOW,1,7,False,MEDIUM-LOW,3,233.33333333333334,False,LOW,1,1,False,,,8,MEDIUM,MISSING_STRUCTURED,OK,HIGH,OK,OK,OK,False,False,LOW,2,2.0,3481,True,LOW,0,,False,LOW,2,2,True,,LOW,2,,,True,,LOW,2,,,False,,,تروبرد,True,LOW,0,,1995-11-10,False,,,1500,3299,False,,,گنبدکاووس,False,MEDIUM-LOW,3,3,244832,TRAIN,False,LOW,1,1,True,LOW,0,,False,LOW,1,1,1,1,1,False,LOW,1,0,False,0.3333333333333333,MEDIUM-LOW,3,0.36882734294947583,0.36882734294947583,False,0.0,LOW,1,0.32510312393263446,0.32510312393263446,True,LOW,0,,False,LOW,1,0,False,LOW,1,1,False,0.0,LOW,1,0.32510312393263446,0.32510312393263446,False,0.0,LOW,1,0.10847718136675337,0.10847718136675337,False,MEDIUM-LOW,4,3.25,False,MEDIUM,5,5,False,MEDIUM,5,5,False,0.4,MEDIUM,5,0.3950618743595807,0.3950618743595807,False,0.0,MEDIUM,5,0.06508630882005202,0.06508630882005202,False,MEDIUM,5,0,3486,False,0.0,MEDIUM-LOW,3,0.08135788602506502,0.08135788602506502,False,0.0,LOW,1,0.10847718136675337,0.10847718136675337,False,LOW,1,0,True,LOW,0,,False,LOW,1,0
True,LOW,0,,True,LOW,0,,False,LOW,2,5.0,False,MEDIUM-LOW,3,3.6666666666666665,False,MEDIUM-LOW,3,3.6666666666666665,True,LOW,0,,True,LOW,0,,False,,,تروبرد,False,MEDIUM,6,6,False,0.3333333333333333,MEDIUM,6,0.3591471585087097,0.3591471585087097,False,0.16666666666666666,MEDIUM,6,0.15007846256368365,0.15007846256368365,False,MEDIUM-LOW,3,3.6666666666666665,False,MEDIUM-LOW,3,1,False,MEDIUM-LOW,3,3.0,False,MEDIUM,6,2,False,MEDIUM,6,6,False,0.3333333333333333,MEDIUM,6,0.3591471585087097,0.3591471585087097,False,0.16666666666666666,MEDIUM,6,0.15007846256368365,0.15007846256368365,False,MEDIUM,6,1,True,LOW,0,,True,,LOW,0,,,True,,LOW,0,,,False,LOW,1,7,False,MEDIUM,6,433.3333333333333,False,LOW,2,2,False,,,8,MEDIUM,MISSING_STRUCTURED,OK,HIGH,OK,OK,OK,False,False,MEDIUM-LOW,3,-4.0,3487,False,LOW,1,3,False,MEDIUM-LOW,3,3,True,,LOW,3,,,True,,LOW,3,,,False,,,تروبرد,True,LOW,0,,1995-11-10,False,,,1500,3299,False,,,گنبدکاووس,False,MEDIUM,5,5,244833,TRAIN,False,LOW,2,2,True,LOW,0,,False,LOW,2,2,5,0,0,False,LOW,2,1,False,0.4,MEDIUM,5,0.3950618743595807,0.3950618743595807,False,0.0,LOW,2,0.27865982051368665,0.27865982051368665,True,LOW,0,,False,LOW,2,0,False,LOW,2,2,False,0.5,LOW,2,0.4215169633708295,0.4215169633708295,False,0.0,LOW,2,0.09298044117150288,0.09298044117150288,False,MEDIUM-LOW,3,3.6666666666666665,False,MEDIUM-LOW,4,4,False,MEDIUM-LOW,4,4,False,0.5,MEDIUM-LOW,4,0.43895763817731187,0.43895763817731187,False,0.25,MEDIUM-LOW,4,0.18342923202228,0.18342923202228,False,MEDIUM-LOW,4,1,3492,False,0.2,MEDIUM,5,0.165086308820052,0.165086308820052,False,0.0,LOW,2,0.09298044117150288,0.09298044117150288,False,LOW,2,0,True,LOW,0,,False,LOW,2,0
True,LOW,0,,True,LOW,0,,False,MEDIUM-LOW,4,5.75,False,MEDIUM-LOW,3,6.0,False,MEDIUM,5,5.6,True,LOW,0,,False,LOW,2,6.0,False,,,تروبرد,False,MEDIUM,6,6,False,0.16666666666666666,MEDIUM,6,0.26823806759961877,0.26823806759961877,False,0.0,MEDIUM,6,0.059169371654592746,0.059169371654592746,False,MEDIUM,6,5.333333333333333,False,MEDIUM,6,2,False,MEDIUM,6,4.5,False,MEDIUM,6,1,False,MEDIUM,6,6,False,0.16666666666666666,MEDIUM,6,0.26823806759961877,0.26823806759961877,False,0.0,MEDIUM,6,0.059169371654592746,0.059169371654592746,False,MEDIUM,6,0,True,LOW,0,,True,,LOW,0,,,True,,LOW,0,,,False,LOW,1,7,False,MEDIUM,6,225.0,False,LOW,2,2,False,,,8,MEDIUM,MISSING_STRUCTURED,OK,HIGH,OK,OK,OK,False,False,MEDIUM,5,-1.0,3470,False,LOW,1,4,False,LOW,1,1,True,,LOW,1,,,True,,LOW,1,,,False,,,تروبرد,True,LOW,0,,1995-11-10,False,,,1500,3299,False,,,گنبدکاووس,False,MEDIUM,5,5,244834,TRAIN,False,MEDIUM-LOW,4,4,True,LOW,0,,False,LOW,2,2,2,1,0,False,MEDIUM-LOW,4,1,False,0.2,MEDIUM,5,0.29506187435958064,0.29506187435958064,False,0.0,LOW,2,0.27865982051368665,0.27865982051368665,True,LOW,0,,False,LOW,2,0,False,MEDIUM-LOW,4,4,False,0.25,MEDIUM-LOW,4,0.32784652706620077,0.32784652706620077,False,0.0,MEDIUM-LOW,4,0.0723181209111689,0.0723181209111689,False,MEDIUM-LOW,3,3.0,False,MEDIUM,5,5,False,MEDIUM,5,5,False,0.2,MEDIUM,5,0.29506187435958064,0.29506187435958064,False,0.2,MEDIUM,5,0.165086308820052,0.165086308820052,False,MEDIUM,5,1,3475,False,0.0,MEDIUM,5,0.06508630882005202,0.06508630882005202,False,0.0,LOW,2,0.09298044117150288,0.09298044117150288,False,MEDIUM-LOW,4,0,True,LOW,0,,False,LOW,2,0
True,LOW,0,,True,LOW,0,,True,LOW,0,,True,LOW,0,,True,LOW,0,,True,LOW,0,,True,LOW,0,,False,,,تروبرد,False,LOW,0,0,True,,LOW,0,,,True,,LOW,0,,,True,LOW,0,,True,LOW,0,,True,LOW,0,,False,LOW,0,0,False,LOW,0,0,True,,LOW,0,,,True,,LOW,0,,,False,LOW,0,0,True,LOW,0,,True,,LOW,0,,,True,,LOW,0,,,True,LOW,0,,True,LOW,0,,False,LOW,0,0,False,,,8,MEDIUM,MISSING_STRUCTURED,OK,HIGH,OK,OK,OK,False,True,LOW,0,,3366,True,LOW,0,,False,LOW,0,0,True,,LOW,0,,,True,,LOW,0,,,False,,,تروبرد,True,LOW,0,,1995-11-10,False,,,1500,3299,False,,,گنبدکاووس,False,LOW,0,0,244835,TRAIN,False,LOW,0,0,True,LOW,0,,False,LOW,0,0,6,0,0,False,LOW,0,0,True,,LOW,0,,,True,,LOW,0,,,True,LOW,0,,False,LOW,0,0,False,LOW,0,0,True,,LOW,0,,,True,,LOW,0,,,False,MEDIUM-LOW,4,3.0,False,MEDIUM,5,5,False,MEDIUM,5,5,False,0.4,MEDIUM,5,0.3950618743595807,0.3950618743595807,False,0.4,MEDIUM,5,0.265086308820052,0.265086308820052,False,MEDIUM,5,2,3371,True,,LOW,0,,,True,,LOW,0,,,False,LOW,0,0,True,LOW,0,,False,LOW,0,0
True,LOW,0,,True,LOW,0,,True,LOW,0,,True,LOW,0,,True,LOW,0,,True,LOW,0,,True,LOW,0,,False,,,تروبرد,False,LOW,0,0,True,,LOW,0,,,True,,LOW,0,,,True,LOW,0,,True,LOW,0,,True,LOW,0,,False,LOW,0,0,False,LOW,0,0,True,,LOW,0,,,True,,LOW,0,,,False,LOW,0,0,True,LOW,0,,True,,LOW,0,,,True,,LOW,0,,,True,LOW,0,,True,LOW,0,,False,LOW,0,0,False,,,8,MEDIUM,MISSING_STRUCTURED,OK,HIGH,OK,OK,OK,False,True,LOW,0,,9292,True,LOW,0,,False,LOW,0,0,True,,LOW,0,,,True,,LOW,0,,,False,,,تروبرد,True,LOW,0,,1995-11-10,False,,,1500,3299,False,,,گنبدکاووس,False,LOW,0,0,244836,TRAIN,False,LOW,0,0,True,LOW,0,,False,LOW,0,0,7,0,0,False,LOW,0,0,True,,LOW,0,,,True,,LOW,0,,,True,LOW,0,,False,LOW,0,0,False,LOW,0,0,True,,LOW,0,,,True,,LOW,0,,,False,MEDIUM-LOW,3,4.0,False,HIGH,17,17,False,HIGH,17,17,False,0.23529411764705882,HIGH,17,0.27048267016344574,0.27048267016344574,False,0.0,HIGH,17,0.029584685827296373,0.029584685827296373,False,HIGH,17,0,9306,True,,LOW,0,,,True,,LOW,0,,,False,LOW,0,0,True,LOW,0,,False,LOW,0,0
True,LOW,0,,False,,,52.0,False,MEDIUM-LOW,3,5.666666666666667,False,MEDIUM-LOW,3,5.333333333333333,False,MEDIUM-LOW,4,5.0,True,LOW,0,,False,LOW,1,4.0,False,,,تروبرد,False,MEDIUM,5,5,False,0.2,MEDIUM,5,0.29506187435958064,0.29506187435958064,False,0.0,MEDIUM,5,0.06508630882005202,0.06508630882005202,False,MEDIUM-LOW,4,5.0,False,MEDIUM-LOW,4,3,False,MEDIUM-LOW,4,5.0,False,MEDIUM,5,1,False,MEDIUM,5,5,False,0.2,MEDIUM,5,0.29506187435958064,0.29506187435958064,False,0.0,MEDIUM,5,0.06508630882005202,0.06508630882005202,False,MEDIUM,5,0,True,LOW,0,,True,,LOW,0,,,True,,LOW,0,,,False,LOW,1,28,False,MEDIUM,5,170.0,False,LOW,2,2,False,,,6,MEDIUM,MISSING_STRUCTURED,OK,HIGH,OK,OK,OK,False,False,MEDIUM-LOW,4,1.0,3495,False,LOW,1,6,False,MEDIUM,5,5,False,0.2,MEDIUM,5,0.29506187435958064,0.29506187435958064,False,0.0,MEDIUM,5,0.06508630882005202,0.06508630882005202,False,,,تروبرد,True,LOW,0,,1995-11-17,False,,,1500,3300,False,,,گنبدکاووس,False,MEDIUM,5,5,244837,TRAIN,False,MEDIUM-LOW,3,3,True,LOW,0,,False,LOW,2,2,1,1,1,False,MEDIUM-LOW,3,0,False,0.2,MEDIUM,5,0.29506187435958064,0.29506187435958064,False,0.0,LOW,2,0.27865982051368665,0.27865982051368665,True,LOW,0,,False,LOW,2,0,False,MEDIUM-LOW,3,3,False,0.0,MEDIUM-LOW,3,0.24382734294947583,0.24382734294947583,False,0.0,MEDIUM-LOW,3,0.08135788602506502,0.08135788602506502,False,MEDIUM-LOW,3,4.0,False,HIGH,13,13,False,HIGH,13,13,False,0.23076923076923078,HIGH,13,0.2750343746442115,0.2750343746442115,False,0.07692307692307693,HIGH,13,0.09171461601114,0.09171461601114,False,HIGH,13,1,3500,False,0.0,MEDIUM,5,0.06508630882005202,0.06508630882005202,False,0.0,LOW,2,0.09298044117150288,0.09298044117150288,False,MEDIUM-LOW,3,0,True,LOW,0,,False,LOW,2,0
True,LOW,0,,False,,,52.0,False,LOW,1,4.0,False,LOW,2,5.0,False,LOW,2,5.0,True,LOW,0,,True,LOW,0,,False,,,تروبرد,False,LOW,2,2,False,0.0,LOW,2,0.27865982051368665,0.27865982051368665,False,0.0,LOW,2,0.09298044117150288,0.09298044117150288,False,LOW,2,5.0,False,LOW,2,4,False,LOW,2,5.0,False,LOW,2,0,False,LOW,2,2,False,0.0,LOW,2,0.27865982051368665,0.27865982051368665,False,0.0,LOW,2,0.09298044117150288,0.09298044117150288,False,LOW,2,0,True,LOW,0,,True,,LOW,0,,,True,,LOW,0,,,False,LOW,1,28,False,LOW,2,350.0,False,LOW,0,0,False,,,6,MEDIUM,MISSING_STRUCTURED,OK,HIGH,OK,OK,OK,False,False,LOW,2,2.0,3364,False,LOW,1,4,False,LOW,0,0,True,,LOW,0,,,True,,LOW,0,,,False,,,تروبرد,True,LOW,0,,1995-11-17,False,,,1500,3300,False,,,گنبدکاووس,False,LOW,2,2,244838,TRAIN,False,LOW,1,1,True,LOW,0,,False,LOW,0,0,3,1,0,False,LOW,1,0,False,0.0,LOW,2,0.27865982051368665,0.27865982051368665,True,,LOW,0,,,True,LOW,0,,False,LOW,0,0,False,LOW,1,1,False,0.0,LOW,1,0.32510312393263446,0.32510312393263446,False,0.0,LOW,1,0.10847718136675337,0.10847718136675337,False,MEDIUM-LOW,3,4.333333333333333,False,MEDIUM,7,7,False,MEDIUM,7,7,False,0.14285714285714285,MEDIUM,7,0.24588489529965055,0.24588489529965055,False,0.0,MEDIUM,7,0.054238590683376685,0.054238590683376685,False,MEDIUM,7,0,3369,False,0.0,LOW,2,0.09298044117150288,0.09298044117150288,True,,LOW,0,,,False,LOW,1,0,True,LOW,0,,False,LOW,0,0
True,LOW,0,,False,,,53.0,False,MEDIUM,5,5.0,False,MEDIUM-LOW,3,5.0,False,MEDIUM,5,4.4,True,LOW,0,,False,MEDIUM-LOW,3,4.666666666666667,False,,,تروبرد,False,MEDIUM,7,7,False,0.2857142857142857,MEDIUM,7,0.3292182286329839,0.3292182286329839,False,0.0,MEDIUM,7,0.054238590683376685,0.054238590683376685,False,MEDIUM,7,4.857142857142857,False,MEDIUM,7,2,False,MEDIUM,7,4.0,False,MEDIUM,7,2,False,MEDIUM,7,7,False,0.2857142857142857,MEDIUM,7,0.3292182286329839,0.3292182286329839,False,0.0,MEDIUM,7,0.054238590683376685,0.054238590683376685,False,MEDIUM,7,0,True,LOW,0,,True,,LOW,0,,,True,,LOW,0,,,False,LOW,1,7,False,MEDIUM,7,192.85714285714286,False,MEDIUM-LOW,3,3,False,,,6,MEDIUM,MISSING_STRUCTURED,OK,HIGH,OK,OK,OK,False,False,MEDIUM,5,-1.5,3470,False,LOW,1,2,False,LOW,2,2,True,,LOW,2,,,True,,LOW,2,,,False,,,تروبرد,True,LOW,0,,1995-11-17,False,,,1500,3300,False,,,گنبدکاووس,False,MEDIUM,5,5,244839,TRAIN,False,MEDIUM,5,5,True,LOW,0,,False,MEDIUM-LOW,3,3,2,1,0,False,MEDIUM,5,2,False,0.4,MEDIUM,5,0.3950618743595807,0.3950618743595807,False,0.3333333333333333,MEDIUM-LOW,3,0.36882734294947583,0.36882734294947583,True,LOW,0,,False,MEDIUM-LOW,3,1,False,MEDIUM,5,5,False,0.4,MEDIUM,5,0.3950618743595807,0.3950618743595807,False,0.0,MEDIUM,5,0.06508630882005202,0.06508630882005202,False,MEDIUM-LOW,4,2.75,False,MEDIUM,6,6,False,MEDIUM,6,6,False,0.3333333333333333,MEDIUM,6,0.3591471585087097,0.3591471585087097,False,0.16666666666666666,MEDIUM,6,0.15007846256368365,0.15007846256368365,False,MEDIUM,6,1,3475,False,0.0,MEDIUM,5,0.06508630882005202,0.06508630882005202,False,0.0,MEDIUM-LOW,3,0.08135788602506502,0.08135788602506502,False,MEDIUM,5,0,True,LOW,0,,False,MEDIUM-LOW,3,0
True,LOW,0,,False,,,50.5,False,MEDIUM-LOW,3,5.0,False,MEDIUM-LOW,3,5.0,False,MEDIUM-LOW,4,4.0,True,LOW,0,,False,LOW,1,5.0,False,,,تروبرد,False,MEDIUM,7,7,False,0.2857142857142857,MEDIUM,7,0.3292182286329839,0.3292182286329839,False,0.14285714285714285,MEDIUM,7,0.13757192401671,0.13757192401671,False,MEDIUM-LOW,4,4.0,False,MEDIUM-LOW,4,1,False,MEDIUM-LOW,4,4.0,False,MEDIUM,7,2,False,MEDIUM,7,7,False,0.2857142857142857,MEDIUM,7,0.3292182286329839,0.3292182286329839,False,0.14285714285714285,MEDIUM,7,0.13757192401671,0.13757192401671,False,MEDIUM,7,1,True,LOW,0,,True,,LOW,0,,,True,,LOW,0,,,False,LOW,1,7,False,MEDIUM,7,371.42857142857144,False,MEDIUM-LOW,3,3,False,,,6,MEDIUM,MISSING_STRUCTURED,OK,HIGH,OK,OK,OK,False,False,MEDIUM-LOW,4,0.0,3487,False,LOW,1,5,False,MEDIUM-LOW,4,4,True,,LOW,4,,,True,,LOW,4,,,False,,,تروبرد,True,LOW,0,,1995-11-17,False,,,1500,3300,False,,,گنبدکاووس,False,MEDIUM,5,5,244840,TRAIN,False,MEDIUM-LOW,3,3,True,LOW,0,,False,MEDIUM-LOW,3,3,4,0,0,False,MEDIUM-LOW,3,1,False,0.4,MEDIUM,5,0.3950618743595807,0.3950618743595807,False,0.0,MEDIUM-LOW,3,0.24382734294947583,0.24382734294947583,True,LOW,0,,False,MEDIUM-LOW,3,0,False,MEDIUM-LOW,3,3,False,0.3333333333333333,MEDIUM-LOW,3,0.36882734294947583,0.36882734294947583,False,0.0,MEDIUM-LOW,3,0.08135788602506502,0.08135788602506502,False,MEDIUM-LOW,4,4.0,False,MEDIUM,5,5,False,MEDIUM,5,5,False,0.4,MEDIUM,5,0.3950618743595807,0.3950618743595807,False,0.2,MEDIUM,5,0.165086308820052,0.165086308820052,False,MEDIUM,5,1,3492,False,0.2,MEDIUM,5,0.165086308820052,0.165086308820052,False,0.0,MEDIUM-LOW,3,0.08135788602506502,0.08135788602506502,False,MEDIUM-LOW,3,0,True,LOW,0,,False,MEDIUM-LOW,3,0
True,LOW,0,,False,,,54.0,False,LOW,2,6.0,False,MEDIUM-LOW,3,3.6666666666666665,False,MEDIUM-LOW,4,4.75,True,LOW,0,,False,LOW,1,4.0,False,,,تروبرد,False,MEDIUM,5,5,False,0.2,MEDIUM,5,0.29506187435958064,0.29506187435958064,False,0.0,MEDIUM,5,0.06508630882005202,0.06508630882005202,False,MEDIUM-LOW,4,4.75,False,MEDIUM-LOW,4,3,False,MEDIUM-LOW,4,4.0,False,MEDIUM,5,1,False,MEDIUM,5,5,False,0.2,MEDIUM,5,0.29506187435958064,0.29506187435958064,False,0.0,MEDIUM,5,0.06508630882005202,0.06508630882005202,False,MEDIUM,5,0,True,LOW,0,,True,,LOW,0,,,True,,LOW,0,,,False,LOW,1,7,False,MEDIUM,5,370.0,False,LOW,1,1,False,,,6,LOW,MISSING_STRUCTURED,OK,HIGH,OK,OK,OK,False,False,MEDIUM-LOW,4,2.5,3508,False,LOW,1,4,False,LOW,0,0,True,,LOW,0,,,True,,LOW,0,,,False,,,تروبرد,True,LOW,0,,1995-11-17,False,,,1500,3300,False,,,گنبدکاووس,False,MEDIUM,5,5,244841,TRAIN,False,LOW,2,2,True,LOW,0,,False,LOW,1,1,5,0,0,False,LOW,2,0,False,0.2,MEDIUM,5,0.29506187435958064,0.29506187435958064,False,0.0,LOW,1,0.32510312393263446,0.32510312393263446,True,LOW,0,,False,LOW,1,0,False,LOW,2,2,False,0.0,LOW,2,0.27865982051368665,0.27865982051368665,False,0.0,LOW,2,0.09298044117150288,0.09298044117150288,False,MEDIUM,5,4.2,False,HIGH,36,36,False,HIGH,36,36,False,0.2777777777777778,HIGH,36,0.29147850594136115,0.29147850594136115,False,0.08333333333333333,HIGH,36,0.08904544117562244,0.08904544117562244,False,HIGH,36,3,3513,False,0.0,MEDIUM,5,0.06508630882005202,0.06508630882005202,False,0.0,LOW,1,0.10847718136675337,0.10847718136675337,False,LOW,2,0,True,LOW,0,,False,LOW,1,0
True,LOW,0,,False,,,52.0,False,LOW,1,8.0,False,LOW,1,8.0,False,LOW,1,8.0,True,LOW,0,,False,LOW,1,8.0,False,,,تروبرد,False,LOW,2,2,False,0.0,LOW,2,0.27865982051368665,0.27865982051368665,False,0.0,LOW,2,0.09298044117150288,0.09298044117150288,False,LOW,1,8.0,False,LOW,1,8,False,LOW,1,8.0,False,LOW,2,0,False,LOW,2,2,False,0.0,LOW,2,0.27865982051368665,0.27865982051368665,False,0.0,LOW,2,0.09298044117150288,0.09298044117150288,False,LOW,2,0,True,LOW,0,,True,,LOW,0,,,True,,LOW,0,,,False,LOW,1,7,False,LOW,2,250.0,False,LOW,1,1,False,,,6,MEDIUM,MISSING_STRUCTURED,OK,HIGH,OK,OK,MISSING,False,True,LOW,0,,9293,False,LOW,1,8,False,LOW,2,2,True,,LOW,2,,,True,,LOW,2,,,False,,,تروبرد,True,LOW,0,,1995-11-17,False,,,1500,3300,False,,,گنبدکاووس,False,LOW,2,2,244842,TRAIN,False,LOW,2,2,True,LOW,0,,False,LOW,1,1,6,0,0,False,LOW,2,0,False,0.0,LOW,2,0.27865982051368665,0.27865982051368665,False,0.0,LOW,1,0.32510312393263446,0.32510312393263446,True,LOW,0,,False,LOW,1,0,False,LOW,2,2,False,0.0,LOW,2,0.27865982051368665,0.27865982051368665,False,0.0,LOW,2,0.09298044117150288,0.09298044117150288,True,LOW,0,,True,LOW,0,,True,LOW,0,,True,,LOW,0,,,True,,LOW,0,,,True,LOW,0,,9307,False,0.0,LOW,2,0.09298044117150288,0.09298044117150288,False,0.0,LOW,1,0.10847718136675337,0.10847718136675337,False,LOW,2,0,True,LOW,0,,False,LOW,1,0
True,LOW,0,,False,,,50.5,True,LOW,0,,False,LOW,1,6.0,False,LOW,1,6.0,True,LOW,0,,True,LOW,0,,False,,,تروبرد,False,LOW,1,1,False,0.0,LOW,1,0.32510312393263446,0.32510312393263446,False,0.0,LOW,1,0.10847718136675337,0.10847718136675337,False,LOW,1,6.0,False,LOW,1,6,False,LOW,1,6.0,False,LOW,1,0,False,LOW,1,1,False,0.0,LOW,1,0.32510312393263446,0.32510312393263446,False,0.0,LOW,1,0.10847718136675337,0.10847718136675337,False,LOW,1,0,True,LOW,0,,True,,LOW,0,,,True,,LOW,0,,,False,LOW,1,35,False,LOW,1,700.0,False,LOW,0,0,False,,,10,MEDIUM,MISSING_STRUCTURED,OK,HIGH,OK,OK,OK,False,True,LOW,0,,3379,False,LOW,1,6,False,LOW,1,1,True,,LOW,1,,,True,,LOW,1,,,False,,,تروبرد,True,LOW,0,,1995-11-17,False,,,1000,3301,False,,,گنبدکاووس,False,LOW,1,1,244843,TRAIN,False,LOW,0,0,True,LOW,0,,False,LOW,0,0,3,1,0,False,LOW,0,0,False,0.0,LOW,1,0.32510312393263446,0.32510312393263446,True,,LOW,0,,,True,LOW,0,,False,LOW,0,0,False,LOW,0,0,True,,LOW,0,,,True,,LOW,0,,,False,MEDIUM,5,4.4,False,HIGH,37,37,False,HIGH,37,37,False,0.2702702702702703,HIGH,37,0.2845385415141859,0.2845385415141859,False,0.08108108108108109,HIGH,37,0.0869253116238219,0.0869253116238219,False,HIGH,37,3,3384,False,0.0,LOW,1,0.10847718136675337,0.10847718136675337,True,,LOW,0,,,False,LOW,0,0,True,LOW,0,,False,LOW,0,0
True,LOW,0,,False,,,50.0,False,LOW,1,1.0,False,LOW,1,1.0,False,LOW,1,1.0,True,LOW,0,,False,LOW,1,1.0,False,,,تروبرد,False,LOW,1,1,False,1.0,LOW,1,0.4917697905993011,0.4917697905993011,False,1.0,LOW,1,0.27514384803342,0.27514384803342,False,LOW,1,1.0,False,LOW,1,1,False,LOW,1,1.0,False,LOW,1,1,False,LOW,1,1,False,1.0,LOW,1,0.4917697905993011,0.4917697905993011,False,1.0,LOW,1,0.27514384803342,0.27514384803342,False,LOW,1,1,True,LOW,0,,True,,LOW,0,,,True,,LOW,0,,,False,LOW,1,28,False,LOW,1,0.0,False,LOW,1,1,False,,,10,MEDIUM,MISSING_STRUCTURED,OK,HIGH,OK,OK,OK,False,True,LOW,0,,3368,False,LOW,1,1,False,LOW,1,1,True,,LOW,1,,,True,,LOW,1,,,False,,,تروبرد,True,LOW,0,,1995-11-17,False,,,1000,3301,False,,,گنبدکاووس,False,LOW,1,1,244844,TRAIN,False,LOW,1,1,True,LOW,0,,False,LOW,1,1,6,0,0,False,LOW,1,1,False,1.0,LOW,1,0.4917697905993011,0.4917697905993011,False,1.0,LOW,1,0.4917697905993011,0.4917697905993011,True,LOW,0,,False,LOW,1,1,False,LOW,1,1,False,1.0,LOW,1,0.4917697905993011,0.4917697905993011,False,1.0,LOW,1,0.27514384803342,0.27514384803342,False,LOW,1,1.0,False,LOW,1,1,False,LOW,1,1,False,1.0,LOW,1,0.4917697905993011,0.4917697905993011,False,1.0,LOW,1,0.27514384803342,0.27514384803342,False,LOW,1,1,3373,False,1.0,LOW,1,0.27514384803342,0.27514384803342,False,1.0,LOW,1,0.27514384803342,0.27514384803342,False,LOW,1,1,True,LOW,0,,False,LOW,1,1
True,LOW,0,,False,,,56.0,False,LOW,1,4.0,False,LOW,2,3.0,False,LOW,2,3.0,True,LOW,0,,True,LOW,0,,False,,,تروبرد,False,LOW,2,2,False,0.5,LOW,2,0.4215169633708295,0.4215169633708295,False,0.0,LOW,2,0.09298044117150288,0.09298044117150288,False,LOW,2,3.0,False,LOW,2,2,False,LOW,2,3.0,False,LOW,2,1,False,LOW,2,2,False,0.5,LOW,2,0.4215169633708295,0.4215169633708295,False,0.0,LOW,2,0.09298044117150288,0.09298044117150288,False,LOW,2,0,True,LOW,0,,True,,LOW,0,,,True,,LOW,0,,,False,LOW,1,35,False,LOW,2,675.0,False,LOW,0,0,False,,,10,MEDIUM,MISSING_STRUCTURED,OK,HIGH,OK,OK,OK,False,False,LOW,2,2.0,3377,False,LOW,1,2,False,LOW,0,0,True,,LOW,0,,,True,,LOW,0,,,False,,,تروبرد,True,LOW,0,,1995-11-17,False,,,1000,3301,False,,,گنبدکاووس,False,LOW,2,2,244845,TRAIN,False,LOW,1,1,True,LOW,0,,False,LOW,0,0,7,0,0,False,LOW,1,0,False,0.5,LOW,2,0.4215169633708295,0.4215169633708295,True,,LOW,0,,,True,LOW,0,,False,LOW,0,0,False,LOW,1,1,False,0.0,LOW,1,0.32510312393263446,0.32510312393263446,False,0.0,LOW,1,0.10847718136675337,0.10847718136675337,False,MEDIUM,5,4.0,False,HIGH,38,38,False,HIGH,38,38,False,0.2894736842105263,HIGH,38,0.30117718008362343,0.30117718008362343,False,0.07894736842105263,HIGH,38,0.08490379274884931,0.08490379274884931,False,HIGH,38,3,3382,False,0.0,LOW,2,0.09298044117150288,0.09298044117150288,True,,LOW,0,,,False,LOW,1,0,True,LOW,0,,False,LOW,0,0
True,LOW,0,,False,,,59.0,False,LOW,1,6.0,False,LOW,2,5.0,False,LOW,2,5.0,True,LOW,0,,True,LOW,0,,False,,,تروبرد,False,LOW,2,2,False,0.0,LOW,2,0.27865982051368665,0.27865982051368665,False,0.0,LOW,2,0.09298044117150288,0.09298044117150288,False,LOW,2,5.0,False,LOW,2,4,False,LOW,2,5.0,False,LOW,2,0,False,LOW,2,2,False,0.0,LOW,2,0.27865982051368665,0.27865982051368665,False,0.0,LOW,2,0.09298044117150288,0.09298044117150288,False,LOW,2,0,True,LOW,0,,True,,LOW,0,,,True,,LOW,0,,,False,LOW,1,35,False,LOW,2,675.0,False,LOW,0,0,False,,,10,MEDIUM,MISSING_STRUCTURED,OK,HIGH,OK,OK,OK,False,False,LOW,2,2.0,2836,False,LOW,1,4,False,LOW,1,1,True,,LOW,1,,,True,,LOW,1,,,False,,,تروبرد,True,LOW,0,,1995-11-17,False,,,1000,3301,False,,,گنبدکاووس,False,LOW,2,2,244846,TRAIN,False,LOW,1,1,True,LOW,0,,False,LOW,0,0,5,0,0,False,LOW,1,0,False,0.0,LOW,2,0.27865982051368665,0.27865982051368665,True,,LOW,0,,,True,LOW,0,,False,LOW,0,0,False,LOW,1,1,False,0.0,LOW,1,0.32510312393263446,0.32510312393263446,False,0.0,LOW,1,0.10847718136675337,0.10847718136675337,False,MEDIUM,5,4.2,False,HIGH,39,39,False,HIGH,39,39,False,0.28205128205128205,HIGH,39,0.294332244172632,0.294332244172632,False,0.07692307692307693,HIGH,39,0.08297416109546636,0.08297416109546636,False,HIGH,39,3,2839,False,0.0,LOW,2,0.09298044117150288,0.09298044117150288,True,,LOW,0,,,False,LOW,1,0,True,LOW,0,,False,LOW,0,0
True,LOW,0,,False,,,61.5,True,LOW,0,,True,LOW,0,,True,LOW,0,,True,LOW,0,,True,LOW,0,,False,,,تروبرد,False,LOW,0,0,True,,LOW,0,,,True,,LOW,0,,,True,LOW,0,,True,LOW,0,,True,LOW,0,,False,LOW,0,0,False,LOW,0,0,True,,LOW,0,,,True,,LOW,0,,,False,LOW,0,0,True,LOW,0,,True,,LOW,0,,,True,,LOW,0,,,True,LOW,0,,True,LOW,0,,False,LOW,0,0,False,,,10,MEDIUM,MISSING_STRUCTURED,OK,HIGH,OK,OK,OK,False,True,LOW,0,,3118,True,LOW,0,,False,LOW,0,0,True,,LOW,0,,,True,,LOW,0,,,False,,,تروبرد,True,LOW,0,,1995-11-17,False,,,1000,3301,False,,,گنبدکاووس,False,LOW,0,0,244847,TRAIN,False,LOW,0,0,True,LOW,0,,False,LOW,0,0,4,0,0,False,LOW,0,0,True,,LOW,0,,,True,,LOW,0,,,True,LOW,0,,False,LOW,0,0,False,LOW,0,0,True,,LOW,0,,,True,,LOW,0,,,False,MEDIUM-LOW,4,4.75,False,HIGH,18,18,False,HIGH,18,18,False,0.2222222222222222,HIGH,18,0.2587225540693829,0.2587225540693829,False,0.0,HIGH,18,0.02829839513915305,0.02829839513915305,False,HIGH,18,0,3123,True,,LOW,0,,,True,,LOW,0,,,False,LOW,0,0,True,LOW,0,,False,LOW,0,0
True,LOW,0,,False,,,52.0,False,LOW,1,3.0,False,LOW,1,3.0,False,LOW,1,3.0,True,LOW,0,,False,LOW,1,3.0,False,,,تروبرد,False,LOW,1,1,False,1.0,LOW,1,0.4917697905993011,0.4917697905993011,False,0.0,LOW,1,0.10847718136675337,0.10847718136675337,False,LOW,1,3.0,False,LOW,1,3,False,LOW,1,3.0,False,LOW,1,1,False,LOW,1,1,False,1.0,LOW,1,0.4917697905993011,0.4917697905993011,False,0.0,LOW,1,0.10847718136675337,0.10847718136675337,False,LOW,1,0,True,LOW,0,,True,,LOW,0,,,True,,LOW,0,,,False,LOW,1,28,False,LOW,1,0.0,False,LOW,1,1,False,,,10,MEDIUM,MISSING_STRUCTURED,OK,HIGH,OK,MISSING_FINISH,MISSING,False,True,LOW,0,,3375,False,LOW,1,3,False,LOW,0,0,True,,LOW,0,,,True,,LOW,0,,,False,,,تروبرد,True,LOW,0,,1995-11-17,False,,,1000,3301,False,,,گنبدکاووس,False,LOW,1,1,244848,TRAIN,False,LOW,1,1,True,LOW,0,,False,LOW,1,1,,,,False,LOW,1,1,False,1.0,LOW,1,0.4917697905993011,0.4917697905993011,False,1.0,LOW,1,0.4917697905993011,0.4917697905993011,True,LOW,0,,False,LOW,1,1,False,LOW,1,1,False,1.0,LOW,1,0.4917697905993011,0.4917697905993011,False,0.0,LOW,1,0.10847718136675337,0.10847718136675337,True,LOW,0,,True,LOW,0,,True,LOW,0,,True,,LOW,0,,,True,,LOW,0,,,True,LOW,0,,3380,False,0.0,LOW,1,0.10847718136675337,0.10847718136675337,False,0.0,LOW,1,0.10847718136675337,0.10847718136675337,False,LOW,1,0,True,LOW,0,,False,LOW,1,0
True,LOW,0,,False,,,58.0,True,LOW,0,,True,LOW,0,,True,LOW,0,,True,LOW,0,,True,LOW,0,,False,,,تروبرد,False,LOW,0,0,True,,LOW,0,,,True,,LOW,0,,,True,LOW,0,,True,LOW,0,,True,LOW,0,,False,LOW,0,0,False,LOW,0,0,True,,LOW,0,,,True,,LOW,0,,,False,LOW,0,0,True,LOW,0,,True,,LOW,0,,,True,,LOW,0,,,True,LOW,0,,True,LOW,0,,False,LOW,0,0,False,,,10,MEDIUM,MISSING_STRUCTURED,OK,HIGH,OK,OK,OK,False,True,LOW,0,,9294,True,LOW,0,,False,LOW,0,0,True,,LOW,0,,,True,,LOW,0,,,False,,,تروبرد,True,LOW,0,,1995-11-17,False,,,1000,3301,False,,,گنبدکاووس,False,LOW,0,0,244849,TRAIN,False,LOW,0,0,True,LOW,0,,False,LOW,0,0,2,1,0,False,LOW,0,0,True,,LOW,0,,,True,,LOW,0,,,True,LOW,0,,False,LOW,0,0,False,LOW,0,0,True,,LOW,0,,,True,,LOW,0,,,False,MEDIUM-LOW,4,5.0,False,MEDIUM,5,5,False,MEDIUM,5,5,False,0.2,MEDIUM,5,0.29506187435958064,0.29506187435958064,False,0.2,MEDIUM,5,0.165086308820052,0.165086308820052,False,MEDIUM,5,1,9308,True,,LOW,0,,,True,,LOW,0,,,False,LOW,0,0,True,LOW,0,,False,LOW,0,0
True,LOW,0,,False,,,58.5,False,LOW,1,3.0,False,LOW,1,3.0,False,LOW,1,3.0,True,LOW,0,,True,LOW,0,,False,,,تروبرد,False,LOW,1,1,False,1.0,LOW,1,0.4917697905993011,0.4917697905993011,False,0.0,LOW,1,0.10847718136675337,0.10847718136675337,False,LOW,1,3.0,False,LOW,1,3,False,LOW,1,3.0,False,LOW,1,1,False,LOW,1,1,False,1.0,LOW,1,0.4917697905993011,0.4917697905993011,False,0.0,LOW,1,0.10847718136675337,0.10847718136675337,False,LOW,1,0,True,LOW,0,,True,,LOW,0,,,True,,LOW,0,,,False,LOW,1,203,False,LOW,1,650.0,False,LOW,0,0,False,,,10,MEDIUM,MISSING_STRUCTURED,OK,HIGH,OK,MISSING_FINISH,OK,False,True,LOW,0,,3261,False,LOW,1,3,False,LOW,0,0,True,,LOW,0,,,True,,LOW,0,,,False,,,تروبرد,True,LOW,0,,1995-11-17,False,,,1000,3301,False,,,گنبدکاووس,False,LOW,1,1,244850,TRAIN,False,LOW,1,1,True,LOW,0,,False,LOW,0,0,,,,False,LOW,1,1,False,1.0,LOW,1,0.4917697905993011,0.4917697905993011,True,,LOW,0,,,True,LOW,0,,False,LOW,0,0,False,LOW,1,1,False,1.0,LOW,1,0.4917697905993011,0.4917697905993011,False,0.0,LOW,1,0.10847718136675337,0.10847718136675337,False,MEDIUM-LOW,4,4.0,False,MEDIUM,9,9,False,MEDIUM,9,9,False,0.4444444444444444,MEDIUM,9,0.425044195971129,0.425044195971129,False,0.2222222222222222,MEDIUM,9,0.1893473634428943,0.1893473634428943,False,MEDIUM,9,2,3266,False,0.0,LOW,1,0.10847718136675337,0.10847718136675337,True,,LOW,0,,,False,LOW,1,0,True,LOW,0,,False,LOW,0,0
True,LOW,0,,False,,,60.0,True,LOW,0,,False,LOW,1,1.0,False,LOW,1,1.0,True,LOW,0,,True,LOW,0,,False,,,تروبرد,False,LOW,2,2,False,0.5,LOW,2,0.4215169633708295,0.4215169633708295,False,0.5,LOW,2,0.23583758402864574,0.23583758402864574,False,LOW,1,1.0,False,LOW,1,1,False,LOW,1,1.0,False,LOW,2,1,False,LOW,2,2,False,0.5,LOW,2,0.4215169633708295,0.4215169633708295,False,0.5,LOW,2,0.23583758402864574,0.23583758402864574,False,LOW,2,1,True,LOW,0,,True,,LOW,0,,,True,,LOW,0,,,False,LOW,1,35,False,LOW,2,825.0,False,LOW,0,0,False,,,10,MEDIUM,MISSING_STRUCTURED,OK,HIGH,OK,OK,OK,False,True,LOW,0,,3372,False,LOW,1,1,False,MEDIUM-LOW,3,3,True,,LOW,3,,,True,,LOW,3,,,False,,,تروبرد,True,LOW,0,,1995-11-17,False,,,1000,3301,False,,,گنبدکاووس,False,LOW,2,2,244851,TRAIN,False,LOW,1,1,True,LOW,0,,False,LOW,0,0,1,1,1,False,LOW,1,0,False,0.5,LOW,2,0.4215169633708295,0.4215169633708295,True,,LOW,0,,,True,LOW,0,,False,LOW,0,0,False,LOW,1,1,False,0.0,LOW,1,0.32510312393263446,0.32510312393263446,False,0.0,LOW,1,0.10847718136675337,0.10847718136675337,False,MEDIUM-LOW,3,1.3333333333333333,False,MEDIUM,7,7,False,MEDIUM,7,7,False,0.42857142857142855,MEDIUM,7,0.4125515619663172,0.4125515619663172,False,0.2857142857142857,MEDIUM,7,0.22090525735004332,0.22090525735004332,False,MEDIUM,7,2,3377,False,0.5,LOW,2,0.23583758402864574,0.23583758402864574,True,,LOW,0,,,False,LOW,1,0,True,LOW,0,,False,LOW,0,0
True,LOW,0,,False,,,52.0,False,LOW,1,6.0,False,MEDIUM-LOW,3,5.0,False,MEDIUM-LOW,3,5.0,True,LOW,0,,True,LOW,0,,False,,,تروبرد,False,MEDIUM-LOW,3,3,False,0.3333333333333333,MEDIUM-LOW,3,0.36882734294947583,0.36882734294947583,False,0.0,MEDIUM-LOW,3,0.08135788602506502,0.08135788602506502,False,MEDIUM-LOW,3,5.0,False,MEDIUM-LOW,3,2,False,MEDIUM-LOW,3,6.0,False,MEDIUM-LOW,3,1,False,MEDIUM-LOW,3,3,False,0.3333333333333333,MEDIUM-LOW,3,0.36882734294947583,0.36882734294947583,False,0.0,MEDIUM-LOW,3,0.08135788602506502,0.08135788602506502,False,MEDIUM-LOW,3,0,True,LOW,0,,True,,LOW,0,,,True,,LOW,0,,,False,LOW,1,35,False,MEDIUM-LOW,3,616.6666666666666,False,LOW,0,0,False,,,10,MEDIUM,MISSING_STRUCTURED,OK,HIGH,OK,OK,OK,False,False,MEDIUM-LOW,3,-4.5,3472,False,LOW,1,7,False,LOW,2,2,True,,LOW,2,,,True,,LOW,2,,,False,,,تروبرد,True,LOW,0,,1995-11-17,False,,,1000,3301,False,,,گنبدکاووس,False,MEDIUM-LOW,3,3,244852,TRAIN,False,LOW,1,1,True,LOW,0,,False,LOW,0,0,8,0,0,False,LOW,1,0,False,0.3333333333333333,MEDIUM-LOW,3,0.36882734294947583,0.36882734294947583,True,,LOW,0,,,True,LOW,0,,False,LOW,0,0,False,LOW,1,1,False,0.0,LOW,1,0.32510312393263446,0.32510312393263446,False,0.0,LOW,1,0.10847718136675337,0.10847718136675337,False,MEDIUM-LOW,4,5.0,False,HIGH,19,19,False,HIGH,19,19,False,0.21052631578947367,HIGH,19,0.2479424476498253,0.2479424476498253,False,0.0,HIGH,19,0.027119295341688342,0.027119295341688342,False,HIGH,19,0,3477,False,0.0,MEDIUM-LOW,3,0.08135788602506502,0.08135788602506502,True,,LOW,0,,,False,LOW,1,0,True,LOW,0,,False,LOW,0,0
True,LOW,0,,True,LOW,0,,True,LOW,0,,True,LOW,0,,True,LOW,0,,True,LOW,0,,True,LOW,0,,False,,,تروبرد,False,LOW,0,0,True,,LOW,0,,,True,,LOW,0,,,True,LOW,0,,True,LOW,0,,True,LOW,0,,False,LOW,0,0,False,LOW,0,0,True,,LOW,0,,,True,,LOW,0,,,False,LOW,0,0,False,LOW,0,0,True,,LOW,0,,,True,,LOW,0,,,True,LOW,0,,True,LOW,0,,False,LOW,0,0,False,,,16,MEDIUM,OK,OK,HIGH,OK,INVALID_FINISH,OK,False,True,LOW,0,,3322,True,LOW,0,,False,LOW,0,0,True,,LOW,0,,,True,,LOW,0,,,False,,,تروبرد,False,,,other,1995-12-01,False,,,1650,617,False,,,گنبدکاووس,False,LOW,0,0,218723,TRAIN,False,LOW,0,0,False,LOW,0,0,False,LOW,0,0,,,,False,LOW,0,0,True,,LOW,0,,,True,,LOW,0,,,False,LOW,0,0,False,LOW,0,0,False,LOW,0,0,True,,LOW,0,,,True,,LOW,0,,,True,LOW,0,,False,LOW,0,0,False,LOW,0,0,True,,LOW,0,,,True,,LOW,0,,,False,LOW,0,0,3327,True,,LOW,0,,,True,,LOW,0,,,False,LOW,0,0,False,LOW,0,0,False,LOW,0,0
True,LOW,0,,True,LOW,0,,True,LOW,0,,True,LOW,0,,True,LOW,0,,True,LOW,0,,True,LOW,0,,False,,,تروبرد,False,LOW,1,1,False,0.0,LOW,1,0.32510312393263446,0.32510312393263446,False,0.0,LOW,1,0.10847718136675337,0.10847718136675337,True,LOW,0,,True,LOW,0,,True,LOW,0,,False,LOW,1,0,False,LOW,1,1,False,0.0,LOW,1,0.32510312393263446,0.32510312393263446,False,0.0,LOW,1,0.10847718136675337,0.10847718136675337,False,LOW,1,0,False,LOW,0,0,True,,LOW,0,,,True,,LOW,0,,,False,LOW,1,49,False,LOW,1,150.0,False,LOW,0,0,False,,,16,MEDIUM,OK,OK,HIGH,OK,OK,OK,False,True,LOW,0,,3323,True,LOW,0,,False,LOW,0,0,True,,LOW,0,,,True,,LOW,0,,,False,,,تروبرد,False,,,other,1995-12-01,False,,,1650,617,False,,,گنبدکاووس,False,LOW,1,1,218724,TRAIN,False,LOW,0,0,False,LOW,0,0,False,LOW,0,0,9,0,0,False,LOW,0,0,True,,LOW,0,,,True,,LOW,0,,,False,LOW,0,0,False,LOW,0,0,False,LOW,0,0,True,,LOW,0,,,True,,LOW,0,,,False,LOW,2,3.5,False,LOW,2,2,False,LOW,2,2,False,0.5,LOW,2,0.4215169633708295,0.4215169633708295,False,0.5,LOW,2,0.23583758402864574,0.23583758402864574,False,LOW,2,1,3328,True,,LOW,0,,,True,,LOW,0,,,False,LOW,0,0,False,LOW,0,0,False,LOW,0,0
True,LOW,0,,True,LOW,0,,False,LOW,1,6.0,False,LOW,1,6.0,False,LOW,1,6.0,True,LOW,0,,True,LOW,0,,False,,,تروبرد,False,LOW,2,2,False,0.0,LOW,2,0.27865982051368665,0.27865982051368665,False,0.0,LOW,2,0.09298044117150288,0.09298044117150288,False,LOW,1,6.0,False,LOW,1,6,False,LOW,1,6.0,False,LOW,2,0,False,LOW,2,2,False,0.0,LOW,2,0.27865982051368665,0.27865982051368665,False,0.0,LOW,2,0.09298044117150288,0.09298044117150288,False,LOW,2,0,False,LOW,1,1,False,0.0,LOW,1,0.32510312393263446,0.32510312393263446,False,0.0,LOW,1,0.10847718136675337,0.10847718136675337,False,LOW,1,217,False,LOW,2,150.0,False,LOW,0,0,False,,,16,MEDIUM,OK,OK,HIGH,OK,OK,OK,False,True,LOW,0,,3324,True,LOW,0,,False,LOW,0,0,True,,LOW,0,,,True,,LOW,0,,,False,,,تروبرد,False,,,other,1995-12-01,False,,,1650,617,False,,,گنبدکاووس,False,LOW,2,2,218725,TRAIN,False,LOW,2,2,False,LOW,1,1,False,LOW,0,0,5,0,0,False,LOW,2,0,False,0.0,LOW,2,0.27865982051368665,0.27865982051368665,True,,LOW,0,,,False,LOW,1,0,False,LOW,0,0,False,LOW,2,2,False,0.0,LOW,2,0.27865982051368665,0.27865982051368665,False,0.0,LOW,2,0.09298044117150288,0.09298044117150288,False,MEDIUM-LOW,4,4.0,False,HIGH,10,10,False,HIGH,10,10,False,0.4,HIGH,10,0.39670791623972046,0.39670791623972046,False,0.2,HIGH,10,0.17672420588003465,0.17672420588003465,False,HIGH,10,2,3329,False,0.0,LOW,2,0.09298044117150288,0.09298044117150288,True,,LOW,0,,,False,LOW,2,0,False,LOW,1,0,False,LOW,0,0
True,LOW,0,,True,LOW,0,,True,LOW,0,,True,LOW,0,,True,LOW,0,,True,LOW,0,,True,LOW,0,,False,,,تروبرد,False,LOW,0,0,True,,LOW,0,,,True,,LOW,0,,,True,LOW,0,,True,LOW,0,,True,LOW,0,,False,LOW,0,0,False,LOW,0,0,True,,LOW,0,,,True,,LOW,0,,,False,LOW,0,0,False,LOW,0,0,True,,LOW,0,,,True,,LOW,0,,,True,LOW,0,,True,LOW,0,,False,LOW,0,0,False,,,16,MEDIUM,OK,OK,HIGH,OK,INVALID_FINISH,OK,False,True,LOW,0,,3325,True,LOW,0,,False,LOW,0,0,True,,LOW,0,,,True,,LOW,0,,,False,,,تروبرد,False,,,other,1995-12-01,False,,,1650,617,False,,,گنبدکاووس,False,LOW,0,0,218726,TRAIN,False,LOW,0,0,False,LOW,0,0,False,LOW,0,0,,,,False,LOW,0,0,True,,LOW,0,,,True,,LOW,0,,,False,LOW,0,0,False,LOW,0,0,False,LOW,0,0,True,,LOW,0,,,True,,LOW,0,,,False,LOW,2,6.0,False,MEDIUM,8,8,False,MEDIUM,8,8,False,0.0,MEDIUM,8,0.1500475956612159,0.1500475956612159,False,0.0,MEDIUM,8,0.05006639140004002,0.05006639140004002,False,MEDIUM,8,0,3330,True,,LOW,0,,,True,,LOW,0,,,False,LOW,0,0,False,LOW,0,0,False,LOW,0,0
True,LOW,0,,True,LOW,0,,True,LOW,0,,True,LOW,0,,True,LOW,0,,True,LOW,0,,True,LOW,0,,False,,,تروبرد,False,LOW,0,0,True,,LOW,0,,,True,,LOW,0,,,True,LOW,0,,True,LOW,0,,True,LOW,0,,False,LOW,0,0,False,LOW,0,0,True,,LOW,0,,,True,,LOW,0,,,False,LOW,0,0,False,LOW,0,0,True,,LOW,0,,,True,,LOW,0,,,True,LOW,0,,True,LOW,0,,False,LOW,0,0,False,,,16,MEDIUM,OK,OK,HIGH,OK,OK,OK,False,True,LOW,0,,3326,True,LOW,0,,False,LOW,2,2,True,,LOW,2,,,True,,LOW,2,,,False,,,تروبرد,False,,,other,1995-12-01,False,,,1650,617,False,,,گنبدکاووس,False,LOW,0,0,218727,TRAIN,False,LOW,0,0,False,LOW,0,0,False,LOW,0,0,6,0,0,False,LOW,0,0,True,,LOW,0,,,True,,LOW,0,,,False,LOW,0,0,False,LOW,0,0,False,LOW,0,0,True,,LOW,0,,,True,,LOW,0,,,True,LOW,0,,False,LOW,2,2,False,LOW,2,2,False,0.0,LOW,2,0.27865982051368665,0.27865982051368665,False,0.0,LOW,2,0.09298044117150288,0.09298044117150288,False,LOW,2,0,3331,True,,LOW,0,,,True,,LOW,0,,,False,LOW,0,0,False,LOW,0,0,False,LOW,0,0
True,LOW,0,,True,LOW,0,,True,LOW,0,,False,LOW,1,3.0,False,LOW,1,3.0,True,LOW,0,,True,LOW,0,,False,,,تروبرد,False,LOW,2,2,False,0.5,LOW,2,0.4215169633708295,0.4215169633708295,False,0.0,LOW,2,0.09298044117150288,0.09298044117150288,False,LOW,1,3.0,False,LOW,1,3,False,LOW,1,3.0,False,LOW,2,1,False,LOW,2,2,False,0.5,LOW,2,0.4215169633708295,0.4215169633708295,False,0.0,LOW,2,0.09298044117150288,0.09298044117150288,False,LOW,2,0,False,LOW,1,1,False,0.0,LOW,1,0.32510312393263446,0.32510312393263446,False,0.0,LOW,1,0.10847718136675337,0.10847718136675337,False,LOW,1,49,False,LOW,2,150.0,False,LOW,0,0,False,,,16,MEDIUM,OK,OK,HIGH,OK,OK,OK,False,True,LOW,0,,3327,False,LOW,1,3,False,LOW,0,0,True,,LOW,0,,,True,,LOW,0,,,False,,,تروبرد,False,,,other,1995-12-01,False,,,1650,617,False,,,گنبدکاووس,False,LOW,2,2,218728,TRAIN,False,LOW,1,1,False,LOW,1,1,False,LOW,0,0,3,1,0,False,LOW,1,0,False,0.5,LOW,2,0.4215169633708295,0.4215169633708295,True,,LOW,0,,,False,LOW,1,0,False,LOW,0,0,False,LOW,1,1,False,0.0,LOW,1,0.32510312393263446,0.32510312393263446,False,0.0,LOW,1,0.10847718136675337,0.10847718136675337,False,MEDIUM-LOW,4,3.25,False,HIGH,14,14,False,HIGH,14,14,False,0.2857142857142857,HIGH,14,0.313190460189253,0.313190460189253,False,0.14285714285714285,HIGH,14,0.1395191099052905,0.1395191099052905,False,HIGH,14,2,3332,False,0.0,LOW,2,0.09298044117150288,0.09298044117150288,True,,LOW,0,,,False,LOW,1,0,False,LOW,1,0,False,LOW,0,0
True,LOW,0,,True,LOW,0,,False,LOW,1,4.0,False,LOW,1,4.0,False,LOW,1,4.0,False,LOW,1,4.0,True,LOW,0,,False,,,تروبرد,False,LOW,2,2,False,0.0,LOW,2,0.27865982051368665,0.27865982051368665,False,0.0,LOW,2,0.09298044117150288,0.09298044117150288,False,LOW,1,4.0,False,LOW,1,4,False,LOW,1,4.0,False,LOW,2,0,False,LOW,2,2,False,0.0,LOW,2,0.27865982051368665,0.27865982051368665,False,0.0,LOW,2,0.09298044117150288,0.09298044117150288,False,LOW,2,0,False,LOW,1,1,False,0.0,LOW,1,0.32510312393263446,0.32510312393263446,False,0.0,LOW,1,0.10847718136675337,0.10847718136675337,False,LOW,1,217,False,LOW,2,400.0,False,LOW,0,0,False,,,16,MEDIUM,OK,OK,HIGH,OK,OK,OK,False,True,LOW,0,,3328,False,LOW,1,4,False,LOW,2,2,True,,LOW,2,,,True,,LOW,2,,,False,,,تروبرد,False,,,other,1995-12-01,False,,,1650,617,False,,,گنبدکاووس,False,LOW,2,2,218729,TRAIN,False,LOW,2,2,False,LOW,1,1,False,LOW,0,0,11,0,0,False,LOW,2,0,False,0.0,LOW,2,0.27865982051368665,0.27865982051368665,True,,LOW,0,,,False,LOW,1,0,False,LOW,0,0,False,LOW,2,2,False,0.0,LOW,2,0.27865982051368665,0.27865982051368665,False,0.0,LOW,2,0.09298044117150288,0.09298044117150288,False,MEDIUM-LOW,4,3.0,False,MEDIUM,5,5,False,MEDIUM,5,5,False,0.6,MEDIUM,5,0.49506187435958066,0.49506187435958066,False,0.0,MEDIUM,5,0.06508630882005202,0.06508630882005202,False,MEDIUM,5,0,3333,False,0.0,LOW,2,0.09298044117150288,0.09298044117150288,True,,LOW,0,,,False,LOW,2,0,False,LOW,1,0,False,LOW,0,0
True,LOW,0,,True,LOW,0,,False,LOW,1,4.0,False,LOW,1,4.0,False,LOW,1,4.0,True,LOW,0,,True,LOW,0,,False,,,تروبرد,False,LOW,2,2,False,0.0,LOW,2,0.27865982051368665,0.27865982051368665,False,0.0,LOW,2,0.09298044117150288,0.09298044117150288,False,LOW,1,4.0,False,LOW,1,4,False,LOW,1,4.0,False,LOW,2,0,False,LOW,2,2,False,0.0,LOW,2,0.27865982051368665,0.27865982051368665,False,0.0,LOW,2,0.09298044117150288,0.09298044117150288,False,LOW,2,0,False,LOW,0,0,True,,LOW,0,,,True,,LOW,0,,,False,LOW,1,49,False,LOW,2,150.0,False,LOW,0,0,False,,,16,MEDIUM,OK,OK,HIGH,OK,OK,OK,False,True,LOW,0,,3329,True,LOW,0,,False,MEDIUM-LOW,4,4,True,,LOW,4,,,True,,LOW,4,,,False,,,تروبرد,False,,,other,1995-12-01,False,,,1650,617,False,,,گنبدکاووس,False,LOW,2,2,218730,TRAIN,False,LOW,1,1,False,LOW,0,0,False,LOW,0,0,2,1,0,False,LOW,1,0,False,0.0,LOW,2,0.27865982051368665,0.27865982051368665,True,,LOW,0,,,False,LOW,0,0,False,LOW,0,0,False,LOW,1,1,False,0.0,LOW,1,0.32510312393263446,0.32510312393263446,False,0.0,LOW,1,0.10847718136675337,0.10847718136675337,False,LOW,2,2.5,False,HIGH,17,17,False,HIGH,17,17,False,0.17647058823529413,HIGH,17,0.2250281247089003,0.2250281247089003,False,0.0,HIGH,17,0.029584685827296373,0.029584685827296373,False,HIGH,17,0,3334,False,0.0,LOW,2,0.09298044117150288,0.09298044117150288,True,,LOW,0,,,False,LOW,1,0,False,LOW,0,0,False,LOW,0,0
True,LOW,0,,True,LOW,0,,True,LOW,0,,True,LOW,0,,True,LOW,0,,True,LOW,0,,True,LOW,0,,False,,,تروبرد,False,LOW,0,0,True,,LOW,0,,,True,,LOW,0,,,True,LOW,0,,True,LOW,0,,True,LOW,0,,False,LOW,0,0,False,LOW,0,0,True,,LOW,0,,,True,,LOW,0,,,False,LOW,0,0,False,LOW,0,0,True,,LOW,0,,,True,,LOW,0,,,True,LOW,0,,True,LOW,0,,False,LOW,0,0,False,,,16,MEDIUM,OK,OK,HIGH,OK,INVALID_FINISH,OK,False,True,LOW,0,,3330,True,LOW,0,,False,LOW,0,0,True,,LOW,0,,,True,,LOW,0,,,False,,,تروبرد,False,,,other,1995-12-01,False,,,1650,617,False,,,گنبدکاووس,False,LOW,0,0,218731,TRAIN,False,LOW,0,0,False,LOW,0,0,False,LOW,0,0,,,,False,LOW,0,0,True,,LOW,0,,,True,,LOW,0,,,False,LOW,0,0,False,LOW,0,0,False,LOW,0,0,True,,LOW,0,,,True,,LOW,0,,,False,MEDIUM-LOW,3,2.3333333333333335,False,HIGH,18,18,False,HIGH,18,18,False,0.2222222222222222,HIGH,18,0.2587225540693829,0.2587225540693829,False,0.0,HIGH,18,0.02829839513915305,0.02829839513915305,False,HIGH,18,0,3335,True,,LOW,0,,,True,,LOW,0,,,False,LOW,0,0,False,LOW,0,0,False,LOW,0,0
True,LOW,0,,True,LOW,0,,False,LOW,1,2.0,False,LOW,1,2.0,False,LOW,1,2.0,False,LOW,1,2.0,True,LOW,0,,False,,,تروبرد,False,LOW,1,1,False,1.0,LOW,1,0.4917697905993011,0.4917697905993011,False,0.0,LOW,1,0.10847718136675337,0.10847718136675337,False,LOW,1,2.0,False,LOW,1,2,False,LOW,1,2.0,False,LOW,1,1,False,LOW,1,1,False,1.0,LOW,1,0.4917697905993011,0.4917697905993011,False,0.0,LOW,1,0.10847718136675337,0.10847718136675337,False,LOW,1,0,False,LOW,1,1,False,1.0,LOW,1,0.4917697905993011,0.4917697905993011,False,0.0,LOW,1,0.10847718136675337,0.10847718136675337,False,LOW,1,217,False,LOW,1,150.0,False,LOW,0,0,False,,,16,MEDIUM,OK,OK,HIGH,OK,OK,OK,False,True,LOW,0,,3331,False,LOW,1,2,False,LOW,0,0,True,,LOW,0,,,True,,LOW,0,,,False,,,تروبرد,False,,,other,1995-12-01,False,,,1650,617,False,,,گنبدکاووس,False,LOW,1,1,218732,TRAIN,False,LOW,1,1,False,LOW,1,1,False,LOW,0,0,4,0,0,False,LOW,1,1,False,1.0,LOW,1,0.4917697905993011,0.4917697905993011,True,,LOW,0,,,False,LOW,1,1,False,LOW,0,0,False,LOW,1,1,False,1.0,LOW,1,0.4917697905993011,0.4917697905993011,False,0.0,LOW,1,0.10847718136675337,0.10847718136675337,False,LOW,1,2.0,False,MEDIUM-LOW,4,4,False,MEDIUM-LOW,4,4,False,0.25,MEDIUM-LOW,4,0.32784652706620077,0.32784652706620077,False,0.0,MEDIUM-LOW,4,0.0723181209111689,0.0723181209111689,False,MEDIUM-LOW,4,0,3336,False,0.0,LOW,1,0.10847718136675337,0.10847718136675337,True,,LOW,0,,,False,LOW,1,0,False,LOW,1,0,False,LOW,0,0
True,LOW,0,,True,LOW,0,,True,LOW,0,,True,LOW,0,,True,LOW,0,,True,LOW,0,,True,LOW,0,,False,,,تروبرد,False,LOW,1,1,False,0.0,LOW,1,0.32510312393263446,0.32510312393263446,False,0.0,LOW,1,0.10847718136675337,0.10847718136675337,True,LOW,0,,True,LOW,0,,True,LOW,0,,False,LOW,1,0,False,LOW,1,1,False,0.0,LOW,1,0.32510312393263446,0.32510312393263446,False,0.0,LOW,1,0.10847718136675337,0.10847718136675337,False,LOW,1,0,False,LOW,0,0,True,,LOW,0,,,True,,LOW,0,,,False,LOW,1,49,False,LOW,1,150.0,False,LOW,0,0,False,,,16,MEDIUM,OK,OK,HIGH,OK,OK,OK,False,True,LOW,0,,3332,True,LOW,0,,False,LOW,0,0,True,,LOW,0,,,True,,LOW,0,,,False,,,تروبرد,False,,,other,1995-12-01,False,,,1650,617,False,,,گنبدکاووس,False,LOW,1,1,218733,TRAIN,False,LOW,0,0,False,LOW,0,0,False,LOW,0,0,1,1,1,False,LOW,0,0,True,,LOW,0,,,True,,LOW,0,,,False,LOW,0,0,False,LOW,0,0,False,LOW,0,0,True,,LOW,0,,,True,,LOW,0,,,False,LOW,1,1.0,False,HIGH,20,20,False,HIGH,20,20,False,0.2,HIGH,20,0.23802474974383225,0.23802474974383225,False,0.1,HIGH,20,0.1060345235280208,0.1060345235280208,False,HIGH,20,2,3337,True,,LOW,0,,,True,,LOW,0,,,False,LOW,0,0,False,LOW,0,0,False,LOW,0,0
True,LOW,0,,True,LOW,0,,False,LOW,1,3.0,False,LOW,1,3.0,False,LOW,1,3.0,False,LOW,1,3.0,True,LOW,0,,False,,,تروبرد,False,LOW,1,1,False,1.0,LOW,1,0.4917697905993011,0.4917697905993011,False,0.0,LOW,1,0.10847718136675337,0.10847718136675337,False,LOW,1,3.0,False,LOW,1,3,False,LOW,1,3.0,False,LOW,1,1,False,LOW,1,1,False,1.0,LOW,1,0.4917697905993011,0.4917697905993011,False,0.0,LOW,1,0.10847718136675337,0.10847718136675337,False,LOW,1,0,False,LOW,1,1,False,1.0,LOW,1,0.4917697905993011,0.4917697905993011,False,0.0,LOW,1,0.10847718136675337,0.10847718136675337,False,LOW,1,217,False,LOW,1,150.0,False,LOW,0,0,False,,,16,MEDIUM,OK,OK,HIGH,OK,INVALID_FINISH,OK,False,True,LOW,0,,3333,False,LOW,1,3,False,LOW,0,0,True,,LOW,0,,,True,,LOW,0,,,False,,,تروبرد,False,,,other,1995-12-01,False,,,1650,617,False,,,گنبدکاووس,False,LOW,1,1,218734,TRAIN,False,LOW,1,1,False,LOW,1,1,False,LOW,0,0,,,,False,LOW,1,1,False,1.0,LOW,1,0.4917697905993011,0.4917697905993011,True,,LOW,0,,,False,LOW,1,1,False,LOW,0,0,False,LOW,1,1,False,1.0,LOW,1,0.4917697905993011,0.4917697905993011,False,0.0,LOW,1,0.10847718136675337,0.10847718136675337,False,MEDIUM-LOW,3,2.6666666666666665,False,MEDIUM-LOW,3,3,False,MEDIUM-LOW,3,3,False,0.6666666666666666,MEDIUM-LOW,3,0.49382734294947583,0.49382734294947583,False,0.6666666666666666,MEDIUM-LOW,3,0.331357886025065,0.331357886025065,False,MEDIUM-LOW,3,2,3338,False,0.0,LOW,1,0.10847718136675337,0.10847718136675337,True,,LOW,0,,,False,LOW,1,0,False,LOW,1,0,False,LOW,0,0
True,LOW,0,,True,LOW,0,,True,LOW,0,,False,LOW,1,1.0,False,LOW,1,1.0,True,LOW,0,,True,LOW,0,,False,,,تروبرد,False,LOW,1,1,False,1.0,LOW,1,0.4917697905993011,0.4917697905993011,False,1.0,LOW,1,0.27514384803342,0.27514384803342,False,LOW,1,1.0,False,LOW,1,1,False,LOW,1,1.0,False,LOW,1,1,False,LOW,1,1,False,1.0,LOW,1,0.4917697905993011,0.4917697905993011,False,1.0,LOW,1,0.27514384803342,0.27514384803342,False,LOW,1,1,False,LOW,0,0,True,,LOW,0,,,True,,LOW,0,,,False,LOW,1,49,False,LOW,1,150.0,False,LOW,0,0,False,,,16,MEDIUM,OK,OK,HIGH,OK,OK,OK,False,True,LOW,0,,3334,False,LOW,1,1,False,LOW,0,0,True,,LOW,0,,,True,,LOW,0,,,False,,,تروبرد,False,,,other,1995-12-01,False,,,1650,617,False,,,گنبدکاووس,False,LOW,1,1,218735,TRAIN,False,LOW,0,0,False,LOW,0,0,False,LOW,0,0,7,0,0,False,LOW,0,0,False,1.0,LOW,1,0.4917697905993011,0.4917697905993011,True,,LOW,0,,,False,LOW,0,0,False,LOW,0,0,False,LOW,0,0,True,,LOW,0,,,True,,LOW,0,,,False,LOW,2,1.0,False,HIGH,21,21,False,HIGH,21,21,False,0.23809523809523808,HIGH,21,0.26733149013830027,0.26733149013830027,False,0.14285714285714285,HIGH,21,0.14041781108463539,0.14041781108463539,False,HIGH,21,3,3339,False,1.0,LOW,1,0.27514384803342,0.27514384803342,True,,LOW,0,,,False,LOW,0,0,False,LOW,0,0,False,LOW,0,0
True,LOW,0,,True,LOW,0,,True,LOW,0,,True,LOW,0,,True,LOW,0,,True,LOW,0,,True,LOW,0,,False,,,تروبرد,False,LOW,0,0,True,,LOW,0,,,True,,LOW,0,,,True,LOW,0,,True,LOW,0,,True,LOW,0,,False,LOW,0,0,False,LOW,0,0,True,,LOW,0,,,True,,LOW,0,,,False,LOW,0,0,False,LOW,0,0,True,,LOW,0,,,True,,LOW,0,,,True,LOW,0,,True,LOW,0,,False,LOW,0,0,False,,,16,MEDIUM,OK,OK,HIGH,OK,INVALID_FINISH,OK,False,True,LOW,0,,3335,True,LOW,0,,False,LOW,0,0,True,,LOW,0,,,True,,LOW,0,,,False,,,تروبرد,False,,,other,1995-12-01,False,,,1650,617,False,,,گنبدکاووس,False,LOW,0,0,218736,TRAIN,False,LOW,0,0,False,LOW,0,0,False,LOW,0,0,,,,False,LOW,0,0,True,,LOW,0,,,True,,LOW,0,,,False,LOW,0,0,False,LOW,0,0,False,LOW,0,0,True,,LOW,0,,,True,,LOW,0,,,False,MEDIUM,5,5.4,False,MEDIUM,9,9,False,MEDIUM,9,9,False,0.5555555555555556,MEDIUM,9,0.4964727673997005,0.4964727673997005,False,0.1111111111111111,MEDIUM,9,0.11791879201432287,0.11791879201432287,False,MEDIUM,9,1,3340,True,,LOW,0,,,True,,LOW,0,,,False,LOW,0,0,False,LOW,0,0,False,LOW,0,0
True,LOW,0,,True,LOW,0,,True,LOW,0,,True,LOW,0,,True,LOW,0,,True,LOW,0,,True,LOW,0,,False,,,تروبرد,False,LOW,1,1,False,0.0,LOW,1,0.32510312393263446,0.32510312393263446,False,0.0,LOW,1,0.10847718136675337,0.10847718136675337,True,LOW,0,,True,LOW,0,,True,LOW,0,,False,LOW,1,0,False,LOW,1,1,False,0.0,LOW,1,0.32510312393263446,0.32510312393263446,False,0.0,LOW,1,0.10847718136675337,0.10847718136675337,False,LOW,1,0,False,LOW,0,0,True,,LOW,0,,,True,,LOW,0,,,False,LOW,1,49,False,LOW,1,150.0,False,LOW,0,0,False,,,16,MEDIUM,OK,OK,HIGH,OK,OK,OK,False,True,LOW,0,,3336,True,LOW,0,,False,LOW,1,1,True,,LOW,1,,,True,,LOW,1,,,False,,,تروبرد,False,,,other,1995-12-01,False,,,1650,617,False,,,گنبدکاووس,False,LOW,1,1,218737,TRAIN,False,LOW,0,0,False,LOW,0,0,False,LOW,0,0,8,0,0,False,LOW,0,0,True,,LOW,0,,,True,,LOW,0,,,False,LOW,0,0,False,LOW,0,0,False,LOW,0,0,True,,LOW,0,,,True,,LOW,0,,,False,MEDIUM-LOW,4,6.5,False,HIGH,20,20,False,HIGH,20,20,False,0.2,HIGH,20,0.23802474974383225,0.23802474974383225,False,0.0,HIGH,20,0.026034523528020808,0.026034523528020808,False,HIGH,20,0,3341,True,,LOW,0,,,True,,LOW,0,,,False,LOW,0,0,False,LOW,0,0,False,LOW,0,0
True,LOW,0,,True,LOW,0,,False,LOW,1,8.0,False,LOW,1,8.0,False,LOW,1,8.0,True,LOW,0,,True,LOW,0,,False,,,تروبرد,False,LOW,1,1,False,0.0,LOW,1,0.32510312393263446,0.32510312393263446,False,0.0,LOW,1,0.10847718136675337,0.10847718136675337,False,LOW,1,8.0,False,LOW,1,8,False,LOW,1,8.0,False,LOW,1,0,False,LOW,1,1,False,0.0,LOW,1,0.32510312393263446,0.32510312393263446,False,0.0,LOW,1,0.10847718136675337,0.10847718136675337,False,LOW,1,0,False,LOW,0,0,True,,LOW,0,,,True,,LOW,0,,,False,LOW,1,231,False,LOW,1,150.0,False,LOW,0,0,False,,,16,MEDIUM,OK,OK,HIGH,OK,OK,OK,False,True,LOW,0,,3337,False,LOW,1,8,False,LOW,1,1,True,,LOW,1,,,True,,LOW,1,,,False,,,تروبرد,False,,,other,1995-12-01,False,,,1650,617,False,,,گنبدکاووس,False,LOW,1,1,218738,TRAIN,False,LOW,1,1,False,LOW,0,0,False,LOW,0,0,10,0,0,False,LOW,1,0,False,0.0,LOW,1,0.32510312393263446,0.32510312393263446,True,,LOW,0,,,False,LOW,0,0,False,LOW,0,0,False,LOW,1,1,False,0.0,LOW,1,0.32510312393263446,0.32510312393263446,False,0.0,LOW,1,0.10847718136675337,0.10847718136675337,False,MEDIUM-LOW,3,2.6666666666666665,False,MEDIUM-LOW,4,4,False,MEDIUM-LOW,4,4,False,0.5,MEDIUM-LOW,4,0.43895763817731187,0.43895763817731187,False,0.5,MEDIUM-LOW,4,0.2945403431333911,0.2945403431333911,False,MEDIUM-LOW,4,2,3342,False,0.0,LOW,1,0.10847718136675337,0.10847718136675337,True,,LOW,0,,,False,LOW,1,0,False,LOW,0,0,False,LOW,0,0
True,LOW,0,,True,LOW,0,,False,LOW,1,2.0,False,LOW,1,2.0,False,LOW,1,2.0,False,LOW,1,2.0,True,LOW,0,,False,,,تروبرد,False,LOW,1,1,False,1.0,LOW,1,0.4917697905993011,0.4917697905993011,False,0.0,LOW,1,0.10847718136675337,0.10847718136675337,False,LOW,1,2.0,False,LOW,1,2,False,LOW,1,2.0,False,LOW,1,1,False,LOW,1,1,False,1.0,LOW,1,0.4917697905993011,0.4917697905993011,False,0.0,LOW,1,0.10847718136675337,0.10847718136675337,False,LOW,1,0,False,LOW,1,1,False,1.0,LOW,1,0.4917697905993011,0.4917697905993011,False,0.0,LOW,1,0.10847718136675337,0.10847718136675337,False,LOW,1,217,False,LOW,1,150.0,False,LOW,0,0,False,,,15,MEDIUM,OK,OK,HIGH,OK,MISSING_FINISH,OK,False,True,LOW,0,,3338,False,LOW,1,2,False,LOW,0,0,True,,LOW,0,,,True,,LOW,0,,,False,,,تروبرد,False,,,group3,1995-12-01,False,,,1650,618,False,,,گنبدکاووس,False,LOW,1,1,218739,TRAIN,False,LOW,1,1,False,LOW,1,1,False,LOW,0,0,,,,False,LOW,1,1,False,1.0,LOW,1,0.4917697905993011,0.4917697905993011,True,,LOW,0,,,False,LOW,1,1,False,LOW,0,0,False,LOW,1,1,False,1.0,LOW,1,0.4917697905993011,0.4917697905993011,False,0.0,LOW,1,0.10847718136675337,0.10847718136675337,False,MEDIUM,5,4.6,False,MEDIUM,6,6,False,MEDIUM,6,6,False,0.5,MEDIUM,6,0.4500562494178006,0.4500562494178006,False,0.0,MEDIUM,6,0.059169371654592746,0.059169371654592746,False,MEDIUM,6,0,3343,False,0.0,LOW,1,0.10847718136675337,0.10847718136675337,True,,LOW,0,,,False,LOW,1,0,False,LOW,1,0,False,LOW,0,0
True,LOW,0,,True,LOW,0,,True,LOW,0,,True,LOW,0,,True,LOW,0,,True,LOW,0,,True,LOW,0,,False,,,تروبرد,False,LOW,1,1,False,0.0,LOW,1,0.32510312393263446,0.32510312393263446,False,0.0,LOW,1,0.10847718136675337,0.10847718136675337,True,LOW,0,,True,LOW,0,,True,LOW,0,,False,LOW,1,0,False,LOW,1,1,False,0.0,LOW,1,0.32510312393263446,0.32510312393263446,False,0.0,LOW,1,0.10847718136675337,0.10847718136675337,False,LOW,1,0,False,LOW,0,0,True,,LOW,0,,,True,,LOW,0,,,False,LOW,1,49,False,LOW,1,150.0,False,LOW,0,0,False,,,15,MEDIUM,OK,OK,HIGH,OK,MISSING_FINISH,OK,False,True,LOW,0,,3339,True,LOW,0,,False,LOW,1,1,True,,LOW,1,,,True,,LOW,1,,,False,,,تروبرد,False,,,group3,1995-12-01,False,,,1650,618,False,,,گنبدکاووس,False,LOW,1,1,218740,TRAIN,False,LOW,0,0,False,LOW,0,0,False,LOW,0,0,,,,False,LOW,0,0,True,,LOW,0,,,True,,LOW,0,,,False,LOW,0,0,False,LOW,0,0,False,LOW,0,0,True,,LOW,0,,,True,,LOW,0,,,False,MEDIUM,5,4.8,False,HIGH,40,40,False,HIGH,40,40,False,0.275,HIGH,40,0.2877915276354624,0.2877915276354624,False,0.075,HIGH,40,0.08113029084890044,0.08113029084890044,False,HIGH,40,3,3344,True,,LOW,0,,,True,,LOW,0,,,False,LOW,0,0,False,LOW,0,0,False,LOW,0,0
True,LOW,0,,True,LOW,0,,True,LOW,0,,True,LOW,0,,True,LOW,0,,True,LOW,0,,True,LOW,0,,False,,,تروبرد,False,LOW,0,0,True,,LOW,0,,,True,,LOW,0,,,True,LOW,0,,True,LOW,0,,True,LOW,0,,False,LOW,0,0,False,LOW,0,0,True,,LOW,0,,,True,,LOW,0,,,False,LOW,0,0,False,LOW,0,0,True,,LOW,0,,,True,,LOW,0,,,True,LOW,0,,True,LOW,0,,False,LOW,0,0,False,,,15,MEDIUM,OK,OK,HIGH,OK,MISSING_FINISH,OK,False,True,LOW,0,,3340,True,LOW,0,,False,LOW,0,0,True,,LOW,0,,,True,,LOW,0,,,False,,,تروبرد,False,,,group3,1995-12-01,False,,,1650,618,False,,,گنبدکاووس,False,LOW,0,0,218741,TRAIN,False,LOW,0,0,False,LOW,0,0,False,LOW,0,0,,,,False,LOW,0,0,True,,LOW,0,,,True,,LOW,0,,,False,LOW,0,0,False,LOW,0,0,False,LOW,0,0,True,,LOW,0,,,True,,LOW,0,,,False,MEDIUM-LOW,4,4.25,False,MEDIUM,6,6,False,MEDIUM,6,6,False,0.3333333333333333,MEDIUM,6,0.3591471585087097,0.3591471585087097,False,0.3333333333333333,MEDIUM,6,0.24098755347277453,0.24098755347277453,False,MEDIUM,6,2,3345,True,,LOW,0,,,True,,LOW,0,,,False,LOW,0,0,False,LOW,0,0,False,LOW,0,0
True,LOW,0,,True,LOW,0,,False,LOW,1,7.0,False,LOW,1,7.0,False,LOW,1,7.0,True,LOW,0,,True,LOW,0,,False,,,تروبرد,False,LOW,1,1,False,0.0,LOW,1,0.32510312393263446,0.32510312393263446,False,0.0,LOW,1,0.10847718136675337,0.10847718136675337,False,LOW,1,7.0,False,LOW,1,7,False,LOW,1,7.0,False,LOW,1,0,False,LOW,1,1,False,0.0,LOW,1,0.32510312393263446,0.32510312393263446,False,0.0,LOW,1,0.10847718136675337,0.10847718136675337,False,LOW,1,0,False,LOW,0,0,True,,LOW,0,,,True,,LOW,0,,,False,LOW,1,217,False,LOW,1,150.0,False,LOW,0,0,False,,,15,MEDIUM,OK,OK,HIGH,OK,OK,OK,False,True,LOW,0,,3341,False,LOW,1,7,False,LOW,1,1,True,,LOW,1,,,True,,LOW,1,,,False,,,تروبرد,False,,,group3,1995-12-01,False,,,1650,618,False,,,گنبدکاووس,False,LOW,1,1,218742,TRAIN,False,LOW,1,1,False,LOW,0,0,False,LOW,0,0,5,0,0,False,LOW,1,0,False,0.0,LOW,1,0.32510312393263446,0.32510312393263446,True,,LOW,0,,,False,LOW,0,0,False,LOW,0,0,False,LOW,1,1,False,0.0,LOW,1,0.32510312393263446,0.32510312393263446,False,0.0,LOW,1,0.10847718136675337,0.10847718136675337,False,MEDIUM-LOW,4,4.0,False,HIGH,11,11,False,HIGH,11,11,False,0.36363636363636365,HIGH,11,0.3719136714747379,0.3719136714747379,False,0.18181818181818182,HIGH,11,0.1656789430125325,0.1656789430125325,False,HIGH,11,2,3346,False,0.0,LOW,1,0.10847718136675337,0.10847718136675337,True,,LOW,0,,,False,LOW,1,0,False,LOW,0,0,False,LOW,0,0
True,LOW,0,,True,LOW,0,,True,LOW,0,,False,LOW,1,6.0,False,LOW,1,6.0,True,LOW,0,,True,LOW,0,,False,,,تروبرد,False,LOW,1,1,False,0.0,LOW,1,0.32510312393263446,0.32510312393263446,False,0.0,LOW,1,0.10847718136675337,0.10847718136675337,False,LOW,1,6.0,False,LOW,1,6,False,LOW,1,6.0,False,LOW,1,0,False,LOW,1,1,False,0.0,LOW,1,0.32510312393263446,0.32510312393263446,False,0.0,LOW,1,0.10847718136675337,0.10847718136675337,False,LOW,1,0,False,LOW,0,0,True,,LOW,0,,,True,,LOW,0,,,False,LOW,1,49,False,LOW,1,50.0,False,LOW,0,0,False,,,15,MEDIUM,OK,OK,HIGH,OK,OK,MISSING,False,True,LOW,0,,3342,False,LOW,1,6,False,LOW,1,1,True,,LOW,1,,,True,,LOW,1,,,False,,,تروبرد,False,,,group3,1995-12-01,False,,,1650,618,False,,,گنبدکاووس,False,LOW,1,1,218743,TRAIN,False,LOW,0,0,False,LOW,0,0,False,LOW,0,0,7,0,0,False,LOW,0,0,False,0.0,LOW,1,0.32510312393263446,0.32510312393263446,True,,LOW,0,,,False,LOW,0,0,False,LOW,0,0,False,LOW,0,0,True,,LOW,0,,,True,,LOW,0,,,True,LOW,0,,True,LOW,0,,True,LOW,0,,True,,LOW,0,,,True,,LOW,0,,,True,LOW,0,,3347,False,0.0,LOW,1,0.10847718136675337,0.10847718136675337,True,,LOW,0,,,False,LOW,0,0,False,LOW,0,0,False,LOW,0,0
True,LOW,0,,True,LOW,0,,False,LOW,1,7.0,False,LOW,2,6.0,False,LOW,2,6.0,True,LOW,0,,True,LOW,0,,False,,,تروبرد,False,LOW,2,2,False,0.0,LOW,2,0.27865982051368665,0.27865982051368665,False,0.0,LOW,2,0.09298044117150288,0.09298044117150288,False,LOW,2,6.0,False,LOW,2,5,False,LOW,2,6.0,False,LOW,2,0,False,LOW,2,2,False,0.0,LOW,2,0.27865982051368665,0.27865982051368665,False,0.0,LOW,2,0.09298044117150288,0.09298044117150288,False,LOW,2,0,False,LOW,0,0,True,,LOW,0,,,True,,LOW,0,,,False,LOW,1,49,False,LOW,2,350.0,False,LOW,0,0,False,,,15,MEDIUM,OK,OK,HIGH,OK,OK,OK,False,False,LOW,2,2.0,3343,False,LOW,1,5,False,LOW,0,0,True,,LOW,0,,,True,,LOW,0,,,False,,,تروبرد,False,,,group3,1995-12-01,False,,,1650,618,False,,,گنبدکاووس,False,LOW,2,2,218744,TRAIN,False,LOW,1,1,False,LOW,0,0,False,LOW,0,0,1,1,1,False,LOW,1,0,False,0.0,LOW,2,0.27865982051368665,0.27865982051368665,True,,LOW,0,,,False,LOW,0,0,False,LOW,0,0,False,LOW,1,1,False,0.0,LOW,1,0.32510312393263446,0.32510312393263446,False,0.0,LOW,1,0.10847718136675337,0.10847718136675337,False,LOW,1,3.0,False,LOW,2,2,False,LOW,2,2,False,0.5,LOW,2,0.4215169633708295,0.4215169633708295,False,0.0,LOW,2,0.09298044117150288,0.09298044117150288,False,LOW,2,0,3348,False,0.0,LOW,2,0.09298044117150288,0.09298044117150288,True,,LOW,0,,,False,LOW,1,0,False,LOW,0,0,False,LOW,0,0
True,LOW,0,,True,LOW,0,,True,LOW,0,,True,LOW,0,,True,LOW,0,,True,LOW,0,,True,LOW,0,,False,,,تروبرد,False,LOW,0,0,True,,LOW,0,,,True,,LOW,0,,,True,LOW,0,,True,LOW,0,,True,LOW,0,,False,LOW,0,0,False,LOW,0,0,True,,LOW,0,,,True,,LOW,0,,,False,LOW,0,0,False,LOW,0,0,True,,LOW,0,,,True,,LOW,0,,,True,LOW,0,,True,LOW,0,,False,LOW,0,0,False,,,15,MEDIUM,OK,OK,HIGH,OK,OK,OK,False,True,LOW,0,,3344,True,LOW,0,,False,LOW,0,0,True,,LOW,0,,,True,,LOW,0,,,False,,,تروبرد,False,,,group3,1995-12-01,False,,,1650,618,False,,,گنبدکاووس,False,LOW,0,0,218745,TRAIN,False,LOW,0,0,False,LOW,0,0,False,LOW,0,0,8,0,0,False,LOW,0,0,True,,LOW,0,,,True,,LOW,0,,,False,LOW,0,0,False,LOW,0,0,False,LOW,0,0,True,,LOW,0,,,True,,LOW,0,,,False,MEDIUM-LOW,3,3.6666666666666665,False,MEDIUM-LOW,3,3,False,MEDIUM-LOW,3,3,False,0.3333333333333333,MEDIUM-LOW,3,0.36882734294947583,0.36882734294947583,False,0.0,MEDIUM-LOW,3,0.08135788602506502,0.08135788602506502,False,MEDIUM-LOW,3,0,3349,True,,LOW,0,,,True,,LOW,0,,,False,LOW,0,0,False,LOW,0,0,False,LOW,0,0
True,LOW,0,,True,LOW,0,,False,LOW,1,7.0,False,LOW,2,5.5,False,LOW,2,5.5,False,LOW,1,7.0,True,LOW,0,,False,,,تروبرد,False,LOW,2,2,False,0.0,LOW,2,0.27865982051368665,0.27865982051368665,False,0.0,LOW,2,0.09298044117150288,0.09298044117150288,False,LOW,2,5.5,False,LOW,2,4,False,LOW,2,5.5,False,LOW,2,0,False,LOW,2,2,False,0.0,LOW,2,0.27865982051368665,0.27865982051368665,False,0.0,LOW,2,0.09298044117150288,0.09298044117150288,False,LOW,2,0,False,LOW,1,1,False,0.0,LOW,1,0.32510312393263446,0.32510312393263446,False,0.0,LOW,1,0.10847718136675337,0.10847718136675337,False,LOW,1,49,False,LOW,2,100.0,False,LOW,0,0,False,,,15,MEDIUM,OK,OK,HIGH,OK,OK,OK,False,False,LOW,2,3.0,3345,False,LOW,1,4,False,LOW,1,1,True,,LOW,1,,,True,,LOW,1,,,False,,,تروبرد,False,,,group3,1995-12-01,False,,,1650,618,False,,,گنبدکاووس,False,LOW,2,2,218746,TRAIN,False,LOW,1,1,False,LOW,1,1,False,LOW,0,0,12,0,0,False,LOW,1,0,False,0.0,LOW,2,0.27865982051368665,0.27865982051368665,True,,LOW,0,,,False,LOW,1,0,False,LOW,0,0,False,LOW,1,1,False,0.0,LOW,1,0.32510312393263446,0.32510312393263446,False,0.0,LOW,1,0.10847718136675337,0.10847718136675337,False,MEDIUM-LOW,4,4.75,False,MEDIUM,7,7,False,MEDIUM,7,7,False,0.42857142857142855,MEDIUM,7,0.4125515619663172,0.4125515619663172,False,0.0,MEDIUM,7,0.054238590683376685,0.054238590683376685,False,MEDIUM,7,0,3350,False,0.0,LOW,2,0.09298044117150288,0.09298044117150288,True,,LOW,0,,,False,LOW,1,0,False,LOW,1,0,False,LOW,0,0
True,LOW,0,,True,LOW,0,,True,LOW,0,,True,LOW,0,,True,LOW,0,,True,LOW,0,,True,LOW,0,,False,,,تروبرد,False,LOW,0,0,True,,LOW,0,,,True,,LOW,0,,,True,LOW,0,,True,LOW,0,,True,LOW,0,,False,LOW,0,0,False,LOW,0,0,True,,LOW,0,,,True,,LOW,0,,,False,LOW,0,0,False,LOW,0,0,True,,LOW,0,,,True,,LOW,0,,,True,LOW,0,,True,LOW,0,,False,LOW,0,0,False,,,15,MEDIUM,OK,OK,HIGH,OK,OK,OK,False,True,LOW,0,,3346,True,LOW,0,,False,LOW,0,0,True,,LOW,0,,,True,,LOW,0,,,False,,,تروبرد,False,,,group3,1995-12-01,False,,,1650,618,False,,,گنبدکاووس,False,LOW,0,0,218747,TRAIN,False,LOW,0,0,False,LOW,0,0,False,LOW,0,0,4,0,0,False,LOW,0,0,True,,LOW,0,,,True,,LOW,0,,,False,LOW,0,0,False,LOW,0,0,False,LOW,0,0,True,,LOW,0,,,True,,LOW,0,,,False,MEDIUM-LOW,4,4.75,False,HIGH,12,12,False,HIGH,12,12,False,0.3333333333333333,HIGH,12,0.3500363966821063,0.3500363966821063,False,0.16666666666666666,HIGH,12,0.1559331228353247,0.1559331228353247,False,HIGH,12,2,3351,True,,LOW,0,,,True,,LOW,0,,,False,LOW,0,0,False,LOW,0,0,False,LOW,0,0
True,LOW,0,,True,LOW,0,,False,LOW,1,3.0,False,LOW,1,3.0,False,LOW,1,3.0,True,LOW,0,,True,LOW,0,,False,,,تروبرد,False,LOW,2,2,False,0.5,LOW,2,0.4215169633708295,0.4215169633708295,False,0.0,LOW,2,0.09298044117150288,0.09298044117150288,False,LOW,1,3.0,False,LOW,1,3,False,LOW,1,3.0,False,LOW,2,1,False,LOW,2,2,False,0.5,LOW,2,0.4215169633708295,0.4215169633708295,False,0.0,LOW,2,0.09298044117150288,0.09298044117150288,False,LOW,2,0,False,LOW,0,0,True,,LOW,0,,,True,,LOW,0,,,False,LOW,1,49,False,LOW,2,150.0,False,LOW,0,0,False,,,15,MEDIUM,OK,OK,HIGH,OK,OK,OK,False,True,LOW,0,,3347,True,LOW,0,,False,LOW,1,1,True,,LOW,1,,,True,,LOW,1,,,False,,,تروبرد,False,,,group3,1995-12-01,False,,,1650,618,False,,,گنبدکاووس,False,LOW,2,2,218748,TRAIN,False,LOW,1,1,False,LOW,0,0,False,LOW,0,0,6,0,0,False,LOW,1,1,False,0.5,LOW,2,0.4215169633708295,0.4215169633708295,True,,LOW,0,,,False,LOW,0,0,False,LOW,0,0,False,LOW,1,1,False,1.0,LOW,1,0.4917697905993011,0.4917697905993011,False,0.0,LOW,1,0.10847718136675337,0.10847718136675337,True,LOW,0,,False,HIGH,11,11,False,HIGH,11,11,False,0.09090909090909091,HIGH,11,0.18441367147473792,0.18441367147473792,False,0.0,HIGH,11,0.04067894301253251,0.04067894301253251,False,HIGH,11,0,3352,False,0.0,LOW,2,0.09298044117150288,0.09298044117150288,True,,LOW,0,,,False,LOW,1,0,False,LOW,0,0,False,LOW,0,0
True,LOW,0,,True,LOW,0,,False,LOW,1,10.0,False,LOW,1,10.0,False,LOW,1,10.0,False,LOW,1,10.0,True,LOW,0,,False,,,تروبرد,False,LOW,1,1,False,0.0,LOW,1,0.32510312393263446,0.32510312393263446,False,0.0,LOW,1,0.10847718136675337,0.10847718136675337,False,LOW,1,10.0,False,LOW,1,10,False,LOW,1,10.0,False,LOW,1,0,False,LOW,1,1,False,0.0,LOW,1,0.32510312393263446,0.32510312393263446,False,0.0,LOW,1,0.10847718136675337,0.10847718136675337,False,LOW,1,0,False,LOW,1,1,False,0.0,LOW,1,0.32510312393263446,0.32510312393263446,False,0.0,LOW,1,0.10847718136675337,0.10847718136675337,False,LOW,1,217,False,LOW,1,150.0,False,LOW,0,0,False,,,15,MEDIUM,OK,OK,HIGH,OK,OK,OK,False,True,LOW,0,,3348,False,LOW,1,10,False,LOW,0,0,True,,LOW,0,,,True,,LOW,0,,,False,,,تروبرد,False,,,group3,1995-12-01,False,,,1650,618,False,,,گنبدکاووس,False,LOW,1,1,218749,TRAIN,False,LOW,1,1,False,LOW,1,1,False,LOW,0,0,2,1,0,False,LOW,1,0,False,0.0,LOW,1,0.32510312393263446,0.32510312393263446,True,,LOW,0,,,False,LOW,1,0,False,LOW,0,0,False,LOW,1,1,False,0.0,LOW,1,0.32510312393263446,0.32510312393263446,False,0.0,LOW,1,0.10847718136675337,0.10847718136675337,False,MEDIUM-LOW,3,3.0,False,HIGH,22,22,False,HIGH,22,22,False,0.22727272727272727,HIGH,22,0.25743032383688175,0.25743032383688175,False,0.13636363636363635,HIGH,22,0.13521715141483406,0.13521715141483406,False,HIGH,22,3,3353,False,0.0,LOW,1,0.10847718136675337,0.10847718136675337,True,,LOW,0,,,False,LOW,1,0,False,LOW,1,0,False,LOW,0,0
True,LOW,0,,True,LOW,0,,True,LOW,0,,False,LOW,1,1.0,False,LOW,1,1.0,True,LOW,0,,True,LOW,0,,False,,,تروبرد,False,LOW,1,1,False,1.0,LOW,1,0.4917697905993011,0.4917697905993011,False,1.0,LOW,1,0.27514384803342,0.27514384803342,False,LOW,1,1.0,False,LOW,1,1,False,LOW,1,1.0,False,LOW,1,1,False,LOW,1,1,False,1.0,LOW,1,0.4917697905993011,0.4917697905993011,False,1.0,LOW,1,0.27514384803342,0.27514384803342,False,LOW,1,1,False,LOW,0,0,True,,LOW,0,,,True,,LOW,0,,,False,LOW,1,49,False,LOW,1,50.0,False,LOW,0,0,False,,,15,MEDIUM,OK,OK,HIGH,OK,OK,OK,False,True,LOW,0,,3349,False,LOW,1,1,False,LOW,0,0,True,,LOW,0,,,True,,LOW,0,,,False,,,تروبرد,False,,,group3,1995-12-01,False,,,1650,618,False,,,گنبدکاووس,False,LOW,1,1,218750,TRAIN,False,LOW,0,0,False,LOW,0,0,False,LOW,0,0,9,0,0,False,LOW,0,0,False,1.0,LOW,1,0.4917697905993011,0.4917697905993011,True,,LOW,0,,,False,LOW,0,0,False,LOW,0,0,False,LOW,0,0,True,,LOW,0,,,True,,LOW,0,,,False,MEDIUM,5,6.8,False,HIGH,21,21,False,HIGH,21,21,False,0.19047619047619047,HIGH,21,0.2288699516767618,0.2288699516767618,False,0.0,HIGH,21,0.02503319570002001,0.02503319570002001,False,HIGH,21,0,3354,False,1.0,LOW,1,0.27514384803342,0.27514384803342,True,,LOW,0,,,False,LOW,0,0,False,LOW,0,0,False,LOW,0,0
True,LOW,0,,True,LOW,0,,False,LOW,1,8.0,False,LOW,1,8.0,False,LOW,1,8.0,False,LOW,1,8.0,True,LOW,0,,False,,,تروبرد,False,LOW,1,1,False,0.0,LOW,1,0.32510312393263446,0.32510312393263446,False,0.0,LOW,1,0.10847718136675337,0.10847718136675337,False,LOW,1,8.0,False,LOW,1,8,False,LOW,1,8.0,False,LOW,1,0,False,LOW,1,1,False,0.0,LOW,1,0.32510312393263446,0.32510312393263446,False,0.0,LOW,1,0.10847718136675337,0.10847718136675337,False,LOW,1,0,False,LOW,1,1,False,0.0,LOW,1,0.32510312393263446,0.32510312393263446,False,0.0,LOW,1,0.10847718136675337,0.10847718136675337,False,LOW,1,217,False,LOW,1,150.0,False,LOW,0,0,False,,,15,MEDIUM,OK,OK,HIGH,OK,OK,OK,False,True,LOW,0,,3350,False,LOW,1,8,False,LOW,1,1,True,,LOW,1,,,True,,LOW,1,,,False,,,تروبرد,False,,,group3,1995-12-01,False,,,1650,618,False,,,گنبدکاووس,False,LOW,1,1,218751,TRAIN,False,LOW,1,1,False,LOW,1,1,False,LOW,0,0,10,0,0,False,LOW,1,0,False,0.0,LOW,1,0.32510312393263446,0.32510312393263446,True,,LOW,0,,,False,LOW,1,0,False,LOW,0,0,False,LOW,1,1,False,0.0,LOW,1,0.32510312393263446,0.32510312393263446,False,0.0,LOW,1,0.10847718136675337,0.10847718136675337,False,MEDIUM-LOW,3,5.333333333333333,False,MEDIUM-LOW,3,3,False,MEDIUM-LOW,3,3,False,0.3333333333333333,MEDIUM-LOW,3,0.36882734294947583,0.36882734294947583,False,0.3333333333333333,MEDIUM-LOW,3,0.20635788602506502,0.20635788602506502,False,MEDIUM-LOW,3,1,3355,False,0.0,LOW,1,0.10847718136675337,0.10847718136675337,True,,LOW,0,,,False,LOW,1,0,False,LOW,1,0,False,LOW,0,0
True,LOW,0,,True,LOW,0,,False,LOW,2,3.5,False,LOW,2,3.5,False,LOW,2,3.5,False,LOW,1,5.0,True,LOW,0,,False,,,تروبرد,False,LOW,2,2,False,0.5,LOW,2,0.4215169633708295,0.4215169633708295,False,0.0,LOW,2,0.09298044117150288,0.09298044117150288,False,LOW,2,3.5,False,LOW,2,2,False,LOW,2,3.5,False,LOW,2,1,False,LOW,2,2,False,0.5,LOW,2,0.4215169633708295,0.4215169633708295,False,0.0,LOW,2,0.09298044117150288,0.09298044117150288,False,LOW,2,0,False,LOW,1,1,False,0.0,LOW,1,0.32510312393263446,0.32510312393263446,False,0.0,LOW,1,0.10847718136675337,0.10847718136675337,False,LOW,1,217,False,LOW,2,150.0,False,LOW,0,0,False,,,15,MEDIUM,OK,OK,HIGH,OK,OK,OK,False,False,LOW,2,-3.0,3351,False,LOW,1,5,False,LOW,0,0,True,,LOW,0,,,True,,LOW,0,,,False,,,تروبرد,False,,,group3,1995-12-01,False,,,1650,618,False,,,گنبدکاووس,False,LOW,2,2,218752,TRAIN,False,LOW,2,2,False,LOW,1,1,False,LOW,0,0,3,1,0,False,LOW,2,1,False,0.5,LOW,2,0.4215169633708295,0.4215169633708295,True,,LOW,0,,,False,LOW,1,0,False,LOW,0,0,False,LOW,2,2,False,0.5,LOW,2,0.4215169633708295,0.4215169633708295,False,0.0,LOW,2,0.09298044117150288,0.09298044117150288,False,MEDIUM-LOW,4,4.5,False,MEDIUM,5,5,False,MEDIUM,5,5,False,0.4,MEDIUM,5,0.3950618743595807,0.3950618743595807,False,0.4,MEDIUM,5,0.265086308820052,0.265086308820052,False,MEDIUM,5,2,3356,False,0.0,LOW,2,0.09298044117150288,0.09298044117150288,True,,LOW,0,,,False,LOW,2,0,False,LOW,1,0,False,LOW,0,0
True,LOW,0,,True,LOW,0,,True,LOW,0,,True,LOW,0,,True,LOW,0,,True,LOW,0,,True,LOW,0,,False,,,تروبرد,False,LOW,2,2,False,0.0,LOW,2,0.27865982051368665,0.27865982051368665,False,0.0,LOW,2,0.09298044117150288,0.09298044117150288,True,LOW,0,,True,LOW,0,,True,LOW,0,,False,LOW,2,0,False,LOW,2,2,False,0.0,LOW,2,0.27865982051368665,0.27865982051368665,False,0.0,LOW,2,0.09298044117150288,0.09298044117150288,False,LOW,2,0,False,LOW,0,0,True,,LOW,0,,,True,,LOW,0,,,False,LOW,1,49,False,LOW,2,150.0,False,LOW,0,0,False,,,15,MEDIUM,OK,OK,HIGH,OK,OK,OK,False,True,LOW,0,,3352,True,LOW,0,,False,LOW,2,2,True,,LOW,2,,,True,,LOW,2,,,False,,,تروبرد,False,,,group3,1995-12-01,False,,,1650,618,False,,,گنبدکاووس,False,LOW,2,2,218753,TRAIN,False,LOW,1,1,False,LOW,0,0,False,LOW,0,0,11,0,0,False,LOW,1,0,True,,LOW,0,,,True,,LOW,0,,,False,LOW,0,0,False,LOW,0,0,False,LOW,1,1,False,0.0,LOW,1,0.32510312393263446,0.32510312393263446,False,0.0,LOW,1,0.10847718136675337,0.10847718136675337,False,MEDIUM-LOW,3,2.3333333333333335,False,HIGH,19,19,False,HIGH,19,19,False,0.21052631578947367,HIGH,19,0.2479424476498253,0.2479424476498253,False,0.0,HIGH,19,0.027119295341688342,0.027119295341688342,False,HIGH,19,0,3357,True,,LOW,0,,,True,,LOW,0,,,False,LOW,1,0,False,LOW,0,0,False,LOW,0,0
True,LOW,0,,False,,,50.0,False,LOW,1,1.0,False,LOW,1,1.0,False,LOW,1,1.0,True,LOW,0,,True,LOW,0,,False,,,تروبرد,False,LOW,1,1,False,1.0,LOW,1,0.4917697905993011,0.4917697905993011,False,1.0,LOW,1,0.27514384803342,0.27514384803342,False,LOW,1,1.0,False,LOW,1,1,False,LOW,1,1.0,False,LOW,1,1,False,LOW,1,1,False,1.0,LOW,1,0.4917697905993011,0.4917697905993011,False,1.0,LOW,1,0.27514384803342,0.27514384803342,False,LOW,1,1,False,LOW,0,0,True,,LOW,0,,,True,,LOW,0,,,False,LOW,1,231,False,LOW,1,150.0,False,LOW,0,0,False,,,11,MEDIUM,OK,OK,HIGH,OK,OK,OK,False,True,LOW,0,,3353,False,LOW,1,1,False,LOW,0,0,True,,LOW,0,,,True,,LOW,0,,,False,,,تروبرد,False,,,group1,1995-12-01,False,,,1650,619,False,,,گنبدکاووس,False,LOW,1,1,218754,TRAIN,False,LOW,1,1,False,LOW,0,0,False,LOW,0,0,9,0,0,False,LOW,1,1,False,1.0,LOW,1,0.4917697905993011,0.4917697905993011,True,,LOW,0,,,False,LOW,0,0,False,LOW,0,0,False,LOW,1,1,False,1.0,LOW,1,0.4917697905993011,0.4917697905993011,False,1.0,LOW,1,0.27514384803342,0.27514384803342,False,LOW,1,1.0,False,LOW,1,1,False,LOW,1,1,False,1.0,LOW,1,0.4917697905993011,0.4917697905993011,False,1.0,LOW,1,0.27514384803342,0.27514384803342,False,LOW,1,1,3358,False,1.0,LOW,1,0.27514384803342,0.27514384803342,True,,LOW,0,,,False,LOW,1,1,False,LOW,0,0,False,LOW,0,0
True,LOW,0,,False,,,57.0,True,LOW,0,,True,LOW,0,,True,LOW,0,,True,LOW,0,,True,LOW,0,,False,,,تروبرد,False,LOW,0,0,True,,LOW,0,,,True,,LOW,0,,,True,LOW,0,,True,LOW,0,,True,LOW,0,,False,LOW,0,0,False,LOW,0,0,True,,LOW,0,,,True,,LOW,0,,,False,LOW,0,0,False,LOW,0,0,True,,LOW,0,,,True,,LOW,0,,,True,LOW,0,,True,LOW,0,,False,LOW,0,0,False,,,11,MEDIUM,OK,OK,HIGH,OK,OK,OK,False,True,LOW,0,,3354,True,LOW,0,,False,LOW,0,0,True,,LOW,0,,,True,,LOW,0,,,False,,,تروبرد,False,,,group1,1995-12-01,False,,,1650,619,False,,,گنبدکاووس,False,LOW,0,0,218755,TRAIN,False,LOW,0,0,False,LOW,0,0,False,LOW,0,0,11,0,0,False,LOW,0,0,True,,LOW,0,,,True,,LOW,0,,,False,LOW,0,0,False,LOW,0,0,False,LOW,0,0,True,,LOW,0,,,True,,LOW,0,,,False,MEDIUM-LOW,3,3.3333333333333335,False,HIGH,23,23,False,HIGH,23,23,False,0.2608695652173913,HIGH,23,0.28395066941413594,0.28395066941413594,False,0.13043478260869565,HIGH,23,0.13038796743573286,0.13038796743573286,False,HIGH,23,3,3359,True,,LOW,0,,,True,,LOW,0,,,False,LOW,0,0,False,LOW,0,0,False,LOW,0,0
True,LOW,0,,False,,,48.0,False,LOW,1,11.0,False,LOW,2,6.0,False,LOW,2,6.0,True,LOW,0,,True,LOW,0,,False,,,تروبرد,False,LOW,2,2,False,0.5,LOW,2,0.4215169633708295,0.4215169633708295,False,0.5,LOW,2,0.23583758402864574,0.23583758402864574,False,LOW,2,6.0,False,LOW,2,1,False,LOW,2,6.0,False,LOW,2,1,False,LOW,2,2,False,0.5,LOW,2,0.4215169633708295,0.4215169633708295,False,0.5,LOW,2,0.23583758402864574,0.23583758402864574,False,LOW,2,1,False,LOW,0,0,True,,LOW,0,,,True,,LOW,0,,,False,LOW,1,49,False,LOW,2,900.0,False,LOW,0,0,False,,,11,MEDIUM,OK,OK,HIGH,OK,OK,OK,False,False,LOW,2,10.0,3355,False,LOW,1,1,False,LOW,1,1,True,,LOW,1,,,True,,LOW,1,,,False,,,تروبرد,False,,,group1,1995-12-01,False,,,1650,619,False,,,گنبدکاووس,False,LOW,2,2,218756,TRAIN,False,LOW,1,1,False,LOW,0,0,False,LOW,0,0,2,1,0,False,LOW,1,0,False,0.5,LOW,2,0.4215169633708295,0.4215169633708295,True,,LOW,0,,,False,LOW,0,0,False,LOW,0,0,False,LOW,1,1,False,0.0,LOW,1,0.32510312393263446,0.32510312393263446,False,0.0,LOW,1,0.10847718136675337,0.10847718136675337,False,MEDIUM-LOW,4,4.5,False,MEDIUM,6,6,False,MEDIUM,6,6,False,0.3333333333333333,MEDIUM,6,0.3591471585087097,0.3591471585087097,False,0.16666666666666666,MEDIUM,6,0.15007846256368365,0.15007846256368365,False,MEDIUM,6,1,3360,False,0.5,LOW,2,0.23583758402864574,0.23583758402864574,True,,LOW,0,,,False,LOW,1,0,False,LOW,0,0,False,LOW,0,0
True,LOW,0,,False,,,54.0,True,LOW,0,,True,LOW,0,,True,LOW,0,,True,LOW,0,,True,LOW,0,,False,,,تروبرد,False,LOW,0,0,True,,LOW,0,,,True,,LOW,0,,,True,LOW,0,,True,LOW,0,,True,LOW,0,,False,LOW,0,0,False,LOW,0,0,True,,LOW,0,,,True,,LOW,0,,,False,LOW,0,0,False,LOW,0,0,True,,LOW,0,,,True,,LOW,0,,,True,LOW,0,,True,LOW,0,,False,LOW,0,0,False,,,11,MEDIUM,OK,OK,HIGH,OK,OK,OK,False,True,LOW,0,,3356,True,LOW,0,,False,LOW,0,0,True,,LOW,0,,,True,,LOW,0,,,False,,,تروبرد,False,,,group1,1995-12-01,False,,,1650,619,False,,,گنبدکاووس,False,LOW,0,0,218757,TRAIN,False,LOW,0,0,False,LOW,0,0,False,LOW,0,0,4,0,0,False,LOW,0,0,True,,LOW,0,,,True,,LOW,0,,,False,LOW,0,0,False,LOW,0,0,False,LOW,0,0,True,,LOW,0,,,True,,LOW,0,,,False,LOW,2,5.0,False,LOW,2,2,False,LOW,2,2,False,0.5,LOW,2,0.4215169633708295,0.4215169633708295,False,0.5,LOW,2,0.23583758402864574,0.23583758402864574,False,LOW,2,1,3361,True,,LOW,0,,,True,,LOW,0,,,False,LOW,0,0,False,LOW,0,0,False,LOW,0,0
True,LOW,0,,False,,,56.0,True,LOW,0,,False,LOW,1,3.0,False,LOW,1,3.0,True,LOW,0,,True,LOW,0,,False,,,تروبرد,False,LOW,1,1,False,1.0,LOW,1,0.4917697905993011,0.4917697905993011,False,0.0,LOW,1,0.10847718136675337,0.10847718136675337,False,LOW,1,3.0,False,LOW,1,3,False,LOW,1,3.0,False,LOW,1,1,False,LOW,1,1,False,1.0,LOW,1,0.4917697905993011,0.4917697905993011,False,0.0,LOW,1,0.10847718136675337,0.10847718136675337,False,LOW,1,0,False,LOW,0,0,True,,LOW,0,,,True,,LOW,0,,,False,LOW,1,49,False,LOW,1,50.0,False,LOW,0,0,False,,,11,MEDIUM,OK,OK,HIGH,OK,OK,OK,False,True,LOW,0,,3357,False,LOW,1,3,False,LOW,0,0,True,,LOW,0,,,True,,LOW,0,,,False,,,تروبرد,False,,,group1,1995-12-01,False,,,1650,619,False,,,گنبدکاووس,False,LOW,1,1,218758,TRAIN,False,LOW,0,0,False,LOW,0,0,False,LOW,0,0,5,0,0,False,LOW,0,0,False,1.0,LOW,1,0.4917697905993011,0.4917697905993011,True,,LOW,0,,,False,LOW,0,0,False,LOW,0,0,False,LOW,0,0,True,,LOW,0,,,True,,LOW,0,,,False,LOW,1,4.0,False,LOW,1,1,False,LOW,1,1,False,0.0,LOW,1,0.32510312393263446,0.32510312393263446,False,0.0,LOW,1,0.10847718136675337,0.10847718136675337,False,LOW,1,0,3362,False,0.0,LOW,1,0.10847718136675337,0.10847718136675337,True,,LOW,0,,,False,LOW,0,0,False,LOW,0,0,False,LOW,0,0
True,LOW,0,,False,,,48.0,False,LOW,1,4.0,False,LOW,1,4.0,False,LOW,1,4.0,True,LOW,0,,True,LOW,0,,False,,,تروبرد,False,LOW,1,1,False,0.0,LOW,1,0.32510312393263446,0.32510312393263446,False,0.0,LOW,1,0.10847718136675337,0.10847718136675337,False,LOW,1,4.0,False,LOW,1,4,False,LOW,1,4.0,False,LOW,1,0,False,LOW,1,1,False,0.0,LOW,1,0.32510312393263446,0.32510312393263446,False,0.0,LOW,1,0.10847718136675337,0.10847718136675337,False,LOW,1,0,False,LOW,0,0,True,,LOW,0,,,True,,LOW,0,,,False,LOW,1,217,False,LOW,1,150.0,False,LOW,0,0,False,,,11,MEDIUM,OK,OK,HIGH,OK,OK,OK,False,True,LOW,0,,3358,False,LOW,1,4,False,LOW,0,0,True,,LOW,0,,,True,,LOW,0,,,False,,,تروبرد,False,,,group1,1995-12-01,False,,,1650,619,False,,,گنبدکاووس,False,LOW,1,1,218759,TRAIN,False,LOW,1,1,False,LOW,0,0,False,LOW,0,0,10,0,0,False,LOW,1,0,False,0.0,LOW,1,0.32510312393263446,0.32510312393263446,True,,LOW,0,,,False,LOW,0,0,False,LOW,0,0,False,LOW,1,1,False,0.0,LOW,1,0.32510312393263446,0.32510312393263446,False,0.0,LOW,1,0.10847718136675337,0.10847718136675337,False,MEDIUM,5,4.0,False,MEDIUM,7,7,False,MEDIUM,7,7,False,0.42857142857142855,MEDIUM,7,0.4125515619663172,0.4125515619663172,False,0.14285714285714285,MEDIUM,7,0.13757192401671,0.13757192401671,False,MEDIUM,7,1,3363,False,0.0,LOW,1,0.10847718136675337,0.10847718136675337,True,,LOW,0,,,False,LOW,1,0,False,LOW,0,0,False,LOW,0,0
True,LOW,0,,False,,,48.0,False,LOW,1,3.0,False,LOW,2,2.5,False,LOW,2,2.5,True,LOW,0,,True,LOW,0,,False,,,تروبرد,False,MEDIUM-LOW,3,3,False,0.6666666666666666,MEDIUM-LOW,3,0.49382734294947583,0.49382734294947583,False,0.0,MEDIUM-LOW,3,0.08135788602506502,0.08135788602506502,False,LOW,2,2.5,False,LOW,2,2,False,LOW,2,2.5,False,MEDIUM-LOW,3,2,False,MEDIUM-LOW,3,3,False,0.6666666666666666,MEDIUM-LOW,3,0.49382734294947583,0.49382734294947583,False,0.0,MEDIUM-LOW,3,0.08135788602506502,0.08135788602506502,False,MEDIUM-LOW,3,0,False,LOW,0,0,True,,LOW,0,,,True,,LOW,0,,,False,LOW,1,49,False,MEDIUM-LOW,3,283.3333333333333,False,LOW,0,0,False,,,11,MEDIUM,OK,OK,HIGH,OK,OK,OK,False,False,LOW,2,1.0,3359,False,LOW,1,2,False,MEDIUM-LOW,3,3,True,,LOW,3,,,True,,LOW,3,,,False,,,تروبرد,False,,,group1,1995-12-01,False,,,1650,619,False,,,گنبدکاووس,False,MEDIUM-LOW,3,3,218760,TRAIN,False,LOW,2,2,False,LOW,0,0,False,LOW,0,0,8,0,0,False,LOW,2,1,False,0.6666666666666666,MEDIUM-LOW,3,0.49382734294947583,0.49382734294947583,True,,LOW,0,,,False,LOW,0,0,False,LOW,0,0,False,LOW,2,2,False,0.5,LOW,2,0.4215169633708295,0.4215169633708295,False,0.0,LOW,2,0.09298044117150288,0.09298044117150288,False,MEDIUM-LOW,4,4.5,False,HIGH,20,20,False,HIGH,20,20,False,0.2,HIGH,20,0.23802474974383225,0.23802474974383225,False,0.0,HIGH,20,0.026034523528020808,0.026034523528020808,False,HIGH,20,0,3364,False,0.0,MEDIUM-LOW,3,0.08135788602506502,0.08135788602506502,True,,LOW,0,,,False,LOW,2,0,False,LOW,0,0,False,LOW,0,0
True,LOW,0,,False,,,48.0,True,LOW,0,,True,LOW,0,,True,LOW,0,,True,LOW,0,,True,LOW,0,,False,,,تروبرد,False,LOW,0,0,True,,LOW,0,,,True,,LOW,0,,,True,LOW,0,,True,LOW,0,,True,LOW,0,,False,LOW,0,0,False,LOW,0,0,True,,LOW,0,,,True,,LOW,0,,,False,LOW,0,0,False,LOW,0,0,True,,LOW,0,,,True,,LOW,0,,,True,LOW,0,,True,LOW,0,,False,LOW,0,0,False,,,11,MEDIUM,OK,OK,HIGH,OK,OK,OK,False,True,LOW,0,,3360,True,LOW,0,,False,LOW,0,0,True,,LOW,0,,,True,,LOW,0,,,False,,,تروبرد,False,,,group1,1995-12-01,False,,,1650,619,False,,,گنبدکاووس,False,LOW,0,0,218761,TRAIN,False,LOW,0,0,False,LOW,0,0,False,LOW,0,0,3,1,0,False,LOW,0,0,True,,LOW,0,,,True,,LOW,0,,,False,LOW,0,0,False,LOW,0,0,False,LOW,0,0,True,,LOW,0,,,True,,LOW,0,,,False,MEDIUM-LOW,3,4.666666666666667,False,MEDIUM-LOW,3,3,False,MEDIUM-LOW,3,3,False,0.3333333333333333,MEDIUM-LOW,3,0.36882734294947583,0.36882734294947583,False,0.3333333333333333,MEDIUM-LOW,3,0.20635788602506502,0.20635788602506502,False,MEDIUM-LOW,3,1,3365,True,,LOW,0,,,True,,LOW,0,,,False,LOW,0,0,False,LOW,0,0,False,LOW,0,0
True,LOW,0,,False,,,50.5,True,LOW,0,,True,LOW,0,,True,LOW,0,,True,LOW,0,,True,LOW,0,,False,,,تروبرد,False,LOW,0,0,True,,LOW,0,,,True,,LOW,0,,,True,LOW,0,,True,LOW,0,,True,LOW,0,,False,LOW,0,0,False,LOW,0,0,True,,LOW,0,,,True,,LOW,0,,,False,LOW,0,0,False,LOW,0,0,True,,LOW,0,,,True,,LOW,0,,,True,LOW,0,,True,LOW,0,,False,LOW,0,0,False,,,11,MEDIUM,OK,OK,HIGH,OK,OK,OK,False,True,LOW,0,,3361,True,LOW,0,,False,LOW,0,0,True,,LOW,0,,,True,,LOW,0,,,False,,,تروبرد,False,,,group1,1995-12-01,False,,,1650,619,False,,,گنبدکاووس,False,LOW,0,0,218762,TRAIN,False,LOW,0,0,False,LOW,0,0,False,LOW,0,0,6,0,0,False,LOW,0,0,True,,LOW,0,,,True,,LOW,0,,,False,LOW,0,0,False,LOW,0,0,False,LOW,0,0,True,,LOW,0,,,True,,LOW,0,,,False,MEDIUM-LOW,4,4.25,False,MEDIUM,7,7,False,MEDIUM,7,7,False,0.2857142857142857,MEDIUM,7,0.3292182286329839,0.3292182286329839,False,0.2857142857142857,MEDIUM,7,0.22090525735004332,0.22090525735004332,False,MEDIUM,7,2,3366,True,,LOW,0,,,True,,LOW,0,,,False,LOW,0,0,False,LOW,0,0,False,LOW,0,0
True,LOW,0,,False,,,58.0,False,LOW,1,1.0,False,LOW,1,1.0,False,LOW,1,1.0,True,LOW,0,,True,LOW,0,,False,,,تروبرد,False,LOW,1,1,False,1.0,LOW,1,0.4917697905993011,0.4917697905993011,False,1.0,LOW,1,0.27514384803342,0.27514384803342,False,LOW,1,1.0,False,LOW,1,1,False,LOW,1,1.0,False,LOW,1,1,False,LOW,1,1,False,1.0,LOW,1,0.4917697905993011,0.4917697905993011,False,1.0,LOW,1,0.27514384803342,0.27514384803342,False,LOW,1,1,False,LOW,0,0,True,,LOW,0,,,True,,LOW,0,,,False,LOW,1,245,False,LOW,1,650.0,False,LOW,0,0,False,,,11,MEDIUM,OK,OK,HIGH,OK,OK,OK,False,True,LOW,0,,3362,False,LOW,1,1,False,LOW,1,1,True,,LOW,1,,,True,,LOW,1,,,False,,,تروبرد,False,,,group1,1995-12-01,False,,,1650,619,False,,,گنبدکاووس,False,LOW,1,1,218763,TRAIN,False,LOW,1,1,False,LOW,0,0,False,LOW,0,0,1,1,1,False,LOW,1,1,False,1.0,LOW,1,0.4917697905993011,0.4917697905993011,True,,LOW,0,,,False,LOW,0,0,False,LOW,0,0,False,LOW,1,1,False,1.0,LOW,1,0.4917697905993011,0.4917697905993011,False,1.0,LOW,1,0.27514384803342,0.27514384803342,False,MEDIUM-LOW,4,4.75,False,MEDIUM,8,8,False,MEDIUM,8,8,False,0.25,MEDIUM,8,0.30389374950736975,0.30389374950736975,False,0.25,MEDIUM,8,0.20391254524619384,0.20391254524619384,False,MEDIUM,8,2,3367,False,1.0,LOW,1,0.27514384803342,0.27514384803342,True,,LOW,0,,,False,LOW,1,1,False,LOW,0,0,False,LOW,0,0
True,LOW,0,,False,,,48.0,True,LOW,0,,True,LOW,0,,True,LOW,0,,True,LOW,0,,True,LOW,0,,False,,,تروبرد,False,LOW,0,0,True,,LOW,0,,,True,,LOW,0,,,True,LOW,0,,True,LOW,0,,True,LOW,0,,False,LOW,0,0,False,LOW,0,0,True,,LOW,0,,,True,,LOW,0,,,False,LOW,0,0,False,LOW,0,0,True,,LOW,0,,,True,,LOW,0,,,True,LOW,0,,True,LOW,0,,False,LOW,0,0,False,,,11,MEDIUM,OK,OK,HIGH,OK,OK,OK,False,True,LOW,0,,3363,True,LOW,0,,False,LOW,0,0,True,,LOW,0,,,True,,LOW,0,,,False,,,تروبرد,False,,,group1,1995-12-01,False,,,1650,619,False,,,گنبدکاووس,False,LOW,0,0,218764,TRAIN,False,LOW,0,0,False,LOW,0,0,False,LOW,0,0,7,0,0,False,LOW,0,0,True,,LOW,0,,,True,,LOW,0,,,False,LOW,0,0,False,LOW,0,0,False,LOW,0,0,True,,LOW,0,,,True,,LOW,0,,,False,MEDIUM,5,4.2,False,MEDIUM,8,8,False,MEDIUM,8,8,False,0.375,MEDIUM,8,0.3808168264304467,0.3808168264304467,False,0.125,MEDIUM,8,0.12698946832311694,0.12698946832311694,False,MEDIUM,8,1,3368,True,,LOW,0,,,True,,LOW,0,,,False,LOW,0,0,False,LOW,0,0,False,LOW,0,0
True,LOW,0,,False,,,52.5,False,LOW,2,3.5,False,MEDIUM-LOW,3,4.333333333333333,False,MEDIUM-LOW,3,4.333333333333333,True,LOW,0,,True,LOW,0,,False,,,تروبرد,False,MEDIUM-LOW,3,3,False,0.3333333333333333,MEDIUM-LOW,3,0.36882734294947583,0.36882734294947583,False,0.0,MEDIUM-LOW,3,0.08135788602506502,0.08135788602506502,False,MEDIUM-LOW,3,4.333333333333333,False,MEDIUM-LOW,3,3,False,MEDIUM-LOW,3,4.0,False,MEDIUM-LOW,3,1,False,MEDIUM-LOW,3,3,False,0.3333333333333333,MEDIUM-LOW,3,0.36882734294947583,0.36882734294947583,False,0.0,MEDIUM-LOW,3,0.08135788602506502,0.08135788602506502,False,MEDIUM-LOW,3,0,False,LOW,0,0,True,,LOW,0,,,True,,LOW,0,,,False,LOW,1,14,False,MEDIUM-LOW,3,1000.0,False,LOW,0,0,False,,,7,MEDIUM,OK,OK,HIGH,OK,OK,OK,False,False,MEDIUM-LOW,3,2.5,3364,False,LOW,1,3,False,LOW,2,2,True,,LOW,2,,,True,,LOW,2,,,False,,,تروبرد,False,,,other,1995-12-01,False,,,2400,620,False,,,گنبدکاووس,False,MEDIUM-LOW,3,3,218765,TRAIN,False,LOW,2,2,False,LOW,0,0,False,LOW,0,0,1,1,1,False,LOW,2,1,False,0.3333333333333333,MEDIUM-LOW,3,0.36882734294947583,0.36882734294947583,True,,LOW,0,,,False,LOW,0,0,False,LOW,0,0,False,LOW,2,2,False,0.5,LOW,2,0.4215169633708295,0.4215169633708295,False,0.0,LOW,2,0.09298044117150288,0.09298044117150288,False,MEDIUM-LOW,3,4.333333333333333,False,MEDIUM,8,8,False,MEDIUM,8,8,False,0.25,MEDIUM,8,0.30389374950736975,0.30389374950736975,False,0.0,MEDIUM,8,0.05006639140004002,0.05006639140004002,False,MEDIUM,8,0,3369,False,0.0,MEDIUM-LOW,3,0.08135788602506502,0.08135788602506502,True,,LOW,0,,,False,LOW,2,0,False,LOW,0,0,False,LOW,0,0
True,LOW,0,,False,,,52.0,True,LOW,0,,True,LOW,0,,True,LOW,0,,True,LOW,0,,True,LOW,0,,False,,,تروبرد,False,LOW,1,1,False,0.0,LOW,1,0.32510312393263446,0.32510312393263446,False,0.0,LOW,1,0.10847718136675337,0.10847718136675337,True,LOW,0,,True,LOW,0,,True,LOW,0,,False,LOW,1,0,False,LOW,1,1,False,0.0,LOW,1,0.32510312393263446,0.32510312393263446,False,0.0,LOW,1,0.10847718136675337,0.10847718136675337,False,LOW,1,0,False,LOW,0,0,True,,LOW,0,,,True,,LOW,0,,,False,LOW,1,28,False,LOW,1,1400.0,False,LOW,0,0,False,,,7,MEDIUM,OK,OK,HIGH,OK,MISSING_FINISH,OK,False,True,LOW,0,,3365,True,LOW,0,,False,LOW,1,1,True,,LOW,1,,,True,,LOW,1,,,False,,,تروبرد,False,,,other,1995-12-01,False,,,2400,620,False,,,گنبدکاووس,False,LOW,1,1,218766,TRAIN,False,LOW,1,1,False,LOW,0,0,False,LOW,0,0,,,,False,LOW,1,0,True,,LOW,0,,,True,,LOW,0,,,False,LOW,0,0,False,LOW,0,0,False,LOW,1,1,False,0.0,LOW,1,0.32510312393263446,0.32510312393263446,False,0.0,LOW,1,0.10847718136675337,0.10847718136675337,False,MEDIUM-LOW,4,2.25,False,MEDIUM,7,7,False,MEDIUM,7,7,False,0.42857142857142855,MEDIUM,7,0.4125515619663172,0.4125515619663172,False,0.14285714285714285,MEDIUM,7,0.13757192401671,0.13757192401671,False,MEDIUM,7,1,3370,True,,LOW,0,,,True,,LOW,0,,,False,LOW,1,0,False,LOW,0,0,False,LOW,0,0
True,LOW,0,,False,,,52.0,False,LOW,1,6.0,False,LOW,1,6.0,False,LOW,1,6.0,True,LOW,0,,True,LOW,0,,False,,,تروبرد,False,LOW,1,1,False,0.0,LOW,1,0.32510312393263446,0.32510312393263446,False,0.0,LOW,1,0.10847718136675337,0.10847718136675337,False,LOW,1,6.0,False,LOW,1,6,False,LOW,1,6.0,False,LOW,1,0,False,LOW,1,1,False,0.0,LOW,1,0.32510312393263446,0.32510312393263446,False,0.0,LOW,1,0.10847718136675337,0.10847718136675337,False,LOW,1,0,False,LOW,0,0,True,,LOW,0,,,True,,LOW,0,,,False,LOW,1,21,False,LOW,1,900.0,False,LOW,0,0,False,,,7,MEDIUM,OK,OK,HIGH,OK,OK,OK,False,True,LOW,0,,3366,False,LOW,1,6,False,LOW,1,1,True,,LOW,1,,,True,,LOW,1,,,False,,,تروبرد,False,,,other,1995-12-01,False,,,2400,620,False,,,گنبدکاووس,False,LOW,1,1,218767,TRAIN,False,LOW,1,1,False,LOW,0,0,False,LOW,0,0,5,0,0,False,LOW,1,0,False,0.0,LOW,1,0.32510312393263446,0.32510312393263446,True,,LOW,0,,,False,LOW,0,0,False,LOW,0,0,False,LOW,1,1,False,0.0,LOW,1,0.32510312393263446,0.32510312393263446,False,0.0,LOW,1,0.10847718136675337,0.10847718136675337,False,MEDIUM-LOW,4,3.5,False,MEDIUM,9,9,False,MEDIUM,9,9,False,0.3333333333333333,MEDIUM,9,0.3536156245425576,0.3536156245425576,False,0.3333333333333333,MEDIUM,9,0.2607759348714657,0.2607759348714657,False,MEDIUM,9,3,3371,False,0.0,LOW,1,0.10847718136675337,0.10847718136675337,True,,LOW,0,,,False,LOW,1,0,False,LOW,0,0,False,LOW,0,0
True,LOW,0,,False,,,53.5,False,LOW,2,2.5,False,MEDIUM-LOW,3,2.0,False,MEDIUM-LOW,3,2.0,True,LOW,0,,True,LOW,0,,False,,,تروبرد,False,MEDIUM-LOW,4,4,False,0.75,MEDIUM-LOW,4,0.550068749288423,0.550068749288423,False,0.25,MEDIUM-LOW,4,0.18342923202228,0.18342923202228,False,MEDIUM-LOW,3,2.0,False,MEDIUM-LOW,3,1,False,MEDIUM-LOW,3,2.0,False,MEDIUM-LOW,4,3,False,MEDIUM-LOW,4,4,False,0.75,MEDIUM-LOW,4,0.550068749288423,0.550068749288423,False,0.25,MEDIUM-LOW,4,0.18342923202228,0.18342923202228,False,MEDIUM-LOW,4,1,False,LOW,0,0,True,,LOW,0,,,True,,LOW,0,,,False,LOW,1,21,False,MEDIUM-LOW,4,1100.0,False,LOW,0,0,False,,,7,MEDIUM,OK,OK,HIGH,OK,OK,OK,False,False,MEDIUM-LOW,3,-1.5,3458,False,LOW,1,3,False,MEDIUM-LOW,4,4,True,,LOW,4,,,True,,LOW,4,,,False,,,تروبرد,False,,,other,1995-12-01,False,,,2400,620,False,,,گنبدکاووس,False,MEDIUM-LOW,4,4,218768,TRAIN,False,LOW,2,2,False,LOW,0,0,False,LOW,0,0,4,0,0,False,LOW,2,2,False,0.75,MEDIUM-LOW,4,0.550068749288423,0.550068749288423,True,,LOW,0,,,False,LOW,0,0,False,LOW,0,0,False,LOW,2,2,False,1.0,LOW,2,0.5643741062279723,0.5643741062279723,False,0.0,LOW,2,0.09298044117150288,0.09298044117150288,False,MEDIUM-LOW,4,1.75,False,HIGH,12,12,False,HIGH,12,12,False,0.3333333333333333,HIGH,12,0.3500363966821063,0.3500363966821063,False,0.16666666666666666,HIGH,12,0.1559331228353247,0.1559331228353247,False,HIGH,12,2,3463,False,0.25,MEDIUM-LOW,4,0.18342923202228,0.18342923202228,True,,LOW,0,,,False,LOW,2,0,False,LOW,0,0,False,LOW,0,0
True,LOW,0,,False,,,48.5,False,MEDIUM-LOW,4,4.75,False,MEDIUM-LOW,3,4.0,False,MEDIUM,5,4.0,True,LOW,0,,True,LOW,0,,False,,,تروبرد,False,MEDIUM,8,8,False,0.25,MEDIUM,8,0.30389374950736975,0.30389374950736975,False,0.125,MEDIUM,8,0.12698946832311694,0.12698946832311694,False,MEDIUM,5,4.0,False,MEDIUM,5,1,False,MEDIUM,5,4.0,False,MEDIUM,8,2,False,MEDIUM,8,8,False,0.25,MEDIUM,8,0.30389374950736975,0.30389374950736975,False,0.125,MEDIUM,8,0.12698946832311694,0.12698946832311694,False,MEDIUM,8,1,False,LOW,0,0,True,,LOW,0,,,True,,LOW,0,,,False,LOW,1,14,False,MEDIUM,8,1225.0,False,LOW,0,0,False,,,7,MEDIUM,OK,OK,HIGH,OK,OK,OK,False,False,MEDIUM,5,0.0,3487,False,LOW,1,4,False,MEDIUM,5,5,False,0.4,MEDIUM,5,0.3950618743595807,0.3950618743595807,False,0.2,MEDIUM,5,0.165086308820052,0.165086308820052,False,,,تروبرد,False,,,other,1995-12-01,False,,,2400,620,False,,,گنبدکاووس,False,MEDIUM,5,5,218769,TRAIN,False,MEDIUM-LOW,4,4,False,LOW,0,0,False,LOW,0,0,2,1,0,False,MEDIUM-LOW,4,1,False,0.4,MEDIUM,5,0.3950618743595807,0.3950618743595807,True,,LOW,0,,,False,LOW,0,0,False,LOW,0,0,False,MEDIUM-LOW,4,4,False,0.25,MEDIUM-LOW,4,0.32784652706620077,0.32784652706620077,False,0.0,MEDIUM-LOW,4,0.0723181209111689,0.0723181209111689,False,MEDIUM,5,4.0,False,MEDIUM,6,6,False,MEDIUM,6,6,False,0.3333333333333333,MEDIUM,6,0.3591471585087097,0.3591471585087097,False,0.16666666666666666,MEDIUM,6,0.15007846256368365,0.15007846256368365,False,MEDIUM,6,1,3492,False,0.2,MEDIUM,5,0.165086308820052,0.165086308820052,True,,LOW,0,,,False,MEDIUM-LOW,4,0,False,LOW,0,0,False,LOW,0,0
True,LOW,0,,False,,,54.0,False,MEDIUM-LOW,3,5.666666666666667,False,MEDIUM-LOW,3,4.0,False,MEDIUM,5,4.8,False,LOW,1,8.0,True,LOW,0,,False,,,تروبرد,False,MEDIUM,6,6,False,0.16666666666666666,MEDIUM,6,0.26823806759961877,0.26823806759961877,False,0.0,MEDIUM,6,0.059169371654592746,0.059169371654592746,False,MEDIUM,5,4.8,False,MEDIUM,5,3,False,MEDIUM,5,4.0,False,MEDIUM,6,1,False,MEDIUM,6,6,False,0.16666666666666666,MEDIUM,6,0.26823806759961877,0.26823806759961877,False,0.0,MEDIUM,6,0.059169371654592746,0.059169371654592746,False,MEDIUM,6,0,False,LOW,1,1,False,0.0,LOW,1,0.32510312393263446,0.32510312393263446,False,0.0,LOW,1,0.10847718136675337,0.10847718136675337,False,LOW,1,14,False,MEDIUM,6,1125.0,False,LOW,0,0,False,,,7,LOW,OK,OK,HIGH,OK,OK,OK,False,False,MEDIUM,5,2.0,3508,False,LOW,1,5,False,LOW,0,0,True,,LOW,0,,,True,,LOW,0,,,False,,,تروبرد,False,,,other,1995-12-01,False,,,2400,620,False,,,گنبدکاووس,False,MEDIUM,5,5,218770,TRAIN,False,MEDIUM-LOW,3,3,False,LOW,1,1,False,LOW,0,0,3,1,0,False,MEDIUM-LOW,3,0,False,0.2,MEDIUM,5,0.29506187435958064,0.29506187435958064,True,,LOW,0,,,False,LOW,1,0,False,LOW,0,0,False,MEDIUM-LOW,3,3,False,0.0,MEDIUM-LOW,3,0.24382734294947583,0.24382734294947583,False,0.0,MEDIUM-LOW,3,0.08135788602506502,0.08135788602506502,False,LOW,2,3.5,False,LOW,2,2,False,LOW,2,2,False,0.5,LOW,2,0.4215169633708295,0.4215169633708295,False,0.0,LOW,2,0.09298044117150288,0.09298044117150288,False,LOW,2,0,3513,False,0.0,MEDIUM,5,0.06508630882005202,0.06508630882005202,True,,LOW,0,,,False,MEDIUM-LOW,3,0,False,LOW,1,0,False,LOW,0,0
True,LOW,0,,False,,,54.0,True,LOW,0,,True,LOW,0,,True,LOW,0,,True,LOW,0,,True,LOW,0,,False,,,تروبرد,False,LOW,0,0,True,,LOW,0,,,True,,LOW,0,,,True,LOW,0,,True,LOW,0,,True,LOW,0,,False,LOW,0,0,False,LOW,0,0,True,,LOW,0,,,True,,LOW,0,,,False,LOW,0,0,False,LOW,0,0,True,,LOW,0,,,True,,LOW,0,,,True,LOW,0,,True,LOW,0,,False,LOW,0,0,False,,,7,LOW,OK,OK,HIGH,OK,OK,MISSING,False,True,LOW,0,,3367,True,LOW,0,,False,LOW,0,0,True,,LOW,0,,,True,,LOW,0,,,False,,,تروبرد,False,,,other,1995-12-01,False,,,2400,620,False,,,گنبدکاووس,False,LOW,0,0,218771,TRAIN,False,LOW,0,0,False,LOW,0,0,False,LOW,0,0,6,0,0,False,LOW,0,0,True,,LOW,0,,,True,,LOW,0,,,False,LOW,0,0,False,LOW,0,0,False,LOW,0,0,True,,LOW,0,,,True,,LOW,0,,,True,LOW,0,,True,LOW,0,,True,LOW,0,,True,,LOW,0,,,True,,LOW,0,,,True,LOW,0,,3372,True,,LOW,0,,,True,,LOW,0,,,False,LOW,0,0,False,LOW,0,0,False,LOW,0,0
True,LOW,0,,False,,,52.0,False,LOW,1,1.0,False,LOW,2,1.5,False,MEDIUM-LOW,3,2.3333333333333335,True,LOW,0,,True,LOW,0,,False,,,تروبرد,False,MEDIUM-LOW,4,4,False,0.5,MEDIUM-LOW,4,0.43895763817731187,0.43895763817731187,False,0.25,MEDIUM-LOW,4,0.18342923202228,0.18342923202228,False,MEDIUM-LOW,3,2.3333333333333335,False,MEDIUM-LOW,3,1,False,MEDIUM-LOW,3,2.0,False,MEDIUM-LOW,4,2,False,MEDIUM-LOW,4,4,False,0.5,MEDIUM-LOW,4,0.43895763817731187,0.43895763817731187,False,0.25,MEDIUM-LOW,4,0.18342923202228,0.18342923202228,False,MEDIUM-LOW,4,1,False,LOW,0,0,True,,LOW,0,,,True,,LOW,0,,,False,LOW,1,21,False,MEDIUM-LOW,4,975.0,False,LOW,0,0,False,,,9,MEDIUM,OK,OK,HIGH,OK,MISSING_FINISH,OK,False,False,MEDIUM-LOW,3,2.5,3481,False,LOW,1,1,False,MEDIUM-LOW,3,3,True,,LOW,3,,,True,,LOW,3,,,False,,,تروبرد,False,,,group3,1995-12-01,False,,,2400,621,False,,,گنبدکاووس,False,MEDIUM-LOW,4,4,220375,TRAIN,False,LOW,2,2,False,LOW,0,0,False,LOW,0,0,,,,False,LOW,2,1,False,0.5,MEDIUM-LOW,4,0.43895763817731187,0.43895763817731187,True,,LOW,0,,,False,LOW,0,0,False,LOW,0,0,False,LOW,2,2,False,0.5,LOW,2,0.4215169633708295,0.4215169633708295,False,0.5,LOW,2,0.23583758402864574,0.23583758402864574,False,MEDIUM-LOW,4,2.5,False,MEDIUM,6,6,False,MEDIUM,6,6,False,0.5,MEDIUM,6,0.4500562494178006,0.4500562494178006,False,0.16666666666666666,MEDIUM,6,0.15007846256368365,0.15007846256368365,False,MEDIUM,6,1,3486,False,0.25,MEDIUM-LOW,4,0.18342923202228,0.18342923202228,True,,LOW,0,,,False,LOW,2,1,False,LOW,0,0,False,LOW,0,0
True,LOW,0,,False,,,50.0,False,MEDIUM,6,4.5,False,MEDIUM-LOW,3,2.6666666666666665,False,MEDIUM,5,4.4,True,LOW,0,,True,LOW,0,,False,,,تروبرد,False,MEDIUM,8,8,False,0.375,MEDIUM,8,0.3808168264304467,0.3808168264304467,False,0.0,MEDIUM,8,0.05006639140004002,0.05006639140004002,False,MEDIUM,8,4.5,False,MEDIUM,8,2,False,MEDIUM,8,4.0,False,MEDIUM,8,3,False,MEDIUM,8,8,False,0.375,MEDIUM,8,0.3808168264304467,0.3808168264304467,False,0.0,MEDIUM,8,0.05006639140004002,0.05006639140004002,False,MEDIUM,8,0,False,LOW,0,0,True,,LOW,0,,,True,,LOW,0,,,False,LOW,1,14,False,MEDIUM,8,981.25,False,LOW,0,0,False,,,9,MEDIUM,OK,OK,HIGH,OK,OK,OK,False,False,MEDIUM,5,4.333333333333334,3470,False,LOW,1,2,False,LOW,0,0,True,,LOW,0,,,True,,LOW,0,,,False,,,تروبرد,False,,,group3,1995-12-01,False,,,2400,621,False,,,گنبدکاووس,False,MEDIUM,5,5,220376,TRAIN,False,MEDIUM,6,6,False,LOW,0,0,False,LOW,0,0,2,1,0,False,MEDIUM,6,3,False,0.4,MEDIUM,5,0.3950618743595807,0.3950618743595807,True,,LOW,0,,,False,LOW,0,0,False,LOW,0,0,False,MEDIUM,6,6,False,0.5,MEDIUM,6,0.4500562494178006,0.4500562494178006,False,0.0,MEDIUM,6,0.059169371654592746,0.059169371654592746,False,MEDIUM-LOW,3,2.6666666666666665,False,MEDIUM,8,8,False,MEDIUM,8,8,False,0.375,MEDIUM,8,0.3808168264304467,0.3808168264304467,False,0.125,MEDIUM,8,0.12698946832311694,0.12698946832311694,False,MEDIUM,8,1,3475,False,0.0,MEDIUM,5,0.06508630882005202,0.06508630882005202,True,,LOW,0,,,False,MEDIUM,6,0,False,LOW,0,0,False,LOW,0,0
True,LOW,0,,False,,,54.0,False,LOW,2,3.5,False,LOW,2,3.5,False,LOW,2,3.5,True,LOW,0,,True,LOW,0,,False,,,تروبرد,False,LOW,2,2,False,0.5,LOW,2,0.4215169633708295,0.4215169633708295,False,0.5,LOW,2,0.23583758402864574,0.23583758402864574,False,LOW,2,3.5,False,LOW,2,1,False,LOW,2,3.5,False,LOW,2,1,False,LOW,2,2,False,0.5,LOW,2,0.4215169633708295,0.4215169633708295,False,0.5,LOW,2,0.23583758402864574,0.23583758402864574,False,LOW,2,1,False,LOW,0,0,True,,LOW,0,,,True,,LOW,0,,,False,LOW,1,14,False,LOW,2,1400.0,False,LOW,0,0,False,,,9,MEDIUM,OK,OK,HIGH,OK,OK,OK,False,False,LOW,2,-5.0,3368,False,LOW,1,6,False,LOW,2,2,True,,LOW,2,,,True,,LOW,2,,,False,,,تروبرد,False,,,group3,1995-12-01,False,,,2400,621,False,,,گنبدکاووس,False,LOW,2,2,220377,TRAIN,False,LOW,2,2,False,LOW,0,0,False,LOW,0,0,3,1,0,False,LOW,2,1,False,0.5,LOW,2,0.4215169633708295,0.4215169633708295,True,,LOW,0,,,False,LOW,0,0,False,LOW,0,0,False,LOW,2,2,False,0.5,LOW,2,0.4215169633708295,0.4215169633708295,False,0.5,LOW,2,0.23583758402864574,0.23583758402864574,False,MEDIUM-LOW,4,6.5,False,MEDIUM-LOW,4,4,False,MEDIUM-LOW,4,4,False,0.25,MEDIUM-LOW,4,0.32784652706620077,0.32784652706620077,False,0.25,MEDIUM-LOW,4,0.18342923202228,0.18342923202228,False,MEDIUM-LOW,4,1,3373,False,0.5,LOW,2,0.23583758402864574,0.23583758402864574,True,,LOW,0,,,False,LOW,2,1,False,LOW,0,0,False,LOW,0,0
True,LOW,0,,False,,,56.5,False,LOW,2,7.0,False,MEDIUM-LOW,3,7.0,False,MEDIUM-LOW,4,5.75,True,LOW,0,,True,LOW,0,,False,,,تروبرد,False,MEDIUM-LOW,4,4,False,0.25,MEDIUM-LOW,4,0.32784652706620077,0.32784652706620077,False,0.0,MEDIUM-LOW,4,0.0723181209111689,0.0723181209111689,False,MEDIUM-LOW,4,5.75,False,MEDIUM-LOW,4,2,False,MEDIUM-LOW,4,6.5,False,MEDIUM-LOW,4,1,False,MEDIUM-LOW,4,4,False,0.25,MEDIUM-LOW,4,0.32784652706620077,0.32784652706620077,False,0.0,MEDIUM-LOW,4,0.0723181209111689,0.0723181209111689,False,MEDIUM-LOW,4,0,False,LOW,0,0,True,,LOW,0,,,True,,LOW,0,,,False,LOW,1,14,False,MEDIUM-LOW,4,937.5,False,LOW,0,0,False,,,9,MEDIUM,OK,OK,HIGH,OK,OK,OK,False,False,MEDIUM-LOW,4,-3.5,3472,False,LOW,1,8,False,MEDIUM-LOW,3,3,True,,LOW,3,,,True,,LOW,3,,,False,,,تروبرد,False,,,group3,1995-12-01,False,,,2400,621,False,,,گنبدکاووس,False,MEDIUM-LOW,4,4,220378,TRAIN,False,LOW,2,2,False,LOW,0,0,False,LOW,0,0,6,0,0,False,LOW,2,0,False,0.25,MEDIUM-LOW,4,0.32784652706620077,0.32784652706620077,True,,LOW,0,,,False,LOW,0,0,False,LOW,0,0,False,LOW,2,2,False,0.0,LOW,2,0.27865982051368665,0.27865982051368665,False,0.0,LOW,2,0.09298044117150288,0.09298044117150288,False,MEDIUM,5,7.2,False,HIGH,22,22,False,HIGH,22,22,False,0.18181818181818182,HIGH,22,0.22039328679984468,0.22039328679984468,False,0.0,HIGH,22,0.02410604030372297,0.02410604030372297,False,HIGH,22,0,3477,False,0.0,MEDIUM-LOW,4,0.0723181209111689,0.0723181209111689,True,,LOW,0,,,False,LOW,2,0,False,LOW,0,0,False,LOW,0,0
True,LOW,0,,False,,,50.0,False,LOW,2,3.5,False,LOW,2,3.5,False,MEDIUM-LOW,3,3.3333333333333335,False,LOW,1,4.0,True,LOW,0,,False,,,تروبرد,False,MEDIUM-LOW,4,4,False,0.5,MEDIUM-LOW,4,0.43895763817731187,0.43895763817731187,False,0.0,MEDIUM-LOW,4,0.0723181209111689,0.0723181209111689,False,MEDIUM-LOW,3,3.3333333333333335,False,MEDIUM-LOW,3,3,False,MEDIUM-LOW,3,3.0,False,MEDIUM-LOW,4,2,False,MEDIUM-LOW,4,4,False,0.5,MEDIUM-LOW,4,0.43895763817731187,0.43895763817731187,False,0.0,MEDIUM-LOW,4,0.0723181209111689,0.0723181209111689,False,MEDIUM-LOW,4,0,False,LOW,1,1,False,0.0,LOW,1,0.32510312393263446,0.32510312393263446,False,0.0,LOW,1,0.10847718136675337,0.10847718136675337,False,LOW,1,49,False,MEDIUM-LOW,4,837.5,False,LOW,0,0,False,,,9,MEDIUM,OK,OK,HIGH,OK,OK,OK,False,False,MEDIUM-LOW,3,-0.5,3369,False,LOW,1,3,False,MEDIUM-LOW,4,4,True,,LOW,4,,,True,,LOW,4,,,False,,,تروبرد,False,,,group3,1995-12-01,False,,,2400,621,False,,,گنبدکاووس,False,MEDIUM-LOW,4,4,220379,TRAIN,False,LOW,2,2,False,LOW,1,1,False,LOW,0,0,1,1,1,False,LOW,2,1,False,0.5,MEDIUM-LOW,4,0.43895763817731187,0.43895763817731187,True,,LOW,0,,,False,LOW,1,0,False,LOW,0,0,False,LOW,2,2,False,0.5,LOW,2,0.4215169633708295,0.4215169633708295,False,0.0,LOW,2,0.09298044117150288,0.09298044117150288,False,MEDIUM-LOW,4,5.25,False,HIGH,24,24,False,HIGH,24,24,False,0.25,HIGH,24,0.27415926702054505,0.27415926702054505,False,0.125,HIGH,24,0.12589183062760415,0.12589183062760415,False,HIGH,24,3,3374,False,0.0,MEDIUM-LOW,4,0.0723181209111689,0.0723181209111689,True,,LOW,0,,,False,LOW,2,0,False,LOW,1,0,False,LOW,0,0
True,LOW,0,,False,,,50.0,False,LOW,1,10.0,False,LOW,2,7.0,False,LOW,2,7.0,False,LOW,1,10.0,True,LOW,0,,False,,,تروبرد,False,LOW,2,2,False,0.0,LOW,2,0.27865982051368665,0.27865982051368665,False,0.0,LOW,2,0.09298044117150288,0.09298044117150288,False,LOW,2,7.0,False,LOW,2,4,False,LOW,2,7.0,False,LOW,2,0,False,LOW,2,2,False,0.0,LOW,2,0.27865982051368665,0.27865982051368665,False,0.0,LOW,2,0.09298044117150288,0.09298044117150288,False,LOW,2,0,False,LOW,1,1,False,0.0,LOW,1,0.32510312393263446,0.32510312393263446,False,0.0,LOW,1,0.10847718136675337,0.10847718136675337,False,LOW,1,217,False,LOW,2,825.0,False,LOW,0,0,False,,,9,MEDIUM,OK,OK,HIGH,OK,OK,OK,False,False,LOW,2,-6.0,3503,False,LOW,1,10,False,LOW,0,0,True,,LOW,0,,,True,,LOW,0,,,False,,,تروبرد,False,,,group3,1995-12-01,False,,,2400,621,False,,,گنبدکاووس,False,LOW,2,2,220380,TRAIN,False,LOW,1,1,False,LOW,1,1,False,LOW,0,0,4,0,0,False,LOW,1,0,False,0.0,LOW,2,0.27865982051368665,0.27865982051368665,True,,LOW,0,,,False,LOW,1,0,False,LOW,0,0,False,LOW,1,1,False,0.0,LOW,1,0.32510312393263446,0.32510312393263446,False,0.0,LOW,1,0.10847718136675337,0.10847718136675337,False,MEDIUM-LOW,4,4.75,False,MEDIUM-LOW,4,4,False,MEDIUM-LOW,4,4,False,0.25,MEDIUM-LOW,4,0.32784652706620077,0.32784652706620077,False,0.0,MEDIUM-LOW,4,0.0723181209111689,0.0723181209111689,False,MEDIUM-LOW,4,0,3508,False,0.0,LOW,2,0.09298044117150288,0.09298044117150288,True,,LOW,0,,,False,LOW,1,0,False,LOW,1,0,False,LOW,0,0
True,LOW,0,,False,,,50.0,False,MEDIUM-LOW,4,4.5,False,MEDIUM-LOW,3,3.3333333333333335,False,MEDIUM,5,4.2,True,LOW,0,,True,LOW,0,,False,,,تروبرد,False,MEDIUM,6,6,False,0.3333333333333333,MEDIUM,6,0.3591471585087097,0.3591471585087097,False,0.16666666666666666,MEDIUM,6,0.15007846256368365,0.15007846256368365,False,MEDIUM,5,4.2,False,MEDIUM,5,1,False,MEDIUM,5,4.0,False,MEDIUM,6,2,False,MEDIUM,6,6,False,0.3333333333333333,MEDIUM,6,0.3591471585087097,0.3591471585087097,False,0.16666666666666666,MEDIUM,6,0.15007846256368365,0.15007846256368365,False,MEDIUM,6,1,False,LOW,0,0,True,,LOW,0,,,True,,LOW,0,,,False,LOW,1,14,False,MEDIUM,6,925.0,False,LOW,0,0,False,,,9,MEDIUM,OK,OK,HIGH,OK,OK,OK,False,False,MEDIUM,5,2.1666666666666665,3495,False,LOW,1,1,False,MEDIUM,6,6,False,0.3333333333333333,MEDIUM,6,0.3591471585087097,0.3591471585087097,False,0.16666666666666666,MEDIUM,6,0.15007846256368365,0.15007846256368365,False,,,تروبرد,False,,,group3,1995-12-01,False,,,2400,621,False,,,گنبدکاووس,False,MEDIUM,5,5,220381,TRAIN,False,MEDIUM-LOW,4,4,False,LOW,0,0,False,LOW,0,0,5,0,0,False,MEDIUM-LOW,4,1,False,0.4,MEDIUM,5,0.3950618743595807,0.3950618743595807,True,,LOW,0,,,False,LOW,0,0,False,LOW,0,0,False,MEDIUM-LOW,4,4,False,0.25,MEDIUM-LOW,4,0.32784652706620077,0.32784652706620077,False,0.25,MEDIUM-LOW,4,0.18342923202228,0.18342923202228,False,MEDIUM,5,3.2,False,HIGH,15,15,False,HIGH,15,15,False,0.3333333333333333,HIGH,15,0.34753093717979033,0.34753093717979033,False,0.13333333333333333,HIGH,15,0.132543154410026,0.132543154410026,False,HIGH,15,2,3500,False,0.2,MEDIUM,5,0.165086308820052,0.165086308820052,True,,LOW,0,,,False,MEDIUM-LOW,4,1,False,LOW,0,0,False,LOW,0,0
True,LOW,0,,False,,,52.5,False,LOW,2,5.5,False,MEDIUM-LOW,3,5.333333333333333,False,MEDIUM-LOW,3,5.333333333333333,True,LOW,0,,True,LOW,0,,False,,,تروبرد,False,MEDIUM-LOW,3,3,False,0.0,MEDIUM-LOW,3,0.24382734294947583,0.24382734294947583,False,0.0,MEDIUM-LOW,3,0.08135788602506502,0.08135788602506502,False,MEDIUM-LOW,3,5.333333333333333,False,MEDIUM-LOW,3,5,False,MEDIUM-LOW,3,5.0,False,MEDIUM-LOW,3,0,False,MEDIUM-LOW,3,3,False,0.0,MEDIUM-LOW,3,0.24382734294947583,0.24382734294947583,False,0.0,MEDIUM-LOW,3,0.08135788602506502,0.08135788602506502,False,MEDIUM-LOW,3,0,False,LOW,0,0,True,,LOW,0,,,True,,LOW,0,,,False,LOW,1,49,False,MEDIUM-LOW,3,783.3333333333334,False,LOW,0,0,False,,,9,MEDIUM,OK,OK,HIGH,OK,OK,MISSING,False,False,MEDIUM-LOW,3,-0.5,3370,False,LOW,1,5,False,LOW,2,2,True,,LOW,2,,,True,,LOW,2,,,False,,,تروبرد,False,,,group3,1995-12-01,False,,,2400,621,False,,,گنبدکاووس,False,MEDIUM-LOW,3,3,220382,TRAIN,False,LOW,2,2,False,LOW,0,0,False,LOW,0,0,8,0,0,False,LOW,2,0,False,0.0,MEDIUM-LOW,3,0.24382734294947583,0.24382734294947583,True,,LOW,0,,,False,LOW,0,0,False,LOW,0,0,False,LOW,2,2,False,0.0,LOW,2,0.27865982051368665,0.27865982051368665,False,0.0,LOW,2,0.09298044117150288,0.09298044117150288,True,LOW,0,,True,LOW,0,,True,LOW,0,,True,,LOW,0,,,True,,LOW,0,,,True,LOW,0,,3375,False,0.0,MEDIUM-LOW,3,0.08135788602506502,0.08135788602506502,True,,LOW,0,,,False,LOW,2,0,False,LOW,0,0,False,LOW,0,0
True,LOW,0,,False,,,52.0,True,LOW,0,,True,LOW,0,,True,LOW,0,,True,LOW,0,,True,LOW,0,,False,,,تروبرد,False,LOW,0,0,True,,LOW,0,,,True,,LOW,0,,,True,LOW,0,,True,LOW,0,,True,LOW,0,,False,LOW,0,0,False,LOW,0,0,True,,LOW,0,,,True,,LOW,0,,,False,LOW,0,0,False,LOW,0,0,True,,LOW,0,,,True,,LOW,0,,,True,LOW,0,,True,LOW,0,,False,LOW,0,0,False,,,9,MEDIUM,OK,OK,HIGH,OK,OK,OK,False,True,LOW,0,,3371,True,LOW,0,,False,LOW,0,0,True,,LOW,0,,,True,,LOW,0,,,False,,,تروبرد,False,,,group3,1995-12-01,False,,,2400,621,False,,,گنبدکاووس,False,LOW,0,0,220383,TRAIN,False,LOW,0,0,False,LOW,0,0,False,LOW,0,0,7,0,0,False,LOW,0,0,True,,LOW,0,,,True,,LOW,0,,,False,LOW,0,0,False,LOW,0,0,False,LOW,0,0,True,,LOW,0,,,True,,LOW,0,,,False,MEDIUM-LOW,4,3.75,False,MEDIUM,6,6,False,MEDIUM,6,6,False,0.5,MEDIUM,6,0.4500562494178006,0.4500562494178006,False,0.3333333333333333,MEDIUM,6,0.24098755347277453,0.24098755347277453,False,MEDIUM,6,2,3376,True,,LOW,0,,,True,,LOW,0,,,False,LOW,0,0,False,LOW,0,0,False,LOW,0,0
True,LOW,0,,False,,,62.0,False,LOW,1,1.0,False,LOW,2,1.0,False,LOW,2,1.0,True,LOW,0,,True,LOW,0,,False,,,تروبرد,False,MEDIUM-LOW,3,3,False,0.6666666666666666,MEDIUM-LOW,3,0.49382734294947583,0.49382734294947583,False,0.6666666666666666,MEDIUM-LOW,3,0.331357886025065,0.331357886025065,False,LOW,2,1.0,False,LOW,2,1,False,LOW,2,1.0,False,MEDIUM-LOW,3,2,False,MEDIUM-LOW,3,3,False,0.6666666666666666,MEDIUM-LOW,3,0.49382734294947583,0.49382734294947583,False,0.6666666666666666,MEDIUM-LOW,3,0.331357886025065,0.331357886025065,False,MEDIUM-LOW,3,2,False,LOW,1,1,False,0.0,LOW,1,0.32510312393263446,0.32510312393263446,False,0.0,LOW,1,0.10847718136675337,0.10847718136675337,False,LOW,1,14,False,MEDIUM-LOW,3,1516.6666666666667,False,LOW,0,0,False,,,9,MEDIUM,OK,OK,HIGH,OK,OK,OK,False,False,LOW,2,0.0,3372,False,LOW,1,1,False,MEDIUM-LOW,4,4,True,,LOW,4,,,True,,LOW,4,,,False,,,تروبرد,False,,,group1,1995-12-01,False,,,2400,622,False,,,گنبدکاووس,False,MEDIUM-LOW,3,3,218772,TRAIN,False,LOW,2,2,False,LOW,1,1,False,LOW,0,0,6,0,0,False,LOW,2,1,False,0.6666666666666666,MEDIUM-LOW,3,0.49382734294947583,0.49382734294947583,True,,LOW,0,,,False,LOW,1,0,False,LOW,0,0,False,LOW,2,2,False,0.5,LOW,2,0.4215169633708295,0.4215169633708295,False,0.5,LOW,2,0.23583758402864574,0.23583758402864574,False,MEDIUM-LOW,3,1.0,False,MEDIUM,8,8,False,MEDIUM,8,8,False,0.5,MEDIUM,8,0.4577399033535236,0.4577399033535236,False,0.375,MEDIUM,8,0.28083562216927077,0.28083562216927077,False,MEDIUM,8,3,3377,False,0.6666666666666666,MEDIUM-LOW,3,0.331357886025065,0.331357886025065,True,,LOW,0,,,False,LOW,2,1,False,LOW,1,0,False,LOW,0,0
True,LOW,0,,False,,,50.0,False,LOW,1,6.0,False,LOW,1,6.0,False,LOW,1,6.0,True,LOW,0,,True,LOW,0,,False,,,تروبرد,False,LOW,1,1,False,0.0,LOW,1,0.32510312393263446,0.32510312393263446,False,0.0,LOW,1,0.10847718136675337,0.10847718136675337,False,LOW,1,6.0,False,LOW,1,6,False,LOW,1,6.0,False,LOW,1,0,False,LOW,1,1,False,0.0,LOW,1,0.32510312393263446,0.32510312393263446,False,0.0,LOW,1,0.10847718136675337,0.10847718136675337,False,LOW,1,0,False,LOW,0,0,True,,LOW,0,,,True,,LOW,0,,,False,LOW,1,217,False,LOW,1,750.0,False,LOW,0,0,False,,,9,MEDIUM,OK,OK,HIGH,OK,OK,OK,False,True,LOW,0,,3373,False,LOW,1,6,False,LOW,0,0,True,,LOW,0,,,True,,LOW,0,,,False,,,تروبرد,False,,,group1,1995-12-01,False,,,2400,622,False,,,گنبدکاووس,False,LOW,1,1,218773,TRAIN,False,LOW,1,1,False,LOW,0,0,False,LOW,0,0,7,0,0,False,LOW,1,0,False,0.0,LOW,1,0.32510312393263446,0.32510312393263446,True,,LOW,0,,,False,LOW,0,0,False,LOW,0,0,False,LOW,1,1,False,0.0,LOW,1,0.32510312393263446,0.32510312393263446,False,0.0,LOW,1,0.10847718136675337,0.10847718136675337,False,MEDIUM-LOW,4,4.5,False,HIGH,10,10,False,HIGH,10,10,False,0.3,HIGH,10,0.33004124957305375,0.33004124957305375,False,0.3,HIGH,10,0.24339087254670133,0.24339087254670133,False,HIGH,10,3,3378,False,0.0,LOW,1,0.10847718136675337,0.10847718136675337,True,,LOW,0,,,False,LOW,1,0,False,LOW,0,0,False,LOW,0,0
True,LOW,0,,False,,,52.5,False,LOW,1,1.0,False,LOW,1,1.0,False,LOW,1,1.0,True,LOW,0,,True,LOW,0,,False,,,تروبرد,False,LOW,1,1,False,1.0,LOW,1,0.4917697905993011,0.4917697905993011,False,1.0,LOW,1,0.27514384803342,0.27514384803342,False,LOW,1,1.0,False,LOW,1,1,False,LOW,1,1.0,False,LOW,1,1,False,LOW,1,1,False,1.0,LOW,1,0.4917697905993011,0.4917697905993011,False,1.0,LOW,1,0.27514384803342,0.27514384803342,False,LOW,1,1,False,LOW,0,0,True,,LOW,0,,,True,,LOW,0,,,False,LOW,1,217,False,LOW,1,750.0,False,LOW,0,0,False,,,9,MEDIUM,OK,OK,HIGH,OK,OK,OK,False,True,LOW,0,,3374,False,LOW,1,1,False,LOW,1,1,True,,LOW,1,,,True,,LOW,1,,,False,,,تروبرد,False,,,group1,1995-12-01,False,,,2400,622,False,,,گنبدکاووس,False,LOW,1,1,218774,TRAIN,False,LOW,1,1,False,LOW,0,0,False,LOW,0,0,4,0,0,False,LOW,1,1,False,1.0,LOW,1,0.4917697905993011,0.4917697905993011,True,,LOW,0,,,False,LOW,0,0,False,LOW,0,0,False,LOW,1,1,False,1.0,LOW,1,0.4917697905993011,0.4917697905993011,False,1.0,LOW,1,0.27514384803342,0.27514384803342,False,MEDIUM-LOW,4,3.75,False,HIGH,13,13,False,HIGH,13,13,False,0.3076923076923077,HIGH,13,0.330589930199767,0.330589930199767,False,0.15384615384615385,HIGH,13,0.14727017156669556,0.14727017156669556,False,HIGH,13,2,3379,False,1.0,LOW,1,0.27514384803342,0.27514384803342,True,,LOW,0,,,False,LOW,1,1,False,LOW,0,0,False,LOW,0,0
True,LOW,0,,False,,,56.0,False,LOW,1,3.0,False,LOW,1,3.0,False,LOW,1,3.0,True,LOW,0,,True,LOW,0,,False,,,تروبرد,False,LOW,2,2,False,0.5,LOW,2,0.4215169633708295,0.4215169633708295,False,0.0,LOW,2,0.09298044117150288,0.09298044117150288,False,LOW,1,3.0,False,LOW,1,3,False,LOW,1,3.0,False,LOW,2,1,False,LOW,2,2,False,0.5,LOW,2,0.4215169633708295,0.4215169633708295,False,0.0,LOW,2,0.09298044117150288,0.09298044117150288,False,LOW,2,0,False,LOW,0,0,True,,LOW,0,,,True,,LOW,0,,,False,LOW,1,14,False,LOW,2,1400.0,False,LOW,0,0,False,,,9,MEDIUM,OK,OK,HIGH,OK,OK,MISSING,False,True,LOW,0,,3375,True,LOW,0,,False,LOW,1,1,True,,LOW,1,,,True,,LOW,1,,,False,,,تروبرد,False,,,group1,1995-12-01,False,,,2400,622,False,,,گنبدکاووس,False,LOW,2,2,218775,TRAIN,False,LOW,2,2,False,LOW,0,0,False,LOW,0,0,1,1,1,False,LOW,2,1,False,0.5,LOW,2,0.4215169633708295,0.4215169633708295,True,,LOW,0,,,False,LOW,0,0,False,LOW,0,0,False,LOW,2,2,False,0.5,LOW,2,0.4215169633708295,0.4215169633708295,False,0.0,LOW,2,0.09298044117150288,0.09298044117150288,True,LOW,0,,True,LOW,0,,True,LOW,0,,True,,LOW,0,,,True,,LOW,0,,,True,LOW,0,,3380,False,0.0,LOW,2,0.09298044117150288,0.09298044117150288,True,,LOW,0,,,False,LOW,2,0,False,LOW,0,0,False,LOW,0,0
True,LOW,0,,False,,,50.0,False,LOW,1,2.0,False,LOW,1,2.0,False,LOW,1,2.0,True,LOW,0,,True,LOW,0,,False,,,تروبرد,False,LOW,1,1,False,1.0,LOW,1,0.4917697905993011,0.4917697905993011,False,0.0,LOW,1,0.10847718136675337,0.10847718136675337,False,LOW,1,2.0,False,LOW,1,2,False,LOW,1,2.0,False,LOW,1,1,False,LOW,1,1,False,1.0,LOW,1,0.4917697905993011,0.4917697905993011,False,0.0,LOW,1,0.10847718136675337,0.10847718136675337,False,LOW,1,0,False,LOW,0,0,True,,LOW,0,,,True,,LOW,0,,,False,LOW,1,42,False,LOW,1,1400.0,False,LOW,0,0,False,,,9,MEDIUM,OK,OK,HIGH,OK,OK,OK,False,True,LOW,0,,3376,False,LOW,1,2,False,LOW,1,1,True,,LOW,1,,,True,,LOW,1,,,False,,,تروبرد,False,,,group1,1995-12-01,False,,,2400,622,False,,,گنبدکاووس,False,LOW,1,1,218776,TRAIN,False,LOW,1,1,False,LOW,0,0,False,LOW,0,0,8,0,0,False,LOW,1,1,False,1.0,LOW,1,0.4917697905993011,0.4917697905993011,True,,LOW,0,,,False,LOW,0,0,False,LOW,0,0,False,LOW,1,1,False,1.0,LOW,1,0.4917697905993011,0.4917697905993011,False,0.0,LOW,1,0.10847718136675337,0.10847718136675337,False,MEDIUM-LOW,4,5.0,False,HIGH,10,10,False,HIGH,10,10,False,0.5,HIGH,10,0.4633745829063871,0.4633745829063871,False,0.1,HIGH,10,0.11005753921336801,0.11005753921336801,False,HIGH,10,1,3381,False,0.0,LOW,1,0.10847718136675337,0.10847718136675337,True,,LOW,0,,,False,LOW,1,0,False,LOW,0,0,False,LOW,0,0
True,LOW,0,,False,,,56.0,False,LOW,2,5.5,False,MEDIUM-LOW,3,4.333333333333333,False,MEDIUM-LOW,3,4.333333333333333,False,LOW,1,4.0,True,LOW,0,,False,,,تروبرد,False,MEDIUM-LOW,3,3,False,0.3333333333333333,MEDIUM-LOW,3,0.36882734294947583,0.36882734294947583,False,0.0,MEDIUM-LOW,3,0.08135788602506502,0.08135788602506502,False,MEDIUM-LOW,3,4.333333333333333,False,MEDIUM-LOW,3,2,False,MEDIUM-LOW,3,4.0,False,MEDIUM-LOW,3,1,False,MEDIUM-LOW,3,3,False,0.3333333333333333,MEDIUM-LOW,3,0.36882734294947583,0.36882734294947583,False,0.0,MEDIUM-LOW,3,0.08135788602506502,0.08135788602506502,False,MEDIUM-LOW,3,0,False,LOW,1,1,False,0.0,LOW,1,0.32510312393263446,0.32510312393263446,False,0.0,LOW,1,0.10847718136675337,0.10847718136675337,False,LOW,1,14,False,MEDIUM-LOW,3,950.0,False,LOW,0,0,False,,,9,MEDIUM,OK,OK,HIGH,OK,OK,OK,False,False,MEDIUM-LOW,3,-0.5,3377,False,LOW,1,7,False,LOW,0,0,True,,LOW,0,,,True,,LOW,0,,,False,,,تروبرد,False,,,group1,1995-12-01,False,,,2400,622,False,,,گنبدکاووس,False,MEDIUM-LOW,3,3,218777,TRAIN,False,LOW,2,2,False,LOW,1,1,False,LOW,0,0,9,0,0,False,LOW,2,0,False,0.3333333333333333,MEDIUM-LOW,3,0.36882734294947583,0.36882734294947583,True,,LOW,0,,,False,LOW,1,0,False,LOW,0,0,False,LOW,2,2,False,0.0,LOW,2,0.27865982051368665,0.27865982051368665,False,0.0,LOW,2,0.09298044117150288,0.09298044117150288,False,MEDIUM-LOW,4,5.0,False,HIGH,41,41,False,HIGH,41,41,False,0.2682926829268293,HIGH,41,0.28153519007816974,0.28153519007816974,False,0.07317073170731707,HIGH,41,0.07936658887392435,0.07936658887392435,False,HIGH,41,3,3382,False,0.0,MEDIUM-LOW,3,0.08135788602506502,0.08135788602506502,True,,LOW,0,,,False,LOW,2,0,False,LOW,1,0,False,LOW,0,0
True,LOW,0,,False,,,58.0,True,LOW,0,,True,LOW,0,,True,LOW,0,,True,LOW,0,,True,LOW,0,,False,,,تروبرد,False,LOW,0,0,True,,LOW,0,,,True,,LOW,0,,,True,LOW,0,,True,LOW,0,,True,LOW,0,,False,LOW,0,0,False,LOW,0,0,True,,LOW,0,,,True,,LOW,0,,,False,LOW,0,0,False,LOW,0,0,True,,LOW,0,,,True,,LOW,0,,,True,LOW,0,,True,LOW,0,,False,LOW,0,0,False,,,9,LOW,OK,OK,HIGH,OK,OK,OK,False,True,LOW,0,,3378,True,LOW,0,,False,LOW,0,0,True,,LOW,0,,,True,,LOW,0,,,False,,,تروبرد,False,,,group1,1995-12-01,False,,,2400,622,False,,,گنبدکاووس,False,LOW,0,0,218778,TRAIN,False,LOW,0,0,False,LOW,0,0,False,LOW,0,0,3,1,0,False,LOW,0,0,True,,LOW,0,,,True,,LOW,0,,,False,LOW,0,0,False,LOW,0,0,False,LOW,0,0,True,,LOW,0,,,True,,LOW,0,,,False,MEDIUM-LOW,4,4.5,False,HIGH,14,14,False,HIGH,14,14,False,0.2857142857142857,HIGH,14,0.313190460189253,0.313190460189253,False,0.14285714285714285,HIGH,14,0.1395191099052905,0.1395191099052905,False,HIGH,14,2,3383,True,,LOW,0,,,True,,LOW,0,,,False,LOW,0,0,False,LOW,0,0,False,LOW,0,0
True,LOW,0,,False,,,59.0,False,LOW,2,5.5,False,MEDIUM-LOW,3,5.0,False,MEDIUM-LOW,3,5.0,False,LOW,1,6.0,True,LOW,0,,False,,,تروبرد,False,MEDIUM-LOW,3,3,False,0.0,MEDIUM-LOW,3,0.24382734294947583,0.24382734294947583,False,0.0,MEDIUM-LOW,3,0.08135788602506502,0.08135788602506502,False,MEDIUM-LOW,3,5.0,False,MEDIUM-LOW,3,4,False,MEDIUM-LOW,3,5.0,False,MEDIUM-LOW,3,0,False,MEDIUM-LOW,3,3,False,0.0,MEDIUM-LOW,3,0.24382734294947583,0.24382734294947583,False,0.0,MEDIUM-LOW,3,0.08135788602506502,0.08135788602506502,False,MEDIUM-LOW,3,0,False,LOW,1,1,False,0.0,LOW,1,0.32510312393263446,0.32510312393263446,False,0.0,LOW,1,0.10847718136675337,0.10847718136675337,False,LOW,1,14,False,MEDIUM-LOW,3,950.0,False,LOW,0,0,False,,,9,MEDIUM,OK,OK,HIGH,OK,OK,OK,False,False,MEDIUM-LOW,3,1.5,2836,False,LOW,1,5,False,LOW,2,2,True,,LOW,2,,,True,,LOW,2,,,False,,,تروبرد,False,,,group1,1995-12-01,False,,,2400,622,False,,,گنبدکاووس,False,MEDIUM-LOW,3,3,218779,TRAIN,False,LOW,2,2,False,LOW,1,1,False,LOW,0,0,2,1,0,False,LOW,2,0,False,0.0,MEDIUM-LOW,3,0.24382734294947583,0.24382734294947583,True,,LOW,0,,,False,LOW,1,0,False,LOW,0,0,False,LOW,2,2,False,0.0,LOW,2,0.27865982051368665,0.27865982051368665,False,0.0,LOW,2,0.09298044117150288,0.09298044117150288,False,MEDIUM-LOW,4,6.0,False,HIGH,42,42,False,HIGH,42,42,False,0.2619047619047619,HIGH,42,0.27554507965097463,0.27554507965097463,False,0.07142857142857142,HIGH,42,0.07767793804681958,0.07767793804681958,False,HIGH,42,3,2839,False,0.0,MEDIUM-LOW,3,0.08135788602506502,0.08135788602506502,True,,LOW,0,,,False,LOW,2,0,False,LOW,1,0,False,LOW,0,0
True,LOW,0,,False,,,51.0,False,LOW,1,3.0,False,LOW,2,4.5,False,LOW,2,4.5,True,LOW,0,,True,LOW,0,,False,,,تروبرد,False,LOW,2,2,False,0.5,LOW,2,0.4215169633708295,0.4215169633708295,False,0.0,LOW,2,0.09298044117150288,0.09298044117150288,False,LOW,2,4.5,False,LOW,2,3,False,LOW,2,4.5,False,LOW,2,1,False,LOW,2,2,False,0.5,LOW,2,0.4215169633708295,0.4215169633708295,False,0.0,LOW,2,0.09298044117150288,0.09298044117150288,False,LOW,2,0,False,LOW,0,0,True,,LOW,0,,,True,,LOW,0,,,False,LOW,1,14,False,LOW,2,1050.0,False,LOW,0,0,False,,,9,MEDIUM,OK,OK,HIGH,OK,OK,OK,False,False,LOW,2,3.0,3379,False,LOW,1,3,False,LOW,2,2,True,,LOW,2,,,True,,LOW,2,,,False,,,تروبرد,False,,,group1,1995-12-01,False,,,2400,622,False,,,گنبدکاووس,False,LOW,2,2,218780,TRAIN,False,LOW,1,1,False,LOW,0,0,False,LOW,0,0,5,0,0,False,LOW,1,1,False,0.5,LOW,2,0.4215169633708295,0.4215169633708295,True,,LOW,0,,,False,LOW,0,0,False,LOW,0,0,False,LOW,1,1,False,1.0,LOW,1,0.4917697905993011,0.4917697905993011,False,0.0,LOW,1,0.10847718136675337,0.10847718136675337,False,MEDIUM-LOW,4,5.75,False,HIGH,43,43,False,HIGH,43,43,False,0.27906976744186046,HIGH,43,0.29063789049157934,0.29063789049157934,False,0.06976744186046512,HIGH,43,0.07605964767084417,0.07605964767084417,False,HIGH,43,3,3384,False,0.0,LOW,2,0.09298044117150288,0.09298044117150288,True,,LOW,0,,,False,LOW,1,0,False,LOW,0,0,False,LOW,0,0
True,LOW,0,,True,LOW,0,,True,LOW,0,,True,LOW,0,,True,LOW,0,,True,LOW,0,,True,LOW,0,,False,,,تروبرد,False,LOW,1,1,False,0.0,LOW,1,0.32510312393263446,0.32510312393263446,False,0.0,LOW,1,0.10847718136675337,0.10847718136675337,True,LOW,0,,True,LOW,0,,True,LOW,0,,False,LOW,1,0,False,LOW,1,1,False,0.0,LOW,1,0.32510312393263446,0.32510312393263446,False,0.0,LOW,1,0.10847718136675337,0.10847718136675337,False,LOW,1,0,True,LOW,0,,True,,LOW,0,,,True,,LOW,0,,,False,LOW,1,168,False,LOW,1,0.0,False,LOW,1,1,False,,,15,MEDIUM,MISSING_STRUCTURED,OK,HIGH,OK,OK,OK,False,True,LOW,0,,3311,True,LOW,0,,False,LOW,1,1,True,,LOW,1,,,True,,LOW,1,,,False,,,تروبرد,True,LOW,0,,1996-03-29,False,,,1000,3171,False,,,گنبدکاووس,False,LOW,1,1,243452,TRAIN,False,LOW,0,0,True,LOW,0,,False,LOW,1,1,2,1,0,False,LOW,0,0,True,,LOW,0,,,False,0.0,LOW,1,0.32510312393263446,0.32510312393263446,True,LOW,0,,False,LOW,1,0,False,LOW,0,0,True,,LOW,0,,,True,,LOW,0,,,False,LOW,1,1.0,False,HIGH,20,20,False,HIGH,20,20,False,0.15,HIGH,20,0.19802474974383227,0.19802474974383227,False,0.1,HIGH,20,0.1060345235280208,0.1060345235280208,False,HIGH,20,2,3316,True,,LOW,0,,,False,0.0,LOW,1,0.10847718136675337,0.10847718136675337,False,LOW,0,0,True,LOW,0,,False,LOW,1,0
True,LOW,0,,True,LOW,0,,True,LOW,0,,True,LOW,0,,True,LOW,0,,True,LOW,0,,True,LOW,0,,False,,,تروبرد,False,LOW,0,0,True,,LOW,0,,,True,,LOW,0,,,True,LOW,0,,True,LOW,0,,True,LOW,0,,False,LOW,0,0,False,LOW,0,0,True,,LOW,0,,,True,,LOW,0,,,False,LOW,0,0,True,LOW,0,,True,,LOW,0,,,True,,LOW,0,,,True,LOW,0,,True,LOW,0,,False,LOW,0,0,False,,,15,MEDIUM,MISSING_STRUCTURED,OK,HIGH,OK,OK,OK,False,True,LOW,0,,3201,True,LOW,0,,False,LOW,0,0,True,,LOW,0,,,True,,LOW,0,,,False,,,تروبرد,True,LOW,0,,1996-03-29,False,,,1000,3171,False,,,گنبدکاووس,False,LOW,0,0,243453,TRAIN,False,LOW,0,0,True,LOW,0,,False,LOW,0,0,6,0,0,False,LOW,0,0,True,,LOW,0,,,True,,LOW,0,,,True,LOW,0,,False,LOW,0,0,False,LOW,0,0,True,,LOW,0,,,True,,LOW,0,,,False,MEDIUM-LOW,4,5.25,False,MEDIUM,7,7,False,MEDIUM,7,7,False,0.42857142857142855,MEDIUM,7,0.4125515619663172,0.4125515619663172,False,0.2857142857142857,MEDIUM,7,0.22090525735004332,0.22090525735004332,False,MEDIUM,7,2,3206,True,,LOW,0,,,True,,LOW,0,,,False,LOW,0,0,True,LOW,0,,False,LOW,0,0
True,LOW,0,,True,LOW,0,,True,LOW,0,,False,LOW,1,3.0,False,LOW,1,3.0,True,LOW,0,,False,LOW,1,3.0,False,,,تروبرد,False,LOW,1,1,False,1.0,LOW,1,0.4917697905993011,0.4917697905993011,False,0.0,LOW,1,0.10847718136675337,0.10847718136675337,False,LOW,1,3.0,False,LOW,1,3,False,LOW,1,3.0,False,LOW,1,1,False,LOW,1,1,False,1.0,LOW,1,0.4917697905993011,0.4917697905993011,False,0.0,LOW,1,0.10847718136675337,0.10847718136675337,False,LOW,1,0,True,LOW,0,,True,,LOW,0,,,True,,LOW,0,,,False,LOW,1,196,False,LOW,1,0.0,False,LOW,1,1,False,,,15,MEDIUM,MISSING_STRUCTURED,OK,HIGH,OK,OK,OK,False,True,LOW,0,,3142,False,LOW,1,3,False,LOW,0,0,True,,LOW,0,,,True,,LOW,0,,,False,,,تروبرد,True,LOW,0,,1996-03-29,False,,,1000,3171,False,,,گنبدکاووس,False,LOW,1,1,243454,TRAIN,False,LOW,0,0,True,LOW,0,,False,LOW,1,1,9,0,0,False,LOW,0,0,False,1.0,LOW,1,0.4917697905993011,0.4917697905993011,False,1.0,LOW,1,0.4917697905993011,0.4917697905993011,True,LOW,0,,False,LOW,1,1,False,LOW,0,0,True,,LOW,0,,,True,,LOW,0,,,False,LOW,1,7.0,False,HIGH,13,13,False,HIGH,13,13,False,0.07692307692307693,HIGH,13,0.16392326353310038,0.16392326353310038,False,0.0,HIGH,13,0.03615906045558445,0.03615906045558445,False,HIGH,13,0,3147,False,0.0,LOW,1,0.10847718136675337,0.10847718136675337,False,0.0,LOW,1,0.10847718136675337,0.10847718136675337,False,LOW,0,0,True,LOW,0,,False,LOW,1,0
True,LOW,0,,True,LOW,0,,True,LOW,0,,True,LOW,0,,True,LOW,0,,True,LOW,0,,True,LOW,0,,False,,,تروبرد,False,LOW,0,0,True,,LOW,0,,,True,,LOW,0,,,True,LOW,0,,True,LOW,0,,True,LOW,0,,False,LOW,0,0,False,LOW,0,0,True,,LOW,0,,,True,,LOW,0,,,False,LOW,0,0,True,LOW,0,,True,,LOW,0,,,True,,LOW,0,,,True,LOW,0,,True,LOW,0,,False,LOW,0,0,False,,,15,MEDIUM,MISSING_STRUCTURED,OK,HIGH,OK,OK,OK,False,True,LOW,0,,5369,True,LOW,0,,False,LOW,0,0,True,,LOW,0,,,True,,LOW,0,,,False,,,تروبرد,True,LOW,0,,1996-03-29,False,,,1000,3171,False,,,گنبدکاووس,False,LOW,0,0,243455,TRAIN,False,LOW,0,0,True,LOW,0,,False,LOW,0,0,3,1,0,False,LOW,0,0,True,,LOW,0,,,True,,LOW,0,,,True,LOW,0,,False,LOW,0,0,False,LOW,0,0,True,,LOW,0,,,True,,LOW,0,,,False,MEDIUM-LOW,4,5.25,False,HIGH,44,44,False,HIGH,44,44,False,0.2727272727272727,HIGH,44,0.28470650497134303,0.28470650497134303,False,0.06818181818181818,HIGH,44,0.07450740996327591,0.07450740996327591,False,HIGH,44,3,5376,True,,LOW,0,,,True,,LOW,0,,,False,LOW,0,0,True,LOW,0,,False,LOW,0,0
True,LOW,0,,True,LOW,0,,True,LOW,0,,False,LOW,1,6.0,False,LOW,1,6.0,True,LOW,0,,False,LOW,1,6.0,False,,,تروبرد,False,LOW,2,2,False,0.0,LOW,2,0.27865982051368665,0.27865982051368665,False,0.0,LOW,2,0.09298044117150288,0.09298044117150288,False,LOW,1,6.0,False,LOW,1,6,False,LOW,1,6.0,False,LOW,2,0,False,LOW,2,2,False,0.0,LOW,2,0.27865982051368665,0.27865982051368665,False,0.0,LOW,2,0.09298044117150288,0.09298044117150288,False,LOW,2,0,True,LOW,0,,True,,LOW,0,,,True,,LOW,0,,,False,LOW,1,168,False,LOW,2,0.0,False,LOW,2,2,False,,,15,MEDIUM,MISSING_STRUCTURED,OK,HIGH,OK,OK,OK,False,True,LOW,0,,3285,True,LOW,0,,False,LOW,1,1,True,,LOW,1,,,True,,LOW,1,,,False,,,تروبرد,True,LOW,0,,1996-03-29,False,,,1000,3171,False,,,گنبدکاووس,False,LOW,2,2,243456,TRAIN,False,LOW,0,0,True,LOW,0,,False,LOW,2,2,5,0,0,False,LOW,0,0,False,0.0,LOW,2,0.27865982051368665,0.27865982051368665,False,0.0,LOW,2,0.27865982051368665,0.27865982051368665,True,LOW,0,,False,LOW,2,0,False,LOW,0,0,True,,LOW,0,,,True,,LOW,0,,,False,MEDIUM-LOW,3,5.0,False,HIGH,15,15,False,HIGH,15,15,False,0.2,HIGH,15,0.24753093717979033,0.24753093717979033,False,0.06666666666666667,HIGH,15,0.082543154410026,0.082543154410026,False,HIGH,15,1,3290,False,0.0,LOW,2,0.09298044117150288,0.09298044117150288,False,0.0,LOW,2,0.09298044117150288,0.09298044117150288,False,LOW,0,0,True,LOW,0,,False,LOW,2,0
True,LOW,0,,True,LOW,0,,True,LOW,0,,False,LOW,1,2.0,False,LOW,1,2.0,True,LOW,0,,False,LOW,1,2.0,False,,,تروبرد,False,LOW,2,2,False,0.5,LOW,2,0.4215169633708295,0.4215169633708295,False,0.0,LOW,2,0.09298044117150288,0.09298044117150288,False,LOW,1,2.0,False,LOW,1,2,False,LOW,1,2.0,False,LOW,2,1,False,LOW,2,2,False,0.5,LOW,2,0.4215169633708295,0.4215169633708295,False,0.0,LOW,2,0.09298044117150288,0.09298044117150288,False,LOW,2,0,True,LOW,0,,True,,LOW,0,,,True,,LOW,0,,,False,LOW,1,168,False,LOW,2,0.0,False,LOW,2,2,False,,,15,MEDIUM,MISSING_STRUCTURED,OK,HIGH,OK,OK,OK,False,True,LOW,0,,3305,True,LOW,0,,False,LOW,0,0,True,,LOW,0,,,True,,LOW,0,,,False,,,تروبرد,True,LOW,0,,1996-03-29,False,,,1000,3171,False,,,گنبدکاووس,False,LOW,2,2,243457,TRAIN,False,LOW,0,0,True,LOW,0,,False,LOW,2,2,4,0,0,False,LOW,0,0,False,0.5,LOW,2,0.4215169633708295,0.4215169633708295,False,0.5,LOW,2,0.4215169633708295,0.4215169633708295,True,LOW,0,,False,LOW,2,1,False,LOW,0,0,True,,LOW,0,,,True,,LOW,0,,,False,MEDIUM,5,4.4,False,HIGH,25,25,False,HIGH,25,25,False,0.28,HIGH,25,0.29835395811986026,0.29835395811986026,False,0.16,HIGH,25,0.155028769606684,0.155028769606684,False,HIGH,25,4,3310,False,0.0,LOW,2,0.09298044117150288,0.09298044117150288,False,0.0,LOW,2,0.09298044117150288,0.09298044117150288,False,LOW,0,0,True,LOW,0,,False,LOW,2,0
True,LOW,0,,True,LOW,0,,True,LOW,0,,False,LOW,1,2.0,False,LOW,1,2.0,True,LOW,0,,False,LOW,1,2.0,False,,,تروبرد,False,LOW,1,1,False,1.0,LOW,1,0.4917697905993011,0.4917697905993011,False,0.0,LOW,1,0.10847718136675337,0.10847718136675337,False,LOW,1,2.0,False,LOW,1,2,False,LOW,1,2.0,False,LOW,1,1,False,LOW,1,1,False,1.0,LOW,1,0.4917697905993011,0.4917697905993011,False,0.0,LOW,1,0.10847718136675337,0.10847718136675337,False,LOW,1,0,True,LOW,0,,True,,LOW,0,,,True,,LOW,0,,,False,LOW,1,168,False,LOW,1,0.0,False,LOW,1,1,False,,,15,MEDIUM,MISSING_STRUCTURED,OK,HIGH,OK,OK,MISSING,False,True,LOW,0,,3293,False,LOW,1,2,False,LOW,0,0,True,,LOW,0,,,True,,LOW,0,,,False,,,تروبرد,True,LOW,0,,1996-03-29,False,,,1000,3171,False,,,گنبدکاووس,False,LOW,1,1,243458,TRAIN,False,LOW,0,0,True,LOW,0,,False,LOW,1,1,10,0,0,False,LOW,0,0,False,1.0,LOW,1,0.4917697905993011,0.4917697905993011,False,1.0,LOW,1,0.4917697905993011,0.4917697905993011,True,LOW,0,,False,LOW,1,1,False,LOW,0,0,True,,LOW,0,,,True,,LOW,0,,,True,LOW,0,,True,LOW,0,,True,LOW,0,,True,,LOW,0,,,True,,LOW,0,,,True,LOW,0,,3298,False,0.0,LOW,1,0.10847718136675337,0.10847718136675337,False,0.0,LOW,1,0.10847718136675337,0.10847718136675337,False,LOW,0,0,True,LOW,0,,False,LOW,1,0
True,LOW,0,,True,LOW,0,,True,LOW,0,,True,LOW,0,,True,LOW,0,,True,LOW,0,,True,LOW,0,,False,,,تروبرد,False,LOW,1,1,False,0.0,LOW,1,0.32510312393263446,0.32510312393263446,False,0.0,LOW,1,0.10847718136675337,0.10847718136675337,True,LOW,0,,True,LOW,0,,True,LOW,0,,False,LOW,1,0,False,LOW,1,1,False,0.0,LOW,1,0.32510312393263446,0.32510312393263446,False,0.0,LOW,1,0.10847718136675337,0.10847718136675337,False,LOW,1,0,True,LOW,0,,True,,LOW,0,,,True,,LOW,0,,,False,LOW,1,168,False,LOW,1,0.0,False,LOW,1,1,False,,,15,MEDIUM,MISSING_STRUCTURED,OK,HIGH,OK,INVALID_FINISH,OK,False,True,LOW,0,,3283,True,LOW,0,,False,LOW,1,1,True,,LOW,1,,,True,,LOW,1,,,False,,,تروبرد,True,LOW,0,,1996-03-29,False,,,1000,3171,False,,,گنبدکاووس,False,LOW,1,1,243459,TRAIN,False,LOW,0,0,True,LOW,0,,False,LOW,1,1,,,,False,LOW,0,0,True,,LOW,0,,,False,0.0,LOW,1,0.32510312393263446,0.32510312393263446,True,LOW,0,,False,LOW,1,0,False,LOW,0,0,True,,LOW,0,,,True,,LOW,0,,,False,MEDIUM,5,7.0,False,HIGH,23,23,False,HIGH,23,23,False,0.17391304347826086,HIGH,23,0.2125220979855645,0.2125220979855645,False,0.0,HIGH,23,0.02324511029287572,0.02324511029287572,False,HIGH,23,0,3288,True,,LOW,0,,,False,0.0,LOW,1,0.10847718136675337,0.10847718136675337,False,LOW,0,0,True,LOW,0,,False,LOW,1,0
True,LOW,0,,True,LOW,0,,True,LOW,0,,False,LOW,1,8.0,False,LOW,1,8.0,True,LOW,0,,False,LOW,1,8.0,False,,,تروبرد,False,LOW,2,2,False,0.0,LOW,2,0.27865982051368665,0.27865982051368665,False,0.0,LOW,2,0.09298044117150288,0.09298044117150288,False,LOW,1,8.0,False,LOW,1,8,False,LOW,1,8.0,False,LOW,2,0,False,LOW,2,2,False,0.0,LOW,2,0.27865982051368665,0.27865982051368665,False,0.0,LOW,2,0.09298044117150288,0.09298044117150288,False,LOW,2,0,True,LOW,0,,True,,LOW,0,,,True,,LOW,0,,,False,LOW,1,168,False,LOW,2,0.0,False,LOW,2,2,False,,,15,MEDIUM,MISSING_STRUCTURED,OK,HIGH,OK,INVALID_FINISH,OK,False,True,LOW,0,,3263,True,LOW,0,,False,LOW,0,0,True,,LOW,0,,,True,,LOW,0,,,False,,,تروبرد,True,LOW,0,,1996-03-29,False,,,1000,3171,False,,,گنبدکاووس,False,LOW,2,2,243460,TRAIN,False,LOW,0,0,True,LOW,0,,False,LOW,2,2,,,,False,LOW,0,0,False,0.0,LOW,2,0.27865982051368665,0.27865982051368665,False,0.0,LOW,2,0.27865982051368665,0.27865982051368665,True,LOW,0,,False,LOW,2,0,False,LOW,0,0,True,,LOW,0,,,True,,LOW,0,,,False,LOW,1,8.0,False,MEDIUM,9,9,False,MEDIUM,9,9,False,0.0,MEDIUM,9,0.13932991025684333,0.13932991025684333,False,0.0,MEDIUM,9,0.04649022058575144,0.04649022058575144,False,MEDIUM,9,0,3268,False,0.0,LOW,2,0.09298044117150288,0.09298044117150288,False,0.0,LOW,2,0.09298044117150288,0.09298044117150288,False,LOW,0,0,True,LOW,0,,False,LOW,2,0
True,LOW,0,,True,LOW,0,,True,LOW,0,,True,LOW,0,,True,LOW,0,,True,LOW,0,,True,LOW,0,,False,,,تروبرد,False,LOW,1,1,False,0.0,LOW,1,0.32510312393263446,0.32510312393263446,False,0.0,LOW,1,0.10847718136675337,0.10847718136675337,True,LOW,0,,True,LOW,0,,True,LOW,0,,False,LOW,1,0,False,LOW,1,1,False,0.0,LOW,1,0.32510312393263446,0.32510312393263446,False,0.0,LOW,1,0.10847718136675337,0.10847718136675337,False,LOW,1,0,True,LOW,0,,True,,LOW,0,,,True,,LOW,0,,,False,LOW,1,168,False,LOW,1,0.0,False,LOW,1,1,False,,,15,MEDIUM,MISSING_STRUCTURED,OK,HIGH,OK,OK,OK,False,True,LOW,0,,3280,True,LOW,0,,False,LOW,1,1,True,,LOW,1,,,True,,LOW,1,,,False,,,تروبرد,True,LOW,0,,1996-03-29,False,,,1000,3171,False,,,گنبدکاووس,False,LOW,1,1,243461,TRAIN,False,LOW,0,0,True,LOW,0,,False,LOW,1,1,7,0,0,False,LOW,0,0,True,,LOW,0,,,False,0.0,LOW,1,0.32510312393263446,0.32510312393263446,True,LOW,0,,False,LOW,1,0,False,LOW,0,0,True,,LOW,0,,,True,,LOW,0,,,False,MEDIUM-LOW,4,3.5,False,MEDIUM,9,9,False,MEDIUM,9,9,False,0.3333333333333333,MEDIUM,9,0.3536156245425576,0.3536156245425576,False,0.1111111111111111,MEDIUM,9,0.11791879201432287,0.11791879201432287,False,MEDIUM,9,1,3285,True,,LOW,0,,,False,0.0,LOW,1,0.10847718136675337,0.10847718136675337,False,LOW,0,0,True,LOW,0,,False,LOW,1,0
True,LOW,0,,True,LOW,0,,True,LOW,0,,True,LOW,0,,True,LOW,0,,True,LOW,0,,True,LOW,0,,False,,,تروبرد,False,LOW,0,0,True,,LOW,0,,,True,,LOW,0,,,True,LOW,0,,True,LOW,0,,True,LOW,0,,False,LOW,0,0,False,LOW,0,0,True,,LOW,0,,,True,,LOW,0,,,False,LOW,0,0,True,LOW,0,,True,,LOW,0,,,True,,LOW,0,,,True,LOW,0,,True,LOW,0,,False,LOW,0,0,False,,,15,MEDIUM,MISSING_STRUCTURED,OK,HIGH,OK,INVALID_FINISH,OK,False,True,LOW,0,,9245,True,LOW,0,,False,LOW,0,0,True,,LOW,0,,,True,,LOW,0,,,False,,,تروبرد,True,LOW,0,,1996-03-29,False,,,1000,3171,False,,,گنبدکاووس,False,LOW,0,0,243462,TRAIN,False,LOW,0,0,True,LOW,0,,False,LOW,0,0,,,,False,LOW,0,0,True,,LOW,0,,,True,,LOW,0,,,True,LOW,0,,False,LOW,0,0,False,LOW,0,0,True,,LOW,0,,,True,,LOW,0,,,False,MEDIUM-LOW,3,3.3333333333333335,False,MEDIUM-LOW,4,4,False,MEDIUM-LOW,4,4,False,0.5,MEDIUM-LOW,4,0.43895763817731187,0.43895763817731187,False,0.0,MEDIUM-LOW,4,0.0723181209111689,0.0723181209111689,False,MEDIUM-LOW,4,0,9259,True,,LOW,0,,,True,,LOW,0,,,False,LOW,0,0,True,LOW,0,,False,LOW,0,0
True,LOW,0,,True,LOW,0,,True,LOW,0,,True,LOW,0,,True,LOW,0,,True,LOW,0,,True,LOW,0,,False,,,تروبرد,False,LOW,0,0,True,,LOW,0,,,True,,LOW,0,,,True,LOW,0,,True,LOW,0,,True,LOW,0,,False,LOW,0,0,False,LOW,0,0,True,,LOW,0,,,True,,LOW,0,,,False,LOW,0,0,True,LOW,0,,True,,LOW,0,,,True,,LOW,0,,,True,LOW,0,,True,LOW,0,,False,LOW,0,0,False,,,15,MEDIUM,MISSING_STRUCTURED,OK,HIGH,OK,INVALID_FINISH,OK,False,True,LOW,0,,5391,True,LOW,0,,False,LOW,0,0,True,,LOW,0,,,True,,LOW,0,,,False,,,تروبرد,True,LOW,0,,1996-03-29,False,,,1000,3171,False,,,گنبدکاووس,False,LOW,0,0,243463,TRAIN,False,LOW,0,0,True,LOW,0,,False,LOW,0,0,,,,False,LOW,0,0,True,,LOW,0,,,True,,LOW,0,,,True,LOW,0,,False,LOW,0,0,False,LOW,0,0,True,,LOW,0,,,True,,LOW,0,,,True,LOW,0,,False,LOW,2,2,False,LOW,2,2,False,0.0,LOW,2,0.27865982051368665,0.27865982051368665,False,0.0,LOW,2,0.09298044117150288,0.09298044117150288,False,LOW,2,0,5398,True,,LOW,0,,,True,,LOW,0,,,False,LOW,0,0,True,LOW,0,,False,LOW,0,0
True,LOW,0,,True,LOW,0,,True,LOW,0,,True,LOW,0,,True,LOW,0,,True,LOW,0,,True,LOW,0,,False,,,تروبرد,False,LOW,0,0,True,,LOW,0,,,True,,LOW,0,,,True,LOW,0,,True,LOW,0,,True,LOW,0,,False,LOW,0,0,False,LOW,0,0,True,,LOW,0,,,True,,LOW,0,,,False,LOW,0,0,True,LOW,0,,True,,LOW,0,,,True,,LOW,0,,,True,LOW,0,,True,LOW,0,,False,LOW,0,0,False,,,15,MEDIUM,MISSING_STRUCTURED,OK,HIGH,OK,OK,OK,False,True,LOW,0,,3198,True,LOW,0,,False,LOW,0,0,True,,LOW,0,,,True,,LOW,0,,,False,,,تروبرد,True,LOW,0,,1996-03-29,False,,,1000,3171,False,,,گنبدکاووس,False,LOW,0,0,243464,TRAIN,False,LOW,0,0,True,LOW,0,,False,LOW,0,0,1,1,1,False,LOW,0,0,True,,LOW,0,,,True,,LOW,0,,,True,LOW,0,,False,LOW,0,0,False,LOW,0,0,True,,LOW,0,,,True,,LOW,0,,,False,MEDIUM-LOW,4,4.0,False,HIGH,11,11,False,HIGH,11,11,False,0.45454545454545453,HIGH,11,0.4344136714747379,0.4344136714747379,False,0.09090909090909091,HIGH,11,0.10317894301253251,0.10317894301253251,False,HIGH,11,1,3203,True,,LOW,0,,,True,,LOW,0,,,False,LOW,0,0,True,LOW,0,,False,LOW,0,0
True,LOW,0,,True,LOW,0,,True,LOW,0,,True,LOW,0,,True,LOW,0,,True,LOW,0,,True,LOW,0,,False,,,تروبرد,False,LOW,2,2,False,0.0,LOW,2,0.27865982051368665,0.27865982051368665,False,0.0,LOW,2,0.09298044117150288,0.09298044117150288,True,LOW,0,,True,LOW,0,,True,LOW,0,,False,LOW,2,0,False,LOW,2,2,False,0.0,LOW,2,0.27865982051368665,0.27865982051368665,False,0.0,LOW,2,0.09298044117150288,0.09298044117150288,False,LOW,2,0,True,LOW,0,,True,,LOW,0,,,True,,LOW,0,,,False,LOW,1,168,False,LOW,2,0.0,False,LOW,2,2,False,,,15,MEDIUM,MISSING_STRUCTURED,OK,HIGH,OK,OK,MISSING,False,True,LOW,0,,3296,True,LOW,0,,False,LOW,0,0,True,,LOW,0,,,True,,LOW,0,,,False,,,تروبرد,True,LOW,0,,1996-03-29,False,,,1000,3171,False,,,گنبدکاووس,False,LOW,2,2,243465,TRAIN,False,LOW,0,0,True,LOW,0,,False,LOW,2,2,8,0,0,False,LOW,0,0,True,,LOW,0,,,False,0.0,LOW,2,0.27865982051368665,0.27865982051368665,True,LOW,0,,False,LOW,2,0,False,LOW,0,0,True,,LOW,0,,,True,,LOW,0,,,True,LOW,0,,True,LOW,0,,True,LOW,0,,True,,LOW,0,,,True,,LOW,0,,,True,LOW,0,,3301,True,,LOW,0,,,False,0.0,LOW,2,0.09298044117150288,0.09298044117150288,False,LOW,0,0,True,LOW,0,,False,LOW,2,0
True,LOW,0,,True,LOW,0,,True,LOW,0,,True,LOW,0,,True,LOW,0,,True,LOW,0,,True,LOW,0,,False,,,تروبرد,False,LOW,0,0,True,,LOW,0,,,True,,LOW,0,,,True,LOW,0,,True,LOW,0,,True,LOW,0,,False,LOW,0,0,False,LOW,0,0,True,,LOW,0,,,True,,LOW,0,,,False,LOW,0,0,True,LOW,0,,True,,LOW,0,,,True,,LOW,0,,,True,LOW,0,,True,LOW,0,,False,LOW,0,0,False,,,15,MEDIUM,MISSING_STRUCTURED,OK,HIGH,OK,INVALID_FINISH,OK,False,True,LOW,0,,9247,True,LOW,0,,False,LOW,0,0,True,,LOW,0,,,True,,LOW,0,,,False,,,تروبرد,True,LOW,0,,1996-03-29,False,,,1000,3171,False,,,گنبدکاووس,False,LOW,0,0,243466,TRAIN,False,LOW,0,0,True,LOW,0,,False,LOW,0,0,,,,False,LOW,0,0,True,,LOW,0,,,True,,LOW,0,,,True,LOW,0,,False,LOW,0,0,False,LOW,0,0,True,,LOW,0,,,True,,LOW,0,,,False,LOW,2,1.5,False,HIGH,21,21,False,HIGH,21,21,False,0.19047619047619047,HIGH,21,0.2288699516767618,0.2288699516767618,False,0.09523809523809523,HIGH,21,0.10195627262309692,0.10195627262309692,False,HIGH,21,2,9261,True,,LOW,0,,,True,,LOW,0,,,False,LOW,0,0,True,LOW,0,,False,LOW,0,0
True,LOW,0,,False,,,56.0,False,LOW,1,4.0,False,LOW,1,4.0,False,LOW,1,4.0,True,LOW,0,,False,LOW,1,4.0,False,,,تروبرد,False,LOW,1,1,False,0.0,LOW,1,0.32510312393263446,0.32510312393263446,False,0.0,LOW,1,0.10847718136675337,0.10847718136675337,False,LOW,1,4.0,False,LOW,1,4,False,LOW,1,4.0,False,LOW,1,0,False,LOW,1,1,False,0.0,LOW,1,0.32510312393263446,0.32510312393263446,False,0.0,LOW,1,0.10847718136675337,0.10847718136675337,False,LOW,1,0,True,LOW,0,,True,,LOW,0,,,True,,LOW,0,,,False,LOW,1,133,False,LOW,1,0.0,False,LOW,1,1,False,,,10,MEDIUM,MISSING_STRUCTURED,OK,HIGH,OK,OK,OK,False,True,LOW,0,,3118,False,LOW,1,4,False,LOW,1,1,True,,LOW,1,,,True,,LOW,1,,,False,,,تروبرد,True,LOW,0,,1996-03-29,False,,,1000,3172,False,,,گنبدکاووس,False,LOW,1,1,243467,TRAIN,False,LOW,1,1,True,LOW,0,,False,LOW,1,1,2,1,0,False,LOW,1,0,False,0.0,LOW,1,0.32510312393263446,0.32510312393263446,False,0.0,LOW,1,0.32510312393263446,0.32510312393263446,True,LOW,0,,False,LOW,1,0,False,LOW,1,1,False,0.0,LOW,1,0.32510312393263446,0.32510312393263446,False,0.0,LOW,1,0.10847718136675337,0.10847718136675337,False,MEDIUM,5,6.4,False,MEDIUM,5,5,False,MEDIUM,5,5,False,0.2,MEDIUM,5,0.29506187435958064,0.29506187435958064,False,0.2,MEDIUM,5,0.165086308820052,0.165086308820052,False,MEDIUM,5,1,3123,False,0.0,LOW,1,0.10847718136675337,0.10847718136675337,False,0.0,LOW,1,0.10847718136675337,0.10847718136675337,False,LOW,1,0,True,LOW,0,,False,LOW,1,0
True,LOW,0,,False,,,54.0,False,LOW,1,2.0,False,LOW,1,2.0,False,LOW,1,2.0,True,LOW,0,,True,LOW,0,,False,,,تروبرد,False,MEDIUM-LOW,3,3,False,0.3333333333333333,MEDIUM-LOW,3,0.36882734294947583,0.36882734294947583,False,0.0,MEDIUM-LOW,3,0.08135788602506502,0.08135788602506502,False,LOW,1,2.0,False,LOW,1,2,False,LOW,1,2.0,False,MEDIUM-LOW,3,1,False,MEDIUM-LOW,3,3,False,0.3333333333333333,MEDIUM-LOW,3,0.36882734294947583,0.36882734294947583,False,0.0,MEDIUM-LOW,3,0.08135788602506502,0.08135788602506502,False,MEDIUM-LOW,3,0,True,LOW,0,,True,,LOW,0,,,True,,LOW,0,,,False,LOW,1,168,False,MEDIUM-LOW,3,616.6666666666666,False,LOW,0,0,False,,,10,MEDIUM,MISSING_STRUCTURED,OK,HIGH,OK,MISSING_FINISH,OK,False,True,LOW,0,,3501,True,LOW,0,,False,LOW,0,0,True,,LOW,0,,,True,,LOW,0,,,False,,,تروبرد,True,LOW,0,,1996-03-29,False,,,1000,3172,False,,,گنبدکاووس,False,MEDIUM-LOW,3,3,243468,TRAIN,False,LOW,1,1,True,LOW,0,,False,LOW,0,0,,,,False,LOW,1,1,False,0.3333333333333333,MEDIUM-LOW,3,0.36882734294947583,0.36882734294947583,True,,LOW,0,,,True,LOW,0,,False,LOW,0,0,False,LOW,1,1,False,1.0,LOW,1,0.4917697905993011,0.4917697905993011,False,0.0,LOW,1,0.10847718136675337,0.10847718136675337,False,LOW,1,2.0,False,HIGH,22,22,False,HIGH,22,22,False,0.18181818181818182,HIGH,22,0.22039328679984468,0.22039328679984468,False,0.09090909090909091,HIGH,22,0.09818011437779704,0.09818011437779704,False,HIGH,22,2,3506,False,0.0,MEDIUM-LOW,3,0.08135788602506502,0.08135788602506502,True,,LOW,0,,,False,LOW,1,0,True,LOW,0,,False,LOW,0,0
True,LOW,0,,False,,,53.0,False,LOW,1,1.0,False,LOW,1,1.0,False,LOW,1,1.0,True,LOW,0,,True,LOW,0,,False,,,تروبرد,False,LOW,1,1,False,1.0,LOW,1,0.4917697905993011,0.4917697905993011,False,1.0,LOW,1,0.27514384803342,0.27514384803342,False,LOW,1,1.0,False,LOW,1,1,False,LOW,1,1.0,False,LOW,1,1,False,LOW,1,1,False,1.0,LOW,1,0.4917697905993011,0.4917697905993011,False,1.0,LOW,1,0.27514384803342,0.27514384803342,False,LOW,1,1,True,LOW,0,,True,,LOW,0,,,True,,LOW,0,,,False,LOW,1,336,False,LOW,1,650.0,False,LOW,0,0,False,,,10,LOW,MISSING_STRUCTURED,OK,HIGH,OK,OK,OK,False,True,LOW,0,,3253,False,LOW,1,1,False,LOW,0,0,True,,LOW,0,,,True,,LOW,0,,,False,,,تروبرد,True,LOW,0,,1996-03-29,False,,,1000,3172,False,,,گنبدکاووس,False,LOW,1,1,243469,TRAIN,False,LOW,1,1,True,LOW,0,,False,LOW,0,0,6,0,0,False,LOW,1,1,False,1.0,LOW,1,0.4917697905993011,0.4917697905993011,True,,LOW,0,,,True,LOW,0,,False,LOW,0,0,False,LOW,1,1,False,1.0,LOW,1,0.4917697905993011,0.4917697905993011,False,1.0,LOW,1,0.27514384803342,0.27514384803342,False,MEDIUM-LOW,4,6.5,False,MEDIUM,8,8,False,MEDIUM,8,8,False,0.375,MEDIUM,8,0.3808168264304467,0.3808168264304467,False,0.25,MEDIUM,8,0.20391254524619384,0.20391254524619384,False,MEDIUM,8,2,3258,False,1.0,LOW,1,0.27514384803342,0.27514384803342,True,,LOW,0,,,False,LOW,1,1,True,LOW,0,,False,LOW,0,0
True,LOW,0,,False,,,52.0,True,LOW,0,,True,LOW,0,,True,LOW,0,,True,LOW,0,,True,LOW,0,,False,,,تروبرد,False,LOW,0,0,True,,LOW,0,,,True,,LOW,0,,,True,LOW,0,,True,LOW,0,,True,LOW,0,,False,LOW,0,0,False,LOW,0,0,True,,LOW,0,,,True,,LOW,0,,,False,LOW,0,0,True,LOW,0,,True,,LOW,0,,,True,,LOW,0,,,True,LOW,0,,True,LOW,0,,False,LOW,0,0,False,,,10,MEDIUM,MISSING_STRUCTURED,OK,HIGH,OK,OK,OK,False,True,LOW,0,,3163,True,LOW,0,,False,LOW,0,0,True,,LOW,0,,,True,,LOW,0,,,False,,,تروبرد,True,LOW,0,,1996-03-29,False,,,1000,3172,False,,,گنبدکاووس,False,LOW,0,0,243470,TRAIN,False,LOW,0,0,True,LOW,0,,False,LOW,0,0,8,0,0,False,LOW,0,0,True,,LOW,0,,,True,,LOW,0,,,True,LOW,0,,False,LOW,0,0,False,LOW,0,0,True,,LOW,0,,,True,,LOW,0,,,False,MEDIUM,5,4.2,False,HIGH,15,15,False,HIGH,15,15,False,0.3333333333333333,HIGH,15,0.34753093717979033,0.34753093717979033,False,0.13333333333333333,HIGH,15,0.132543154410026,0.132543154410026,False,HIGH,15,2,3168,True,,LOW,0,,,True,,LOW,0,,,False,LOW,0,0,True,LOW,0,,False,LOW,0,0
True,LOW,0,,False,,,54.5,False,LOW,1,3.0,False,LOW,1,3.0,False,LOW,1,3.0,True,LOW,0,,True,LOW,0,,False,,,تروبرد,False,LOW,1,1,False,1.0,LOW,1,0.4917697905993011,0.4917697905993011,False,0.0,LOW,1,0.10847718136675337,0.10847718136675337,False,LOW,1,3.0,False,LOW,1,3,False,LOW,1,3.0,False,LOW,1,1,False,LOW,1,1,False,1.0,LOW,1,0.4917697905993011,0.4917697905993011,False,0.0,LOW,1,0.10847718136675337,0.10847718136675337,False,LOW,1,0,True,LOW,0,,True,,LOW,0,,,True,,LOW,0,,,False,LOW,1,119,False,LOW,1,1400.0,False,LOW,0,0,False,,,10,LOW,MISSING_STRUCTURED,OK,HIGH,OK,OK,OK,False,True,LOW,0,,3378,False,LOW,1,3,False,LOW,1,1,True,,LOW,1,,,True,,LOW,1,,,False,,,تروبرد,True,LOW,0,,1996-03-29,False,,,1000,3172,False,,,گنبدکاووس,False,LOW,1,1,243471,TRAIN,False,LOW,1,1,True,LOW,0,,False,LOW,0,0,5,0,0,False,LOW,1,1,False,1.0,LOW,1,0.4917697905993011,0.4917697905993011,True,,LOW,0,,,True,LOW,0,,False,LOW,0,0,False,LOW,1,1,False,1.0,LOW,1,0.4917697905993011,0.4917697905993011,False,0.0,LOW,1,0.10847718136675337,0.10847718136675337,False,MEDIUM,5,4.8,False,HIGH,16,16,False,HIGH,16,16,False,0.3125,HIGH,16,0.33098184493313365,0.33098184493313365,False,0.125,HIGH,16,0.1262315756285962,0.1262315756285962,False,HIGH,16,2,3383,False,0.0,LOW,1,0.10847718136675337,0.10847718136675337,True,,LOW,0,,,False,LOW,1,0,True,LOW,0,,False,LOW,0,0
True,LOW,0,,False,,,56.0,False,MEDIUM-LOW,3,4.333333333333333,False,MEDIUM-LOW,3,3.6666666666666665,False,MEDIUM-LOW,4,4.25,True,LOW,0,,False,LOW,1,5.0,False,,,تروبرد,False,MEDIUM-LOW,4,4,False,0.25,MEDIUM-LOW,4,0.32784652706620077,0.32784652706620077,False,0.0,MEDIUM-LOW,4,0.0723181209111689,0.0723181209111689,False,MEDIUM-LOW,4,4.25,False,MEDIUM-LOW,4,2,False,MEDIUM-LOW,4,4.5,False,MEDIUM-LOW,4,1,False,MEDIUM-LOW,4,4,False,0.25,MEDIUM-LOW,4,0.32784652706620077,0.32784652706620077,False,0.0,MEDIUM-LOW,4,0.0723181209111689,0.0723181209111689,False,MEDIUM-LOW,4,0,True,LOW,0,,True,,LOW,0,,,True,,LOW,0,,,False,LOW,1,119,False,MEDIUM-LOW,4,687.5,False,LOW,1,1,False,,,10,MEDIUM,MISSING_STRUCTURED,OK,HIGH,OK,OK,OK,False,False,MEDIUM-LOW,4,1.5,2836,False,LOW,1,2,False,LOW,0,0,True,,LOW,0,,,True,,LOW,0,,,False,,,تروبرد,True,LOW,0,,1996-03-29,False,,,1000,3172,False,,,گنبدکاووس,False,MEDIUM-LOW,4,4,243472,TRAIN,False,MEDIUM-LOW,3,3,True,LOW,0,,False,LOW,1,1,3,1,0,False,MEDIUM-LOW,3,1,False,0.25,MEDIUM-LOW,4,0.32784652706620077,0.32784652706620077,False,0.0,LOW,1,0.32510312393263446,0.32510312393263446,True,LOW,0,,False,LOW,1,0,False,MEDIUM-LOW,3,3,False,0.3333333333333333,MEDIUM-LOW,3,0.36882734294947583,0.36882734294947583,False,0.0,MEDIUM-LOW,3,0.08135788602506502,0.08135788602506502,False,LOW,1,6.0,False,MEDIUM-LOW,3,3,False,MEDIUM-LOW,3,3,False,0.0,MEDIUM-LOW,3,0.24382734294947583,0.24382734294947583,False,0.0,MEDIUM-LOW,3,0.08135788602506502,0.08135788602506502,False,MEDIUM-LOW,3,0,2839,False,0.0,MEDIUM-LOW,4,0.0723181209111689,0.0723181209111689,False,0.0,LOW,1,0.10847718136675337,0.10847718136675337,False,MEDIUM-LOW,3,0,True,LOW,0,,False,LOW,1,0
True,LOW,0,,False,,,52.5,False,LOW,2,2.0,False,LOW,2,2.0,False,LOW,2,2.0,True,LOW,0,,False,LOW,1,3.0,False,,,تروبرد,False,MEDIUM-LOW,3,3,False,0.6666666666666666,MEDIUM-LOW,3,0.49382734294947583,0.49382734294947583,False,0.3333333333333333,MEDIUM-LOW,3,0.20635788602506502,0.20635788602506502,False,LOW,2,2.0,False,LOW,2,1,False,LOW,2,2.0,False,MEDIUM-LOW,3,2,False,MEDIUM-LOW,3,3,False,0.6666666666666666,MEDIUM-LOW,3,0.49382734294947583,0.49382734294947583,False,0.3333333333333333,MEDIUM-LOW,3,0.20635788602506502,0.20635788602506502,False,MEDIUM-LOW,3,1,True,LOW,0,,True,,LOW,0,,,True,,LOW,0,,,False,LOW,1,119,False,MEDIUM-LOW,3,466.6666666666667,False,LOW,2,2,False,,,10,MEDIUM,MISSING_STRUCTURED,OK,HIGH,OK,OK,MISSING,False,False,LOW,2,2.0,3375,False,LOW,1,1,False,LOW,1,1,True,,LOW,1,,,True,,LOW,1,,,False,,,تروبرد,True,LOW,0,,1996-03-29,False,,,1000,3172,False,,,گنبدکاووس,False,MEDIUM-LOW,3,3,243473,TRAIN,False,MEDIUM-LOW,3,3,True,LOW,0,,False,LOW,2,2,1,1,1,False,MEDIUM-LOW,3,2,False,0.6666666666666666,MEDIUM-LOW,3,0.49382734294947583,0.49382734294947583,False,0.5,LOW,2,0.4215169633708295,0.4215169633708295,True,LOW,0,,False,LOW,2,1,False,MEDIUM-LOW,3,3,False,0.6666666666666666,MEDIUM-LOW,3,0.49382734294947583,0.49382734294947583,False,0.3333333333333333,MEDIUM-LOW,3,0.20635788602506502,0.20635788602506502,True,LOW,0,,True,LOW,0,,True,LOW,0,,True,,LOW,0,,,True,,LOW,0,,,True,LOW,0,,3380,False,0.3333333333333333,MEDIUM-LOW,3,0.20635788602506502,0.20635788602506502,False,0.0,LOW,2,0.09298044117150288,0.09298044117150288,False,MEDIUM-LOW,3,1,True,LOW,0,,False,LOW,2,0
True,LOW,0,,False,,,54.0,True,LOW,0,,True,LOW,0,,True,LOW,0,,True,LOW,0,,True,LOW,0,,False,,,تروبرد,False,LOW,0,0,True,,LOW,0,,,True,,LOW,0,,,True,LOW,0,,True,LOW,0,,True,LOW,0,,False,LOW,0,0,False,LOW,0,0,True,,LOW,0,,,True,,LOW,0,,,False,LOW,0,0,True,LOW,0,,True,,LOW,0,,,True,,LOW,0,,,True,LOW,0,,True,LOW,0,,False,LOW,0,0,False,,,10,MEDIUM,MISSING_STRUCTURED,OK,HIGH,OK,OK,MISSING,False,True,LOW,0,,3211,True,LOW,0,,False,LOW,1,1,True,,LOW,1,,,True,,LOW,1,,,False,,,تروبرد,True,LOW,0,,1996-03-29,False,,,1000,3172,False,,,گنبدکاووس,False,LOW,0,0,243474,TRAIN,False,LOW,0,0,True,LOW,0,,False,LOW,0,0,4,0,0,False,LOW,0,0,True,,LOW,0,,,True,,LOW,0,,,True,LOW,0,,False,LOW,0,0,False,LOW,0,0,True,,LOW,0,,,True,,LOW,0,,,True,LOW,0,,True,LOW,0,,True,LOW,0,,True,,LOW,0,,,True,,LOW,0,,,True,LOW,0,,3216,True,,LOW,0,,,True,,LOW,0,,,False,LOW,0,0,True,LOW,0,,False,LOW,0,0
True,LOW,0,,False,,,52.0,False,LOW,2,4.0,False,MEDIUM-LOW,3,4.666666666666667,False,MEDIUM-LOW,3,4.666666666666667,True,LOW,0,,False,LOW,1,3.0,False,,,تروبرد,False,MEDIUM-LOW,3,3,False,0.3333333333333333,MEDIUM-LOW,3,0.36882734294947583,0.36882734294947583,False,0.0,MEDIUM-LOW,3,0.08135788602506502,0.08135788602506502,False,MEDIUM-LOW,3,4.666666666666667,False,MEDIUM-LOW,3,3,False,MEDIUM-LOW,3,5.0,False,MEDIUM-LOW,3,1,False,MEDIUM-LOW,3,3,False,0.3333333333333333,MEDIUM-LOW,3,0.36882734294947583,0.36882734294947583,False,0.0,MEDIUM-LOW,3,0.08135788602506502,0.08135788602506502,False,MEDIUM-LOW,3,0,True,LOW,0,,True,,LOW,0,,,True,,LOW,0,,,False,LOW,1,119,False,MEDIUM-LOW,3,700.0,False,LOW,1,1,False,,,10,MEDIUM,MISSING_STRUCTURED,OK,HIGH,OK,OK,OK,False,False,MEDIUM-LOW,3,2.0,3379,False,LOW,1,5,False,MEDIUM-LOW,3,3,True,,LOW,3,,,True,,LOW,3,,,False,,,تروبرد,True,LOW,0,,1996-03-29,False,,,1000,3172,False,,,گنبدکاووس,False,MEDIUM-LOW,3,3,243475,TRAIN,False,LOW,2,2,True,LOW,0,,False,LOW,1,1,7,0,0,False,LOW,2,1,False,0.3333333333333333,MEDIUM-LOW,3,0.36882734294947583,0.36882734294947583,False,1.0,LOW,1,0.4917697905993011,0.4917697905993011,True,LOW,0,,False,LOW,1,1,False,LOW,2,2,False,0.5,LOW,2,0.4215169633708295,0.4215169633708295,False,0.0,LOW,2,0.09298044117150288,0.09298044117150288,False,MEDIUM-LOW,4,4.75,False,HIGH,45,45,False,HIGH,45,45,False,0.28888888888888886,HIGH,45,0.2990123748719162,0.2990123748719162,False,0.06666666666666667,HIGH,45,0.0730172617640104,0.0730172617640104,False,HIGH,45,3,3384,False,0.0,MEDIUM-LOW,3,0.08135788602506502,0.08135788602506502,False,0.0,LOW,1,0.10847718136675337,0.10847718136675337,False,LOW,2,0,True,LOW,0,,False,LOW,1,0
True,LOW,0,,False,,,54.5,False,LOW,1,2.0,False,LOW,2,2.5,False,LOW,2,2.5,True,LOW,0,,True,LOW,0,,False,,,تروبرد,False,LOW,2,2,False,1.0,LOW,2,0.5643741062279723,0.5643741062279723,False,0.0,LOW,2,0.09298044117150288,0.09298044117150288,False,LOW,2,2.5,False,LOW,2,2,False,LOW,2,2.5,False,LOW,2,2,False,LOW,2,2,False,1.0,LOW,2,0.5643741062279723,0.5643741062279723,False,0.0,LOW,2,0.09298044117150288,0.09298044117150288,False,LOW,2,0,True,LOW,0,,True,,LOW,0,,,True,,LOW,0,,,False,LOW,1,168,False,LOW,2,825.0,False,LOW,0,0,False,,,10,MEDIUM,MISSING_STRUCTURED,OK,HIGH,OK,MISSING_FINISH,OK,False,False,LOW,2,-1.0,3255,False,LOW,1,3,False,LOW,2,2,True,,LOW,2,,,True,,LOW,2,,,False,,,تروبرد,True,LOW,0,,1996-03-29,False,,,1000,3172,False,,,گنبدکاووس,False,LOW,2,2,243476,TRAIN,False,LOW,1,1,True,LOW,0,,False,LOW,0,0,,,,False,LOW,1,1,False,1.0,LOW,2,0.5643741062279723,0.5643741062279723,True,,LOW,0,,,True,LOW,0,,False,LOW,0,0,False,LOW,1,1,False,1.0,LOW,1,0.4917697905993011,0.4917697905993011,False,0.0,LOW,1,0.10847718136675337,0.10847718136675337,False,MEDIUM,5,3.8,False,MEDIUM,6,6,False,MEDIUM,6,6,False,0.6666666666666666,MEDIUM,6,0.5409653403268915,0.5409653403268915,False,0.16666666666666666,MEDIUM,6,0.15007846256368365,0.15007846256368365,False,MEDIUM,6,1,3260,False,0.0,LOW,2,0.09298044117150288,0.09298044117150288,True,,LOW,0,,,False,LOW,1,0,True,LOW,0,,False,LOW,0,0
True,LOW,0,,True,LOW,0,,True,LOW,0,,True,LOW,0,,True,LOW,0,,True,LOW,0,,True,LOW,0,,False,,,تروبرد,False,LOW,0,0,True,,LOW,0,,,True,,LOW,0,,,True,LOW,0,,True,LOW,0,,True,LOW,0,,False,LOW,0,0,False,LOW,0,0,True,,LOW,0,,,True,,LOW,0,,,False,LOW,0,0,True,LOW,0,,True,,LOW,0,,,True,,LOW,0,,,True,LOW,0,,True,LOW,0,,False,LOW,0,0,False,,,15,MEDIUM,MISSING_STRUCTURED,OK,HIGH,OK,OK,OK,False,True,LOW,0,,3214,True,LOW,0,,False,LOW,0,0,True,,LOW,0,,,True,,LOW,0,,,False,,,تروبرد,True,LOW,0,,1996-03-29,False,,,1000,3173,False,,,گنبدکاووس,False,LOW,0,0,243477,TRAIN,False,LOW,0,0,True,LOW,0,,False,LOW,0,0,7,0,0,False,LOW,0,0,True,,LOW,0,,,True,,LOW,0,,,True,LOW,0,,False,LOW,0,0,False,LOW,0,0,True,,LOW,0,,,True,,LOW,0,,,False,LOW,1,2.0,False,HIGH,23,23,False,HIGH,23,23,False,0.17391304347826086,HIGH,23,0.2125220979855645,0.2125220979855645,False,0.08695652173913043,HIGH,23,0.09467368172144715,0.09467368172144715,False,HIGH,23,2,3219,True,,LOW,0,,,True,,LOW,0,,,False,LOW,0,0,True,LOW,0,,False,LOW,0,0
True,LOW,0,,True,LOW,0,,True,LOW,0,,True,LOW,0,,True,LOW,0,,True,LOW,0,,True,LOW,0,,False,,,تروبرد,False,LOW,2,2,False,0.0,LOW,2,0.27865982051368665,0.27865982051368665,False,0.0,LOW,2,0.09298044117150288,0.09298044117150288,True,LOW,0,,True,LOW,0,,True,LOW,0,,False,LOW,2,0,False,LOW,2,2,False,0.0,LOW,2,0.27865982051368665,0.27865982051368665,False,0.0,LOW,2,0.09298044117150288,0.09298044117150288,False,LOW,2,0,True,LOW,0,,True,,LOW,0,,,True,,LOW,0,,,False,LOW,1,168,False,LOW,2,0.0,False,LOW,2,2,False,,,15,MEDIUM,MISSING_STRUCTURED,OK,HIGH,OK,OK,OK,False,True,LOW,0,,3290,True,LOW,0,,False,LOW,1,1,True,,LOW,1,,,True,,LOW,1,,,False,,,تروبرد,True,LOW,0,,1996-03-29,False,,,1000,3173,False,,,گنبدکاووس,False,LOW,2,2,243478,TRAIN,False,LOW,0,0,True,LOW,0,,False,LOW,2,2,9,0,0,False,LOW,0,0,True,,LOW,0,,,False,0.0,LOW,2,0.27865982051368665,0.27865982051368665,True,LOW,0,,False,LOW,2,0,False,LOW,0,0,True,,LOW,0,,,True,,LOW,0,,,True,LOW,0,,False,LOW,0,0,False,LOW,0,0,True,,LOW,0,,,True,,LOW,0,,,False,LOW,0,0,3295,True,,LOW,0,,,False,0.0,LOW,2,0.09298044117150288,0.09298044117150288,False,LOW,0,0,True,LOW,0,,False,LOW,2,0
True,LOW,0,,True,LOW,0,,True,LOW,0,,True,LOW,0,,True,LOW,0,,True,LOW,0,,True,LOW,0,,False,,,تروبرد,False,LOW,1,1,False,0.0,LOW,1,0.32510312393263446,0.32510312393263446,False,0.0,LOW,1,0.10847718136675337,0.10847718136675337,True,LOW,0,,True,LOW,0,,True,LOW,0,,False,LOW,1,0,False,LOW,1,1,False,0.0,LOW,1,0.32510312393263446,0.32510312393263446,False,0.0,LOW,1,0.10847718136675337,0.10847718136675337,False,LOW,1,0,True,LOW,0,,True,,LOW,0,,,True,,LOW,0,,,False,LOW,1,196,False,LOW,1,0.0,False,LOW,1,1,False,,,15,MEDIUM,MISSING_STRUCTURED,OK,HIGH,OK,OK,OK,False,True,LOW,0,,3147,True,LOW,0,,False,LOW,0,0,True,,LOW,0,,,True,,LOW,0,,,False,,,تروبرد,True,LOW,0,,1996-03-29,False,,,1000,3173,False,,,گنبدکاووس,False,LOW,1,1,243479,TRAIN,False,LOW,0,0,True,LOW,0,,False,LOW,1,1,12,0,0,False,LOW,0,0,True,,LOW,0,,,False,0.0,LOW,1,0.32510312393263446,0.32510312393263446,True,LOW,0,,False,LOW,1,0,False,LOW,0,0,True,,LOW,0,,,True,,LOW,0,,,False,LOW,1,9.0,False,HIGH,14,14,False,HIGH,14,14,False,0.07142857142857142,HIGH,14,0.15529572334714772,0.15529572334714772,False,0.0,HIGH,14,0.034255952010553696,0.034255952010553696,False,HIGH,14,0,3152,True,,LOW,0,,,False,0.0,LOW,1,0.10847718136675337,0.10847718136675337,False,LOW,0,0,True,LOW,0,,False,LOW,1,0
True,LOW,0,,True,LOW,0,,True,LOW,0,,True,LOW,0,,True,LOW,0,,True,LOW,0,,True,LOW,0,,False,,,تروبرد,False,LOW,0,0,True,,LOW,0,,,True,,LOW,0,,,True,LOW,0,,True,LOW,0,,True,LOW,0,,False,LOW,0,0,False,LOW,0,0,True,,LOW,0,,,True,,LOW,0,,,False,LOW,0,0,True,LOW,0,,True,,LOW,0,,,True,,LOW,0,,,True,LOW,0,,True,LOW,0,,False,LOW,0,0,False,,,15,MEDIUM,MISSING_STRUCTURED,OK,HIGH,OK,OK,MISSING,False,True,LOW,0,,9214,True,LOW,0,,False,LOW,1,1,True,,LOW,1,,,True,,LOW,1,,,False,,,تروبرد,True,LOW,0,,1996-03-29,False,,,1000,3173,False,,,گنبدکاووس,False,LOW,0,0,243480,TRAIN,False,LOW,0,0,True,LOW,0,,False,LOW,0,0,13,0,0,False,LOW,0,0,True,,LOW,0,,,True,,LOW,0,,,True,LOW,0,,False,LOW,0,0,False,LOW,0,0,True,,LOW,0,,,True,,LOW,0,,,True,LOW,0,,True,LOW,0,,True,LOW,0,,True,,LOW,0,,,True,,LOW,0,,,True,LOW,0,,9228,True,,LOW,0,,,True,,LOW,0,,,False,LOW,0,0,True,LOW,0,,False,LOW,0,0
True,LOW,0,,True,LOW,0,,True,LOW,0,,False,LOW,1,1.0,False,LOW,1,1.0,True,LOW,0,,False,LOW,1,1.0,False,,,تروبرد,False,LOW,1,1,False,1.0,LOW,1,0.4917697905993011,0.4917697905993011,False,1.0,LOW,1,0.27514384803342,0.27514384803342,False,LOW,1,1.0,False,LOW,1,1,False,LOW,1,1.0,False,LOW,1,1,False,LOW,1,1,False,1.0,LOW,1,0.4917697905993011,0.4917697905993011,False,1.0,LOW,1,0.27514384803342,0.27514384803342,False,LOW,1,1,True,LOW,0,,True,,LOW,0,,,True,,LOW,0,,,False,LOW,1,168,False,LOW,1,0.0,False,LOW,1,1,False,,,15,MEDIUM,MISSING_STRUCTURED,OK,HIGH,OK,OK,OK,False,True,LOW,0,,3271,False,LOW,1,1,False,LOW,1,1,True,,LOW,1,,,True,,LOW,1,,,False,,,تروبرد,True,LOW,0,,1996-03-29,False,,,1000,3173,False,,,گنبدکاووس,False,LOW,1,1,243481,TRAIN,False,LOW,0,0,True,LOW,0,,False,LOW,1,1,1,1,1,False,LOW,0,0,False,1.0,LOW,1,0.4917697905993011,0.4917697905993011,False,1.0,LOW,1,0.4917697905993011,0.4917697905993011,True,LOW,0,,False,LOW,1,1,False,LOW,0,0,True,,LOW,0,,,True,,LOW,0,,,False,MEDIUM-LOW,3,6.333333333333333,False,HIGH,16,16,False,HIGH,16,16,False,0.1875,HIGH,16,0.23574374969503842,0.23574374969503842,False,0.0625,HIGH,16,0.07861252800954859,0.07861252800954859,False,HIGH,16,1,3276,False,1.0,LOW,1,0.27514384803342,0.27514384803342,False,1.0,LOW,1,0.27514384803342,0.27514384803342,False,LOW,0,0,True,LOW,0,,False,LOW,1,1
True,LOW,0,,True,LOW,0,,True,LOW,0,,True,LOW,0,,True,LOW,0,,True,LOW,0,,True,LOW,0,,False,,,تروبرد,False,LOW,2,2,False,0.0,LOW,2,0.27865982051368665,0.27865982051368665,False,0.0,LOW,2,0.09298044117150288,0.09298044117150288,True,LOW,0,,True,LOW,0,,True,LOW,0,,False,LOW,2,0,False,LOW,2,2,False,0.0,LOW,2,0.27865982051368665,0.27865982051368665,False,0.0,LOW,2,0.09298044117150288,0.09298044117150288,False,LOW,2,0,True,LOW,0,,True,,LOW,0,,,True,,LOW,0,,,False,LOW,1,168,False,LOW,2,0.0,False,LOW,2,2,False,,,15,MEDIUM,MISSING_STRUCTURED,OK,HIGH,OK,OK,OK,False,True,LOW,0,,3264,True,LOW,0,,False,LOW,0,0,True,,LOW,0,,,True,,LOW,0,,,False,,,تروبرد,True,LOW,0,,1996-03-29,False,,,1000,3173,False,,,گنبدکاووس,False,LOW,2,2,243482,TRAIN,False,LOW,0,0,True,LOW,0,,False,LOW,2,2,6,0,0,False,LOW,0,0,True,,LOW,0,,,False,0.0,LOW,2,0.27865982051368665,0.27865982051368665,True,LOW,0,,False,LOW,2,0,False,LOW,0,0,True,,LOW,0,,,True,,LOW,0,,,False,MEDIUM,5,5.0,False,HIGH,26,26,False,HIGH,26,26,False,0.2692307692307692,HIGH,26,0.2887296368901873,0.2887296368901873,False,0.15384615384615385,HIGH,26,0.1500278415548555,0.1500278415548555,False,HIGH,26,4,3269,True,,LOW,0,,,False,0.0,LOW,2,0.09298044117150288,0.09298044117150288,False,LOW,0,0,True,LOW,0,,False,LOW,2,0
True,LOW,0,,True,LOW,0,,True,LOW,0,,True,LOW,0,,True,LOW,0,,True,LOW,0,,True,LOW,0,,False,,,تروبرد,False,LOW,0,0,True,,LOW,0,,,True,,LOW,0,,,True,LOW,0,,True,LOW,0,,True,LOW,0,,False,LOW,0,0,False,LOW,0,0,True,,LOW,0,,,True,,LOW,0,,,False,LOW,0,0,True,LOW,0,,True,,LOW,0,,,True,,LOW,0,,,True,LOW,0,,True,LOW,0,,False,LOW,0,0,False,,,15,MEDIUM,MISSING_STRUCTURED,OK,HIGH,OK,OK,MISSING,False,True,LOW,0,,9215,True,LOW,0,,False,LOW,0,0,True,,LOW,0,,,True,,LOW,0,,,False,,,تروبرد,True,LOW,0,,1996-03-29,False,,,1000,3173,False,,,گنبدکاووس,False,LOW,0,0,243483,TRAIN,False,LOW,0,0,True,LOW,0,,False,LOW,0,0,10,0,0,False,LOW,0,0,True,,LOW,0,,,True,,LOW,0,,,True,LOW,0,,False,LOW,0,0,False,LOW,0,0,True,,LOW,0,,,True,,LOW,0,,,True,LOW,0,,True,LOW,0,,True,LOW,0,,True,,LOW,0,,,True,,LOW,0,,,True,LOW,0,,9229,True,,LOW,0,,,True,,LOW,0,,,False,LOW,0,0,True,LOW,0,,False,LOW,0,0
True,LOW,0,,True,LOW,0,,True,LOW,0,,True,LOW,0,,True,LOW,0,,True,LOW,0,,True,LOW,0,,False,,,تروبرد,False,LOW,0,0,True,,LOW,0,,,True,,LOW,0,,,True,LOW,0,,True,LOW,0,,True,LOW,0,,False,LOW,0,0,False,LOW,0,0,True,,LOW,0,,,True,,LOW,0,,,False,LOW,0,0,True,LOW,0,,True,,LOW,0,,,True,,LOW,0,,,True,LOW,0,,True,LOW,0,,False,LOW,0,0,False,,,15,MEDIUM,MISSING_STRUCTURED,OK,HIGH,OK,OK,OK,False,True,LOW,0,,9231,True,LOW,0,,False,LOW,0,0,True,,LOW,0,,,True,,LOW,0,,,False,,,تروبرد,True,LOW,0,,1996-03-29,False,,,1000,3173,False,,,گنبدکاووس,False,LOW,0,0,243484,TRAIN,False,LOW,0,0,True,LOW,0,,False,LOW,0,0,11,0,0,False,LOW,0,0,True,,LOW,0,,,True,,LOW,0,,,True,LOW,0,,False,LOW,0,0,False,LOW,0,0,True,,LOW,0,,,True,,LOW,0,,,False,MEDIUM-LOW,4,7.75,False,HIGH,24,24,False,HIGH,24,24,False,0.16666666666666666,HIGH,24,0.20519374977916574,0.20519374977916574,False,0.0,HIGH,24,0.022443554765535178,0.022443554765535178,False,HIGH,24,0,9245,True,,LOW,0,,,True,,LOW,0,,,False,LOW,0,0,True,LOW,0,,False,LOW,0,0
True,LOW,0,,True,LOW,0,,True,LOW,0,,True,LOW,0,,True,LOW,0,,True,LOW,0,,True,LOW,0,,False,,,تروبرد,False,LOW,1,1,False,0.0,LOW,1,0.32510312393263446,0.32510312393263446,False,0.0,LOW,1,0.10847718136675337,0.10847718136675337,True,LOW,0,,True,LOW,0,,True,LOW,0,,False,LOW,1,0,False,LOW,1,1,False,0.0,LOW,1,0.32510312393263446,0.32510312393263446,False,0.0,LOW,1,0.10847718136675337,0.10847718136675337,False,LOW,1,0,True,LOW,0,,True,,LOW,0,,,True,,LOW,0,,,False,LOW,1,168,False,LOW,1,0.0,False,LOW,1,1,False,,,15,MEDIUM,MISSING_STRUCTURED,OK,HIGH,OK,OK,OK,False,True,LOW,0,,3312,True,LOW,0,,False,LOW,0,0,True,,LOW,0,,,True,,LOW,0,,,False,,,تروبرد,True,LOW,0,,1996-03-29,False,,,1000,3173,False,,,گنبدکاووس,False,LOW,1,1,243485,TRAIN,False,LOW,0,0,True,LOW,0,,False,LOW,1,1,5,0,0,False,LOW,0,0,True,,LOW,0,,,False,0.0,LOW,1,0.32510312393263446,0.32510312393263446,True,LOW,0,,False,LOW,1,0,False,LOW,0,0,True,,LOW,0,,,True,,LOW,0,,,False,LOW,2,2.0,False,MEDIUM-LOW,3,3,False,MEDIUM-LOW,3,3,False,0.6666666666666666,MEDIUM-LOW,3,0.49382734294947583,0.49382734294947583,False,0.3333333333333333,MEDIUM-LOW,3,0.20635788602506502,0.20635788602506502,False,MEDIUM-LOW,3,1,3317,True,,LOW,0,,,False,0.0,LOW,1,0.10847718136675337,0.10847718136675337,False,LOW,0,0,True,LOW,0,,False,LOW,1,0
True,LOW,0,,True,LOW,0,,True,LOW,0,,True,LOW,0,,True,LOW,0,,True,LOW,0,,True,LOW,0,,False,,,تروبرد,False,LOW,1,1,False,0.0,LOW,1,0.32510312393263446,0.32510312393263446,False,0.0,LOW,1,0.10847718136675337,0.10847718136675337,True,LOW,0,,True,LOW,0,,True,LOW,0,,False,LOW,1,0,False,LOW,1,1,False,0.0,LOW,1,0.32510312393263446,0.32510312393263446,False,0.0,LOW,1,0.10847718136675337,0.10847718136675337,False,LOW,1,0,True,LOW,0,,True,,LOW,0,,,True,,LOW,0,,,False,LOW,1,189,False,LOW,1,0.0,False,LOW,1,1,False,,,15,MEDIUM,MISSING_STRUCTURED,OK,HIGH,OK,OK,OK,False,True,LOW,0,,3173,True,LOW,0,,False,LOW,1,1,True,,LOW,1,,,True,,LOW,1,,,False,,,تروبرد,True,LOW,0,,1996-03-29,False,,,1000,3173,False,,,گنبدکاووس,False,LOW,1,1,243486,TRAIN,False,LOW,0,0,True,LOW,0,,False,LOW,1,1,8,0,0,False,LOW,0,0,True,,LOW,0,,,False,0.0,LOW,1,0.32510312393263446,0.32510312393263446,True,LOW,0,,False,LOW,1,0,False,LOW,0,0,True,,LOW,0,,,True,,LOW,0,,,False,MEDIUM,5,4.2,False,HIGH,10,10,False,HIGH,10,10,False,0.3,HIGH,10,0.33004124957305375,0.33004124957305375,False,0.1,HIGH,10,0.11005753921336801,0.11005753921336801,False,HIGH,10,1,3178,True,,LOW,0,,,False,0.0,LOW,1,0.10847718136675337,0.10847718136675337,False,LOW,0,0,True,LOW,0,,False,LOW,1,0
True,LOW,0,,True,LOW,0,,True,LOW,0,,True,LOW,0,,True,LOW,0,,True,LOW,0,,True,LOW,0,,False,,,تروبرد,False,LOW,0,0,True,,LOW,0,,,True,,LOW,0,,,True,LOW,0,,True,LOW,0,,True,LOW,0,,False,LOW,0,0,False,LOW,0,0,True,,LOW,0,,,True,,LOW,0,,,False,LOW,0,0,True,LOW,0,,True,,LOW,0,,,True,,LOW,0,,,True,LOW,0,,True,LOW,0,,False,LOW,0,0,False,,,15,MEDIUM,MISSING_STRUCTURED,OK,HIGH,OK,OK,OK,False,True,LOW,0,,3215,True,LOW,0,,False,LOW,0,0,True,,LOW,0,,,True,,LOW,0,,,False,,,تروبرد,True,LOW,0,,1996-03-29,False,,,1000,3173,False,,,گنبدکاووس,False,LOW,0,0,243487,TRAIN,False,LOW,0,0,True,LOW,0,,False,LOW,0,0,3,1,0,False,LOW,0,0,True,,LOW,0,,,True,,LOW,0,,,True,LOW,0,,False,LOW,0,0,False,LOW,0,0,True,,LOW,0,,,True,,LOW,0,,,False,MEDIUM,5,2.2,False,HIGH,13,13,False,HIGH,13,13,False,0.3076923076923077,HIGH,13,0.330589930199767,0.330589930199767,False,0.15384615384615385,HIGH,13,0.14727017156669556,0.14727017156669556,False,HIGH,13,2,3220,True,,LOW,0,,,True,,LOW,0,,,False,LOW,0,0,True,LOW,0,,False,LOW,0,0
True,LOW,0,,True,LOW,0,,True,LOW,0,,True,LOW,0,,True,LOW,0,,True,LOW,0,,True,LOW,0,,False,,,تروبرد,False,LOW,0,0,True,,LOW,0,,,True,,LOW,0,,,True,LOW,0,,True,LOW,0,,True,LOW,0,,False,LOW,0,0,False,LOW,0,0,True,,LOW,0,,,True,,LOW,0,,,False,LOW,0,0,True,LOW,0,,True,,LOW,0,,,True,,LOW,0,,,True,LOW,0,,True,LOW,0,,False,LOW,0,0,False,,,15,MEDIUM,MISSING_STRUCTURED,OK,HIGH,OK,OK,OK,False,True,LOW,0,,9251,True,LOW,0,,False,LOW,0,0,True,,LOW,0,,,True,,LOW,0,,,False,,,تروبرد,True,LOW,0,,1996-03-29,False,,,1000,3173,False,,,گنبدکاووس,False,LOW,0,0,243488,TRAIN,False,LOW,0,0,True,LOW,0,,False,LOW,0,0,14,0,0,False,LOW,0,0,True,,LOW,0,,,True,,LOW,0,,,True,LOW,0,,False,LOW,0,0,False,LOW,0,0,True,,LOW,0,,,True,,LOW,0,,,True,LOW,0,,False,MEDIUM-LOW,3,3,False,MEDIUM-LOW,3,3,False,0.0,MEDIUM-LOW,3,0.24382734294947583,0.24382734294947583,False,0.0,MEDIUM-LOW,3,0.08135788602506502,0.08135788602506502,False,MEDIUM-LOW,3,0,9265,True,,LOW,0,,,True,,LOW,0,,,False,LOW,0,0,True,LOW,0,,False,LOW,0,0
True,LOW,0,,True,LOW,0,,True,LOW,0,,True,LOW,0,,True,LOW,0,,True,LOW,0,,True,LOW,0,,False,,,تروبرد,False,LOW,0,0,True,,LOW,0,,,True,,LOW,0,,,True,LOW,0,,True,LOW,0,,True,LOW,0,,False,LOW,0,0,False,LOW,0,0,True,,LOW,0,,,True,,LOW,0,,,False,LOW,0,0,True,LOW,0,,True,,LOW,0,,,True,,LOW,0,,,True,LOW,0,,True,LOW,0,,False,LOW,0,0,False,,,15,MEDIUM,MISSING_STRUCTURED,OK,HIGH,OK,OK,OK,False,True,LOW,0,,3196,True,LOW,0,,False,LOW,0,0,True,,LOW,0,,,True,,LOW,0,,,False,,,تروبرد,True,LOW,0,,1996-03-29,False,,,1000,3173,False,,,گنبدکاووس,False,LOW,0,0,243489,TRAIN,False,LOW,0,0,True,LOW,0,,False,LOW,0,0,2,1,0,False,LOW,0,0,True,,LOW,0,,,True,,LOW,0,,,True,LOW,0,,False,LOW,0,0,False,LOW,0,0,True,,LOW,0,,,True,,LOW,0,,,False,MEDIUM-LOW,4,4.75,False,HIGH,11,11,False,HIGH,11,11,False,0.2727272727272727,HIGH,11,0.3094136714747379,0.3094136714747379,False,0.2727272727272727,HIGH,11,0.2281789430125325,0.2281789430125325,False,HIGH,11,3,3201,True,,LOW,0,,,True,,LOW,0,,,False,LOW,0,0,True,LOW,0,,False,LOW,0,0
True,LOW,0,,True,LOW,0,,True,LOW,0,,False,LOW,1,3.0,False,LOW,1,3.0,True,LOW,0,,False,LOW,1,3.0,False,,,تروبرد,False,LOW,2,2,False,0.5,LOW,2,0.4215169633708295,0.4215169633708295,False,0.0,LOW,2,0.09298044117150288,0.09298044117150288,False,LOW,1,3.0,False,LOW,1,3,False,LOW,1,3.0,False,LOW,2,1,False,LOW,2,2,False,0.5,LOW,2,0.4215169633708295,0.4215169633708295,False,0.0,LOW,2,0.09298044117150288,0.09298044117150288,False,LOW,2,0,True,LOW,0,,True,,LOW,0,,,True,,LOW,0,,,False,LOW,1,168,False,LOW,2,0.0,False,LOW,2,2,False,,,15,MEDIUM,MISSING_STRUCTURED,OK,HIGH,OK,OK,OK,False,True,LOW,0,,3306,True,LOW,0,,False,LOW,0,0,True,,LOW,0,,,True,,LOW,0,,,False,,,تروبرد,True,LOW,0,,1996-03-29,False,,,1000,3173,False,,,گنبدکاووس,False,LOW,2,2,243490,TRAIN,False,LOW,0,0,True,LOW,0,,False,LOW,2,2,4,0,0,False,LOW,0,0,False,0.5,LOW,2,0.4215169633708295,0.4215169633708295,False,0.5,LOW,2,0.4215169633708295,0.4215169633708295,True,LOW,0,,False,LOW,2,1,False,LOW,0,0,True,,LOW,0,,,True,,LOW,0,,,False,MEDIUM-LOW,3,3.0,False,MEDIUM-LOW,4,4,False,MEDIUM-LOW,4,4,False,0.5,MEDIUM-LOW,4,0.43895763817731187,0.43895763817731187,False,0.25,MEDIUM-LOW,4,0.18342923202228,0.18342923202228,False,MEDIUM-LOW,4,1,3311,False,0.0,LOW,2,0.09298044117150288,0.09298044117150288,False,0.0,LOW,2,0.09298044117150288,0.09298044117150288,False,LOW,0,0,True,LOW,0,,False,LOW,2,0
True,LOW,0,,True,LOW,0,,True,LOW,0,,True,LOW,0,,True,LOW,0,,True,LOW,0,,True,LOW,0,,False,,,تروبرد,False,LOW,0,0,True,,LOW,0,,,True,,LOW,0,,,True,LOW,0,,True,LOW,0,,True,LOW,0,,False,LOW,0,0,False,LOW,0,0,True,,LOW,0,,,True,,LOW,0,,,False,LOW,0,0,True,LOW,0,,True,,LOW,0,,,True,,LOW,0,,,True,LOW,0,,True,LOW,0,,False,LOW,0,0,False,,,15,MEDIUM,MISSING_STRUCTURED,OK,HIGH,OK,OK,OK,False,True,LOW,0,,3167,True,LOW,0,,False,LOW,0,0,True,,LOW,0,,,True,,LOW,0,,,False,,,تروبرد,True,LOW,0,,1996-03-29,False,,,1000,3173,False,,,گنبدکاووس,False,LOW,0,0,243491,TRAIN,False,LOW,0,0,True,LOW,0,,False,LOW,0,0,15,0,0,False,LOW,0,0,True,,LOW,0,,,True,,LOW,0,,,True,LOW,0,,False,LOW,0,0,False,LOW,0,0,True,,LOW,0,,,True,,LOW,0,,,False,MEDIUM,5,4.2,False,MEDIUM,7,7,False,MEDIUM,7,7,False,0.42857142857142855,MEDIUM,7,0.4125515619663172,0.4125515619663172,False,0.14285714285714285,MEDIUM,7,0.13757192401671,0.13757192401671,False,MEDIUM,7,1,3172,True,,LOW,0,,,True,,LOW,0,,,False,LOW,0,0,True,LOW,0,,False,LOW,0,0
True,LOW,0,,True,LOW,0,,True,LOW,0,,True,LOW,0,,True,LOW,0,,True,LOW,0,,True,LOW,0,,False,,,تروبرد,False,LOW,0,0,True,,LOW,0,,,True,,LOW,0,,,True,LOW,0,,True,LOW,0,,True,LOW,0,,False,LOW,0,0,False,LOW,0,0,True,,LOW,0,,,True,,LOW,0,,,False,LOW,0,0,True,LOW,0,,True,,LOW,0,,,True,,LOW,0,,,True,LOW,0,,True,LOW,0,,False,LOW,0,0,False,,,15,MEDIUM,MISSING_STRUCTURED,OK,HIGH,OK,OK,OK,False,True,LOW,0,,9241,True,LOW,0,,False,LOW,0,0,True,,LOW,0,,,True,,LOW,0,,,False,,,تروبرد,True,LOW,0,,1996-03-29,False,,,1000,3174,False,,,گنبدکاووس,False,LOW,0,0,243492,TRAIN,False,LOW,0,0,True,LOW,0,,False,LOW,0,0,13,0,0,False,LOW,0,0,True,,LOW,0,,,True,,LOW,0,,,True,LOW,0,,False,LOW,0,0,False,LOW,0,0,True,,LOW,0,,,True,,LOW,0,,,False,MEDIUM-LOW,3,3.3333333333333335,False,MEDIUM,5,5,False,MEDIUM,5,5,False,0.4,MEDIUM,5,0.3950618743595807,0.3950618743595807,False,0.0,MEDIUM,5,0.06508630882005202,0.06508630882005202,False,MEDIUM,5,0,9255,True,,LOW,0,,,True,,LOW,0,,,False,LOW,0,0,True,LOW,0,,False,LOW,0,0
True,LOW,0,,True,LOW,0,,True,LOW,0,,True,LOW,0,,True,LOW,0,,True,LOW,0,,True,LOW,0,,False,,,تروبرد,False,LOW,0,0,True,,LOW,0,,,True,,LOW,0,,,True,LOW,0,,True,LOW,0,,True,LOW,0,,False,LOW,0,0,False,LOW,0,0,True,,LOW,0,,,True,,LOW,0,,,False,LOW,0,0,True,LOW,0,,True,,LOW,0,,,True,,LOW,0,,,True,LOW,0,,True,LOW,0,,False,LOW,0,0,False,,,15,MEDIUM,MISSING_STRUCTURED,OK,HIGH,OK,OK,OK,False,True,LOW,0,,3195,True,LOW,0,,False,LOW,0,0,True,,LOW,0,,,True,,LOW,0,,,False,,,تروبرد,True,LOW,0,,1996-03-29,False,,,1000,3174,False,,,گنبدکاووس,False,LOW,0,0,243493,TRAIN,False,LOW,0,0,True,LOW,0,,False,LOW,0,0,4,0,0,False,LOW,0,0,True,,LOW,0,,,True,,LOW,0,,,True,LOW,0,,False,LOW,0,0,False,LOW,0,0,True,,LOW,0,,,True,,LOW,0,,,False,MEDIUM-LOW,4,4.25,False,MEDIUM-LOW,4,4,False,MEDIUM-LOW,4,4,False,0.5,MEDIUM-LOW,4,0.43895763817731187,0.43895763817731187,False,0.25,MEDIUM-LOW,4,0.18342923202228,0.18342923202228,False,MEDIUM-LOW,4,1,3200,True,,LOW,0,,,True,,LOW,0,,,False,LOW,0,0,True,LOW,0,,False,LOW,0,0
True,LOW,0,,True,LOW,0,,True,LOW,0,,True,LOW,0,,True,LOW,0,,True,LOW,0,,True,LOW,0,,False,,,تروبرد,False,LOW,0,0,True,,LOW,0,,,True,,LOW,0,,,True,LOW,0,,True,LOW,0,,True,LOW,0,,False,LOW,0,0,False,LOW,0,0,True,,LOW,0,,,True,,LOW,0,,,False,LOW,0,0,True,LOW,0,,True,,LOW,0,,,True,,LOW,0,,,True,LOW,0,,True,LOW,0,,False,LOW,0,0,False,,,15,MEDIUM,MISSING_STRUCTURED,OK,HIGH,OK,MISSING_FINISH,OK,False,True,LOW,0,,9255,True,LOW,0,,False,LOW,2,2,True,,LOW,2,,,True,,LOW,2,,,False,,,تروبرد,True,LOW,0,,1996-03-29,False,,,1000,3174,False,,,گنبدکاووس,False,LOW,0,0,243494,TRAIN,False,LOW,0,0,True,LOW,0,,False,LOW,0,0,,,,False,LOW,0,0,True,,LOW,0,,,True,,LOW,0,,,True,LOW,0,,False,LOW,0,0,False,LOW,0,0,True,,LOW,0,,,True,,LOW,0,,,False,MEDIUM-LOW,4,7.25,False,MEDIUM,8,8,False,MEDIUM,8,8,False,0.375,MEDIUM,8,0.3808168264304467,0.3808168264304467,False,0.0,MEDIUM,8,0.05006639140004002,0.05006639140004002,False,MEDIUM,8,0,9269,True,,LOW,0,,,True,,LOW,0,,,False,LOW,0,0,True,LOW,0,,False,LOW,0,0
True,LOW,0,,True,LOW,0,,True,LOW,0,,True,LOW,0,,True,LOW,0,,True,LOW,0,,True,LOW,0,,False,,,تروبرد,False,LOW,0,0,True,,LOW,0,,,True,,LOW,0,,,True,LOW,0,,True,LOW,0,,True,LOW,0,,False,LOW,0,0,False,LOW,0,0,True,,LOW,0,,,True,,LOW,0,,,False,LOW,0,0,True,LOW,0,,True,,LOW,0,,,True,,LOW,0,,,True,LOW,0,,True,LOW,0,,False,LOW,0,0,False,,,15,MEDIUM,MISSING_STRUCTURED,OK,HIGH,OK,OK,OK,False,True,LOW,0,,3121,True,LOW,0,,False,LOW,0,0,True,,LOW,0,,,True,,LOW,0,,,False,,,تروبرد,True,LOW,0,,1996-03-29,False,,,1000,3174,False,,,گنبدکاووس,False,LOW,0,0,243495,TRAIN,False,LOW,0,0,True,LOW,0,,False,LOW,0,0,12,0,0,False,LOW,0,0,True,,LOW,0,,,True,,LOW,0,,,True,LOW,0,,False,LOW,0,0,False,LOW,0,0,True,,LOW,0,,,True,,LOW,0,,,False,LOW,1,2.0,False,LOW,1,1,False,LOW,1,1,False,1.0,LOW,1,0.4917697905993011,0.4917697905993011,False,0.0,LOW,1,0.10847718136675337,0.10847718136675337,False,LOW,1,0,3126,True,,LOW,0,,,True,,LOW,0,,,False,LOW,0,0,True,LOW,0,,False,LOW,0,0
True,LOW,0,,True,LOW,0,,True,LOW,0,,True,LOW,0,,True,LOW,0,,True,LOW,0,,True,LOW,0,,False,,,تروبرد,False,LOW,1,1,False,0.0,LOW,1,0.32510312393263446,0.32510312393263446,False,0.0,LOW,1,0.10847718136675337,0.10847718136675337,True,LOW,0,,True,LOW,0,,True,LOW,0,,False,LOW,1,0,False,LOW,1,1,False,0.0,LOW,1,0.32510312393263446,0.32510312393263446,False,0.0,LOW,1,0.10847718136675337,0.10847718136675337,False,LOW,1,0,True,LOW,0,,True,,LOW,0,,,True,,LOW,0,,,False,LOW,1,168,False,LOW,1,0.0,False,LOW,1,1,False,,,15,MEDIUM,MISSING_STRUCTURED,OK,HIGH,OK,OK,OK,False,True,LOW,0,,3275,True,LOW,0,,False,LOW,0,0,True,,LOW,0,,,True,,LOW,0,,,False,,,تروبرد,True,LOW,0,,1996-03-29,False,,,1000,3174,False,,,گنبدکاووس,False,LOW,1,1,243496,TRAIN,False,LOW,0,0,True,LOW,0,,False,LOW,1,1,8,0,0,False,LOW,0,0,True,,LOW,0,,,False,0.0,LOW,1,0.32510312393263446,0.32510312393263446,True,LOW,0,,False,LOW,1,0,False,LOW,0,0,True,,LOW,0,,,True,,LOW,0,,,False,LOW,1,6.0,False,HIGH,12,12,False,HIGH,12,12,False,0.08333333333333333,HIGH,12,0.17356580844681216,0.17356580844681216,False,0.0,HIGH,12,0.0382860640117953,0.0382860640117953,False,HIGH,12,0,3280,True,,LOW,0,,,False,0.0,LOW,1,0.10847718136675337,0.10847718136675337,False,LOW,0,0,True,LOW,0,,False,LOW,1,0
True,LOW,0,,True,LOW,0,,True,LOW,0,,True,LOW,0,,True,LOW,0,,True,LOW,0,,True,LOW,0,,False,,,تروبرد,False,LOW,0,0,True,,LOW,0,,,True,,LOW,0,,,True,LOW,0,,True,LOW,0,,True,LOW,0,,False,LOW,0,0,False,LOW,0,0,True,,LOW,0,,,True,,LOW,0,,,False,LOW,0,0,True,LOW,0,,True,,LOW,0,,,True,,LOW,0,,,True,LOW,0,,True,LOW,0,,False,LOW,0,0,False,,,15,MEDIUM,MISSING_STRUCTURED,OK,HIGH,OK,OK,OK,False,True,LOW,0,,3130,True,LOW,0,,False,LOW,0,0,True,,LOW,0,,,True,,LOW,0,,,False,,,تروبرد,True,LOW,0,,1996-03-29,False,,,1000,3174,False,,,گنبدکاووس,False,LOW,0,0,243497,TRAIN,False,LOW,0,0,True,LOW,0,,False,LOW,0,0,3,1,0,False,LOW,0,0,True,,LOW,0,,,True,,LOW,0,,,True,LOW,0,,False,LOW,0,0,False,LOW,0,0,True,,LOW,0,,,True,,LOW,0,,,False,MEDIUM,5,4.4,False,MEDIUM,9,9,False,MEDIUM,9,9,False,0.3333333333333333,MEDIUM,9,0.3536156245425576,0.3536156245425576,False,0.1111111111111111,MEDIUM,9,0.11791879201432287,0.11791879201432287,False,MEDIUM,9,1,3135,True,,LOW,0,,,True,,LOW,0,,,False,LOW,0,0,True,LOW,0,,False,LOW,0,0
True,LOW,0,,True,LOW,0,,True,LOW,0,,True,LOW,0,,True,LOW,0,,True,LOW,0,,True,LOW,0,,False,,,تروبرد,False,LOW,0,0,True,,LOW,0,,,True,,LOW,0,,,True,LOW,0,,True,LOW,0,,True,LOW,0,,False,LOW,0,0,False,LOW,0,0,True,,LOW,0,,,True,,LOW,0,,,False,LOW,0,0,True,LOW,0,,True,,LOW,0,,,True,,LOW,0,,,True,LOW,0,,True,LOW,0,,False,LOW,0,0,False,,,15,MEDIUM,MISSING_STRUCTURED,OK,HIGH,OK,OK,OK,False,True,LOW,0,,3149,True,LOW,0,,False,LOW,0,0,True,,LOW,0,,,True,,LOW,0,,,False,,,تروبرد,True,LOW,0,,1996-03-29,False,,,1000,3174,False,,,گنبدکاووس,False,LOW,0,0,243498,TRAIN,False,LOW,0,0,True,LOW,0,,False,LOW,0,0,1,1,1,False,LOW,0,0,True,,LOW,0,,,True,,LOW,0,,,True,LOW,0,,False,LOW,0,0,False,LOW,0,0,True,,LOW,0,,,True,,LOW,0,,,False,MEDIUM,5,5.6,False,MEDIUM,6,6,False,MEDIUM,6,6,False,0.3333333333333333,MEDIUM,6,0.3591471585087097,0.3591471585087097,False,0.16666666666666666,MEDIUM,6,0.15007846256368365,0.15007846256368365,False,MEDIUM,6,1,3154,True,,LOW,0,,,True,,LOW,0,,,False,LOW,0,0,True,LOW,0,,False,LOW,0,0
True,LOW,0,,True,LOW,0,,True,LOW,0,,True,LOW,0,,True,LOW,0,,True,LOW,0,,True,LOW,0,,False,,,تروبرد,False,LOW,0,0,True,,LOW,0,,,True,,LOW,0,,,True,LOW,0,,True,LOW,0,,True,LOW,0,,False,LOW,0,0,False,LOW,0,0,True,,LOW,0,,,True,,LOW,0,,,False,LOW,0,0,True,LOW,0,,True,,LOW,0,,,True,,LOW,0,,,True,LOW,0,,True,LOW,0,,False,LOW,0,0,False,,,15,MEDIUM,MISSING_STRUCTURED,OK,HIGH,OK,OK,MISSING,False,True,LOW,0,,9216,True,LOW,0,,False,LOW,0,0,True,,LOW,0,,,True,,LOW,0,,,False,,,تروبرد,True,LOW,0,,1996-03-29,False,,,1000,3174,False,,,گنبدکاووس,False,LOW,0,0,243499,TRAIN,False,LOW,0,0,True,LOW,0,,False,LOW,0,0,14,0,0,False,LOW,0,0,True,,LOW,0,,,True,,LOW,0,,,True,LOW,0,,False,LOW,0,0,False,LOW,0,0,True,,LOW,0,,,True,,LOW,0,,,True,LOW,0,,True,LOW,0,,True,LOW,0,,True,,LOW,0,,,True,,LOW,0,,,True,LOW,0,,9230,True,,LOW,0,,,True,,LOW,0,,,False,LOW,0,0,True,LOW,0,,False,LOW,0,0
True,LOW,0,,True,LOW,0,,True,LOW,0,,False,LOW,1,2.0,False,LOW,1,2.0,True,LOW,0,,False,LOW,1,2.0,False,,,تروبرد,False,LOW,1,1,False,1.0,LOW,1,0.4917697905993011,0.4917697905993011,False,0.0,LOW,1,0.10847718136675337,0.10847718136675337,False,LOW,1,2.0,False,LOW,1,2,False,LOW,1,2.0,False,LOW,1,1,False,LOW,1,1,False,1.0,LOW,1,0.4917697905993011,0.4917697905993011,False,0.0,LOW,1,0.10847718136675337,0.10847718136675337,False,LOW,1,0,True,LOW,0,,True,,LOW,0,,,True,,LOW,0,,,False,LOW,1,196,False,LOW,1,0.0,False,LOW,1,1,False,,,15,MEDIUM,MISSING_STRUCTURED,OK,HIGH,OK,OK,MISSING,False,True,LOW,0,,3184,False,LOW,1,2,False,LOW,1,1,True,,LOW,1,,,True,,LOW,1,,,False,,,تروبرد,True,LOW,0,,1996-03-29,False,,,1000,3174,False,,,گنبدکاووس,False,LOW,1,1,243500,TRAIN,False,LOW,0,0,True,LOW,0,,False,LOW,1,1,6,0,0,False,LOW,0,0,False,1.0,LOW,1,0.4917697905993011,0.4917697905993011,False,1.0,LOW,1,0.4917697905993011,0.4917697905993011,True,LOW,0,,False,LOW,1,1,False,LOW,0,0,True,,LOW,0,,,True,,LOW,0,,,True,LOW,0,,True,LOW,0,,True,LOW,0,,True,,LOW,0,,,True,,LOW,0,,,True,LOW,0,,3189,False,0.0,LOW,1,0.10847718136675337,0.10847718136675337,False,0.0,LOW,1,0.10847718136675337,0.10847718136675337,False,LOW,0,0,True,LOW,0,,False,LOW,1,0
True,LOW,0,,True,LOW,0,,True,LOW,0,,False,LOW,1,3.0,False,LOW,1,3.0,True,LOW,0,,False,LOW,1,3.0,False,,,تروبرد,False,LOW,1,1,False,1.0,LOW,1,0.4917697905993011,0.4917697905993011,False,0.0,LOW,1,0.10847718136675337,0.10847718136675337,False,LOW,1,3.0,False,LOW,1,3,False,LOW,1,3.0,False,LOW,1,1,False,LOW,1,1,False,1.0,LOW,1,0.4917697905993011,0.4917697905993011,False,0.0,LOW,1,0.10847718136675337,0.10847718136675337,False,LOW,1,0,True,LOW,0,,True,,LOW,0,,,True,,LOW,0,,,False,LOW,1,168,False,LOW,1,0.0,False,LOW,1,1,False,,,15,MEDIUM,MISSING_STRUCTURED,OK,HIGH,OK,OK,OK,False,True,LOW,0,,3274,False,LOW,1,3,False,LOW,0,0,True,,LOW,0,,,True,,LOW,0,,,False,,,تروبرد,True,LOW,0,,1996-03-29,False,,,1000,3174,False,,,گنبدکاووس,False,LOW,1,1,243501,TRAIN,False,LOW,0,0,True,LOW,0,,False,LOW,1,1,2,1,0,False,LOW,0,0,False,1.0,LOW,1,0.4917697905993011,0.4917697905993011,False,1.0,LOW,1,0.4917697905993011,0.4917697905993011,True,LOW,0,,False,LOW,1,1,False,LOW,0,0,True,,LOW,0,,,True,,LOW,0,,,False,LOW,2,4.5,False,HIGH,24,24,False,HIGH,24,24,False,0.16666666666666666,HIGH,24,0.20519374977916574,0.20519374977916574,False,0.08333333333333333,HIGH,24,0.09140907200691448,0.09140907200691448,False,HIGH,24,2,3279,False,0.0,LOW,1,0.10847718136675337,0.10847718136675337,False,0.0,LOW,1,0.10847718136675337,0.10847718136675337,False,LOW,0,0,True,LOW,0,,False,LOW,1,0
True,LOW,0,,True,LOW,0,,True,LOW,0,,False,LOW,1,1.0,False,LOW,1,1.0,True,LOW,0,,False,LOW,1,1.0,False,,,تروبرد,False,LOW,2,2,False,0.5,LOW,2,0.4215169633708295,0.4215169633708295,False,0.5,LOW,2,0.23583758402864574,0.23583758402864574,False,LOW,1,1.0,False,LOW,1,1,False,LOW,1,1.0,False,LOW,2,1,False,LOW,2,2,False,0.5,LOW,2,0.4215169633708295,0.4215169633708295,False,0.5,LOW,2,0.23583758402864574,0.23583758402864574,False,LOW,2,1,True,LOW,0,,True,,LOW,0,,,True,,LOW,0,,,False,LOW,1,168,False,LOW,2,0.0,False,LOW,2,2,False,,,15,MEDIUM,MISSING_STRUCTURED,OK,HIGH,OK,OK,OK,False,True,LOW,0,,3314,True,LOW,0,,False,LOW,2,2,True,,LOW,2,,,True,,LOW,2,,,False,,,تروبرد,True,LOW,0,,1996-03-29,False,,,1000,3174,False,,,گنبدکاووس,False,LOW,2,2,243502,TRAIN,False,LOW,0,0,True,LOW,0,,False,LOW,2,2,5,0,0,False,LOW,0,0,False,0.5,LOW,2,0.4215169633708295,0.4215169633708295,False,0.5,LOW,2,0.4215169633708295,0.4215169633708295,True,LOW,0,,False,LOW,2,1,False,LOW,0,0,True,,LOW,0,,,True,,LOW,0,,,False,LOW,1,1.0,False,MEDIUM,5,5,False,MEDIUM,5,5,False,0.2,MEDIUM,5,0.29506187435958064,0.29506187435958064,False,0.2,MEDIUM,5,0.165086308820052,0.165086308820052,False,MEDIUM,5,1,3319,False,0.5,LOW,2,0.23583758402864574,0.23583758402864574,False,0.5,LOW,2,0.23583758402864574,0.23583758402864574,False,LOW,0,0,True,LOW,0,,False,LOW,2,1
True,LOW,0,,True,LOW,0,,True,LOW,0,,True,LOW,0,,True,LOW,0,,True,LOW,0,,True,LOW,0,,False,,,تروبرد,False,LOW,0,0,True,,LOW,0,,,True,,LOW,0,,,True,LOW,0,,True,LOW,0,,True,LOW,0,,False,LOW,0,0,False,LOW,0,0,True,,LOW,0,,,True,,LOW,0,,,False,LOW,0,0,True,LOW,0,,True,,LOW,0,,,True,,LOW,0,,,True,LOW,0,,True,LOW,0,,False,LOW,0,0,False,,,15,MEDIUM,MISSING_STRUCTURED,OK,HIGH,OK,OK,OK,False,True,LOW,0,,9217,True,LOW,0,,False,LOW,0,0,True,,LOW,0,,,True,,LOW,0,,,False,,,تروبرد,True,LOW,0,,1996-03-29,False,,,1000,3174,False,,,گنبدکاووس,False,LOW,0,0,243503,TRAIN,False,LOW,0,0,True,LOW,0,,False,LOW,0,0,11,0,0,False,LOW,0,0,True,,LOW,0,,,True,,LOW,0,,,True,LOW,0,,False,LOW,0,0,False,LOW,0,0,True,,LOW,0,,,True,,LOW,0,,,False,LOW,1,14.0,False,MEDIUM-LOW,4,4,False,MEDIUM-LOW,4,4,False,0.0,MEDIUM-LOW,4,0.21673541595508963,0.21673541595508963,False,0.0,MEDIUM-LOW,4,0.0723181209111689,0.0723181209111689,False,MEDIUM-LOW,4,0,9231,True,,LOW,0,,,True,,LOW,0,,,False,LOW,0,0,True,LOW,0,,False,LOW,0,0
True,LOW,0,,True,LOW,0,,True,LOW,0,,True,LOW,0,,True,LOW,0,,True,LOW,0,,True,LOW,0,,False,,,تروبرد,False,LOW,1,1,False,0.0,LOW,1,0.32510312393263446,0.32510312393263446,False,0.0,LOW,1,0.10847718136675337,0.10847718136675337,True,LOW,0,,True,LOW,0,,True,LOW,0,,False,LOW,1,0,False,LOW,1,1,False,0.0,LOW,1,0.32510312393263446,0.32510312393263446,False,0.0,LOW,1,0.10847718136675337,0.10847718136675337,False,LOW,1,0,True,LOW,0,,True,,LOW,0,,,True,,LOW,0,,,False,LOW,1,168,False,LOW,1,0.0,False,LOW,1,1,False,,,15,MEDIUM,MISSING_STRUCTURED,OK,HIGH,OK,OK,OK,False,True,LOW,0,,3282,True,LOW,0,,False,LOW,0,0,True,,LOW,0,,,True,,LOW,0,,,False,,,تروبرد,True,LOW,0,,1996-03-29,False,,,1000,3174,False,,,گنبدکاووس,False,LOW,1,1,243504,TRAIN,False,LOW,0,0,True,LOW,0,,False,LOW,1,1,7,0,0,False,LOW,0,0,True,,LOW,0,,,False,0.0,LOW,1,0.32510312393263446,0.32510312393263446,True,LOW,0,,False,LOW,1,0,False,LOW,0,0,True,,LOW,0,,,True,,LOW,0,,,False,MEDIUM,5,3.6,False,HIGH,16,16,False,HIGH,16,16,False,0.3125,HIGH,16,0.33098184493313365,0.33098184493313365,False,0.125,HIGH,16,0.1262315756285962,0.1262315756285962,False,HIGH,16,2,3287,True,,LOW,0,,,False,0.0,LOW,1,0.10847718136675337,0.10847718136675337,False,LOW,0,0,True,LOW,0,,False,LOW,1,0
True,LOW,0,,True,LOW,0,,True,LOW,0,,True,LOW,0,,True,LOW,0,,True,LOW,0,,True,LOW,0,,False,,,تروبرد,False,LOW,0,0,True,,LOW,0,,,True,,LOW,0,,,True,LOW,0,,True,LOW,0,,True,LOW,0,,False,LOW,0,0,False,LOW,0,0,True,,LOW,0,,,True,,LOW,0,,,False,LOW,0,0,True,LOW,0,,True,,LOW,0,,,True,,LOW,0,,,True,LOW,0,,True,LOW,0,,False,LOW,0,0,False,,,15,MEDIUM,MISSING_STRUCTURED,OK,HIGH,OK,OK,OK,False,True,LOW,0,,9218,True,LOW,0,,False,LOW,0,0,True,,LOW,0,,,True,,LOW,0,,,False,,,تروبرد,True,LOW,0,,1996-03-29,False,,,1000,3174,False,,,گنبدکاووس,False,LOW,0,0,243505,TRAIN,False,LOW,0,0,True,LOW,0,,False,LOW,0,0,9,0,0,False,LOW,0,0,True,,LOW,0,,,True,,LOW,0,,,True,LOW,0,,False,LOW,0,0,False,LOW,0,0,True,,LOW,0,,,True,,LOW,0,,,False,MEDIUM,5,6.4,False,MEDIUM,9,9,False,MEDIUM,9,9,False,0.3333333333333333,MEDIUM,9,0.3536156245425576,0.3536156245425576,False,0.2222222222222222,MEDIUM,9,0.1893473634428943,0.1893473634428943,False,MEDIUM,9,2,9232,True,,LOW,0,,,True,,LOW,0,,,False,LOW,0,0,True,LOW,0,,False,LOW,0,0
